 t Vext Jext errJ Jint  G_frac QLFSL1 QLFSL2 QLFSL3 JphotoL1 JphotoL2 JphotoL3 JdirL1 JdirL2 JdirL3 JbulkElecL1 JbulkElecL2 JbulkElecL3 JbulkHolesL1 JbulkHolesL2 JbulkHolesL3 JintElecL1L2 JintElecL2L3 JintHolesL1L2 JintHolesL2L3 JminLeft JminRight JShunt Jnion Jpion JD
 0.00000000000000000000E+0000  0.00000000000000000000E+0000  7.40752622082419324777E-0005  3.99323295032499955114E-0005  7.40752622082419324777E-0005  1.00000000000000000000E+0000  1.39127340259522989257E+0000  1.46367238775806682749E+0000  1.30839372927215260862E+0000  0.00000000000000000000E+0000  2.23269675379811485205E+0002  0.00000000000000000000E+0000  4.15543976337158181541E-0040  4.18014852445578549555E-0003  1.14801458350114988453E-0034  0.00000000000000000000E+0000  2.20974193442127898504E+0002  0.00000000000000000000E+0000  0.00000000000000000000E+0000  2.20974302955073899662E+0002  0.00000000000000000000E+0000  0.00000000000000000000E+0000  0.00000000000000000000E+0000  0.00000000000000000000E+0000  0.00000000000000000000E+0000  1.53844932149033699894E-0014 -2.07031812085352921195E+0000  0.00000000000000000000E+0000  0.00000000000000000000E+0000  0.00000000000000000000E+0000  0.00000000000000000000E+0000
 9.99999999999999999990E-0014  0.00000000000000000000E+0000  3.25255723409410403058E+0000  1.30895779420619477323E+0001  3.25255723409410403058E+0000  1.04999999999999999996E+0000  1.39127340264538364948E+0000  1.46367238869580365557E+0000  1.30839372928114919432E+0000  0.00000000000000000000E+0000  2.34433159148802059510E+0002  0.00000000000000000000E+0000  4.15543994388786569243E-0040  4.18014877862384752165E-0003  1.14801461275340357377E-0034  0.00000000000000000000E+0000  2.20974197774057880037E+0002  0.00000000000000000000E+0000  0.00000000000000000000E+0000  2.20974206878342544227E+0002  0.00000000000000000000E+0000  0.00000000000000000000E+0000  0.00000000000000000000E+0000  0.00000000000000000000E+0000  0.00000000000000000000E+0000  7.40698628524430567842E-0003 -1.22400278310127706705E+0001  0.00000000000000000000E+0000  0.00000000000000000000E+0000  0.00000000000000000000E+0000  3.25354459135683005870E+0000
 2.02000000000000000006E-0013  0.00000000000000000000E+0000  3.09461999755668905896E-0001  4.24002824432430361823E+0000  3.09461999755668905896E-0001  1.04999999999999999996E+0000  1.39127340274572181499E+0000  1.46367239052273886654E+0000  1.30839372929912091436E+0000  0.00000000000000000000E+0000  2.34433159148802059510E+0002  0.00000000000000000000E+0000  4.15543994653688842234E-0040  4.18014917775600408199E-0003  1.14801461844866757509E-0034  0.00000000000000000000E+0000  2.20974212015487681562E+0002  0.00000000000000000000E+0000  0.00000000000000000000E+0000  2.20974212922861391967E+0002  0.00000000000000000000E+0000  0.00000000000000000000E+0000  0.00000000000000000000E+0000  0.00000000000000000000E+0000  0.00000000000000000000E+0000  6.74064980452176282880E-0003 -1.13251519644123298325E+0001  0.00000000000000000000E+0000  0.00000000000000000000E+0000  0.00000000000000000000E+0000  3.10369827042329064364E-0001
 3.05999999999999999989E-0013  0.00000000000000000000E+0000 -6.77217707790057282664E-0002  7.45886951230833708027E-0001 -6.77217707790057282664E-0002  1.04999999999999999996E+0000  1.39127340289837450637E+0000  1.46367239319316609593E+0000  1.30839372932646976194E+0000  0.00000000000000000000E+0000  2.34433159148802059510E+0002  0.00000000000000000000E+0000  4.15543995080767098731E-0040  4.18014975366699481080E-0003  1.14801462694526269550E-0034  0.00000000000000000000E+0000  2.20974232564584088426E+0002  0.00000000000000000000E+0000  0.00000000000000000000E+0000  2.20974221644520389715E+0002  0.00000000000000000000E+0000  0.00000000000000000000E+0000  0.00000000000000000000E+0000  0.00000000000000000000E+0000  0.00000000000000000000E+0000  6.13425517107915092408E-0003 -1.04925752317037771734E+0001  0.00000000000000000000E+0000  0.00000000000000000000E+0000  0.00000000000000000000E+0000 -6.68841842474513526706E-0002
 4.12200000000000000012E-0013  0.00000000000000000000E+0000 -5.91972371090274188178E-0002  9.08343834769578129397E-0001 -5.91972371090274188178E-0002  1.04999999999999999996E+0000  1.39127340310753092989E+0000  1.46367239667064216648E+0000  1.30839372936398190908E+0000  0.00000000000000000000E+0000  2.34433159148802059510E+0002  0.00000000000000000000E+0000  4.15543995726248516239E-0040  4.18015049843581806587E-0003  1.14801463846809126701E-0034  0.00000000000000000000E+0000  2.20974259138742520223E+0002  0.00000000000000000000E+0000  0.00000000000000000000E+0000  2.20974232923339827347E+0002  0.00000000000000000000E+0000  0.00000000000000000000E+0000  0.00000000000000000000E+0000  0.00000000000000000000E+0000  0.00000000000000000000E+0000  5.58241006247433713898E-0003 -9.73489383093141003207E+0000  0.00000000000000000000E+0000  0.00000000000000000000E+0000  0.00000000000000000000E+0000 -5.84214921635192306100E-0002
 5.20400000000000000019E-0013  0.00000000000000000000E+0000 -1.14450460585426898553E-0002  1.71522948886168217152E-0001 -1.14450460585426898553E-0002  1.04999999999999999996E+0000  1.39127340337785368896E+0000  1.46367240090950786883E+0000  1.30839372941253849687E+0000  0.00000000000000000000E+0000  2.34433159148802059510E+0002  0.00000000000000000000E+0000  4.15543996661867946125E-0040  4.18015140311689822631E-0003  1.14801465328572924954E-0034  0.00000000000000000000E+0000  2.20974291418809731816E+0002  0.00000000000000000000E+0000  0.00000000000000000000E+0000  2.20974246623812464602E+0002  0.00000000000000000000E+0000  0.00000000000000000000E+0000  0.00000000000000000000E+0000  0.00000000000000000000E+0000  0.00000000000000000000E+0000  5.08020727447331143987E-0003 -9.04537005327367214357E+0000  0.00000000000000000000E+0000  0.00000000000000000000E+0000  0.00000000000000000000E+0000 -1.07235078780241736537E-0002
 6.30799999999999999979E-0013  0.00000000000000000000E+0000  4.98826301397246502971E-0003  8.86890286236061923798E-0002  4.98826301397246502971E-0003  1.04999999999999999996E+0000  1.39127340371569427357E+0000  1.46367240588073320711E+0000  1.30839372947334512938E+0000  0.00000000000000000000E+0000  2.34433159148802059510E+0002  0.00000000000000000000E+0000  4.15543997975826166326E-0040  4.18015246106962898050E-0003  1.14801467172770353879E-0034  0.00000000000000000000E+0000  2.20974329167883177513E+0002  0.00000000000000000000E+0000  0.00000000000000000000E+0000  2.20974262645329961693E+0002  0.00000000000000000000E+0000  0.00000000000000000000E+0000  0.00000000000000000000E+0000  0.00000000000000000000E+0000  0.00000000000000000000E+0000  4.62318103979568207275E-0003 -8.41787229189009040924E+0000  0.00000000000000000000E+0000  0.00000000000000000000E+0000  0.00000000000000000000E+0000  5.66255136879726434261E-0003
 7.43399999999999999992E-0013  0.00000000000000000000E+0000  2.90511143527308461869E-0003  5.53635400228752886608E-0002  2.90511143527308461869E-0003  1.04999999999999999996E+0000  1.39127340412736150957E+0000  1.46367241155078120951E+0000  1.30839372954763052200E+0000  0.00000000000000000000E+0000  2.34433159148802059510E+0002  0.00000000000000000000E+0000  4.15543999774240643124E-0040  4.18015366556596072762E-0003  1.14801469413940810101E-0034  0.00000000000000000000E+0000  2.20974372145947443286E+0002  0.00000000000000000000E+0000  0.00000000000000000000E+0000  2.20974280885952465564E+0002  0.00000000000000000000E+0000  0.00000000000000000000E+0000  0.00000000000000000000E+0000  0.00000000000000000000E+0000  0.00000000000000000000E+0000  4.20726733447922613386E-0003 -7.84682056260804094592E+0000  0.00000000000000000000E+0000  0.00000000000000000000E+0000  0.00000000000000000000E+0000  3.53847985624621205696E-0003
 8.58300000000000000006E-0013  0.00000000000000000000E+0000 -3.39299598551421764604E-0004  3.66292693695807340227E-0003 -3.39299598551421764604E-0004  1.04999999999999999996E+0000  1.39127340461954637774E+0000  1.46367241789359763850E+0000  1.30839372963673074041E+0000  0.00000000000000000000E+0000  2.34433159148802059510E+0002  0.00000000000000000000E+0000  4.15544002180480732575E-0040  4.18015501105268753814E-0003  1.14801472087435218337E-0034  0.00000000000000000000E+0000  2.20974420154912879061E+0002  0.00000000000000000000E+0000  0.00000000000000000000E+0000  2.20974301261526028500E+0002  0.00000000000000000000E+0000  0.00000000000000000000E+0000  0.00000000000000000000E+0000  0.00000000000000000000E+0000  0.00000000000000000000E+0000  3.82876772418764175201E-0003 -7.32713685515986350204E+0000  0.00000000000000000000E+0000  0.00000000000000000000E+0000  0.00000000000000000000E+0000  2.58921322965139176858E-0004
 9.75499999999999999972E-0013  0.00000000000000000000E+0000 -1.01772510691354975093E-0003  7.56296311877047031446E-0003 -1.01772510691354975093E-0003  1.04999999999999999996E+0000  1.39127340519823514847E+0000  1.46367242488037089491E+0000  1.30839372974189927694E+0000  0.00000000000000000000E+0000  2.34433159148802059510E+0002  0.00000000000000000000E+0000  4.15544005334129377005E-0040  4.18015649161633217321E-0003  1.14801475225204048690E-0034  0.00000000000000000000E+0000  2.20974472983841181403E+0002  0.00000000000000000000E+0000  0.00000000000000000000E+0000  2.20974323682434522401E+0002  0.00000000000000000000E+0000  0.00000000000000000000E+0000  0.00000000000000000000E+0000  0.00000000000000000000E+0000  0.00000000000000000000E+0000  3.48431649110098988957E-0003 -6.85420000032039858796E+0000  0.00000000000000000000E+0000  0.00000000000000000000E+0000  0.00000000000000000000E+0000 -4.49389175588402583817E-0004
 1.09499999999999999999E-0012  0.00000000000000000000E+0000 -6.96110445397116957113E-0004  2.98037608955120221114E-0003 -6.96110445397116957113E-0004  1.04999999999999999996E+0000  1.39127340586872045875E+0000  1.46367243248396809718E+0000  1.30839372986431453836E+0000  0.00000000000000000000E+0000  2.34433159148802059510E+0002  0.00000000000000000000E+0000  4.15544009389932046408E-0040  4.18015810157222767669E-0003  1.14801478854910184558E-0034  0.00000000000000000000E+0000  2.20974530429963756745E+0002  0.00000000000000000000E+0000  0.00000000000000000000E+0000  2.20974348062521420033E+0002  0.00000000000000000000E+0000  0.00000000000000000000E+0000  0.00000000000000000000E+0000  0.00000000000000000000E+0000  0.00000000000000000000E+0000  3.17085069696543644705E-0003 -6.42380456253072549926E+0000  0.00000000000000000000E+0000  0.00000000000000000000E+0000  0.00000000000000000000E+0000 -1.52856685265722686218E-0004
 1.21700000000000000000E-0012  0.00000000000000000000E+0000 -4.64013044379763427738E-0004  2.55697235511850257058E-0004 -4.64013044379763427738E-0004  1.04999999999999999996E+0000  1.39127340663663681491E+0000  1.46367244069232246037E+0000  1.30839373000527663343E+0000  0.00000000000000000000E+0000  2.34433159148802059510E+0002  0.00000000000000000000E+0000  4.15544014524613674962E-0040  4.18015983825462472105E-0003  1.14801483005235581226E-0034  0.00000000000000000000E+0000  2.20974592398237661597E+0002  0.00000000000000000000E+0000  0.00000000000000000000E+0000  2.20974374361341405038E+0002  0.00000000000000000000E+0000  0.00000000000000000000E+0000  0.00000000000000000000E+0000  0.00000000000000000000E+0000  0.00000000000000000000E+0000  2.88558291616559912434E-0003 -6.03212339500607097088E+0000  0.00000000000000000000E+0000  0.00000000000000000000E+0000  0.00000000000000000000E+0000  5.85808278151197804755E-0005
 1.34099999999999999997E-0012  0.00000000000000000000E+0000 -4.21075431369259450802E-0004  5.68144288570722766865E-0004 -4.21075431369259450802E-0004  1.04999999999999999996E+0000  1.39127340750212604456E+0000  1.46367244944747729402E+0000  1.30839373016513372584E+0000  0.00000000000000000000E+0000  2.34433159148802059510E+0002  0.00000000000000000000E+0000  4.15544020906441075483E-0040  4.18016169001282882767E-0003  1.14801487678069574170E-0034  0.00000000000000000000E+0000  2.20974658473026279976E+0002  0.00000000000000000000E+0000  0.00000000000000000000E+0000  2.20974402402382112481E+0002  0.00000000000000000000E+0000  0.00000000000000000000E+0000  0.00000000000000000000E+0000  0.00000000000000000000E+0000  0.00000000000000000000E+0000  2.62597657189214110913E-0003 -5.67567379779102491443E+0000  0.00000000000000000000E+0000  0.00000000000000000000E+0000  0.00000000000000000000E+0000  8.48316692296666193779E-0005
 1.46799999999999999998E-0012  0.00000000000000000000E+0000 -4.27364178890721132796E-0004  1.59284886887136082520E-0004 -4.27364178890721132796E-0004  1.04999999999999999996E+0000  1.39127340847464054914E+0000  1.46367245879867466948E+0000  1.30839373034602602177E+0000  0.00000000000000000000E+0000  2.34433159148802059510E+0002  0.00000000000000000000E+0000  4.15544028773477648367E-0040  4.18016366619524249436E-0003  1.14801492918393529335E-0034  0.00000000000000000000E+0000  2.20974728987984957704E+0002  0.00000000000000000000E+0000  0.00000000000000000000E+0000  2.20974432327120506231E+0002  0.00000000000000000000E+0000  0.00000000000000000000E+0000  0.00000000000000000000E+0000  0.00000000000000000000E+0000  0.00000000000000000000E+0000  2.38972306701477421055E-0003 -5.35128606590490626949E+0000  0.00000000000000000000E+0000  0.00000000000000000000E+0000  0.00000000000000000000E+0000  6.56695918925068184252E-0005
 1.59700000000000000005E-0012  0.00000000000000000000E+0000 -4.21674927760190468359E-0004  3.80320352202258449873E-0005 -4.21674927760190468359E-0004  1.04999999999999999996E+0000  1.39127340954802444892E+0000  1.46367246865229605891E+0000  1.30839373054725572742E+0000  0.00000000000000000000E+0000  2.34433159148802059510E+0002  0.00000000000000000000E+0000  4.15544038300079292026E-0040  4.18016574843951588855E-0003  1.14801498698318715030E-0034  0.00000000000000000000E+0000  2.20974803288002115395E+0002  0.00000000000000000000E+0000  0.00000000000000000000E+0000  2.20974463857399065658E+0002  0.00000000000000000000E+0000  0.00000000000000000000E+0000  0.00000000000000000000E+0000  0.00000000000000000000E+0000  0.00000000000000000000E+0000  2.17472176361532655761E-0003 -5.05607607279206570450E+0000  0.00000000000000000000E+0000  0.00000000000000000000E+0000  0.00000000000000000000E+0000  6.18367088051073482488E-0005
 1.72900000000000000005E-0012  0.00000000000000000000E+0000 -4.06671215491334240707E-0004  3.76779282632988940067E-0005 -4.06671215491334240707E-0004  1.04999999999999999996E+0000  1.39127341073107865007E+0000  1.46367247906579334257E+0000  1.30839373077098946468E+0000  0.00000000000000000000E+0000  2.34433159148802059510E+0002  0.00000000000000000000E+0000  4.15544049762180031272E-0040  4.18016794765170736401E-0003  1.14801505058040582967E-0034  0.00000000000000000000E+0000  2.20974881762327119858E+0002  0.00000000000000000000E+0000  0.00000000000000000000E+0000  2.20974497158268666050E+0002  0.00000000000000000000E+0000  0.00000000000000000000E+0000  0.00000000000000000000E+0000  0.00000000000000000000E+0000  0.00000000000000000000E+0000  1.97906070674942710742E-0003 -4.78741872832494215441E+0000  0.00000000000000000000E+0000  0.00000000000000000000E+0000  0.00000000000000000000E+0000  7.05919894376324372034E-0005
 1.86400000000000000009E-0012  0.00000000000000000000E+0000 -3.92646281988582024577E-0004  4.81659335409447220109E-0005 -3.92646281988582024577E-0004  1.04999999999999999996E+0000  1.39127341202418191169E+0000  1.46367249002376542710E+0000  1.30839373101788866694E+0000  0.00000000000000000000E+0000  2.34433159148802059510E+0002  0.00000000000000000000E+0000  4.15544063423730681441E-0040  4.18017026123649306045E-0003  1.14801512001937817953E-0034  0.00000000000000000000E+0000  2.20974964318465733268E+0002  0.00000000000000000000E+0000  0.00000000000000000000E+0000  2.20974532190315322164E+0002  0.00000000000000000000E+0000  0.00000000000000000000E+0000  0.00000000000000000000E+0000  0.00000000000000000000E+0000  0.00000000000000000000E+0000  1.80100007058172880900E-0003 -4.54292529455420540218E+0000  0.00000000000000000000E+0000  0.00000000000000000000E+0000  0.00000000000000000000E+0000  8.14276463507557566931E-0005
 2.00100000000000000008E-0012  0.00000000000000000000E+0000 -3.82139085304427920933E-0004  5.96092442186120539238E-0005 -3.82139085304427920933E-0004  1.04999999999999999996E+0000  1.39127341341702508702E+0000  1.46367250142833548376E+0000  1.30839373128659992786E+0000  0.00000000000000000000E+0000  2.34433159148802059510E+0002  0.00000000000000000000E+0000  4.15544079445556708737E-0040  4.18017266902110805299E-0003  1.14801519477342297499E-0034  0.00000000000000000000E+0000  2.20975050236705663612E+0002  0.00000000000000000000E+0000  0.00000000000000000000E+0000  2.20974568647968265075E+0002  0.00000000000000000000E+0000  0.00000000000000000000E+0000  0.00000000000000000000E+0000  0.00000000000000000000E+0000  0.00000000000000000000E+0000  1.63895672877422472627E-0003 -4.32042221658310450581E+0000  0.00000000000000000000E+0000  0.00000000000000000000E+0000  0.00000000000000000000E+0000  9.14031414660933484349E-0005
 2.14099999999999999992E-0012  0.00000000000000000000E+0000 -3.74380335497958383280E-0004  6.52781986199875239093E-0005 -3.74380335497958383280E-0004  1.04999999999999999996E+0000  1.39127341491873568263E+0000  1.46367251334698393161E+0000  1.30839373157954409364E+0000  0.00000000000000000000E+0000  2.34433159148802059510E+0002  0.00000000000000000000E+0000  4.15544098166066875801E-0040  4.18017518432149110924E-0003  1.14801527527074068373E-0034  0.00000000000000000000E+0000  2.20975139992311843687E+0002  0.00000000000000000000E+0000  0.00000000000000000000E+0000  2.20974606732745218127E+0002  0.00000000000000000000E+0000  0.00000000000000000000E+0000  0.00000000000000000000E+0000  0.00000000000000000000E+0000  0.00000000000000000000E+0000  1.49148963567642412660E-0003 -4.11793099439887776451E+0000  0.00000000000000000000E+0000  0.00000000000000000000E+0000  0.00000000000000000000E+0000  1.01318482904078267815E-0004
 2.28399999999999999999E-0012  0.00000000000000000000E+0000 -3.68560919343465089663E-0004  7.14293080736814307585E-0005 -3.68560919343465089663E-0004  1.04999999999999999996E+0000  1.39127341652887303528E+0000  1.46367252576674194899E+0000  1.30839373189734285133E+0000  0.00000000000000000000E+0000  2.34433159148802059510E+0002  0.00000000000000000000E+0000  4.15544119877866352570E-0040  4.18017780489615698521E-0003  1.14801536151779934156E-0034  0.00000000000000000000E+0000  2.20975233505432350892E+0002  0.00000000000000000000E+0000  0.00000000000000000000E+0000  2.20974646410574378536E+0002  0.00000000000000000000E+0000  0.00000000000000000000E+0000  0.00000000000000000000E+0000  0.00000000000000000000E+0000  0.00000000000000000000E+0000  1.35728753109074590761E-0003 -3.93365133677849347854E+0000  0.00000000000000000000E+0000  0.00000000000000000000E+0000  0.00000000000000000000E+0000  1.11845560346958403076E-0004
 2.43000000000000000009E-0012  0.00000000000000000000E+0000 -3.64465915968035214293E-0004  7.89927696905100402338E-0005 -3.64465915968035214293E-0004  1.04999999999999999996E+0000  1.39127341824729019483E+0000  1.46367253867534256764E+0000  1.30839373224068573160E+0000  0.00000000000000000000E+0000  2.34433159148802059510E+0002  0.00000000000000000000E+0000  4.15544144864689607808E-0040  4.18018052817081086493E-0003  1.14801545350919711100E-0034  0.00000000000000000000E+0000  2.20975330684339352980E+0002  0.00000000000000000000E+0000  0.00000000000000000000E+0000  2.20974687642344545010E+0002  0.00000000000000000000E+0000  0.00000000000000000000E+0000  0.00000000000000000000E+0000  0.00000000000000000000E+0000  0.00000000000000000000E+0000  1.23515712454558766368E-0003 -3.76594493336069680803E+0000  0.00000000000000000000E+0000  0.00000000000000000000E+0000  0.00000000000000000000E+0000  1.23075940307565474403E-0004
 2.57799999999999999995E-0012  0.00000000000000000000E+0000 -3.61848656744282707961E-0004  8.71683604375496362029E-0005 -3.61848656744282707961E-0004  1.04999999999999999996E+0000  1.39127342006207120606E+0000  1.46367255197136130536E+0000  1.30839373260786552902E+0000  0.00000000000000000000E+0000  2.34433159148802059510E+0002  0.00000000000000000000E+0000  4.15544173242109391219E-0040  4.18018333308655084851E-0003  1.14801555064027992233E-0034  0.00000000000000000000E+0000  2.20975430777693870488E+0002  0.00000000000000000000E+0000  0.00000000000000000000E+0000  2.20974730109074808934E+0002  0.00000000000000000000E+0000  0.00000000000000000000E+0000  0.00000000000000000000E+0000  0.00000000000000000000E+0000  0.00000000000000000000E+0000  1.12401266409166125865E-0003 -3.61332115189236656016E+0000  0.00000000000000000000E+0000  0.00000000000000000000E+0000  0.00000000000000000000E+0000  1.34927337058094889551E-0004
 2.72999999999999999993E-0012  0.00000000000000000000E+0000 -3.61070263836973421655E-0004  9.57209003633347329805E-0005 -3.61070263836973421655E-0004  1.04999999999999999996E+0000  1.39127342199897434741E+0000  1.46367256582354454458E+0000  1.30839373300477075646E+0000  0.00000000000000000000E+0000  2.34433159148802059510E+0002  0.00000000000000000000E+0000  4.15544205620488640155E-0040  4.18018625430523378926E-0003  1.14801565420277071003E-0034  0.00000000000000000000E+0000  2.20975535022524385648E+0002  0.00000000000000000000E+0000  0.00000000000000000000E+0000  2.20974774335426662059E+0002  0.00000000000000000000E+0000  0.00000000000000000000E+0000  0.00000000000000000000E+0000  0.00000000000000000000E+0000  0.00000000000000000000E+0000  1.02286550590324557323E-0003 -3.47442265457678504405E+0000  0.00000000000000000000E+0000  0.00000000000000000000E+0000  0.00000000000000000000E+0000  1.47409604535312582560E-0004
 2.88400000000000000007E-0012  0.00000000000000000000E+0000 -3.61689037505107375355E-0004  1.04391759960717703359E-0004 -3.61689037505107375355E-0004  1.04999999999999999996E+0000  1.39127342403457962864E+0000  1.46367258003944627652E+0000  1.30839373342722362710E+0000  0.00000000000000000000E+0000  2.34433159148802059510E+0002  0.00000000000000000000E+0000  4.15544241949442518692E-0040  4.18018925243798818625E-0003  1.14801576305926432226E-0034  0.00000000000000000000E+0000  2.20975642013405252390E+0002  0.00000000000000000000E+0000  0.00000000000000000000E+0000  2.20974819724886095432E+0002  0.00000000000000000000E+0000  0.00000000000000000000E+0000  0.00000000000000000000E+0000  0.00000000000000000000E+0000  0.00000000000000000000E+0000  9.30816686636799153211E-0004 -3.34801528093457961377E+0000  0.00000000000000000000E+0000  0.00000000000000000000E+0000  0.00000000000000000000E+0000  1.60443163081500231570E-0004
 3.04199999999999999992E-0012  0.00000000000000000000E+0000 -3.64047637651190277445E-0004  1.13456221176417985809E-0004 -3.64047637651190277445E-0004  1.04999999999999999996E+0000  1.39127342619862359957E+0000  1.46367259479399842363E+0000  1.30839373388194378544E+0000  0.00000000000000000000E+0000  2.34433159148802059510E+0002  0.00000000000000000000E+0000  4.15544282902868022742E-0040  4.18019236330277289879E-0003  1.14801587867550425356E-0034  0.00000000000000000000E+0000  2.20975753028651126189E+0002  0.00000000000000000000E+0000  0.00000000000000000000E+0000  2.20974866819586474587E+0002  0.00000000000000000000E+0000  0.00000000000000000000E+0000  0.00000000000000000000E+0000  0.00000000000000000000E+0000  0.00000000000000000000E+0000  8.47047366235220689545E-0004 -3.23297485107972417534E+0000  0.00000000000000000000E+0000  0.00000000000000000000E+0000  0.00000000000000000000E+0000  1.74100396157597339502E-0004
 3.20300000000000000000E-0012  0.00000000000000000000E+0000 -3.67920570902935077995E-0004  1.22707117204371001267E-0004 -3.67920570902935077995E-0004  1.04999999999999999996E+0000  1.39127342848225367053E+0000  1.46367260998578065112E+0000  1.30839373436756717590E+0000  0.00000000000000000000E+0000  2.34433159148802059510E+0002  0.00000000000000000000E+0000  4.15544328606559069312E-0040  4.18019556628406221427E-0003  1.14801600064967817560E-0034  0.00000000000000000000E+0000  2.20975867332767511170E+0002  0.00000000000000000000E+0000  0.00000000000000000000E+0000  2.20974915307239412304E+0002  0.00000000000000000000E+0000  0.00000000000000000000E+0000  0.00000000000000000000E+0000  0.00000000000000000000E+0000  0.00000000000000000000E+0000  7.70812921331930890695E-0004 -3.12827910583488700874E+0000  0.00000000000000000000E+0000  0.00000000000000000000E+0000  0.00000000000000000000E+0000  1.88344069155200170050E-0004
 3.36699999999999999993E-0012  0.00000000000000000000E+0000 -3.73275818040164375145E-0004  1.32203388054694641345E-0004 -3.73275818040164375145E-0004  1.04999999999999999996E+0000  1.39127343089094212961E+0000  1.46367262560623826687E+0000  1.30839373488561520268E+0000  0.00000000000000000000E+0000  2.34433159148802059510E+0002  0.00000000000000000000E+0000  4.15544379329200873665E-0040  4.18019885933835611738E-0003  1.14801612922036619587E-0034  0.00000000000000000000E+0000  2.20975984852986217552E+0002  0.00000000000000000000E+0000  0.00000000000000000000E+0000  2.20974965156751953499E+0002  0.00000000000000000000E+0000  0.00000000000000000000E+0000  0.00000000000000000000E+0000  0.00000000000000000000E+0000  0.00000000000000000000E+0000  7.01435544117061034377E-0004 -3.03299753130866179629E+0000  0.00000000000000000000E+0000  0.00000000000000000000E+0000  0.00000000000000000000E+0000  2.03180199606420666179E-0004
 3.53400000000000000009E-0012  0.00000000000000000000E+0000 -3.80123682025599692712E-0004  1.41900255646711814457E-0004 -3.80123682025599692712E-0004  1.04999999999999999996E+0000  1.39127343343118447161E+0000  1.46367264164734491244E+0000  1.30839373543773061109E+0000  0.00000000000000000000E+0000  2.34433159148802059510E+0002  0.00000000000000000000E+0000  4.15544435359589113713E-0040  4.18020224078080702230E-0003  1.14801626469606963376E-0034  0.00000000000000000000E+0000  2.20976105529350976414E+0002  0.00000000000000000000E+0000  0.00000000000000000000E+0000  2.20975016342448721679E+0002  0.00000000000000000000E+0000  0.00000000000000000000E+0000  0.00000000000000000000E+0000  0.00000000000000000000E+0000  0.00000000000000000000E+0000  6.38298391906937126310E-0004 -2.94628332316123245143E+0000  0.00000000000000000000E+0000  0.00000000000000000000E+0000  0.00000000000000000000E+0000  2.18592283114116913650E-0004
 3.70499999999999999996E-0012  0.00000000000000000000E+0000 -3.88699209675548134320E-0004  1.51832081920894936627E-0004 -3.88699209675548134320E-0004  1.04999999999999999996E+0000  1.39127343612623408911E+0000  1.46367265819836600289E+0000  1.30839373602912858010E+0000  0.00000000000000000000E+0000  2.34433159148802059510E+0002  0.00000000000000000000E+0000  4.15544497320553777534E-0040  4.18020572926651271689E-0003  1.14801640823003528889E-0034  0.00000000000000000000E+0000  2.20976230027798634784E+0002  0.00000000000000000000E+0000  0.00000000000000000000E+0000  2.20975069146539320447E+0002  0.00000000000000000000E+0000  0.00000000000000000000E+0000  0.00000000000000000000E+0000  0.00000000000000000000E+0000  0.00000000000000000000E+0000  5.80839903609250792557E-0004 -2.86736557209403008129E+0000  0.00000000000000000000E+0000  0.00000000000000000000E+0000  0.00000000000000000000E+0000  2.34603783277563082859E-0004
 3.87900000000000000007E-0012  0.00000000000000000000E+0000 -3.98794121354356519844E-0004  1.61837167381757912714E-0004 -3.98794121354356519844E-0004  1.04999999999999999996E+0000  1.39127343896903680131E+0000  1.46367267515613329180E+0000  1.30839373665831737903E+0000  0.00000000000000000000E+0000  2.34433159148802059510E+0002  0.00000000000000000000E+0000  4.15544565217547449725E-0040  4.18020930338989461620E-0003  1.14801655943714848703E-0034  0.00000000000000000000E+0000  2.20976357584616476606E+0002  0.00000000000000000000E+0000  0.00000000000000000000E+0000  2.20975123244799551828E+0002  0.00000000000000000000E+0000  0.00000000000000000000E+0000  0.00000000000000000000E+0000  0.00000000000000000000E+0000  0.00000000000000000000E+0000  5.28549441345648803699E-0004 -2.79554329869679273209E+0000  0.00000000000000000000E+0000  0.00000000000000000000E+0000  0.00000000000000000000E+0000  2.51191325927819378247E-0004
 4.05700000000000000010E-0012  0.00000000000000000000E+0000 -4.10677104967049382592E-0004  1.72022951779683155693E-0004 -4.10677104967049382592E-0004  1.04999999999999999996E+0000  1.39127344198526229876E+0000  1.46367269261205745334E+0000  1.30839373733092742937E+0000  0.00000000000000000000E+0000  2.34433159148802059510E+0002  0.00000000000000000000E+0000  4.15544639699326272878E-0040  4.18021298211307275069E-0003  1.14801671953099005116E-0034  0.00000000000000000000E+0000  2.20976488876720612756E+0002  0.00000000000000000000E+0000  0.00000000000000000000E+0000  2.20975178924063113822E+0002  0.00000000000000000000E+0000  0.00000000000000000000E+0000  0.00000000000000000000E+0000  0.00000000000000000000E+0000  0.00000000000000000000E+0000  4.80961903065102145016E-0004 -2.73017804456084449134E+0000  0.00000000000000000000E+0000  0.00000000000000000000E+0000  0.00000000000000000000E+0000  2.68365997655989509402E-0004
 4.23799999999999999997E-0012  0.00000000000000000000E+0000 -4.24159164714497383022E-0004  1.82222165262983197581E-0004 -4.24159164714497383022E-0004  1.04999999999999999996E+0000  1.39127344516752204917E+0000  1.46367271046240147081E+0000  1.30839373804517869915E+0000  0.00000000000000000000E+0000  2.34433159148802059510E+0002  0.00000000000000000000E+0000  4.15544720716020351666E-0040  4.18021674385467931553E-0003  1.14801688807542955932E-0034  0.00000000000000000000E+0000  2.20976623134113950422E+0002  0.00000000000000000000E+0000  0.00000000000000000000E+0000  2.20975235857456179661E+0002  0.00000000000000000000E+0000  0.00000000000000000000E+0000  0.00000000000000000000E+0000  0.00000000000000000000E+0000  0.00000000000000000000E+0000  4.37654430074441298785E-0004 -2.67068935814607214072E+0000  0.00000000000000000000E+0000  0.00000000000000000000E+0000  0.00000000000000000000E+0000  2.86099954511982709254E-0004
 4.42300000000000000014E-0012  0.00000000000000000000E+0000 -4.39510189786803885852E-0004  1.92551468147887481281E-0004 -4.39510189786803885852E-0004  1.04999999999999999996E+0000  1.39127344854306703766E+0000  1.46367272880042436441E+0000  1.30839373880698126170E+0000  0.00000000000000000000E+0000  2.34433159148802059510E+0002  0.00000000000000000000E+0000  4.15544808968284130472E-0040  4.18022060801582017455E-0003  1.14801706632442205253E-0034  0.00000000000000000000E+0000  2.20976761049413659918E+0002  0.00000000000000000000E+0000  0.00000000000000000000E+0000  2.20975294338422687687E+0002  0.00000000000000000000E+0000  0.00000000000000000000E+0000  0.00000000000000000000E+0000  0.00000000000000000000E+0000  0.00000000000000000000E+0000  3.98241796808561303917E-0004 -2.61654846166586457301E+0000  0.00000000000000000000E+0000  0.00000000000000000000E+0000  0.00000000000000000000E+0000  3.04426369260219090547E-0004
 4.61100000000000000016E-0012  0.00000000000000000000E+0000 -4.56577855315570554192E-0004  2.02833915537978972364E-0004 -4.56577855315570554192E-0004  1.04999999999999999996E+0000  1.39127345210309249438E+0000  1.46367274752198413290E+0000  1.30839373961409755889E+0000  0.00000000000000000000E+0000  2.34433159148802059510E+0002  0.00000000000000000000E+0000  4.15544904347015294707E-0040  4.18022455288351022762E-0003  1.14801725373485141146E-0034  0.00000000000000000000E+0000  2.20976901847911886306E+0002  0.00000000000000000000E+0000  0.00000000000000000000E+0000  2.20975354038110490235E+0002  0.00000000000000000000E+0000  0.00000000000000000000E+0000  0.00000000000000000000E+0000  0.00000000000000000000E+0000  0.00000000000000000000E+0000  3.62373840995560923115E-0004 -2.56727472069023374547E+0000  0.00000000000000000000E+0000  0.00000000000000000000E+0000  0.00000000000000000000E+0000  3.23292446011365392337E-0004
 4.80300000000000000009E-0012  0.00000000000000000000E+0000 -4.75641118616229984209E-0004  2.13188180190751571876E-0004 -4.75641118616229984209E-0004  1.04999999999999999996E+0000  1.39127345587561480368E+0000  1.46367276672192976573E+0000  1.30839374047259798914E+0000  0.00000000000000000000E+0000  2.34433159148802059510E+0002  0.00000000000000000000E+0000  4.15545007606434788698E-0040  4.18022859823458468368E-0003  1.14801745155841845045E-0034  0.00000000000000000000E+0000  2.20977046235671822041E+0002  0.00000000000000000000E+0000  0.00000000000000000000E+0000  2.20975415255613692384E+0002  0.00000000000000000000E+0000  0.00000000000000000000E+0000  0.00000000000000000000E+0000  0.00000000000000000000E+0000  0.00000000000000000000E+0000  3.29731488714121911549E-0004 -2.52243019151110032974E+0000  0.00000000000000000000E+0000  0.00000000000000000000E+0000  0.00000000000000000000E+0000  3.42741281356036118367E-0004
 4.99899999999999999994E-0012  0.00000000000000000000E+0000 -4.96798155442109514246E-0004  2.23499131034918902630E-0004 -4.96798155442109514246E-0004  1.04999999999999999996E+0000  1.39127345986989948339E+0000  1.46367278639621749433E+0000  1.30839374138431789141E+0000  0.00000000000000000000E+0000  2.34433159148802059510E+0002  0.00000000000000000000E+0000  4.15545119113522877001E-0040  4.18023274332152320376E-0003  1.14801766013380337852E-0034  0.00000000000000000000E+0000  2.20977194186275307908E+0002  0.00000000000000000000E+0000  0.00000000000000000000E+0000  2.20975477979360181685E+0002  0.00000000000000000000E+0000  0.00000000000000000000E+0000  0.00000000000000000000E+0000  0.00000000000000000000E+0000  0.00000000000000000000E+0000  3.00024565769873813134E-0004 -2.48161660551025508139E+0000  0.00000000000000000000E+0000  0.00000000000000000000E+0000  0.00000000000000000000E+0000  3.62749521601604374305E-0004
 5.19900000000000000009E-0012  0.00000000000000000000E+0000 -5.20111946303963014313E-0004  2.33731671156273691581E-0004 -5.20111946303963014313E-0004  1.04999999999999999996E+0000  1.39127346409457115382E+0000  1.46367280654102782851E+0000  1.30839374235095970954E+0000  0.00000000000000000000E+0000  2.34433159148802059510E+0002  0.00000000000000000000E+0000  4.15545239205627617408E-0040  4.18023698733817156969E-0003  1.14801787971996769094E-0034  0.00000000000000000000E+0000  2.20977345671204643829E+0002  0.00000000000000000000E+0000  0.00000000000000000000E+0000  2.20975542196895772845E+0002  0.00000000000000000000E+0000  0.00000000000000000000E+0000  0.00000000000000000000E+0000  0.00000000000000000000E+0000  0.00000000000000000000E+0000  2.72989010440764305351E-0004 -2.44447154972483146965E+0000  0.00000000000000000000E+0000  0.00000000000000000000E+0000  0.00000000000000000000E+0000  3.83329084204435000297E-0004
 5.40300000000000000017E-0012  0.00000000000000000000E+0000 -5.45670915190912844500E-0004  2.43872675577472380548E-0004 -5.45670915190912844500E-0004  1.04999999999999999996E+0000  1.39127346855752817632E+0000  1.46367282715275760286E+0000  1.30839374337408581648E+0000  0.00000000000000000000E+0000  2.34433159148802059510E+0002  0.00000000000000000000E+0000  4.15545368218835912153E-0040  4.18024132952371921263E-0003  1.14801811052460911025E-0034  0.00000000000000000000E+0000  2.20977500663567637804E+0002  0.00000000000000000000E+0000  0.00000000000000000000E+0000  2.20975607896445270351E+0002  0.00000000000000000000E+0000  0.00000000000000000000E+0000  0.00000000000000000000E+0000  0.00000000000000000000E+0000  0.00000000000000000000E+0000  2.48384515497193996594E-0004 -2.41066522831859742838E+0000  0.00000000000000000000E+0000  0.00000000000000000000E+0000  0.00000000000000000000E+0000  4.04471458088210734991E-0004
 5.61100000000000000016E-0012  0.00000000000000000000E+0000 -5.73565003007910562169E-0004  2.53898158139296414179E-0004 -5.73565003007910562169E-0004  1.04999999999999999996E+0000  1.39127347326591063574E+0000  1.46367284822801162463E+0000  1.30839374445511976439E+0000  0.00000000000000000000E+0000  2.34433159148802059510E+0002  0.00000000000000000000E+0000  4.15545506487227622398E-0040  4.18024576916093486638E-0003  1.14801835270495312993E-0034  0.00000000000000000000E+0000  2.20977659138034591493E+0002  0.00000000000000000000E+0000  0.00000000000000000000E+0000  2.20975675066885770895E+0002  0.00000000000000000000E+0000  0.00000000000000000000E+0000  0.00000000000000000000E+0000  0.00000000000000000000E+0000  0.00000000000000000000E+0000  2.25992391263316124587E-0004 -2.37989752782682936652E+0000  0.00000000000000000000E+0000  0.00000000000000000000E+0000  0.00000000000000000000E+0000  4.26170746395667743821E-0004
 5.82400000000000000014E-0012  0.00000000000000000000E+0000 -6.04124730681658827202E-0004  2.63854630664024904496E-0004 -6.04124730681658827202E-0004  1.04999999999999999996E+0000  1.39127347824953984806E+0000  1.46367286986517681450E+0000  1.30839374560074008186E+0000  0.00000000000000000000E+0000  2.34433159148802059510E+0002  0.00000000000000000000E+0000  4.15545655007783754115E-0040  4.18025032691407039026E-0003  1.14801860753572171215E-0034  0.00000000000000000000E+0000  2.20977821832503114760E+0002  0.00000000000000000000E+0000  0.00000000000000000000E+0000  2.20975744020580310512E+0002  0.00000000000000000000E+0000  0.00000000000000000000E+0000  0.00000000000000000000E+0000  0.00000000000000000000E+0000  0.00000000000000000000E+0000  2.05613400798917659174E-0004 -2.35189504947845391333E+0000  0.00000000000000000000E+0000  0.00000000000000000000E+0000  0.00000000000000000000E+0000  4.48463141567776387223E-0004
 6.03999999999999999997E-0012  0.00000000000000000000E+0000 -6.36966555182953637343E-0004  2.73484857007877125399E-0004 -6.36966555182953637343E-0004  1.04999999999999999996E+0000  1.39127348346739778621E+0000  1.46367289185808215903E+0000  1.30839374680137813297E+0000  0.00000000000000000000E+0000  2.34433159148802059510E+0002  0.00000000000000000000E+0000  4.15545812814297245764E-0040  4.18025495952211049986E-0003  1.14801887278817108377E-0034  0.00000000000000000000E+0000  2.20977987203062729307E+0002  0.00000000000000000000E+0000  0.00000000000000000000E+0000  2.20975814102701198408E+0002  0.00000000000000000000E+0000  0.00000000000000000000E+0000  0.00000000000000000000E+0000  0.00000000000000000000E+0000  0.00000000000000000000E+0000  1.87066881667024058761E-0004 -2.32640987719204732961E+0000  0.00000000000000000000E+0000  0.00000000000000000000E+0000  0.00000000000000000000E+0000  4.71273697489966532952E-0004
 6.26100000000000000018E-0012  0.00000000000000000000E+0000 -6.72645353740231856036E-0004  2.83100131281618234899E-0004 -6.72645353740231856036E-0004  1.04999999999999999996E+0000  1.39127348897298528893E+0000  1.46367291440752071696E+0000  1.30839374806924229082E+0000  0.00000000000000000000E+0000  2.34433159148802059510E+0002  0.00000000000000000000E+0000  4.15545981559785468642E-0040  4.18025970906218961174E-0003  1.14801915083193344708E-0034  0.00000000000000000000E+0000  2.20978156751963673105E+0002  0.00000000000000000000E+0000  0.00000000000000000000E+0000  2.20975885949563833358E+0002  0.00000000000000000000E+0000  0.00000000000000000000E+0000  0.00000000000000000000E+0000  0.00000000000000000000E+0000  0.00000000000000000000E+0000  1.70187568157054793476E-0004 -2.30321526661734374730E+0000  0.00000000000000000000E+0000  0.00000000000000000000E+0000  0.00000000000000000000E+0000  4.94684597030438052818E-0004
 6.48599999999999999992E-0012  0.00000000000000000000E+0000 -7.11049988920246499451E-0004  2.92418610587145651015E-0004 -7.11049988920246499451E-0004  1.04999999999999999996E+0000  1.39127349474694151678E+0000  1.46367293740900357652E+0000  1.30839374939980306739E+0000  0.00000000000000000000E+0000  2.34433159148802059510E+0002  0.00000000000000000000E+0000  4.15546160933166095177E-0040  4.18026455367325845316E-0003  1.14801944053946060177E-0034  0.00000000000000000000E+0000  2.20978329699191558058E+0002  0.00000000000000000000E+0000  0.00000000000000000000E+0000  2.20975959230098950262E+0002  0.00000000000000000000E+0000  0.00000000000000000000E+0000  0.00000000000000000000E+0000  0.00000000000000000000E+0000  0.00000000000000000000E+0000  1.54825688433394293245E-0004 -2.28210571789417457919E+0000  0.00000000000000000000E+0000  0.00000000000000000000E+0000  0.00000000000000000000E+0000  5.18635602894875315617E-0004
 6.71600000000000000004E-0012  0.00000000000000000000E+0000 -7.52503992797815487741E-0004  3.01578763271402127403E-0004 -7.52503992797815487741E-0004  1.04999999999999999996E+0000  1.39127350082022524437E+0000  1.46367296096243301989E+0000  1.30839375080014187422E+0000  0.00000000000000000000E+0000  2.34433159148802059510E+0002  0.00000000000000000000E+0000  4.15546352013530981300E-0040  4.18026951430382136761E-0003  1.14801974316496187484E-0034  0.00000000000000000000E+0000  2.20978506792877233980E+0002  0.00000000000000000000E+0000  0.00000000000000000000E+0000  2.20976034260880043109E+0002  0.00000000000000000000E+0000  0.00000000000000000000E+0000  0.00000000000000000000E+0000  0.00000000000000000000E+0000  0.00000000000000000000E+0000  1.40844527267122424222E-0004 -2.26289367655548958116E+0000  0.00000000000000000000E+0000  0.00000000000000000000E+0000  0.00000000000000000000E+0000  5.43175899839757762951E-0004
 6.95000000000000000008E-0012  0.00000000000000000000E+0000 -7.96876358418848347493E-0004  3.10408371499825848768E-0004 -7.96876358418848347493E-0004  1.04999999999999999996E+0000  1.39127350717162382744E+0000  1.46367298496321771083E+0000  1.30839375226532078958E+0000  0.00000000000000000000E+0000  2.34433159148802059510E+0002  0.00000000000000000000E+0000  4.15546554380338512777E-0040  4.18027456900125711953E-0003  1.14802005746742274689E-0034  0.00000000000000000000E+0000  2.20978687249699018616E+0002  0.00000000000000000000E+0000  0.00000000000000000000E+0000  2.20976110709488510669E+0002  0.00000000000000000000E+0000  0.00000000000000000000E+0000  0.00000000000000000000E+0000  0.00000000000000000000E+0000  0.00000000000000000000E+0000  1.28120094248876982359E-0004 -2.24540903615583069199E+0000  0.00000000000000000000E+0000  0.00000000000000000000E+0000  0.00000000000000000000E+0000  5.68257320185792916633E-0004
 7.18900000000000000011E-0012  0.00000000000000000000E+0000 -8.44494183532999420289E-0004  3.19075489859591823593E-0004 -8.44494183532999420289E-0004  1.04999999999999999996E+0000  1.39127351383353673646E+0000  1.46367300951185941445E+0000  1.30839375380276075941E+0000  0.00000000000000000000E+0000  2.34433159148802059510E+0002  0.00000000000000000000E+0000  4.15546769166124391505E-0040  4.18027973885386476644E-0003  1.14802038475233929933E-0034  0.00000000000000000000E+0000  2.20978871822834400676E+0002  0.00000000000000000000E+0000  0.00000000000000000000E+0000  2.20976188894555198333E+0002  0.00000000000000000000E+0000  0.00000000000000000000E+0000  0.00000000000000000000E+0000  0.00000000000000000000E+0000  0.00000000000000000000E+0000  1.16539125799679348631E-0004 -2.22949643739248828901E+0000  0.00000000000000000000E+0000  0.00000000000000000000E+0000  0.00000000000000000000E+0000  5.93925601824654033878E-0004
 7.43299999999999999974E-0012  0.00000000000000000000E+0000 -8.95469833087976528660E-0004  3.27464266758030492742E-0004 -8.95469833087976528660E-0004  1.04999999999999999996E+0000  1.39127352081216894969E+0000  1.46367303460655417166E+0000  1.30839375541382456423E+0000  0.00000000000000000000E+0000  2.34433159148802059510E+0002  0.00000000000000000000E+0000  4.15546996767223149344E-0040  4.18028502351230127070E-0003  1.14802072509882387887E-0034  0.00000000000000000000E+0000  2.20979060500215634108E+0002  0.00000000000000000000E+0000  0.00000000000000000000E+0000  2.20976268810392691214E+0002  0.00000000000000000000E+0000  0.00000000000000000000E+0000  0.00000000000000000000E+0000  0.00000000000000000000E+0000  0.00000000000000000000E+0000  1.05998751940427768866E-0004 -2.21501477821364986791E+0000  0.00000000000000000000E+0000  0.00000000000000000000E+0000  0.00000000000000000000E+0000  6.20173969275868210817E-0004
 7.68199999999999999977E-0012  0.00000000000000000000E+0000 -9.49904945349286465662E-0004  3.35565239571489127022E-0004 -9.49904945349286465662E-0004  1.04999999999999999996E+0000  1.39127352811404267764E+0000  1.46367306024559536452E+0000  1.30839375709991912822E+0000  0.00000000000000000000E+0000  2.34433159148802059510E+0002  0.00000000000000000000E+0000  4.15547237539661807517E-0040  4.18029042261073710842E-0003  1.14802107857064661256E-0034  0.00000000000000000000E+0000  2.20979253269176369998E+0002  0.00000000000000000000E+0000  0.00000000000000000000E+0000  2.20976350451071354777E+0002  0.00000000000000000000E+0000  0.00000000000000000000E+0000  0.00000000000000000000E+0000  0.00000000000000000000E+0000  0.00000000000000000000E+0000  9.64053653753067314465E-0005 -2.20183567073314824004E+0000  0.00000000000000000000E+0000  0.00000000000000000000E+0000  0.00000000000000000000E+0000  6.46998338831582562754E-0004
 7.93500000000000000010E-0012  0.00000000000000000000E+0000 -1.00762692158867754156E-0003  3.43340147714445475956E-0004 -1.00762692158867754156E-0003  1.04999999999999999996E+0000  1.39127353571595688199E+0000  1.46367308632429272009E+0000  1.30839375885555171534E+0000  0.00000000000000000000E+0000  2.34433159148802059510E+0002  0.00000000000000000000E+0000  4.15547490863391997075E-0040  4.18029591412176433545E-0003  1.14802144382699974276E-0034  0.00000000000000000000E+0000  2.20979449343656868560E+0002  0.00000000000000000000E+0000  0.00000000000000000000E+0000  2.20976433483105814751E+0002  0.00000000000000000000E+0000  0.00000000000000000000E+0000  0.00000000000000000000E+0000  0.00000000000000000000E+0000  0.00000000000000000000E+0000  8.76740031147879000493E-0005 -2.18984257472188350549E+0000  0.00000000000000000000E+0000  0.00000000000000000000E+0000  0.00000000000000000000E+0000  6.74372810521994458071E-0004
 8.19400000000000000011E-0012  0.00000000000000000000E+0000 -1.06921270495391921728E-0003  3.51022831108696045136E-0004 -1.06921270495391921728E-0003  1.04999999999999999996E+0000  1.39127354368535350454E+0000  1.46367311304727960939E+0000  1.30839376069611646152E+0000  0.00000000000000000000E+0000  2.34433159148802059510E+0002  0.00000000000000000000E+0000  4.15547758974032722229E-0040  4.18030154105794183828E-0003  1.14802182377357138308E-0034  0.00000000000000000000E+0000  2.20979650259762307227E+0002  0.00000000000000000000E+0000  0.00000000000000000000E+0000  2.20976518556495762441E+0002  0.00000000000000000000E+0000  0.00000000000000000000E+0000  0.00000000000000000000E+0000  0.00000000000000000000E+0000  0.00000000000000000000E+0000  7.97266830530508364046E-0005 -2.17892857135408837084E+0000  0.00000000000000000000E+0000  0.00000000000000000000E+0000  0.00000000000000000000E+0000  7.02376024147704253851E-0004
 8.45800000000000000011E-0012  0.00000000000000000000E+0000 -1.13454681716568353520E-0003  3.58345583917310562693E-0004 -1.13454681716568353520E-0003  1.04999999999999999996E+0000  1.39127355199995512275E+0000  1.46367314031004252606E+0000  1.30839376261624469567E+0000  0.00000000000000000000E+0000  2.34433159148802059510E+0002  0.00000000000000000000E+0000  4.15548041301551354055E-0040  4.18030728147358114992E-0003  1.14802221715029715147E-0034  0.00000000000000000000E+0000  2.20979855234422060309E+0002  0.00000000000000000000E+0000  0.00000000000000000000E+0000  2.20976605338924037239E+0002  0.00000000000000000000E+0000  0.00000000000000000000E+0000  0.00000000000000000000E+0000  0.00000000000000000000E+0000  0.00000000000000000000E+0000  7.24930829936122863761E-0005 -2.16899721666976438850E+0000  0.00000000000000000000E+0000  0.00000000000000000000E+0000  0.00000000000000000000E+0000  7.30941197662828111158E-0004
 8.72700000000000000011E-0012  0.00000000000000000000E+0000 -1.20366037572469468430E-0003  3.65421501801626546543E-0004 -1.20366037572469468430E-0003  1.04999999999999999996E+0000  1.39127356066791782832E+0000  1.46367316811122871604E+0000  1.30839376461755422978E+0000  0.00000000000000000000E+0000  2.34433159148802059510E+0002  0.00000000000000000000E+0000  4.15548338131938368759E-0040  4.18031313505399997212E-0003  1.14802262405461075613E-0034  0.00000000000000000000E+0000  2.20980064256813515694E+0002  0.00000000000000000000E+0000  0.00000000000000000000E+0000  2.20976693825211621305E+0002  0.00000000000000000000E+0000  0.00000000000000000000E+0000  0.00000000000000000000E+0000  0.00000000000000000000E+0000  0.00000000000000000000E+0000  6.59090091259926151111E-0005 -2.15996048352308227442E+0000  0.00000000000000000000E+0000  0.00000000000000000000E+0000  0.00000000000000000000E+0000  7.60110560657386839973E-0004
 9.00199999999999999978E-0012  0.00000000000000000000E+0000 -1.27691935409072071155E-0003  3.72369563845255315379E-0004 -1.27691935409072071155E-0003  1.04999999999999999996E+0000  1.39127356973073644996E+0000  1.46367319655298883205E+0000  1.30839376670931927763E+0000  0.00000000000000000000E+0000  2.34433159148802059510E+0002  0.00000000000000000000E+0000  4.15548650878072645141E-0040  4.18031912328257737213E-0003  1.14802304612895359517E-0034  0.00000000000000000000E+0000  2.20980278094524021967E+0002  0.00000000000000000000E+0000  0.00000000000000000000E+0000  2.20976784339656411787E+0002  0.00000000000000000000E+0000  0.00000000000000000000E+0000  0.00000000000000000000E+0000  0.00000000000000000000E+0000  0.00000000000000000000E+0000  5.99158092955567858187E-0005 -2.15173796459931558536E+0000  0.00000000000000000000E+0000  0.00000000000000000000E+0000  0.00000000000000000000E+0000  7.89886462463476955230E-0004
 9.28200000000000000024E-0012  0.00000000000000000000E+0000 -1.35412852036705013104E-0003  3.79048204509117734504E-0004 -1.35412852036705013104E-0003  1.04999999999999999996E+0000  1.39127357916494544363E+0000  1.46367322553076717820E+0000  1.30839376888579255094E+0000  0.00000000000000000000E+0000  2.34433159148802059510E+0002  0.00000000000000000000E+0000  4.15548978806143073761E-0040  4.18032522416985438639E-0003  1.14802348204105348327E-0034  0.00000000000000000000E+0000  2.20980495962859575701E+0002  0.00000000000000000000E+0000  0.00000000000000000000E+0000  2.20976876549335870620E+0002  0.00000000000000000000E+0000  0.00000000000000000000E+0000  0.00000000000000000000E+0000  0.00000000000000000000E+0000  0.00000000000000000000E+0000  5.44605474856341112629E-0005 -2.14425706439610298348E+0000  0.00000000000000000000E+0000  0.00000000000000000000E+0000  0.00000000000000000000E+0000  8.20256375117874357220E-0004
 9.56699999999999999991E-0012  0.00000000000000000000E+0000 -1.43533228490345494778E-0003  3.85584775055733040050E-0004 -1.43533228490345494778E-0003  1.04999999999999999996E+0000  1.39127358897940238630E+0000  1.46367325504343038134E+0000  1.30839377114867601163E+0000  0.00000000000000000000E+0000  2.34433159148802059510E+0002  0.00000000000000000000E+0000  4.15549322173788717508E-0040  4.18033143745247836099E-0003  1.14802393190042072459E-0034  0.00000000000000000000E+0000  2.20980717852861414288E+0002  0.00000000000000000000E+0000  0.00000000000000000000E+0000  2.20976970449813595335E+0002  0.00000000000000000000E+0000  0.00000000000000000000E+0000  0.00000000000000000000E+0000  0.00000000000000000000E+0000  0.00000000000000000000E+0000  4.94948427002616831885E-0005 -2.13745144064966220623E+0000  0.00000000000000000000E+0000  0.00000000000000000000E+0000  0.00000000000000000000E+0000  8.51227225637856964657E-0004
 9.85899999999999999972E-0012  0.00000000000000000000E+0000 -1.52112020143319744416E-0003  3.92165738199950739930E-0004 -1.52112020143319744416E-0003  1.04999999999999999996E+0000  1.39127359925342607432E+0000  1.46367328529713003858E+0000  1.30839377351590529770E+0000  0.00000000000000000000E+0000  2.34433159148802059510E+0002  0.00000000000000000000E+0000  4.15549683671639299137E-0040  4.18033780649778479750E-0003  1.14802439898866635305E-0034  0.00000000000000000000E+0000  2.20980945313755458514E+0002  0.00000000000000000000E+0000  0.00000000000000000000E+0000  2.20977066695995745915E+0002  0.00000000000000000000E+0000  0.00000000000000000000E+0000  0.00000000000000000000E+0000  0.00000000000000000000E+0000  0.00000000000000000000E+0000  4.49742080265740119440E-0005 -2.13126012991096722734E+0000  0.00000000000000000000E+0000  0.00000000000000000000E+0000  0.00000000000000000000E+0000  8.82854131076636245757E-0004
 1.01599999999999999998E-0011  0.00000000000000000000E+0000 -1.61211917361684768238E-0003  3.98747583271004008528E-0004 -1.61211917361684768238E-0003  1.04999999999999999996E+0000  1.39127361007093423330E+0000  1.46367331649838187892E+0000  1.30839377600645395531E+0000  0.00000000000000000000E+0000  2.34433159148802059510E+0002  0.00000000000000000000E+0000  4.15550066254828023744E-0040  4.18034437477384279615E-0003  1.14802488674891295572E-0034  0.00000000000000000000E+0000  2.20981179898614703505E+0002  0.00000000000000000000E+0000  0.00000000000000000000E+0000  2.20977165944064451647E+0002  0.00000000000000000000E+0000  0.00000000000000000000E+0000  0.00000000000000000000E+0000  0.00000000000000000000E+0000  0.00000000000000000000E+0000  4.08581406731362197287E-0005 -2.12562765808372145068E+0000  0.00000000000000000000E+0000  0.00000000000000000000E+0000  0.00000000000000000000E+0000  9.15199127037010285205E-0004
 1.04600000000000000003E-0011  0.00000000000000000000E+0000 -1.70578029065190714621E-0003  4.04582341387516121259E-0004 -1.70578029065190714621E-0003  1.04999999999999999996E+0000  1.39127362107954896946E+0000  1.46367334760956054648E+0000  1.30839377853891587668E+0000  0.00000000000000000000E+0000  2.34433159148802059510E+0002  0.00000000000000000000E+0000  4.15550457817512624608E-0040  4.18035092395698180026E-0003  1.14802537928652302526E-0034  0.00000000000000000000E+0000  2.20981413810862686115E+0002  0.00000000000000000000E+0000  0.00000000000000000000E+0000  2.20977264894318610078E+0002  0.00000000000000000000E+0000  0.00000000000000000000E+0000  0.00000000000000000000E+0000  0.00000000000000000000E+0000  0.00000000000000000000E+0000  3.71124799293858736602E-0005 -2.12050701607638384999E+0000  0.00000000000000000000E+0000  0.00000000000000000000E+0000  0.00000000000000000000E+0000  9.47945786734830053999E-0004
 1.07699999999999999999E-0011  0.00000000000000000000E+0000 -1.80479063750577665562E-0003  4.11499943338715984520E-0004 -1.80479063750577665562E-0003  1.04999999999999999996E+0000  1.39127363269045030761E+0000  1.46367337977045948146E+0000  1.30839378120765565566E+0000  0.00000000000000000000E+0000  2.34433159148802059510E+0002  0.00000000000000000000E+0000  4.15550872230261842500E-0040  4.18035769377108275056E-0003  1.14802589428097049898E-0034  0.00000000000000000000E+0000  2.20981655612378159570E+0002  0.00000000000000000000E+0000  0.00000000000000000000E+0000  2.20977367168771059544E+0002  0.00000000000000000000E+0000  0.00000000000000000000E+0000  0.00000000000000000000E+0000  0.00000000000000000000E+0000  0.00000000000000000000E+0000  3.37015187921805874298E-0005 -2.11584937037529820453E+0000  0.00000000000000000000E+0000  0.00000000000000000000E+0000  0.00000000000000000000E+0000  9.81531764258104815301E-0004
 1.10800000000000000003E-0011  0.00000000000000000000E+0000 -1.90679232421969276859E-0003  4.17741260495534448018E-0004 -1.90679232421969276859E-0003  1.04999999999999999996E+0000  1.39127364453683513730E+0000  1.46367341194280383386E+0000  1.30839378392818715517E+0000  0.00000000000000000000E+0000  2.34433159148802059510E+0002  0.00000000000000000000E+0000  4.15551297059150945964E-0040  4.18036446583377870095E-0003  1.14802641560160500045E-0034  0.00000000000000000000E+0000  2.20981897504239581401E+0002  0.00000000000000000000E+0000  0.00000000000000000000E+0000  2.20977469467118269486E+0002  0.00000000000000000000E+0000  0.00000000000000000000E+0000  0.00000000000000000000E+0000  0.00000000000000000000E+0000  0.00000000000000000000E+0000  3.05973055547810887201E-0005 -2.11161623056254311743E+0000  0.00000000000000000000E+0000  0.00000000000000000000E+0000  0.00000000000000000000E+0000  1.01550220276604769138E-0003
 1.14099999999999999999E-0011  0.00000000000000000000E+0000 -2.01685718045549789465E-0003  4.25541918820406838783E-0004 -2.01685718045549789465E-0003  1.04999999999999999996E+0000  1.39127365739834579859E+0000  1.46367344620176310292E+0000  1.30839378687942462323E+0000  0.00000000000000000000E+0000  2.34433159148802059510E+0002  0.00000000000000000000E+0000  4.15551759282026224290E-0040  4.18037167671119490804E-0003  1.14802697651947215158E-0034  0.00000000000000000000E+0000  2.20982155080084566937E+0002  0.00000000000000000000E+0000  0.00000000000000000000E+0000  2.20977578384072615436E+0002  0.00000000000000000000E+0000  0.00000000000000000000E+0000  0.00000000000000000000E+0000  0.00000000000000000000E+0000  0.00000000000000000000E+0000  2.77678321608920776996E-0005 -2.10776403864058678277E+0000  0.00000000000000000000E+0000  0.00000000000000000000E+0000  0.00000000000000000000E+0000  1.05061359273358603485E-0003
 1.17300000000000000003E-0011  0.00000000000000000000E+0000 -2.12757115846469320469E-0003  4.31338054702894071229E-0004 -2.12757115846469320469E-0003  1.04999999999999999996E+0000  1.39127367011280209151E+0000  1.46367347943215965066E+0000  1.30839378979464585214E+0000  0.00000000000000000000E+0000  2.34433159148802059510E+0002  0.00000000000000000000E+0000  4.15552218710737941569E-0040  4.18037867103237681147E-0003  1.14802752701319728405E-0034  0.00000000000000000000E+0000  2.20982404931926268460E+0002  0.00000000000000000000E+0000  0.00000000000000000000E+0000  2.20977684018568804561E+0002  0.00000000000000000000E+0000  0.00000000000000000000E+0000  0.00000000000000000000E+0000  0.00000000000000000000E+0000  0.00000000000000000000E+0000  2.51949667353309604373E-0005 -2.10426748684381222532E+0000  0.00000000000000000000E+0000  0.00000000000000000000E+0000  0.00000000000000000000E+0000  1.08572856161417404824E-0003
 1.20699999999999999999E-0011  0.00000000000000000000E+0000 -2.24610028835567324712E-0003  4.39927842630012355696E-0004 -2.24610028835567324712E-0003  1.04999999999999999996E+0000  1.39127368387890920892E+0000  1.46367351474861100624E+0000  1.30839379294884159202E+0000  0.00000000000000000000E+0000  2.34433159148802059510E+0002  0.00000000000000000000E+0000  4.15552716653121612798E-0040  4.18038610397386745836E-0003  1.14802811754473105362E-0034  0.00000000000000000000E+0000  2.20982670462573113634E+0002  0.00000000000000000000E+0000  0.00000000000000000000E+0000  2.20977796266890532062E+0002  0.00000000000000000000E+0000  0.00000000000000000000E+0000  0.00000000000000000000E+0000  0.00000000000000000000E+0000  0.00000000000000000000E+0000  2.28491302148556362806E-0005 -2.10108636975965723461E+0000  0.00000000000000000000E+0000  0.00000000000000000000E+0000  0.00000000000000000000E+0000  1.12213724791348292168E-0003
 1.24100000000000000003E-0011  0.00000000000000000000E+0000 -2.36791482087922218562E-0003  4.47399102524422448351E-0004 -2.36791482087922218562E-0003  1.04999999999999999996E+0000  1.39127369790093367006E+0000  1.46367355007327820703E+0000  1.30839379615980419471E+0000  0.00000000000000000000E+0000  2.34433159148802059510E+0002  0.00000000000000000000E+0000  4.15553225936670725384E-0040  4.18039353847467017319E-0003  1.14802871447082867038E-0034  0.00000000000000000000E+0000  2.20982936061276745335E+0002  0.00000000000000000000E+0000  0.00000000000000000000E+0000  2.20977908526350418181E+0002  0.00000000000000000000E+0000  0.00000000000000000000E+0000  0.00000000000000000000E+0000  0.00000000000000000000E+0000  0.00000000000000000000E+0000  2.07141475130726142075E-0005 -2.09819828552098969340E+0000  0.00000000000000000000E+0000  0.00000000000000000000E+0000  0.00000000000000000000E+0000  1.15886234300803423288E-0003
 1.27599999999999999999E-0011  0.00000000000000000000E+0000 -2.49517464430444495799E-0003  4.56129173553947543380E-0004 -2.49517464430444495799E-0003  1.04999999999999999996E+0000  1.39127371259743956783E+0000  1.46367358644448001506E+0000  1.30839379952370286030E+0000  0.00000000000000000000E+0000  2.34433159148802059510E+0002  0.00000000000000000000E+0000  4.15553760803580785896E-0040  4.18040119289886400080E-0003  1.14802933480965323684E-0034  0.00000000000000000000E+0000  2.20983209528704151181E+0002  0.00000000000000000000E+0000  0.00000000000000000000E+0000  2.20978024094488296580E+0002  0.00000000000000000000E+0000  0.00000000000000000000E+0000  0.00000000000000000000E+0000  0.00000000000000000000E+0000  0.00000000000000000000E+0000  1.87689716307821419707E-0005 -2.09557443862562855640E+0000  0.00000000000000000000E+0000  0.00000000000000000000E+0000  0.00000000000000000000E+0000  1.19646507543295049465E-0003
 1.31100000000000000003E-0011  0.00000000000000000000E+0000 -2.62542723527653490489E-0003  4.64947298441661427933E-0004 -2.62542723527653490489E-0003  1.04999999999999999996E+0000  1.39127372755428863678E+0000  1.46367362282245118508E+0000  1.30839380294611974079E+0000  0.00000000000000000000E+0000  2.34433159148802059510E+0002  0.00000000000000000000E+0000  4.15554306805459332615E-0040  4.18040884849676857071E-0003  1.14802996119286770285E-0034  0.00000000000000000000E+0000  2.20983483050966516961E+0002  0.00000000000000000000E+0000  0.00000000000000000000E+0000  2.20978139667322697151E+0002  0.00000000000000000000E+0000  0.00000000000000000000E+0000  0.00000000000000000000E+0000  0.00000000000000000000E+0000  0.00000000000000000000E+0000  1.69986962916060334544E-0005 -2.09319418994281543356E+0000  0.00000000000000000000E+0000  0.00000000000000000000E+0000  0.00000000000000000000E+0000  1.23451880998007639090E-0003
 1.34699999999999999999E-0011  0.00000000000000000000E+0000 -2.76102490650848349049E-0003  4.75221944103426794856E-0004 -2.76102490650848349049E-0003  1.04999999999999999996E+0000  1.39127374320447817280E+0000  1.46367366024599882685E+0000  1.30839380652664385876E+0000  0.00000000000000000000E+0000  2.34433159148802059510E+0002  0.00000000000000000000E+0000  4.15554879106874461695E-0040  4.18041672379641122374E-0003  1.14803061118004271329E-0034  0.00000000000000000000E+0000  2.20983764435606296381E+0002  0.00000000000000000000E+0000  0.00000000000000000000E+0000  2.20978258543876003597E+0002  0.00000000000000000000E+0000  0.00000000000000000000E+0000  0.00000000000000000000E+0000  0.00000000000000000000E+0000  0.00000000000000000000E+0000  1.53854225560416801768E-0005 -2.09103303935552394736E+0000  0.00000000000000000000E+0000  0.00000000000000000000E+0000  0.00000000000000000000E+0000  1.27342724383931830789E-0003
 1.38400000000000000002E-0011  0.00000000000000000000E+0000 -2.90218963982389289275E-0003  4.86161686908775655253E-0004 -2.90218963982389289275E-0003  1.04999999999999999996E+0000  1.39127375956125753204E+0000  1.46367369871475577823E+0000  1.30839381026890012882E+0000  0.00000000000000000000E+0000  2.34433159148802059510E+0002  0.00000000000000000000E+0000  4.15555478515812969678E-0040  4.18042481873725374395E-0003  1.14803128513229025314E-0034  0.00000000000000000000E+0000  2.20984053681833217633E+0002  0.00000000000000000000E+0000  0.00000000000000000000E+0000  2.20978380721877322501E+0002  0.00000000000000000000E+0000  0.00000000000000000000E+0000  0.00000000000000000000E+0000  0.00000000000000000000E+0000  0.00000000000000000000E+0000  1.39149431302225498931E-0005 -2.08907152356520071923E+0000  0.00000000000000000000E+0000  0.00000000000000000000E+0000  0.00000000000000000000E+0000  1.31308064128579467863E-0003
 1.42199999999999999998E-0011  0.00000000000000000000E+0000 -3.04892172746953143836E-0003  4.97875099007441113426E-0004 -3.04892172746953143836E-0003  1.04999999999999999996E+0000  1.39127377663812068476E+0000  1.46367373822835884810E+0000  1.30839381417667749115E+0000  0.00000000000000000000E+0000  2.34433159148802059510E+0002  0.00000000000000000000E+0000  4.15556105534085757086E-0040  4.18043313322163832318E-0003  1.14803198326067841885E-0034  0.00000000000000000000E+0000  2.20984350787215639803E+0002  0.00000000000000000000E+0000  0.00000000000000000000E+0000  2.20978506198765930507E+0002  0.00000000000000000000E+0000  0.00000000000000000000E+0000  0.00000000000000000000E+0000  0.00000000000000000000E+0000  0.00000000000000000000E+0000  1.25744142435186213796E-0005 -2.08729204050334591117E+0000  0.00000000000000000000E+0000  0.00000000000000000000E+0000  0.00000000000000000000E+0000  1.35352269150896519253E-0003
 1.46100000000000000001E-0011  0.00000000000000000000E+0000 -3.20120698262362830961E-0003  5.10576694468500311785E-0004 -3.20120698262362830961E-0003  1.04999999999999999996E+0000  1.39127379444889242752E+0000  1.46367377878644962523E+0000  1.30839381825394285167E+0000  0.00000000000000000000E+0000  2.34433159148802059510E+0002  0.00000000000000000000E+0000  4.15556760660333153955E-0040  4.18044166715227756672E-0003  1.14803270579895011493E-0034  0.00000000000000000000E+0000  2.20984655749371193947E+0002  0.00000000000000000000E+0000  0.00000000000000000000E+0000  2.20978634971948919102E+0002  0.00000000000000000000E+0000  0.00000000000000000000E+0000  0.00000000000000000000E+0000  0.00000000000000000000E+0000  0.00000000000000000000E+0000  1.13521475748107588080E-0005 -2.08567856121471060116E+0000  0.00000000000000000000E+0000  0.00000000000000000000E+0000  0.00000000000000000000E+0000  1.39479686747480592277E-0003
 1.49999999999999999996E-0011  0.00000000000000000000E+0000 -3.35635386148111362757E-0003  5.23958157297041436360E-0004 -3.35635386148111362757E-0003  1.04999999999999999996E+0000  1.39127381254325790646E+0000  1.46367381934862339260E+0000  1.30839382239840365453E+0000  0.00000000000000000000E+0000  2.34433159148802059510E+0002  0.00000000000000000000E+0000  4.15557427586516957970E-0040  4.18045020161587841396E-0003  1.14803343447817824090E-0034  0.00000000000000000000E+0000  2.20984960746494763326E+0002  0.00000000000000000000E+0000  0.00000000000000000000E+0000  2.20978763737032414025E+0002  0.00000000000000000000E+0000  0.00000000000000000000E+0000  0.00000000000000000000E+0000  0.00000000000000000000E+0000  0.00000000000000000000E+0000  1.02397584532223083009E-0005 -2.08421935806995363969E+0000  0.00000000000000000000E+0000  0.00000000000000000000E+0000  0.00000000000000000000E+0000  1.43661388713353921112E-0003
 1.54000000000000000008E-0011  0.00000000000000000000E+0000 -3.51666242178874175181E-0003  5.39124207034379041183E-0004 -3.51666242178874175181E-0003  1.04999999999999999996E+0000  1.39127383139196581082E+0000  1.46367386095450144952E+0000  1.30839382671876734178E+0000  0.00000000000000000000E+0000  2.34433159148802059510E+0002  0.00000000000000000000E+0000  4.15558122985096148252E-0040  4.18045895530933684881E-0003  1.14803418777504342969E-0034  0.00000000000000000000E+0000  2.20985273594077442416E+0002  0.00000000000000000000E+0000  0.00000000000000000000E+0000  2.20978895793627738542E+0002  0.00000000000000000000E+0000  0.00000000000000000000E+0000  0.00000000000000000000E+0000  0.00000000000000000000E+0000  0.00000000000000000000E+0000  9.22519692341826405186E-0006 -2.08289788958521897896E+0000  0.00000000000000000000E+0000  0.00000000000000000000E+0000  0.00000000000000000000E+0000  1.47936320782645485285E-0003
 1.58100000000000000003E-0011  0.00000000000000000000E+0000 -3.68232821795084233977E-0003  5.55376921939651692314E-0004 -3.68232821795084233977E-0003  1.04999999999999999996E+0000  1.39127385100958814634E+0000  1.46367390360375897130E+0000  1.30839383121939353100E+0000  0.00000000000000000000E+0000  2.34433159148802059510E+0002  0.00000000000000000000E+0000  4.15558847614406316474E-0040  4.18046792815780000686E-0003  1.14803496615172808318E-0034  0.00000000000000000000E+0000  2.20985594290983507398E+0002  0.00000000000000000000E+0000  0.00000000000000000000E+0000  2.20979031139079306931E+0002  0.00000000000000000000E+0000  0.00000000000000000000E+0000  0.00000000000000000000E+0000  0.00000000000000000000E+0000  0.00000000000000000000E+0000  8.29957937892656546028E-0006 -2.08170195804450410514E+0000  0.00000000000000000000E+0000  0.00000000000000000000E+0000  0.00000000000000000000E+0000  1.52291614102661663989E-0003
 1.62199999999999999998E-0011  0.00000000000000000000E+0000 -3.85066275010644466513E-0003  5.72385052397328967837E-0004 -3.85066275010644466513E-0003  1.04999999999999999996E+0000  1.39127387092485381773E+0000  1.46367394625578718496E+0000  1.30839383579309414347E+0000  0.00000000000000000000E+0000  2.34433159148802059510E+0002  0.00000000000000000000E+0000  4.15559584262512669358E-0040  4.18047690122235427976E-0003  1.14803575095160232739E-0034  0.00000000000000000000E+0000  2.20985915013329482698E+0002  0.00000000000000000000E+0000  0.00000000000000000000E+0000  2.20979166469791534044E+0002  0.00000000000000000000E+0000  0.00000000000000000000E+0000  0.00000000000000000000E+0000  0.00000000000000000000E+0000  0.00000000000000000000E+0000  7.45715800897882373938E-0006 -2.08062344717823179672E+0000  0.00000000000000000000E+0000  0.00000000000000000000E+0000  0.00000000000000000000E+0000  1.56697151583401133060E-0003
 1.66499999999999999993E-0011  0.00000000000000000000E+0000 -4.02657716210577672430E-0003  5.91483941583058593233E-0004 -4.02657716210577672430E-0003  1.04999999999999999996E+0000  1.39127389212486013816E+0000  1.46367399099085833435E+0000  1.30839384066773901222E+0000  0.00000000000000000000E+0000  2.34433159148802059510E+0002  0.00000000000000000000E+0000  4.15560368431380010096E-0040  4.18048631210795427413E-0003  1.14803658032139475916E-0034  0.00000000000000000000E+0000  2.20986251402213948483E+0002  0.00000000000000000000E+0000  0.00000000000000000000E+0000  2.20979308385599752584E+0002  0.00000000000000000000E+0000  0.00000000000000000000E+0000  0.00000000000000000000E+0000  0.00000000000000000000E+0000  0.00000000000000000000E+0000  6.68603201139050000245E-0006 -2.07964621098326197537E+0000  0.00000000000000000000E+0000  0.00000000000000000000E+0000  0.00000000000000000000E+0000  1.61227785897271871080E-0003
 1.70800000000000000003E-0011  0.00000000000000000000E+0000 -4.20528858936172239884E-0003  6.11027868328694175111E-0004 -4.20528858936172239884E-0003  1.04999999999999999996E+0000  1.39127391363904893236E+0000  1.46367403572797625513E+0000  1.30839384562131746882E+0000  0.00000000000000000000E+0000  2.34433159148802059510E+0002  0.00000000000000000000E+0000  4.15561165233600240383E-0040  4.18049572302826466648E-0003  1.14803741668911769836E-0034  0.00000000000000000000E+0000  2.20986587812055368663E+0002  0.00000000000000000000E+0000  0.00000000000000000000E+0000  2.20979450281926420793E+0002  0.00000000000000000000E+0000  0.00000000000000000000E+0000  0.00000000000000000000E+0000  0.00000000000000000000E+0000  0.00000000000000000000E+0000  5.98412289827426498341E-0006 -2.07876717916647561833E+0000  0.00000000000000000000E+0000  0.00000000000000000000E+0000  0.00000000000000000000E+0000  1.65801085462181758218E-0003
 1.75199999999999999998E-0011  0.00000000000000000000E+0000 -4.38884538492933126941E-0003  6.32307452765807647056E-0004 -4.38884538492933126941E-0003  1.04999999999999999996E+0000  1.39127393597637954103E+0000  1.46367408150720077289E+0000  1.30839385077209060539E+0000  0.00000000000000000000E+0000  2.34433159148802059510E+0002  0.00000000000000000000E+0000  4.15561992505113152084E-0040  4.18050535274822211292E-0003  1.14803827925045816837E-0034  0.00000000000000000000E+0000  2.20986932062460994047E+0002  0.00000000000000000000E+0000  0.00000000000000000000E+0000  2.20979595457614490031E+0002  0.00000000000000000000E+0000  0.00000000000000000000E+0000  0.00000000000000000000E+0000  0.00000000000000000000E+0000  0.00000000000000000000E+0000  5.34312385639869072462E-0006 -2.07797490564294387431E+0000  0.00000000000000000000E+0000  0.00000000000000000000E+0000  0.00000000000000000000E+0000  1.70471480089136540816E-0003
 1.79699999999999999993E-0011  0.00000000000000000000E+0000 -4.57740253140080893608E-0003  6.54893084114798756192E-0004 -4.57740253140080893608E-0003  1.04999999999999999996E+0000  1.39127395915322909516E+0000  1.46367412832824568189E+0000  1.30839385612511957850E+0000  0.00000000000000000000E+0000  2.34433159148802059510E+0002  0.00000000000000000000E+0000  4.15562850963977749975E-0040  4.18051520118539036897E-0003  1.14803916856352539457E-0034  0.00000000000000000000E+0000  2.20987284152181370001E+0002  0.00000000000000000000E+0000  0.00000000000000000000E+0000  2.20979743909733501020E+0002  0.00000000000000000000E+0000  0.00000000000000000000E+0000  0.00000000000000000000E+0000  0.00000000000000000000E+0000  0.00000000000000000000E+0000  4.75747278342771188629E-0006 -2.07726172935061916230E+0000  0.00000000000000000000E+0000  0.00000000000000000000E+0000  0.00000000000000000000E+0000  1.75227551828573339799E-0003
 1.84300000000000000003E-0011  0.00000000000000000000E+0000 -4.77093112348179247889E-0003  6.78745962566607556886E-0004 -4.77093112348179247889E-0003  1.04999999999999999996E+0000  1.39127398318636841344E+0000  1.46367417619082914671E+0000  1.30839386168561733713E+0000  0.00000000000000000000E+0000  2.34433159148802059510E+0002  0.00000000000000000000E+0000  4.15563741052210072741E-0040  4.18052526825526706246E-0003  1.14804008504178630584E-0034  0.00000000000000000000E+0000  2.20987644079497337984E+0002  0.00000000000000000000E+0000  0.00000000000000000000E+0000  2.20979895635661688802E+0002  0.00000000000000000000E+0000  0.00000000000000000000E+0000  0.00000000000000000000E+0000  0.00000000000000000000E+0000  0.00000000000000000000E+0000  4.22219261541954267529E-0006 -2.07662078927498666269E+0000  0.00000000000000000000E+0000  0.00000000000000000000E+0000  0.00000000000000000000E+0000  1.80070157318152118972E-0003
 1.88999999999999999998E-0011  0.00000000000000000000E+0000 -4.96936980186622293215E-0003  7.03903629011875133334E-0004 -4.96936980186622293215E-0003  1.04999999999999999996E+0000  1.39127400809291529402E+0000  1.46367422509467357472E+0000  1.30839386745893657387E+0000  0.00000000000000000000E+0000  2.34433159148802059510E+0002  0.00000000000000000000E+0000  4.15564663212492836490E-0040  4.18053555387368929595E-0003  1.14804102910690886576E-0034  0.00000000000000000000E+0000  2.20988011842734572904E+0002  0.00000000000000000000E+0000  0.00000000000000000000E+0000  2.20980050632747417688E+0002  0.00000000000000000000E+0000  0.00000000000000000000E+0000  0.00000000000000000000E+0000  0.00000000000000000000E+0000  0.00000000000000000000E+0000  3.73275404773128972069E-0006 -2.07604583408550378751E+0000  0.00000000000000000000E+0000  0.00000000000000000000E+0000  0.00000000000000000000E+0000  1.85002742522517262976E-0003
 1.93800000000000000008E-0011  0.00000000000000000000E+0000 -5.17267059628839472606E-0003  7.30387253042955584508E-0004 -5.17267059628839472606E-0003  1.04999999999999999996E+0000  1.39127403389029339123E+0000  1.46367427503950544643E+0000  1.30839387345055838141E+0000  0.00000000000000000000E+0000  2.34433159148802059510E+0002  0.00000000000000000000E+0000  4.15565617888629405725E-0040  4.18054605795681245479E-0003  1.14804200118529799332E-0034  0.00000000000000000000E+0000  2.20988387440262217240E+0002  0.00000000000000000000E+0000  0.00000000000000000000E+0000  2.20980208898309386206E+0002  0.00000000000000000000E+0000  0.00000000000000000000E+0000  0.00000000000000000000E+0000  0.00000000000000000000E+0000  0.00000000000000000000E+0000  3.28503525360840335849E-0006 -2.07553116796782454834E+0000  0.00000000000000000000E+0000  0.00000000000000000000E+0000  0.00000000000000000000E+0000  1.90026875255671627882E-0003
 1.98600000000000000002E-0011  0.00000000000000000000E+0000 -5.37812497238934799578E-0003  7.57993867302791450905E-0004 -5.37812497238934799578E-0003  1.04999999999999999996E+0000  1.39127406005055088739E+0000  1.46367432498453855019E+0000  1.30839387953903825781E+0000  0.00000000000000000000E+0000  2.34433159148802059510E+0002  0.00000000000000000000E+0000  4.15566585633157502862E-0040  4.18055656158665629027E-0003  1.14804298144806639670E-0034  0.00000000000000000000E+0000  2.20988763045551857539E+0002  0.00000000000000000000E+0000  0.00000000000000000000E+0000  2.20980367132538815536E+0002  0.00000000000000000000E+0000  0.00000000000000000000E+0000  0.00000000000000000000E+0000  0.00000000000000000000E+0000  0.00000000000000000000E+0000  2.87753397549247126982E-0006 -2.07507448651166778709E+0000  0.00000000000000000000E+0000  0.00000000000000000000E+0000  0.00000000000000000000E+0000  1.95111908550339606731E-0003
 2.03599999999999999996E-0011  0.00000000000000000000E+0000 -5.59063486287658100483E-0003  7.87223634095156247395E-0004 -5.59063486287658100483E-0003  1.04999999999999999996E+0000  1.39127408768160187185E+0000  1.46367437701054975223E+0000  1.30839388598377120727E+0000  0.00000000000000000000E+0000  2.34433159148802059510E+0002  0.00000000000000000000E+0000  4.15567606377839593919E-0040  4.18056750236210753900E-0003  1.14804401064210197715E-0034  0.00000000000000000000E+0000  2.20989154306828361349E+0002  0.00000000000000000000E+0000  0.00000000000000000000E+0000  2.20980531927623415248E+0002  0.00000000000000000000E+0000  0.00000000000000000000E+0000  0.00000000000000000000E+0000  0.00000000000000000000E+0000  0.00000000000000000000E+0000  2.50222084995693679494E-0006 -2.07466490500872236848E+0000  0.00000000000000000000E+0000  0.00000000000000000000E+0000  0.00000000000000000000E+0000  2.00328242695860873568E-0003
 2.08700000000000000006E-0011  0.00000000000000000000E+0000 -5.80806994885316749590E-0003  8.17505575168310643226E-0004 -5.80806994885316749590E-0003  1.04999999999999999996E+0000  1.39127411625668032395E+0000  1.46367443007675472274E+0000  1.30839389266373598173E+0000  0.00000000000000000000E+0000  2.34433159148802059510E+0002  0.00000000000000000000E+0000  4.15568661221787723726E-0040  4.18057866134452874017E-0003  1.14804506927951888472E-0034  0.00000000000000000000E+0000  2.20989553397906410753E+0002  0.00000000000000000000E+0000  0.00000000000000000000E+0000  2.20980699982469719067E+0002  0.00000000000000000000E+0000  0.00000000000000000000E+0000  0.00000000000000000000E+0000  0.00000000000000000000E+0000  0.00000000000000000000E+0000  2.15828301349326590372E-0006 -2.07430130396408953192E+0000  0.00000000000000000000E+0000  0.00000000000000000000E+0000  0.00000000000000000000E+0000  2.05625671166317835274E-0003
 2.13900000000000000000E-0011  0.00000000000000000000E+0000 -6.03016526410482118323E-0003  8.49048477212569736471E-0004 -6.03016526410482118323E-0003  1.04999999999999999996E+0000  1.39127414579428596865E+0000  1.46367448418289384593E+0000  1.30839389958485161503E+0000  0.00000000000000000000E+0000  2.34433159148802059510E+0002  0.00000000000000000000E+0000  4.15569750357002664185E-0040  4.18059003846066578715E-0003  1.14804615761961364233E-0034  0.00000000000000000000E+0000  2.20989960317172089793E+0002  0.00000000000000000000E+0000  0.00000000000000000000E+0000  2.20980871294844850500E+0002  0.00000000000000000000E+0000  0.00000000000000000000E+0000  0.00000000000000000000E+0000  0.00000000000000000000E+0000  0.00000000000000000000E+0000  1.84298420382655955475E-0006 -2.07397988514211674893E+0000  0.00000000000000000000E+0000  0.00000000000000000000E+0000  0.00000000000000000000E+0000  2.11020715061491113187E-0003
 2.19099999999999999994E-0011  0.00000000000000000000E+0000 -6.25420439509640749909E-0003  8.81743725911837478088E-0004 -6.25420439509640749909E-0003  1.04999999999999999996E+0000  1.39127417573669902805E+0000  1.46367453828822858305E+0000  1.30839390661767431229E+0000  0.00000000000000000000E+0000  2.34433159148802059510E+0002  0.00000000000000000000E+0000  4.15570853290617267616E-0040  4.18060141483729465519E-0003  1.14804725514734931638E-0034  0.00000000000000000000E+0000  2.20990367237810648823E+0002  0.00000000000000000000E+0000  0.00000000000000000000E+0000  2.20981042567551989139E+0002  0.00000000000000000000E+0000  0.00000000000000000000E+0000  0.00000000000000000000E+0000  0.00000000000000000000E+0000  0.00000000000000000000E+0000  1.55599705226815074037E-0006 -2.07369995717499051770E+0000  0.00000000000000000000E+0000  0.00000000000000000000E+0000  0.00000000000000000000E+0000  2.16482962359610201667E-0003
 2.24500000000000000003E-0011  0.00000000000000000000E+0000 -6.48510114212345875011E-0003  9.15785115515558901940E-0004 -6.48510114212345875011E-0003  1.04999999999999999996E+0000  1.39127420725462424536E+0000  1.46367459447347914091E+0000  1.30839391403879657576E+0000  0.00000000000000000000E+0000  2.34433159148802059510E+0002  0.00000000000000000000E+0000  4.15572012082598568468E-0040  4.18061322799076632951E-0003  1.14804840394749374026E-0034  0.00000000000000000000E+0000  2.20990789809191925733E+0002  0.00000000000000000000E+0000  0.00000000000000000000E+0000  2.20981220387300460656E+0002  0.00000000000000000000E+0000  0.00000000000000000000E+0000  0.00000000000000000000E+0000  0.00000000000000000000E+0000  0.00000000000000000000E+0000  1.29036687828536088049E-0006 -2.07345210260332406282E+0000  0.00000000000000000000E+0000  0.00000000000000000000E+0000  0.00000000000000000000E+0000  2.22080501341280598932E-0003
 2.29999999999999999997E-0011  0.00000000000000000000E+0000 -6.72071630912037577798E-0003  9.50923203984908577625E-0004 -6.72071630912037577798E-0003  1.04999999999999999996E+0000  1.39127423979175289623E+0000  1.46367465169790646326E+0000  1.30839392171917325784E+0000  0.00000000000000000000E+0000  2.34433159148802059510E+0002  0.00000000000000000000E+0000  4.15573206777511437645E-0040  4.18062525901725267015E-0003  1.14804958385182527945E-0034  0.00000000000000000000E+0000  2.20991220204556521198E+0002  0.00000000000000000000E+0000  0.00000000000000000000E+0000  2.20981401455399860220E+0002  0.00000000000000000000E+0000  0.00000000000000000000E+0000  0.00000000000000000000E+0000  0.00000000000000000000E+0000  0.00000000000000000000E+0000  1.04625402639955164081E-0006 -2.07323654172066468228E+0000  0.00000000000000000000E+0000  0.00000000000000000000E+0000  0.00000000000000000000E+0000  2.27763618008447505503E-0003
 2.35600000000000000006E-0011  0.00000000000000000000E+0000 -6.96080635019238222987E-0003  9.87241398322486227507E-0004 -6.96080635019238222987E-0003  1.04999999999999999996E+0000  1.39127427336800610044E+0000  1.46367470996126088913E+0000  1.30839392966509116022E+0000  0.00000000000000000000E+0000  2.34433159148802059510E+0002  0.00000000000000000000E+0000  4.15574437585289038420E-0040  4.18063750784848233706E-0003  1.14805079510048542007E-0034  0.00000000000000000000E+0000  2.20991658422548698168E+0002  0.00000000000000000000E+0000  0.00000000000000000000E+0000  2.20981585769595143695E+0002  0.00000000000000000000E+0000  0.00000000000000000000E+0000  0.00000000000000000000E+0000  0.00000000000000000000E+0000  0.00000000000000000000E+0000  8.21808805057870129907E-0007 -2.07305069670580278864E+0000  0.00000000000000000000E+0000  0.00000000000000000000E+0000  0.00000000000000000000E+0000  2.33546476760560003994E-0003
 2.41299999999999999999E-0011  0.00000000000000000000E+0000 -7.20530141716984110030E-0003  1.02470960441041481564E-0003 -7.20530141716984110030E-0003  1.04999999999999999996E+0000  1.39127430800377119573E+0000  1.46367476926329469504E+0000  1.30839393788292033551E+0000  0.00000000000000000000E+0000  2.34433159148802059510E+0002  0.00000000000000000000E+0000  4.15575704973996775276E-0040  4.18064997440167155193E-0003  1.14805203809973691243E-0034  0.00000000000000000000E+0000  2.20992104461841606750E+0002  0.00000000000000000000E+0000  0.00000000000000000000E+0000  2.20981773326929480369E+0002  0.00000000000000000000E+0000  0.00000000000000000000E+0000  0.00000000000000000000E+0000  0.00000000000000000000E+0000  0.00000000000000000000E+0000  6.15264202232113641452E-0007 -2.07289210242165954827E+0000  0.00000000000000000000E+0000  0.00000000000000000000E+0000  0.00000000000000000000E+0000  2.39431421878450131193E-0003
 2.47199999999999999992E-0011  0.00000000000000000000E+0000 -7.45681340091499856967E-0003  1.06332846916485118016E-0003 -7.45681340091499856967E-0003  1.04999999999999999996E+0000  1.39127434433655275457E+0000  1.46367483064410880726E+0000  1.30839394652582302126E+0000  0.00000000000000000000E+0000  2.34433159148802059510E+0002  0.00000000000000000000E+0000  4.15577031652928340219E-0040  4.18066287730545321338E-0003  1.14805333506357686285E-0034  0.00000000000000000000E+0000  2.20992566146397489510E+0002  0.00000000000000000000E+0000  0.00000000000000000000E+0000  2.20981967414784227430E+0002  0.00000000000000000000E+0000  0.00000000000000000000E+0000  0.00000000000000000000E+0000  0.00000000000000000000E+0000  0.00000000000000000000E+0000  4.22768214704592253329E-0007 -2.07275562802135957506E+0000  0.00000000000000000000E+0000  0.00000000000000000000E+0000  0.00000000000000000000E+0000  2.45449787053650432734E-0003
 2.53100000000000000001E-0011  0.00000000000000000000E+0000 -7.71034534444614092136E-0003  1.10312113782324560042E-0003 -7.71034534444614092136E-0003  1.04999999999999999996E+0000  1.39127438115616370283E+0000  1.46367489202275330863E+0000  1.30839395530734957352E+0000  0.00000000000000000000E+0000  2.34433159148802059510E+0002  0.00000000000000000000E+0000  4.15578373910020407522E-0040  4.18067577903064100071E-0003  1.14805464297427837026E-0034  0.00000000000000000000E+0000  2.20993027824248179147E+0002  0.00000000000000000000E+0000  0.00000000000000000000E+0000  2.20982161448438195708E+0002  0.00000000000000000000E+0000  0.00000000000000000000E+0000  0.00000000000000000000E+0000  0.00000000000000000000E+0000  0.00000000000000000000E+0000  2.47464152632281688621E-0007 -2.07264538429970883318E+0000  0.00000000000000000000E+0000  0.00000000000000000000E+0000  0.00000000000000000000E+0000  2.51532879776180615500E-0003
 2.59199999999999999994E-0011  0.00000000000000000000E+0000 -7.97060028140010713870E-0003  1.14393539555391881040E-0003 -7.97060028140010713870E-0003  1.04999999999999999996E+0000  1.39127441973367760775E+0000  1.46367495547960824631E+0000  1.30839396453202733693E+0000  0.00000000000000000000E+0000  2.34433159148802059510E+0002  0.00000000000000000000E+0000  4.15579776683889071780E-0040  4.18068911691966673109E-0003  1.14805600584065058805E-0034  0.00000000000000000000E+0000  2.20993505144716410341E+0002  0.00000000000000000000E+0000  0.00000000000000000000E+0000  2.20982362005478208206E+0002  0.00000000000000000000E+0000  0.00000000000000000000E+0000  0.00000000000000000000E+0000  0.00000000000000000000E+0000  0.00000000000000000000E+0000  8.34875937234459318821E-0008 -2.07255343891886124625E+0000  0.00000000000000000000E+0000  0.00000000000000000000E+0000  0.00000000000000000000E+0000  2.57762296858711449423E-0003
 2.65300000000000000002E-0011  0.00000000000000000000E+0000 -8.23277487201945298940E-0003  1.18592423713574306469E-0003 -8.23277487201945298940E-0003  1.04999999999999999996E+0000  1.39127445882684355500E+0000  1.46367501893387917601E+0000  1.30839397390406688467E+0000  0.00000000000000000000E+0000  2.34433159148802059510E+0002  0.00000000000000000000E+0000  4.15581195493723240474E-0040  4.18070245349770902796E-0003  1.14805738009377420636E-0034  0.00000000000000000000E+0000  2.20993982456109659199E+0002  0.00000000000000000000E+0000  0.00000000000000000000E+0000  2.20982562503827038844E+0002  0.00000000000000000000E+0000  0.00000000000000000000E+0000  0.00000000000000000000E+0000  0.00000000000000000000E+0000  0.00000000000000000000E+0000 -6.58589036914623310152E-0008 -2.07248412499872037402E+0000  0.00000000000000000000E+0000  0.00000000000000000000E+0000  0.00000000000000000000E+0000  2.64055902478826822819E-0003
 2.71699999999999999995E-0011  0.00000000000000000000E+0000 -8.50425079120025004772E-0003  1.22882005962801253375E-0003 -8.50425079120025004772E-0003  1.04999999999999999996E+0000  1.39127450039193887893E+0000  1.46367508550596680758E+0000  1.30839398389404072351E+0000  0.00000000000000000000E+0000  2.34433159148802059510E+0002  0.00000000000000000000E+0000  4.15582699560307050296E-0040  4.18071644466466744757E-0003  1.14805883297340548859E-0034  0.00000000000000000000E+0000  2.20994483232200175232E+0002  0.00000000000000000000E+0000  0.00000000000000000000E+0000  2.20982772804236994438E+0002  0.00000000000000000000E+0000  0.00000000000000000000E+0000  0.00000000000000000000E+0000  0.00000000000000000000E+0000  0.00000000000000000000E+0000 -2.08448517331620666482E-0007 -2.07242694881534748799E+0000  0.00000000000000000000E+0000  0.00000000000000000000E+0000  0.00000000000000000000E+0000  2.70524600692742946950E-0003
 2.78100000000000000003E-0011  0.00000000000000000000E+0000 -8.77788436981210743131E-0003  1.27308183506218330356E-0003 -8.77788436981210743131E-0003  1.04999999999999999996E+0000  1.39127454251391839809E+0000  1.46367515207501075187E+0000  1.30839399404315477929E+0000  0.00000000000000000000E+0000  2.34433159148802059510E+0002  0.00000000000000000000E+0000  4.15584220670745566443E-0040  4.18073043434266931425E-0003  1.14806029803020085778E-0034  0.00000000000000000000E+0000  2.20994983996600216886E+0002  0.00000000000000000000E+0000  0.00000000000000000000E+0000  2.20982983039423571736E+0002  0.00000000000000000000E+0000  0.00000000000000000000E+0000  0.00000000000000000000E+0000  0.00000000000000000000E+0000  0.00000000000000000000E+0000 -3.38410365359187977699E-0007 -2.07238979883262905576E+0000  0.00000000000000000000E+0000  0.00000000000000000000E+0000  0.00000000000000000000E+0000  2.77053362087258343183E-0003
 2.84599999999999999995E-0011  0.00000000000000000000E+0000 -9.05555548349311933229E-0003  1.31825190694040252617E-0003 -9.05555548349311933229E-0003  1.04999999999999999996E+0000  1.39127458586756295566E+0000  1.46367521968095203651E+0000  1.30839400451455287189E+0000  0.00000000000000000000E+0000  2.34433159148802059510E+0002  0.00000000000000000000E+0000  4.15585781807066386658E-0040  4.18074464114596571481E-0003  1.14806179762076593367E-0034  0.00000000000000000000E+0000  2.20995492573441424652E+0002  0.00000000000000000000E+0000  0.00000000000000000000E+0000  2.20983196495528841169E+0002  0.00000000000000000000E+0000  0.00000000000000000000E+0000  0.00000000000000000000E+0000  0.00000000000000000000E+0000  0.00000000000000000000E+0000 -4.58870592675732914724E-0007 -2.07236829972787423341E+0000  0.00000000000000000000E+0000  0.00000000000000000000E+0000  0.00000000000000000000E+0000  2.83702214275419699889E-0003
 2.91299999999999999987E-0011  0.00000000000000000000E+0000 -9.34004453465695479895E-0003  1.36434437880131000062E-0003 -9.34004453465695479895E-0003  1.04999999999999999996E+0000  1.39127463115562054858E+0000  1.46367528936357592026E+0000  1.30839401547920332520E+0000  0.00000000000000000000E+0000  2.34433159148802059510E+0002  0.00000000000000000000E+0000  4.15587407733329316589E-0040  4.18075928353201921940E-0003  1.14806335535097240189E-0034  0.00000000000000000000E+0000  2.20996016785598112450E+0002  0.00000000000000000000E+0000  0.00000000000000000000E+0000  2.20983416452210419803E+0002  0.00000000000000000000E+0000  0.00000000000000000000E+0000  0.00000000000000000000E+0000  0.00000000000000000000E+0000  0.00000000000000000000E+0000 -5.73003698995282463136E-0007 -2.07235823958529721042E+0000  0.00000000000000000000E+0000  0.00000000000000000000E+0000  0.00000000000000000000E+0000  2.90489656753823613657E-0003
 2.98199999999999999995E-0011  0.00000000000000000000E+0000 -9.63166130845042515427E-0003  1.41161989824211104396E-0003 -9.63166130845042515427E-0003  1.04999999999999999996E+0000  1.39127467842454055299E+0000  1.46367536112251317828E+0000  1.30839402694987251194E+0000  0.00000000000000000000E+0000  2.34433159148802059510E+0002  0.00000000000000000000E+0000  4.15589099739122431870E-0040  4.18077436133800692030E-0003  1.14806497212592444262E-0034  0.00000000000000000000E+0000  2.20996556631185886735E+0002  0.00000000000000000000E+0000  0.00000000000000000000E+0000  2.20983642902979890432E+0002  0.00000000000000000000E+0000  0.00000000000000000000E+0000  0.00000000000000000000E+0000  0.00000000000000000000E+0000  0.00000000000000000000E+0000 -6.81457350509435527395E-0007 -2.07235890283872523847E+0000  0.00000000000000000000E+0000  0.00000000000000000000E+0000  0.00000000000000000000E+0000  2.97408286606865774599E-0003
 3.05100000000000000003E-0011  0.00000000000000000000E+0000 -9.92517075427215880244E-0003  1.46022706922495892205E-0003 -9.92517075427215880244E-0003  1.04999999999999999996E+0000  1.39127472633204432074E+0000  1.46367543287753973076E+0000  1.30839403860147477927E+0000  0.00000000000000000000E+0000  2.34433159148802059510E+0002  0.00000000000000000000E+0000  4.15590809822870087347E-0040  4.18078943738129678566E-0003  1.14806660179345303750E-0034  0.00000000000000000000E+0000  2.20997096460719422012E+0002  0.00000000000000000000E+0000  0.00000000000000000000E+0000  2.20983869278526085717E+0002  0.00000000000000000000E+0000  0.00000000000000000000E+0000  0.00000000000000000000E+0000  0.00000000000000000000E+0000  0.00000000000000000000E+0000 -7.80262157986373797231E-0007 -2.07237551796612747847E+0000  0.00000000000000000000E+0000  0.00000000000000000000E+0000  0.00000000000000000000E+0000  3.04404458948134956746E-0003
 3.12200000000000000010E-0011  0.00000000000000000000E+0000 -1.02252694617126134680E-0002  1.50950525502913685722E-0003 -1.02252694617126134680E-0002  1.04999999999999999996E+0000  1.39127477629610899563E+0000  1.46367550670824795060E+0000  1.30839405077939313800E+0000  0.00000000000000000000E+0000  2.34433159148802059510E+0002  0.00000000000000000000E+0000  4.15592587024084286170E-0040  4.18080494866074614219E-0003  1.14806829117242017044E-0034  0.00000000000000000000E+0000  2.20997651921217066723E+0002  0.00000000000000000000E+0000  0.00000000000000000000E+0000  2.20984102140818432433E+0002  0.00000000000000000000E+0000  0.00000000000000000000E+0000  0.00000000000000000000E+0000  0.00000000000000000000E+0000  0.00000000000000000000E+0000 -8.74594321554415234609E-0007 -2.07240106673229916795E+0000  0.00000000000000000000E+0000  0.00000000000000000000E+0000  0.00000000000000000000E+0000  3.11557039190441561345E-0003
 3.19499999999999999986E-0011  0.00000000000000000000E+0000 -1.05324294228246997015E-0002  1.55991672323038566490E-0003 -1.05324294228246997015E-0002  1.04999999999999999996E+0000  1.39127482836638550741E+0000  1.46367558261424790349E+0000  1.30839406349689144125E+0000  0.00000000000000000000E+0000  2.34433159148802059510E+0002  0.00000000000000000000E+0000  4.15594432887552685729E-0040  4.18082089497908594832E-0003  1.14807004128515304876E-0034  0.00000000000000000000E+0000  2.20998223010426762800E+0002  0.00000000000000000000E+0000  0.00000000000000000000E+0000  2.20984341482056270381E+0002  0.00000000000000000000E+0000  0.00000000000000000000E+0000  0.00000000000000000000E+0000  0.00000000000000000000E+0000  0.00000000000000000000E+0000 -9.65016649314507103148E-0007 -2.07243493016579255592E+0000  0.00000000000000000000E+0000  0.00000000000000000000E+0000  0.00000000000000000000E+0000  3.18845902350539680841E-0003
 3.26900000000000000008E-0011  0.00000000000000000000E+0000 -1.08440805406628733108E-0002  1.61163439280507151077E-0003 -1.08440805406628733108E-0002  1.04999999999999999996E+0000  1.39127488187025207228E+0000  1.46367565955539872375E+0000  1.30839407659039998915E+0000  0.00000000000000000000E+0000  2.34433159148802059510E+0002  0.00000000000000000000E+0000  4.15596323178988506358E-0040  4.18083705774134150893E-0003  1.14807182881032371352E-0034  0.00000000000000000000E+0000  2.20998801903365157520E+0002  0.00000000000000000000E+0000  0.00000000000000000000E+0000  2.20984584017614718976E+0002  0.00000000000000000000E+0000  0.00000000000000000000E+0000  0.00000000000000000000E+0000  0.00000000000000000000E+0000  0.00000000000000000000E+0000 -1.04964051878009996830E-0006 -2.07247965464300955740E+0000  0.00000000000000000000E+0000  0.00000000000000000000E+0000  0.00000000000000000000E+0000  3.26245533935835294649E-0003
 3.34400000000000000015E-0011  0.00000000000000000000E+0000 -1.11599372113122532270E-0002  1.66434226514059790355E-0003 -1.11599372113122532270E-0002  1.04999999999999999996E+0000  1.39127493683902304358E+0000  1.46367573753142925425E+0000  1.30839409006784835037E+0000  0.00000000000000000000E+0000  2.34433159148802059510E+0002  0.00000000000000000000E+0000  4.15598258166477960004E-0040  4.18085343687644116255E-0003  1.14807365383525928372E-0034  0.00000000000000000000E+0000  2.20999388599021821381E+0002  0.00000000000000000000E+0000  0.00000000000000000000E+0000  2.20984829744663436923E+0002  0.00000000000000000000E+0000  0.00000000000000000000E+0000  0.00000000000000000000E+0000  0.00000000000000000000E+0000  0.00000000000000000000E+0000 -1.12890234702379839921E-0006 -2.07253455115776944514E+0000  0.00000000000000000000E+0000  0.00000000000000000000E+0000  0.00000000000000000000E+0000  3.33767560058422166102E-0003
 3.42099999999999999991E-0011  0.00000000000000000000E+0000 -1.14825621685709929323E-0002  1.71788717397443307768E-0003 -1.14825621685709929323E-0002  1.04999999999999999996E+0000  1.39127499404819364253E+0000  1.46367581758167479447E+0000  1.30839410411990381827E+0000  0.00000000000000000000E+0000  2.34433159148802059510E+0002  0.00000000000000000000E+0000  4.15600264159573115060E-0040  4.18087025067618441169E-0003  1.14807554093152728000E-0034  0.00000000000000000000E+0000  2.20999990918769140605E+0002  0.00000000000000000000E+0000  0.00000000000000000000E+0000  2.20985081935608980219E+0002  0.00000000000000000000E+0000  0.00000000000000000000E+0000  0.00000000000000000000E+0000  0.00000000000000000000E+0000  0.00000000000000000000E+0000 -1.20551563097539406501E-0006 -2.07259598737393023254E+0000  0.00000000000000000000E+0000  0.00000000000000000000E+0000  0.00000000000000000000E+0000  3.41440593852985741523E-0003
 3.49900000000000000013E-0011  0.00000000000000000000E+0000 -1.18095666425992299302E-0002  1.77271547876279725142E-0003 -1.18095666425992299302E-0002  1.04999999999999999996E+0000  1.39127505279769009456E+0000  1.46367589866617514853E+0000  1.30839411857507769343E+0000  0.00000000000000000000E+0000  2.34433159148802059510E+0002  0.00000000000000000000E+0000  4.15602316394542371766E-0040  4.18088728059265248093E-0003  1.14807746634703420670E-0034  0.00000000000000000000E+0000  2.21000601038053899300E+0002  0.00000000000000000000E+0000  0.00000000000000000000E+0000  2.20985337307962803943E+0002  0.00000000000000000000E+0000  0.00000000000000000000E+0000  0.00000000000000000000E+0000  0.00000000000000000000E+0000  0.00000000000000000000E+0000 -1.27756256152036081343E-0006 -2.07266653515452074037E+0000  0.00000000000000000000E+0000  0.00000000000000000000E+0000  0.00000000000000000000E+0000  3.49225154353779893022E-0003
 3.57900000000000000003E-0011  0.00000000000000000000E+0000 -1.21433121679525074561E-0002  1.82840603300009962997E-0003 -1.21433121679525074561E-0002  1.04999999999999999996E+0000  1.39127511388510640875E+0000  1.46367598182411748863E+0000  1.30839413363002381153E+0000  0.00000000000000000000E+0000  2.34433159148802059510E+0002  0.00000000000000000000E+0000  4.15604441434395871653E-0040  4.18090474488623369907E-0003  1.14807945479939493946E-0034  0.00000000000000000000E+0000  2.21001226777963958245E+0002  0.00000000000000000000E+0000  0.00000000000000000000E+0000  2.20985599132639903119E+0002  0.00000000000000000000E+0000  0.00000000000000000000E+0000  0.00000000000000000000E+0000  0.00000000000000000000E+0000  0.00000000000000000000E+0000 -1.34760131000922489366E-0006 -2.07274275923129673712E+0000  0.00000000000000000000E+0000  0.00000000000000000000E+0000  0.00000000000000000000E+0000  3.57162373176550882366E-0003
 3.66099999999999999994E-0011  0.00000000000000000000E+0000 -1.24840103198745969724E-0002  1.88522934427071108138E-0003 -1.24840103198745969724E-0002  1.04999999999999999996E+0000  1.39127517736674199598E+0000  1.46367606705506228158E+0000  1.30839414929929118039E+0000  0.00000000000000000000E+0000  2.34433159148802059510E+0002  0.00000000000000000000E+0000  4.15606640562773220932E-0040  4.18092264336336365653E-0003  1.14808150700755395506E-0034  0.00000000000000000000E+0000  2.21001868136226732223E+0002  0.00000000000000000000E+0000  0.00000000000000000000E+0000  2.20985867401921660502E+0002  0.00000000000000000000E+0000  0.00000000000000000000E+0000  0.00000000000000000000E+0000  0.00000000000000000000E+0000  0.00000000000000000000E+0000 -1.41588929186136043064E-0006 -2.07282440895487430873E+0000  0.00000000000000000000E+0000  0.00000000000000000000E+0000  0.00000000000000000000E+0000  3.65246522441658678184E-0003
 3.74400000000000000000E-0011  0.00000000000000000000E+0000 -1.28290457290740491982E-0002  1.94334577176561092067E-0003 -1.28290457290740491982E-0002  1.04999999999999999996E+0000  1.39127524251456049099E+0000  1.46367615331923773723E+0000  1.30839416540351708026E+0000  0.00000000000000000000E+0000  2.34433159148802059510E+0002  0.00000000000000000000E+0000  4.15608887989672976877E-0040  4.18094075758006552475E-0003  1.14808359848097543483E-0034  0.00000000000000000000E+0000  2.21002517289351560981E+0002  0.00000000000000000000E+0000  0.00000000000000000000E+0000  2.20986138837532217066E+0002  0.00000000000000000000E+0000  0.00000000000000000000E+0000  0.00000000000000000000E+0000  0.00000000000000000000E+0000  0.00000000000000000000E+0000 -1.48034806337055237984E-0006 -2.07291424827422959181E+0000  0.00000000000000000000E+0000  0.00000000000000000000E+0000  0.00000000000000000000E+0000  3.73451581526352864512E-0003
 3.82900000000000000005E-0011  0.00000000000000000000E+0000 -1.31807561485853390272E-0002  2.00224788535556339566E-0003 -1.31807561485853390272E-0002  1.04999999999999999996E+0000  1.39127531016107986394E+0000  1.46367624165559015741E+0000  1.30839418214881165526E+0000  0.00000000000000000000E+0000  2.34433159148802059510E+0002  0.00000000000000000000E+0000  4.15611211028510083557E-0040  4.18095930570344393257E-0003  1.14808575442377463760E-0034  0.00000000000000000000E+0000  2.21003182057478267414E+0002  0.00000000000000000000E+0000  0.00000000000000000000E+0000  2.20986416706450398376E+0002  0.00000000000000000000E+0000  0.00000000000000000000E+0000  0.00000000000000000000E+0000  0.00000000000000000000E+0000  0.00000000000000000000E+0000 -1.54346701657064874159E-0006 -2.07300890079252113406E+0000  0.00000000000000000000E+0000  0.00000000000000000000E+0000  0.00000000000000000000E+0000  3.81817373478541067569E-0003
 3.91600000000000000011E-0011  0.00000000000000000000E+0000 -1.35393395566771051696E-0002  2.06226789942501397627E-0003 -1.35393395566771051696E-0002  1.04999999999999999996E+0000  1.39127538036633850152E+0000  1.46367633206365099134E+0000  1.30839419955061941523E+0000  0.00000000000000000000E+0000  2.34433159148802059510E+0002  0.00000000000000000000E+0000  4.15613610938338030332E-0040  4.18097828752807344563E-0003  1.14808797551589494118E-0034  0.00000000000000000000E+0000  2.21003862438183554723E+0002  0.00000000000000000000E+0000  0.00000000000000000000E+0000  2.20986701000482548954E+0002  0.00000000000000000000E+0000  0.00000000000000000000E+0000  0.00000000000000000000E+0000  0.00000000000000000000E+0000  0.00000000000000000000E+0000 -1.60544279547675096211E-0006 -2.07310816749981215905E+0000  0.00000000000000000000E+0000  0.00000000000000000000E+0000  0.00000000000000000000E+0000  3.90336042840723564243E-0003
 4.00400000000000000001E-0011  0.00000000000000000000E+0000 -1.39021682599034343893E-0002  2.12359985681787388493E-0003 -1.39021682599034343893E-0002  1.04999999999999999996E+0000  1.39127545237265121071E+0000  1.46367642350385412724E+0000  1.30839421742143927128E+0000  0.00000000000000000000E+0000  2.34433159148802059510E+0002  0.00000000000000000000E+0000  4.15616061131406896860E-0040  4.18099748469214791428E-0003  1.14809023673646380503E-0034  0.00000000000000000000E+0000  2.21004550608827426264E+0002  0.00000000000000000000E+0000  0.00000000000000000000E+0000  2.20986988444776401866E+0002  0.00000000000000000000E+0000  0.00000000000000000000E+0000  0.00000000000000000000E+0000  0.00000000000000000000E+0000  0.00000000000000000000E+0000 -1.66414466659479990205E-0006 -2.07321485968809432997E+0000  0.00000000000000000000E+0000  0.00000000000000000000E+0000  0.00000000000000000000E+0000  3.98979989563625481601E-0003
 4.09399999999999999990E-0011  0.00000000000000000000E+0000 -1.42715602224607266515E-0002  2.18568068482838620227E-0003 -1.42715602224607266515E-0002  1.04999999999999999996E+0000  1.39127552704903086707E+0000  1.46367651701488872497E+0000  1.30839423597726408439E+0000  0.00000000000000000000E+0000  2.34433159148802059510E+0002  0.00000000000000000000E+0000  4.15618589650942300211E-0040  4.18101711526463842654E-0003  1.14809256378071127109E-0034  0.00000000000000000000E+0000  2.21005254388517903108E+0002  0.00000000000000000000E+0000  0.00000000000000000000E+0000  2.20987282302198611642E+0002  0.00000000000000000000E+0000  0.00000000000000000000E+0000  0.00000000000000000000E+0000  0.00000000000000000000E+0000  0.00000000000000000000E+0000 -1.72200949601363092693E-0006 -2.07332564390307506506E+0000  0.00000000000000000000E+0000  0.00000000000000000000E+0000  0.00000000000000000000E+0000  4.07788041241875087138E-0003
 4.18600000000000000011E-0011  0.00000000000000000000E+0000 -1.46476860391126519029E-0002  2.24885649648914902355E-0003 -1.46476860391126519029E-0002  1.04999999999999999996E+0000  1.39127560445923624077E+0000  1.46367661259625780347E+0000  1.30839425523452438250E+0000  0.00000000000000000000E+0000  2.34433159148802059510E+0002  0.00000000000000000000E+0000  4.15621197708963679008E-0040  4.18103717902870105052E-0003  1.14809495731033176131E-0034  0.00000000000000000000E+0000  2.21005973774682940344E+0002  0.00000000000000000000E+0000  0.00000000000000000000E+0000  2.20987582564100332697E+0002  0.00000000000000000000E+0000  0.00000000000000000000E+0000  0.00000000000000000000E+0000  0.00000000000000000000E+0000  0.00000000000000000000E+0000 -1.77918805657812728025E-0006 -2.07344035880471072369E+0000  0.00000000000000000000E+0000  0.00000000000000000000E+0000  0.00000000000000000000E+0000  4.16752297764655140916E-0003
 4.28000000000000000000E-0011  0.00000000000000000000E+0000 -1.50305385767301805992E-0002  2.31317411565487733823E-0003 -1.50305385767301805992E-0002  1.04999999999999999996E+0000  1.39127568466872082210E+0000  1.46367671024745146010E+0000  1.30839427521011716438E+0000  0.00000000000000000000E+0000  2.34433159148802059510E+0002  0.00000000000000000000E+0000  4.15623886255571558686E-0040  4.18105767579537832787E-0003  1.14809741782838843816E-0034  0.00000000000000000000E+0000  2.21006708765072351602E+0002  0.00000000000000000000E+0000  0.00000000000000000000E+0000  2.20987889222806949505E+0002  0.00000000000000000000E+0000  0.00000000000000000000E+0000  0.00000000000000000000E+0000  0.00000000000000000000E+0000  0.00000000000000000000E+0000 -1.83573623327714786286E-0006 -2.07355896180340538797E+0000  0.00000000000000000000E+0000  0.00000000000000000000E+0000  0.00000000000000000000E+0000  4.25875321983199768443E-0003
 4.37500000000000000004E-0011  0.00000000000000000000E+0000 -1.54174452509799478528E-0002  2.37875117177851799345E-0003 -1.54174452509799478528E-0002  1.04999999999999999996E+0000  1.39127576687802513057E+0000  1.46367680892920100214E+0000  1.30839429570534648839E+0000  0.00000000000000000000E+0000  2.34433159148802059510E+0002  0.00000000000000000000E+0000  4.15626627618375063052E-0040  4.18107838732003496089E-0003  1.14809991966403813842E-0034  0.00000000000000000000E+0000  2.21007451538286968568E+0002  0.00000000000000000000E+0000  0.00000000000000000000E+0000  2.20988199008328113054E+0002  0.00000000000000000000E+0000  0.00000000000000000000E+0000  0.00000000000000000000E+0000  0.00000000000000000000E+0000  0.00000000000000000000E+0000 -1.88948052060243642997E-0006 -2.07368429417100961294E+0000  0.00000000000000000000E+0000  0.00000000000000000000E+0000  0.00000000000000000000E+0000  4.35130645860292520706E-0003
 4.47299999999999999993E-0011  0.00000000000000000000E+0000 -1.58133382522977789195E-0002  2.44482201713959238381E-0003 -1.58133382522977789195E-0002  1.04999999999999999996E+0000  1.39127585288670175829E+0000  1.46367691071848138903E+0000  1.30839431716954898634E+0000  0.00000000000000000000E+0000  2.34433159148802059510E+0002  0.00000000000000000000E+0000  4.15629479644284865106E-0040  4.18109974954909314826E-0003  1.14810251550622434300E-0034  0.00000000000000000000E+0000  2.21008217730637875412E+0002  0.00000000000000000000E+0000  0.00000000000000000000E+0000  2.20988518438438568181E+0002  0.00000000000000000000E+0000  0.00000000000000000000E+0000  0.00000000000000000000E+0000  0.00000000000000000000E+0000  0.00000000000000000000E+0000 -1.94503511195531506645E-0006 -2.07381016102278686918E+0000  0.00000000000000000000E+0000  0.00000000000000000000E+0000  0.00000000000000000000E+0000  4.44586184470497791662E-0003
 4.57199999999999999997E-0011  0.00000000000000000000E+0000 -1.62133998397916770102E-0002  2.51253870798922835726E-0003 -1.62133998397916770102E-0002  1.04999999999999999996E+0000  1.39127594100850555166E+0000  1.46367701353742340770E+0000  1.30839433918263789306E+0000  0.00000000000000000000E+0000  2.34433159148802059510E+0002  0.00000000000000000000E+0000  4.15632386019150286681E-0040  4.18112132617367467136E-0003  1.14810515352265577281E-0034  0.00000000000000000000E+0000  2.21008991701408722533E+0002  0.00000000000000000000E+0000  0.00000000000000000000E+0000  2.20988840980871757633E+0002  0.00000000000000000000E+0000  0.00000000000000000000E+0000  0.00000000000000000000E+0000  0.00000000000000000000E+0000  0.00000000000000000000E+0000 -1.99794550888910315453E-0006 -2.07394256642054921041E+0000  0.00000000000000000000E+0000  0.00000000000000000000E+0000  0.00000000000000000000E+0000  4.54167758849500747812E-0003
 4.67399999999999999985E-0011  0.00000000000000000000E+0000 -1.66223813438081436256E-0002  2.58077468596592462934E-0003 -1.66223813438081436256E-0002  1.04999999999999999996E+0000  1.39127603309584363508E+0000  1.46367711946261643246E+0000  1.30839436220816688434E+0000  0.00000000000000000000E+0000  2.34433159148802059510E+0002  0.00000000000000000000E+0000  4.15635405311755779397E-0040  4.18114355303028247043E-0003  1.14810788688783378874E-0034  0.00000000000000000000E+0000  2.21009789085727159225E+0002  0.00000000000000000000E+0000  0.00000000000000000000E+0000  2.20989173148643108111E+0002  0.00000000000000000000E+0000  0.00000000000000000000E+0000  0.00000000000000000000E+0000  0.00000000000000000000E+0000  0.00000000000000000000E+0000 -2.05272698767493609107E-0006 -2.07407542848178063949E+0000  0.00000000000000000000E+0000  0.00000000000000000000E+0000  0.00000000000000000000E+0000  4.63952986617672864680E-0003
 4.77699999999999999988E-0011  0.00000000000000000000E+0000 -1.70354207460205752047E-0002  2.65061166777898413174E-0003 -1.70354207460205752047E-0002  1.04999999999999999996E+0000  1.39127612741535902836E+0000  1.46367722641653416019E+0000  1.30839438581358435661E+0000  0.00000000000000000000E+0000  2.34433159148802059510E+0002  0.00000000000000000000E+0000  4.15638480154391742508E-0040  4.18116599393961101296E-0003  1.14811066315079677310E-0034  0.00000000000000000000E+0000  2.21010594244277552553E+0002  0.00000000000000000000E+0000  0.00000000000000000000E+0000  2.20989508414868429567E+0002  0.00000000000000000000E+0000  0.00000000000000000000E+0000  0.00000000000000000000E+0000  0.00000000000000000000E+0000  0.00000000000000000000E+0000 -2.10492285435126323285E-0006 -2.07421473965060141026E+0000  0.00000000000000000000E+0000  0.00000000000000000000E+0000  0.00000000000000000000E+0000  4.73870232918338037668E-0003
 4.88300000000000000007E-0011  0.00000000000000000000E+0000 -1.74572705868527684603E-0002  2.72091425548932347810E-0003 -1.74572705868527684603E-0002  1.04999999999999999996E+0000  1.39127622587391633823E+0000  1.46367733647536589264E+0000  1.30839441047708450656E+0000  0.00000000000000000000E+0000  2.34433159148802059510E+0002  0.00000000000000000000E+0000  4.15641670067666741391E-0040  4.18118908458960711619E-0003  1.14811353611692002381E-0034  0.00000000000000000000E+0000  2.21011422810530432953E+0002  0.00000000000000000000E+0000  0.00000000000000000000E+0000  2.20989853286415228406E+0002  0.00000000000000000000E+0000  0.00000000000000000000E+0000  0.00000000000000000000E+0000  0.00000000000000000000E+0000  0.00000000000000000000E+0000 -2.15903928552673373318E-0006 -2.07435440991565584758E+0000  0.00000000000000000000E+0000  0.00000000000000000000E+0000  0.00000000000000000000E+0000  4.83994914488801637264E-0003
 4.99000000000000000010E-0011  0.00000000000000000000E+0000 -1.78830658221778888023E-0002  2.79282383620122174481E-0003 -1.78830658221778888023E-0002  1.04999999999999999996E+0000  1.39127632668924131618E+0000  1.46367744756194397026E+0000  1.30839443575322066462E+0000  0.00000000000000000000E+0000  2.34433159148802059510E+0002  0.00000000000000000000E+0000  4.15644916632867158621E-0040  4.18121238893568751416E-0003  1.14811645272182035383E-0034  0.00000000000000000000E+0000  2.21012259146639915508E+0002  0.00000000000000000000E+0000  0.00000000000000000000E+0000  2.20990201241987774233E+0002  0.00000000000000000000E+0000  0.00000000000000000000E+0000  0.00000000000000000000E+0000  0.00000000000000000000E+0000  0.00000000000000000000E+0000 -2.21061853962220964250E-0006 -2.07450042249272050758E+0000  0.00000000000000000000E+0000  0.00000000000000000000E+0000  0.00000000000000000000E+0000  4.94254224172608862846E-0003
 5.09999999999999999997E-0011  0.00000000000000000000E+0000 -1.83175471820482209171E-0002  2.86516304895241786722E-0003 -1.83175471820482209171E-0002  1.04999999999999999996E+0000  1.39127643182431816088E+0000  1.46367756175204300319E+0000  1.30839446213526873150E+0000  0.00000000000000000000E+0000  2.34433159148802059510E+0002  0.00000000000000000000E+0000  4.15648280305230811148E-0040  4.18123634251265122278E-0003  1.14811946738924834916E-0034  0.00000000000000000000E+0000  2.21013118884351584412E+0002  0.00000000000000000000E+0000  0.00000000000000000000E+0000  2.20990558782125609952E+0002  0.00000000000000000000E+0000  0.00000000000000000000E+0000  0.00000000000000000000E+0000  0.00000000000000000000E+0000  0.00000000000000000000E+0000 -2.26415849631472354778E-0006 -2.07464668229944163990E+0000  0.00000000000000000000E+0000  0.00000000000000000000E+0000  0.00000000000000000000E+0000  5.04723119416195964767E-0003
 5.21200000000000000016E-0011  0.00000000000000000000E+0000 -1.87584644567189504021E-0002  2.93890840863546954337E-0003 -1.87584644567189504021E-0002  1.04999999999999999996E+0000  1.39127654041709686978E+0000  1.46367767800684867648E+0000  1.30839448940831213611E+0000  0.00000000000000000000E+0000  2.34433159148802059510E+0002  0.00000000000000000000E+0000  4.15651732205814504128E-0040  4.18126072717617628419E-0003  1.14812255385280702013E-0034  0.00000000000000000000E+0000  2.21013994203209665532E+0002  0.00000000000000000000E+0000  0.00000000000000000000E+0000  2.20990922641464012113E+0002  0.00000000000000000000E+0000  0.00000000000000000000E+0000  0.00000000000000000000E+0000  0.00000000000000000000E+0000  0.00000000000000000000E+0000 -2.31741723503788585611E-0006 -2.07479627327130965457E+0000  0.00000000000000000000E+0000  0.00000000000000000000E+0000  0.00000000000000000000E+0000  5.15359153519292537111E-0003
 5.32600000000000000002E-0011  0.00000000000000000000E+0000 -1.92055771114757625922E-0002  3.01368885286646491206E-0003 -1.92055771114757625922E-0002  1.04999999999999999996E+0000  1.39127665254924017891E+0000  1.46367779632572755683E+0000  1.30839451759413665129E+0000  0.00000000000000000000E+0000  2.34433159148802059510E+0002  0.00000000000000000000E+0000  4.15655272802372957298E-0040  4.18128554273532202465E-0003  1.14812571249307381457E-0034  0.00000000000000000000E+0000  2.21014885100891355321E+0002  0.00000000000000000000E+0000  0.00000000000000000000E+0000  2.20991292812040043769E+0002  0.00000000000000000000E+0000  0.00000000000000000000E+0000  0.00000000000000000000E+0000  0.00000000000000000000E+0000  0.00000000000000000000E+0000 -2.37033316617209378051E-0006 -2.07494923274407975892E+0000  0.00000000000000000000E+0000  0.00000000000000000000E+0000  0.00000000000000000000E+0000  5.26172865192571960155E-0003
 5.44300000000000000004E-0011  0.00000000000000000000E+0000 -1.96614130671396855268E-0002  3.08920906183790001885E-0003 -1.96614130671396855268E-0002  1.04999999999999999996E+0000  1.39127676930327446941E+0000  1.46367791774580240766E+0000  1.30839454696644140724E+0000  0.00000000000000000000E+0000  2.34433159148802059510E+0002  0.00000000000000000000E+0000  4.15658933825934220855E-0040  4.18131100663768078602E-0003  1.14812897154450862111E-0034  0.00000000000000000000E+0000  2.21015799389489030757E+0002  0.00000000000000000000E+0000  0.00000000000000000000E+0000  2.20991672531257529535E+0002  0.00000000000000000000E+0000  0.00000000000000000000E+0000  0.00000000000000000000E+0000  0.00000000000000000000E+0000  0.00000000000000000000E+0000 -2.42514358107465345293E-0006 -2.07510258338771323033E+0000  0.00000000000000000000E+0000  0.00000000000000000000E+0000  0.00000000000000000000E+0000  5.37196200134921346949E-0003
 5.56200000000000000006E-0011  0.00000000000000000000E+0000 -2.01235438566298054668E-0002  3.16614455174166385816E-0003 -2.01235438566298054668E-0002  1.04999999999999999996E+0000  1.39127688978195295671E+0000  1.46367804122851953292E+0000  1.30839457730116101065E+0000  0.00000000000000000000E+0000  2.34433159148802059510E+0002  0.00000000000000000000E+0000  4.15662685346825477066E-0040  4.18133690087530717386E-0003  1.14813230413416940456E-0034  0.00000000000000000000E+0000  2.21016729250076020399E+0002  0.00000000000000000000E+0000  0.00000000000000000000E+0000  2.20992058539171954398E+0002  0.00000000000000000000E+0000  0.00000000000000000000E+0000  0.00000000000000000000E+0000  0.00000000000000000000E+0000  0.00000000000000000000E+0000 -2.47953500036447172142E-0006 -2.07525948074691115003E+0000  0.00000000000000000000E+0000  0.00000000000000000000E+0000  0.00000000000000000000E+0000  5.48395119188632593633E-0003
 5.68300000000000000007E-0011  0.00000000000000000000E+0000 -2.05917035151376103851E-0002  3.24405143953689783762E-0003 -2.05917035151376103851E-0002  1.04999999999999999996E+0000  1.39127701407310733369E+0000  1.46367816677319959951E+0000  1.30839460862192458559E+0000  0.00000000000000000000E+0000  2.34433159148802059510E+0002  0.00000000000000000000E+0000  4.15666527754478878985E-0040  4.18136322524402104810E-0003  1.14813571063728068833E-0034  0.00000000000000000000E+0000  2.21017674680142613267E+0002  0.00000000000000000000E+0000  0.00000000000000000000E+0000  2.20992450827280204992E+0002  0.00000000000000000000E+0000  0.00000000000000000000E+0000  0.00000000000000000000E+0000  0.00000000000000000000E+0000  0.00000000000000000000E+0000 -2.53345818985994663364E-0006 -2.07541991916245253404E+0000  0.00000000000000000000E+0000  0.00000000000000000000E+0000  0.00000000000000000000E+0000  5.59779763593403551746E-0003
 5.80699999999999999993E-0011  0.00000000000000000000E+0000 -2.10684128281496348736E-0002  3.32266081661050196678E-0003 -2.10684128281496348736E-0002  1.04999999999999999996E+0000  1.39127714330981790017E+0000  1.46367829541658803270E+0000  1.30839464121608074667E+0000  0.00000000000000000000E+0000  2.34433159148802059510E+0002  0.00000000000000000000E+0000  4.15670493390243434674E-0040  4.18139019705311707965E-0003  1.14813921972012664710E-0034  0.00000000000000000000E+0000  2.21018643490150619474E+0002  0.00000000000000000000E+0000  0.00000000000000000000E+0000  2.20992852627327073550E+0002  0.00000000000000000000E+0000  0.00000000000000000000E+0000  0.00000000000000000000E+0000  0.00000000000000000000E+0000  0.00000000000000000000E+0000 -2.58915777381798760396E-0006 -2.07558088320329480977E+0000  0.00000000000000000000E+0000  0.00000000000000000000E+0000  0.00000000000000000000E+0000  5.71379801217757349411E-0003
 5.93300000000000000009E-0011  0.00000000000000000000E+0000 -2.15512292147995323790E-0002  3.40268053126054418117E-0003 -2.15512292147995323790E-0002  1.04999999999999999996E+0000  1.39127727655745515346E+0000  1.46367842612041191002E+0000  1.30839467484977246912E+0000  0.00000000000000000000E+0000  2.34433159148802059510E+0002  0.00000000000000000000E+0000  4.15674551522811762730E-0040  4.18141759839922460069E-0003  1.14814280404029713748E-0034  0.00000000000000000000E+0000  2.21019627862311935293E+0002  0.00000000000000000000E+0000  0.00000000000000000000E+0000  2.20993260683711091261E+0002  0.00000000000000000000E+0000  0.00000000000000000000E+0000  0.00000000000000000000E+0000  0.00000000000000000000E+0000  0.00000000000000000000E+0000 -2.64433349937659752110E-0006 -2.07574548964145320202E+0000  0.00000000000000000000E+0000  0.00000000000000000000E+0000  0.00000000000000000000E+0000  5.83159995457267841910E-0003
 6.06099999999999999994E-0011  0.00000000000000000000E+0000 -2.20398756155246825413E-0002  3.48364891209052887933E-0003 -2.20398756155246825413E-0002  1.04999999999999999996E+0000  1.39127741391003646786E+0000  1.46367855888394797872E+0000  1.30839470954841197094E+0000  0.00000000000000000000E+0000  2.34433159148802059510E+0002  0.00000000000000000000E+0000  4.15678702459039312444E-0040  4.18144542906596884284E-0003  1.14814646394939508059E-0034  0.00000000000000000000E+0000  2.21020627793935511604E+0002  0.00000000000000000000E+0000  0.00000000000000000000E+0000  2.20993674987435562915E+0002  0.00000000000000000000E+0000  0.00000000000000000000E+0000  0.00000000000000000000E+0000  0.00000000000000000000E+0000  0.00000000000000000000E+0000 -2.69894557693456753712E-0006 -2.07591370154463172502E+0000  0.00000000000000000000E+0000  0.00000000000000000000E+0000  0.00000000000000000000E+0000  5.95129486531271260516E-0003
 6.19299999999999999979E-0011  0.00000000000000000000E+0000 -2.25394772023740970428E-0002  3.56506637485437102584E-0003 -2.25394772023740970428E-0002  1.04999999999999999996E+0000  1.39127755764408465758E+0000  1.46367869578063146299E+0000  1.30839474588932363206E+0000  0.00000000000000000000E+0000  2.34433159148802059510E+0002  0.00000000000000000000E+0000  4.15683011554084646890E-0040  4.18147412364751636872E-0003  1.14815025711678146383E-0034  0.00000000000000000000E+0000  2.21021658905808210685E+0002  0.00000000000000000000E+0000  0.00000000000000000000E+0000  2.20994102000880446007E+0002  0.00000000000000000000E+0000  0.00000000000000000000E+0000  0.00000000000000000000E+0000  0.00000000000000000000E+0000  0.00000000000000000000E+0000 -2.75744957668731545793E-0006 -2.07607958426426006632E+0000  0.00000000000000000000E+0000  0.00000000000000000000E+0000  0.00000000000000000000E+0000  6.07347213703926103029E-0003
 6.32599999999999999979E-0011  0.00000000000000000000E+0000 -2.30425898190142253387E-0002  3.64855256809188692150E-0003 -2.30425898190142253387E-0002  1.04999999999999999996E+0000  1.39127770460748923355E+0000  1.46367883369829888745E+0000  1.30839478307751874372E+0000  0.00000000000000000000E+0000  2.34433159148802059510E+0002  0.00000000000000000000E+0000  4.15687382673901741032E-0040  4.18150302944161596190E-0003  1.14815409869033730488E-0034  0.00000000000000000000E+0000  2.21022697756622984205E+0002  0.00000000000000000000E+0000  0.00000000000000000000E+0000  2.20994531998142712578E+0002  0.00000000000000000000E+0000  0.00000000000000000000E+0000  0.00000000000000000000E+0000  0.00000000000000000000E+0000  0.00000000000000000000E+0000 -2.81302298160905784690E-0006 -2.07625234744075824072E+0000  0.00000000000000000000E+0000  0.00000000000000000000E+0000  0.00000000000000000000E+0000  6.19715163035465104593E-0003
 6.46299999999999999978E-0011  0.00000000000000000000E+0000 -2.35563513936420525743E-0002  3.73203333317260749617E-0003 -2.35563513936420525743E-0002  1.04999999999999999996E+0000  1.39127785823539891149E+0000  1.46367897574695997494E+0000  1.30839482198429124114E+0000  0.00000000000000000000E+0000  2.34433159148802059510E+0002  0.00000000000000000000E+0000  4.15691913768858605533E-0040  4.18153279842161671305E-0003  1.14815807505119759243E-0034  0.00000000000000000000E+0000  2.21023767778734194903E+0002  0.00000000000000000000E+0000  0.00000000000000000000E+0000  2.20994974675258017097E+0002  0.00000000000000000000E+0000  0.00000000000000000000E+0000  0.00000000000000000000E+0000  0.00000000000000000000E+0000  0.00000000000000000000E+0000 -2.87230014002271669899E-0006 -2.07642299638644906913E+0000  0.00000000000000000000E+0000  0.00000000000000000000E+0000  0.00000000000000000000E+0000  6.32344226386204397195E-0003
 6.60200000000000000009E-0011  0.00000000000000000000E+0000 -2.40760662153925962282E-0002  3.81725159610794109159E-0003 -2.40760662153925962282E-0002  1.04999999999999999996E+0000  1.39127801642324751687E+0000  1.46367911985186231999E+0000  1.30839486207892976590E+0000  0.00000000000000000000E+0000  2.34433159148802059510E+0002  0.00000000000000000000E+0000  4.15696540615406909587E-0040  4.18156299538646272250E-0003  1.14816212960848445117E-0034  0.00000000000000000000E+0000  2.21024853343612135967E+0002  0.00000000000000000000E+0000  0.00000000000000000000E+0000  2.20995423546156700853E+0002  0.00000000000000000000E+0000  0.00000000000000000000E+0000  0.00000000000000000000E+0000  0.00000000000000000000E+0000  0.00000000000000000000E+0000 -2.93076315054235966361E-0006 -2.07659769816984352843E+0000  0.00000000000000000000E+0000  0.00000000000000000000E+0000  0.00000000000000000000E+0000  6.45157734698288008165E-0003
 6.74400000000000000024E-0011  0.00000000000000000000E+0000 -2.46039116387900760348E-0002  3.90317620480879457002E-0003 -2.46039116387900760348E-0002  1.04999999999999999996E+0000  1.39127818043447253559E+0000  1.46367926704878098152E+0000  1.30839490368373823819E+0000  0.00000000000000000000E+0000  2.34433159148802059510E+0002  0.00000000000000000000E+0000  4.15701296479112615004E-0040  4.18159383738774480733E-0003  1.14816629167748316815E-0034  0.00000000000000000000E+0000  2.21025962258691558895E+0002  0.00000000000000000000E+0000  0.00000000000000000000E+0000  2.20995881831487551716E+0002  0.00000000000000000000E+0000  0.00000000000000000000E+0000  0.00000000000000000000E+0000  0.00000000000000000000E+0000  0.00000000000000000000E+0000 -2.99052129442769833598E-0006 -2.07677355738644099409E+0000  0.00000000000000000000E+0000  0.00000000000000000000E+0000  0.00000000000000000000E+0000  6.58200248004959663922E-0003
 6.88900000000000000023E-0011  0.00000000000000000000E+0000 -2.51399810545591808331E-0002  3.99014098458131973561E-0003 -2.51399810545591808331E-0002  1.04999999999999999996E+0000  1.39127835041501434670E+0000  1.46367941733661207889E+0000  1.30839494683806477262E+0000  0.00000000000000000000E+0000  2.34433159148802059510E+0002  0.00000000000000000000E+0000  4.15706182359986214103E-0040  4.18162532398359620314E-0003  1.14817056209732305804E-0034  0.00000000000000000000E+0000  2.21027094518417424662E+0002  0.00000000000000000000E+0000  0.00000000000000000000E+0000  2.20996349513649589097E+0002  0.00000000000000000000E+0000  0.00000000000000000000E+0000  0.00000000000000000000E+0000  0.00000000000000000000E+0000  0.00000000000000000000E+0000 -3.05152409617222015623E-0006 -2.07695067753057129273E+0000  0.00000000000000000000E+0000  0.00000000000000000000E+0000  0.00000000000000000000E+0000  6.71467753435199989138E-0003
 7.03700000000000000005E-0011  0.00000000000000000000E+0000 -2.56842305814370773724E-0002  4.07821421179813047688E-0003 -2.56842305814370773724E-0002  1.04999999999999999996E+0000  1.39127852651462653049E+0000  1.46367957071422464871E+0000  1.30839499158227730996E+0000  0.00000000000000000000E+0000  2.34433159148802059510E+0002  0.00000000000000000000E+0000  4.15711199023907875459E-0040  4.18165745477091969482E-0003  1.14817494154629376602E-0034  0.00000000000000000000E+0000  2.21028250117715762996E+0002  0.00000000000000000000E+0000  0.00000000000000000000E+0000  2.20996826576337669412E+0002  0.00000000000000000000E+0000  0.00000000000000000000E+0000  0.00000000000000000000E+0000  0.00000000000000000000E+0000  0.00000000000000000000E+0000 -3.11364728388700653462E-0006 -2.07712925169791430471E+0000  0.00000000000000000000E+0000  0.00000000000000000000E+0000  0.00000000000000000000E+0000  6.84962325661824726827E-0003
 7.18799999999999999972E-0011  0.00000000000000000000E+0000 -2.62365828856811271391E-0002  4.16735166908241142331E-0003 -2.62365828856811271391E-0002  1.04999999999999999996E+0000  1.39127870888679424570E+0000  1.46367972718046097187E+0000  1.30839503795774653812E+0000  0.00000000000000000000E+0000  2.34433159148802059510E+0002  0.00000000000000000000E+0000  4.15716347207756554996E-0040  4.18169022933796778013E-0003  1.14817943067888598816E-0034  0.00000000000000000000E+0000  2.21029429051379895640E+0002  0.00000000000000000000E+0000  0.00000000000000000000E+0000  2.20997313002912276481E+0002  0.00000000000000000000E+0000  0.00000000000000000000E+0000  0.00000000000000000000E+0000  0.00000000000000000000E+0000  0.00000000000000000000E+0000 -3.17677751873816204056E-0006 -2.07730944512013119630E+0000  0.00000000000000000000E+0000  0.00000000000000000000E+0000  0.00000000000000000000E+0000  6.98687994214713538949E-0003
 7.34099999999999999969E-0011  0.00000000000000000000E+0000 -2.67943514737315730827E-0002  4.25776399346373346846E-0003 -2.67943514737315730827E-0002  1.04999999999999999996E+0000  1.39127889646077180900E+0000  1.46367988569808795145E+0000  1.30839508569431511148E+0000  0.00000000000000000000E+0000  2.34433159148802059510E+0002  0.00000000000000000000E+0000  4.15721593523575743858E-0040  4.18172343021316366143E-0003  1.14818400039258164674E-0034  0.00000000000000000000E+0000  2.21030623506482350196E+0002  0.00000000000000000000E+0000  0.00000000000000000000E+0000  2.20997805555348001125E+0002  0.00000000000000000000E+0000  0.00000000000000000000E+0000  0.00000000000000000000E+0000  0.00000000000000000000E+0000  0.00000000000000000000E+0000 -3.23861565622770616790E-0006 -2.07749428762190197525E+0000  0.00000000000000000000E+0000  0.00000000000000000000E+0000  0.00000000000000000000E+0000  7.12617443287269685489E-0003
 7.49800000000000000030E-0011  0.00000000000000000000E+0000 -2.73624480522311235379E-0002  4.34849388014882153916E-0003 -2.73624480522311235379E-0002  1.04999999999999999996E+0000  1.39127909184917686455E+0000  1.46368004833802108024E+0000  1.30839513545932479535E+0000  0.00000000000000000000E+0000  2.34433159148802059510E+0002  0.00000000000000000000E+0000  4.15727006628892209165E-0040  4.18175749113163052113E-0003  1.14818871060025790376E-0034  0.00000000000000000000E+0000  2.21031849093513383178E+0002  0.00000000000000000000E+0000  0.00000000000000000000E+0000  2.20998310660657870386E+0002  0.00000000000000000000E+0000  0.00000000000000000000E+0000  0.00000000000000000000E+0000  0.00000000000000000000E+0000  0.00000000000000000000E+0000 -3.30357957112002324468E-0006 -2.07767778884809924665E+0000  0.00000000000000000000E+0000  0.00000000000000000000E+0000  0.00000000000000000000E+0000  7.26814165904987782474E-0003
 7.65800000000000000011E-0011  0.00000000000000000000E+0000 -2.79385764451251891850E-0002  4.44074518951981250292E-0003 -2.79385764451251891850E-0002  1.04999999999999999996E+0000  1.39127929399009670007E+0000  1.46368021406296077260E+0000  1.30839518698505681690E+0000  0.00000000000000000000E+0000  2.34433159148802059510E+0002  0.00000000000000000000E+0000  4.15732553461886752051E-0040  4.18179219449697357169E-0003  1.14819353241471320187E-0034  0.00000000000000000000E+0000  2.21033097997872754650E+0002  0.00000000000000000000E+0000  0.00000000000000000000E+0000  2.20998825076420472344E+0002  0.00000000000000000000E+0000  0.00000000000000000000E+0000  0.00000000000000000000E+0000  0.00000000000000000000E+0000  0.00000000000000000000E+0000 -3.36933320591527415905E-0006 -2.07786318266525214023E+0000  0.00000000000000000000E+0000  0.00000000000000000000E+0000  0.00000000000000000000E+0000  7.41238323523016302050E-0003
 7.82099999999999999976E-0011  0.00000000000000000000E+0000 -2.85224856558640815837E-0002  4.53406621283759050944E-0003 -2.85224856558640815837E-0002  1.04999999999999999996E+0000  1.39127950305075699623E+0000  1.46368038287164504356E+0000  1.30839524031671069712E+0000  0.00000000000000000000E+0000  2.34433159148802059510E+0002  0.00000000000000000000E+0000  4.15738234453035710468E-0040  4.18182753991659187060E-0003  1.14819846624541856174E-0034  0.00000000000000000000E+0000  2.21034370214515698425E+0002  0.00000000000000000000E+0000  0.00000000000000000000E+0000  2.20999348786512184492E+0002  0.00000000000000000000E+0000  0.00000000000000000000E+0000  0.00000000000000000000E+0000  0.00000000000000000000E+0000  0.00000000000000000000E+0000 -3.43571490161621037808E-0006 -2.07805066029411097971E+0000  0.00000000000000000000E+0000  0.00000000000000000000E+0000  0.00000000000000000000E+0000  7.55900460648739033119E-0003
 7.98800000000000000003E-0011  0.00000000000000000000E+0000 -2.91166624804897189263E-0002  4.62808874887108672456E-0003 -2.91166624804897189263E-0002  1.04999999999999999996E+0000  1.39127972050543510004E+0000  1.46368055579826079286E+0000  1.30839529583334674258E+0000  0.00000000000000000000E+0000  2.34433159148802059510E+0002  0.00000000000000000000E+0000  4.15744085042990584553E-0040  4.18186374378236009022E-0003  1.14820354287260784066E-0034  0.00000000000000000000E+0000  2.21035673542678450937E+0002  0.00000000000000000000E+0000  0.00000000000000000000E+0000  2.20999884985348220776E+0002  0.00000000000000000000E+0000  0.00000000000000000000E+0000  0.00000000000000000000E+0000  0.00000000000000000000E+0000  0.00000000000000000000E+0000 -3.50484438741776441201E-0006 -2.07823738863061064220E+0000  0.00000000000000000000E+0000  0.00000000000000000000E+0000  0.00000000000000000000E+0000  7.70833213169222218364E-0003
 8.15800000000000000015E-0011  0.00000000000000000000E+0000 -2.97186212487022712494E-0002  4.72356413550732733961E-0003 -2.97186212487022712494E-0002  1.04999999999999999996E+0000  1.39127994524675628076E+0000  1.46368073180584283967E+0000  1.30839535325534636698E+0000  0.00000000000000000000E+0000  2.34433159148802059510E+0002  0.00000000000000000000E+0000  4.15750071311820484316E-0040  4.18190058867095643529E-0003  1.14820873277738117258E-0034  0.00000000000000000000E+0000  2.21037000169772210004E+0002  0.00000000000000000000E+0000  0.00000000000000000000E+0000  2.21000430437337460510E+0002  0.00000000000000000000E+0000  0.00000000000000000000E+0000  0.00000000000000000000E+0000  0.00000000000000000000E+0000  0.00000000000000000000E+0000 -3.57434531858350155248E-0006 -2.07842661721223727128E+0000  0.00000000000000000000E+0000  0.00000000000000000000E+0000  0.00000000000000000000E+0000  7.86004744324457639278E-0003
 8.33100000000000000010E-0011  0.00000000000000000000E+0000 -3.03280884448258186132E-0002  4.82001261985333337566E-0003 -3.03280884448258186132E-0002  1.04999999999999999996E+0000  1.39128017745229658501E+0000  1.46368091089303847656E+0000  1.30839541263108082090E+0000  0.00000000000000000000E+0000  2.34433159148802059510E+0002  0.00000000000000000000E+0000  4.15756193611750401873E-0040  4.18193807416341534372E-0003  1.14821403628539480273E-0034  0.00000000000000000000E+0000  2.21038350090326820435E+0002  0.00000000000000000000E+0000  0.00000000000000000000E+0000  2.21000985125338014772E+0002  0.00000000000000000000E+0000  0.00000000000000000000E+0000  0.00000000000000000000E+0000  0.00000000000000000000E+0000  0.00000000000000000000E+0000 -3.64409335527654084311E-0006 -2.07861844822562850292E+0000  0.00000000000000000000E+0000  0.00000000000000000000E+0000  0.00000000000000000000E+0000  8.01423844102156082903E-0003
 8.50699999999999999990E-0011  0.00000000000000000000E+0000 -3.09449341544570472217E-0002  4.91736642646213557706E-0003 -3.09449341544570472217E-0002  1.04999999999999999996E+0000  1.39128041730171060305E+0000  1.46368109305847171587E+0000  1.30839547400968680838E+0000  0.00000000000000000000E+0000  2.34433159148802059510E+0002  0.00000000000000000000E+0000  4.15762452438642196042E-0040  4.18197619977895966823E-0003  1.14821945381703964053E-0034  0.00000000000000000000E+0000  2.21039723298016915293E+0002  0.00000000000000000000E+0000  0.00000000000000000000E+0000  2.21001549030090774409E+0002  0.00000000000000000000E+0000  0.00000000000000000000E+0000  0.00000000000000000000E+0000  0.00000000000000000000E+0000  0.00000000000000000000E+0000 -3.71405179748904173470E-0006 -2.07881285692050533313E+0000  0.00000000000000000000E+0000  0.00000000000000000000E+0000  0.00000000000000000000E+0000  8.17090701571718464485E-0003
 8.68700000000000000031E-0011  0.00000000000000000000E+0000 -3.15716546040788988281E-0002  5.01542737148580489687E-0003 -3.15716546040788988281E-0002  1.04999999999999999996E+0000  1.39128066636209306902E+0000  1.46368127933560074436E+0000  1.30839553779596012135E+0000  0.00000000000000000000E+0000  2.34433159148802059510E+0002  0.00000000000000000000E+0000  4.15768883814810844177E-0040  4.18201518165444942180E-0003  1.14822501654222602034E-0034  0.00000000000000000000E+0000  2.21041127588807392562E+0002  0.00000000000000000000E+0000  0.00000000000000000000E+0000  2.21002125335734001962E+0002  0.00000000000000000000E+0000  0.00000000000000000000E+0000  0.00000000000000000000E+0000  0.00000000000000000000E+0000  0.00000000000000000000E+0000 -3.78637079052338169075E-0006 -2.07900692385872896723E+0000  0.00000000000000000000E+0000  0.00000000000000000000E+0000  0.00000000000000000000E+0000  8.33032496649805771520E-0003
 8.87100000000000000010E-0011  0.00000000000000000000E+0000 -3.22083350553353916834E-0002  5.11468460241692497595E-0003 -3.22083350553353916834E-0002  1.04999999999999999996E+0000  1.39128092486276794617E+0000  1.46368146972265073696E+0000  1.30839560405302242439E+0000  0.00000000000000000000E+0000  2.34433159148802059510E+0002  0.00000000000000000000E+0000  4.15775488684145149585E-0040  4.18205501911247923922E-0003  1.14823072519637730427E-0034  0.00000000000000000000E+0000  2.21042562953806652246E+0002  0.00000000000000000000E+0000  0.00000000000000000000E+0000  2.21002714015437924377E+0002  0.00000000000000000000E+0000  0.00000000000000000000E+0000  0.00000000000000000000E+0000  0.00000000000000000000E+0000  0.00000000000000000000E+0000 -3.86089541694441341587E-0006 -2.07920092460976476041E+0000  0.00000000000000000000E+0000  0.00000000000000000000E+0000  0.00000000000000000000E+0000  8.49246116412037173529E-0003
 9.05899999999999999987E-0011  0.00000000000000000000E+0000 -3.28548850860509891800E-0002  5.21509899790328667963E-0003 -3.28548850860509891800E-0002  1.04999999999999999996E+0000  1.39128119303703471905E+0000  1.46368166421780052577E+0000  1.30839567284546835226E+0000  0.00000000000000000000E+0000  2.34433159148802059510E+0002  0.00000000000000000000E+0000  4.15782267783146691919E-0040  4.18209571151816870855E-0003  1.14823658036258068509E-0034  0.00000000000000000000E+0000  2.21044029384657342796E+0002  0.00000000000000000000E+0000  0.00000000000000000000E+0000  2.21003315043746586518E+0002  0.00000000000000000000E+0000  0.00000000000000000000E+0000  0.00000000000000000000E+0000  0.00000000000000000000E+0000  0.00000000000000000000E+0000 -3.93740815062207097746E-0006 -2.07939520292960098842E+0000  0.00000000000000000000E+0000  0.00000000000000000000E+0000  0.00000000000000000000E+0000  8.65737614649430677690E-0003
 9.25000000000000000012E-0011  0.00000000000000000000E+0000 -3.35085844243489733361E-0002  5.31681773001081271163E-0003 -3.35085844243489733361E-0002  1.04999999999999999996E+0000  1.39128146967124800793E+0000  1.46368186178481770405E+0000  1.30839574386686093206E+0000  0.00000000000000000000E+0000  2.34433159148802059510E+0002  0.00000000000000000000E+0000  4.15789185746854192186E-0040  4.18213704177152204101E-0003  1.14824255144827021495E-0034  0.00000000000000000000E+0000  2.21045519072498003840E+0002  0.00000000000000000000E+0000  0.00000000000000000000E+0000  2.21003925198082753115E+0002  0.00000000000000000000E+0000  0.00000000000000000000E+0000  0.00000000000000000000E+0000  0.00000000000000000000E+0000  0.00000000000000000000E+0000 -4.01353179402057307768E-0006 -2.07959294289079680857E+0000  0.00000000000000000000E+0000  0.00000000000000000000E+0000  0.00000000000000000000E+0000  8.82484400739029762141E-0003
 9.44499999999999999973E-0011  0.00000000000000000000E+0000 -3.41717341919984190003E-0002  5.41908972729590706681E-0003 -3.41717341919984190003E-0002  1.04999999999999999996E+0000  1.39128175642900146986E+0000  1.46368206345635880057E+0000  1.30839581754972865228E+0000  0.00000000000000000000E+0000  2.34433159148802059510E+0002  0.00000000000000000000E+0000  4.15796278956257817805E-0040  4.18217922579117477471E-0003  1.14824866987784528185E-0034  0.00000000000000000000E+0000  2.21047039810471031562E+0002  0.00000000000000000000E+0000  0.00000000000000000000E+0000  2.21004547653438383370E+0002  0.00000000000000000000E+0000  0.00000000000000000000E+0000  0.00000000000000000000E+0000  0.00000000000000000000E+0000  0.00000000000000000000E+0000 -4.09138703323815938938E-0006 -2.07979120865130125790E+0000  0.00000000000000000000E+0000  0.00000000000000000000E+0000  0.00000000000000000000E+0000  8.99521071267655279905E-0003
 9.64399999999999999997E-0011  0.00000000000000000000E+0000 -3.48443899262962832702E-0002  5.52242166648896318838E-0003 -3.48443899262962832702E-0002  1.04999999999999999996E+0000  1.39128205354976501205E+0000  1.46368226923048664603E+0000  1.30839589396192636770E+0000  0.00000000000000000000E+0000  2.34433159148802059510E+0002  0.00000000000000000000E+0000  4.15803548165522628914E-0040  4.18222226284509102199E-0003  1.14825493625145850908E-0034  0.00000000000000000000E+0000  2.21048591588763658239E+0002  0.00000000000000000000E+0000  0.00000000000000000000E+0000  2.21005182380974516620E+0002  0.00000000000000000000E+0000  0.00000000000000000000E+0000  0.00000000000000000000E+0000  0.00000000000000000000E+0000  0.00000000000000000000E+0000 -4.17087343115401668016E-0006 -2.07999014752245936586E+0000  0.00000000000000000000E+0000  0.00000000000000000000E+0000  0.00000000000000000000E+0000  9.16841807967550363954E-0003
 9.84700000000000000021E-0011  0.00000000000000000000E+0000 -3.55264470613117395122E-0002  5.62686025357781541283E-0003 -3.55264470613117395122E-0002  1.04999999999999999996E+0000  1.39128236127466682853E+0000  1.46368247910521970733E+0000  1.30839597317244852367E+0000  0.00000000000000000000E+0000  2.34433159148802059510E+0002  0.00000000000000000000E+0000  4.15810993923140191746E-0040  4.18226615224833766180E-0003  1.14826135102361362695E-0034  0.00000000000000000000E+0000  2.21050174398160174577E+0002  0.00000000000000000000E+0000  0.00000000000000000000E+0000  2.21005829353380532046E+0002  0.00000000000000000000E+0000  0.00000000000000000000E+0000  0.00000000000000000000E+0000  0.00000000000000000000E+0000  0.00000000000000000000E+0000 -4.25182378462697446721E-0006 -2.08018998624412725725E+0000  0.00000000000000000000E+0000  0.00000000000000000000E+0000  0.00000000000000000000E+0000  9.34448882791403921971E-0003
 1.00499999999999999998E-0010  0.00000000000000000000E+0000 -3.62073647988648399674E-0002  5.73334279524710573228E-0003 -3.62073647988648399674E-0002  1.04999999999999999996E+0000  1.39128267368202207066E+0000  1.46368268894385289175E+0000  1.30839605366287803226E+0000  0.00000000000000000000E+0000  2.34433159148802059510E+0002  0.00000000000000000000E+0000  4.15818470008048211027E-0040  4.18231002847937075578E-0003  1.14826778821638695792E-0034  0.00000000000000000000E+0000  2.21051757040400284463E+0002  0.00000000000000000000E+0000  0.00000000000000000000E+0000  2.21006475796284338184E+0002  0.00000000000000000000E+0000  0.00000000000000000000E+0000  0.00000000000000000000E+0000  0.00000000000000000000E+0000  0.00000000000000000000E+0000 -4.32539766841622368087E-0006 -2.08040244387543480004E+0000  0.00000000000000000000E+0000  0.00000000000000000000E+0000  0.00000000000000000000E+0000  9.52229282149893203574E-0003
 1.02599999999999999999E-0010  0.00000000000000000000E+0000 -3.69044526138341074081E-0002  5.83804002435064728453E-0003 -3.69044526138341074081E-0002  1.04999999999999999996E+0000  1.39128300176054953716E+0000  1.46368290598033148659E+0000  1.30839613827259389461E+0000  0.00000000000000000000E+0000  2.34433159148802059510E+0002  0.00000000000000000000E+0000  4.15826232852293607506E-0040  4.18235540463568139318E-0003  1.14827446885051322909E-0034  0.00000000000000000000E+0000  2.21053394091174757213E+0002  0.00000000000000000000E+0000  0.00000000000000000000E+0000  2.21007144001093594088E+0002  0.00000000000000000000E+0000  0.00000000000000000000E+0000  0.00000000000000000000E+0000  0.00000000000000000000E+0000  0.00000000000000000000E+0000 -4.40714640491476328693E-0006 -2.08060629962737962412E+0000  0.00000000000000000000E+0000  0.00000000000000000000E+0000  0.00000000000000000000E+0000  9.70396438399451723272E-0003
 1.04800000000000000002E-0010  0.00000000000000000000E+0000 -3.76266228261710005962E-0002  5.94382103166471737607E-0003 -3.76266228261710005962E-0002  1.04999999999999999996E+0000  1.39128335065999709814E+0000  1.46368313331132490068E+0000  1.30839622834327232149E+0000  0.00000000000000000000E+0000  2.34433159148802059510E+0002  0.00000000000000000000E+0000  4.15834395603167336196E-0040  4.18240292737697262448E-0003  1.14828149010602274902E-0034  0.00000000000000000000E+0000  2.21055108916028517030E+0002  0.00000000000000000000E+0000  0.00000000000000000000E+0000  2.21007843452228069855E+0002  0.00000000000000000000E+0000  0.00000000000000000000E+0000  0.00000000000000000000E+0000  0.00000000000000000000E+0000  0.00000000000000000000E+0000 -4.50332900578117602578E-0006 -2.08079366419704252233E+0000  0.00000000000000000000E+0000  0.00000000000000000000E+0000  0.00000000000000000000E+0000  9.88997964755701869052E-0003
 1.07000000000000000000E-0010  0.00000000000000000000E+0000 -3.83483646009500525063E-0002  6.05461223009373806480E-0003 -3.83483646009500525063E-0002  1.04999999999999999996E+0000  1.39128370481286597145E+0000  1.46368336060105918022E+0000  1.30839631986710578228E+0000  0.00000000000000000000E+0000  2.34433159148802059510E+0002  0.00000000000000000000E+0000  4.15842589630008114733E-0040  4.18245043478507108459E-0003  1.14828853471645542533E-0034  0.00000000000000000000E+0000  2.21056823543627606152E+0002  0.00000000000000000000E+0000  0.00000000000000000000E+0000  2.21008542290844705314E+0002  0.00000000000000000000E+0000  0.00000000000000000000E+0000  0.00000000000000000000E+0000  0.00000000000000000000E+0000  0.00000000000000000000E+0000 -4.59115679199766690398E-0006 -2.08099561995889684716E+0000  0.00000000000000000000E+0000  0.00000000000000000000E+0000  0.00000000000000000000E+0000  1.00776447040636592096E-0002
 1.09199999999999999997E-0010  0.00000000000000000000E+0000 -3.90678023676494015107E-0002  6.16516253942330772666E-0003 -3.90678023676494015107E-0002  1.04999999999999999996E+0000  1.39128406425997241556E+0000  1.46368358784890767563E+0000  1.30839641286194878966E+0000  0.00000000000000000000E+0000  2.34433159148802059510E+0002  0.00000000000000000000E+0000  4.15850812746638867935E-0040  4.18249792732426074513E-0003  1.14829560113672463668E-0034  0.00000000000000000000E+0000  2.21058537979878554816E+0002  0.00000000000000000000E+0000  0.00000000000000000000E+0000  2.21009240531622489084E+0002  0.00000000000000000000E+0000  0.00000000000000000000E+0000  0.00000000000000000000E+0000  0.00000000000000000000E+0000  0.00000000000000000000E+0000 -4.67063268469568203601E-0006 -2.08121152683613987460E+0000  0.00000000000000000000E+0000  0.00000000000000000000E+0000  0.00000000000000000000E+0000  1.02675673849297118926E-0002
 1.11499999999999999998E-0010  0.00000000000000000000E+0000 -3.98106434228478782628E-0002  6.27268993043542327154E-0003 -3.98106434228478782628E-0002  1.04999999999999999996E+0000  1.39128444562703203256E+0000  1.46368382538163691031E+0000  1.30839651164313549659E+0000  0.00000000000000000000E+0000  2.34433159148802059510E+0002  0.00000000000000000000E+0000  4.15859437826036149099E-0040  4.18254756360393894653E-0003  1.14830300998324499985E-0034  0.00000000000000000000E+0000  2.21060330152020345307E+0002  0.00000000000000000000E+0000  0.00000000000000000000E+0000  2.21009969902326604940E+0002  0.00000000000000000000E+0000  0.00000000000000000000E+0000  0.00000000000000000000E+0000  0.00000000000000000000E+0000  0.00000000000000000000E+0000 -4.76413169054566928424E-0006 -2.08141100446963930935E+0000  0.00000000000000000000E+0000  0.00000000000000000000E+0000  0.00000000000000000000E+0000  1.04623816871948028624E-0002
 1.13799999999999999998E-0010  0.00000000000000000000E+0000 -4.05525604361395160541E-0002  6.38541967992186206947E-0003 -4.05525604361395160541E-0002  1.04999999999999999996E+0000  1.39128483261103999481E+0000  1.46368406286909734663E+0000  1.30839661200202753057E+0000  0.00000000000000000000E+0000  2.34433159148802059510E+0002  0.00000000000000000000E+0000  4.15868092791726022260E-0040  4.18259718318007343947E-0003  1.14831044146200195955E-0034  0.00000000000000000000E+0000  2.21062122106626596202E+0002  0.00000000000000000000E+0000  0.00000000000000000000E+0000  2.21010698607587626960E+0002  0.00000000000000000000E+0000  0.00000000000000000000E+0000  0.00000000000000000000E+0000  0.00000000000000000000E+0000  0.00000000000000000000E+0000 -4.84947278613785285753E-0006 -2.08162431537983473747E+0000  0.00000000000000000000E+0000  0.00000000000000000000E+0000  0.00000000000000000000E+0000  1.06586559307007218737E-0002
 1.16200000000000000002E-0010  0.00000000000000000000E+0000 -4.13177959717762939002E-0002  6.49591499121318187124E-0003 -4.13177959717762939002E-0002  1.04999999999999999996E+0000  1.39128524231968649051E+0000  1.46368431063400934733E+0000  1.30839671839207354769E+0000  0.00000000000000000000E+0000  2.34433159148802059510E+0002  0.00000000000000000000E+0000  4.15877151728413654396E-0040  4.18264894396119955252E-0003  1.14831821711723142348E-0034  0.00000000000000000000E+0000  2.21063991762657809689E+0002  0.00000000000000000000E+0000  0.00000000000000000000E+0000  2.21011458341802808469E+0002  0.00000000000000000000E+0000  0.00000000000000000000E+0000  0.00000000000000000000E+0000  0.00000000000000000000E+0000  0.00000000000000000000E+0000 -4.94823723987488594700E-0006 -2.08182213103662381768E+0000  0.00000000000000000000E+0000  0.00000000000000000000E+0000  0.00000000000000000000E+0000  1.08597951998126043583E-0002
 1.18699999999999999996E-0010  0.00000000000000000000E+0000 -4.21077048855807212538E-0002  6.60839874170821699900E-0003 -4.21077048855807212538E-0002  1.04999999999999999996E+0000  1.39128567528875306399E+0000  1.46368456867135328684E+0000  1.30839683097716893360E+0000  0.00000000000000000000E+0000  2.34433159148802059510E+0002  0.00000000000000000000E+0000  4.15886617274612644607E-0040  4.18270284352120932782E-0003  1.14832633910591752864E-0034  0.00000000000000000000E+0000  2.21065939086753245987E+0002  0.00000000000000000000E+0000  0.00000000000000000000E+0000  2.21012249013168347964E+0002  0.00000000000000000000E+0000  0.00000000000000000000E+0000  0.00000000000000000000E+0000  0.00000000000000000000E+0000  0.00000000000000000000E+0000 -5.05990167130270530286E-0006 -2.08200584214145015087E+0000  0.00000000000000000000E+0000  0.00000000000000000000E+0000  0.00000000000000000000E+0000  1.10655139058850927306E-0002
 1.21100000000000000005E-0010  0.00000000000000000000E+0000 -4.28702913290327735847E-0002  6.72825610164432303132E-0003 -4.28702913290327735847E-0002  1.04999999999999999996E+0000  1.39128609689436715034E+0000  1.46368481633746557022E+0000  1.30839694076498188062E+0000  0.00000000000000000000E+0000  2.34433159148802059510E+0002  0.00000000000000000000E+0000  4.15895733455367459185E-0040  4.18275456808962530575E-0003  1.14833415880761637253E-0034  0.00000000000000000000E+0000  2.21067808266286827804E+0002  0.00000000000000000000E+0000  0.00000000000000000000E+0000  2.21013007307556244616E+0002  0.00000000000000000000E+0000  0.00000000000000000000E+0000  0.00000000000000000000E+0000  0.00000000000000000000E+0000  0.00000000000000000000E+0000 -5.14015119661530674088E-0006 -2.08223513429707771842E+0000  0.00000000000000000000E+0000  0.00000000000000000000E+0000  0.00000000000000000000E+0000  1.12703890430817079021E-0002
 1.23600000000000000006E-0010  0.00000000000000000000E+0000 -4.36540090081202570571E-0002  6.83992752370372279696E-0003 -4.36540090081202570571E-0002  1.04999999999999999996E+0000  1.39128654227554763971E+0000  1.46368507427036714135E+0000  1.30839705692008351266E+0000  0.00000000000000000000E+0000  2.34433159148802059510E+0002  0.00000000000000000000E+0000  4.15905254247829906066E-0040  4.18280843098614517572E-0003  1.14834232359215824141E-0034  0.00000000000000000000E+0000  2.21069755107727398818E+0002  0.00000000000000000000E+0000  0.00000000000000000000E+0000  2.21013796511996681138E+0002  0.00000000000000000000E+0000  0.00000000000000000000E+0000  0.00000000000000000000E+0000  0.00000000000000000000E+0000  0.00000000000000000000E+0000 -5.23345095466977796747E-0006 -2.08244878518984785089E+0000  0.00000000000000000000E+0000  0.00000000000000000000E+0000  0.00000000000000000000E+0000  1.14808401036402308936E-0002
 1.26199999999999999996E-0010  0.00000000000000000000E+0000 -4.44618582936326957639E-0002  6.95377055832713866421E-0003 -4.44618582936326957639E-0002  1.04999999999999999996E+0000  1.39128701193730745800E+0000  1.46368534246486139440E+0000  1.30839717960441812299E+0000  0.00000000000000000000E+0000  2.34433159148802059510E+0002  0.00000000000000000000E+0000  4.15915182872542398884E-0040  4.18286442895478246320E-0003  1.14835083613728258361E-0034  0.00000000000000000000E+0000  2.21071779565268160192E+0002  0.00000000000000000000E+0000  0.00000000000000000000E+0000  2.21014616507748959687E+0002  0.00000000000000000000E+0000  0.00000000000000000000E+0000  0.00000000000000000000E+0000  0.00000000000000000000E+0000  0.00000000000000000000E+0000 -5.34003319720915954902E-0006 -2.08264713337588398562E+0000  0.00000000000000000000E+0000  0.00000000000000000000E+0000  0.00000000000000000000E+0000  1.16955857678382746898E-0002
 1.28799999999999999999E-0010  0.00000000000000000000E+0000 -4.52679500257077777773E-0002  7.07328325453529690341E-0003 -4.52679500257077777773E-0002  1.04999999999999999996E+0000  1.39128748805961373856E+0000  1.46368561060274358129E+0000  1.30839730418642447452E+0000  0.00000000000000000000E+0000  2.34433159148802059510E+0002  0.00000000000000000000E+0000  4.15925138350864346562E-0040  4.18292040637539097147E-0003  1.14835936993111004981E-0034  0.00000000000000000000E+0000  2.21073803748398332814E+0002  0.00000000000000000000E+0000  0.00000000000000000000E+0000  2.21015435689151616486E+0002  0.00000000000000000000E+0000  0.00000000000000000000E+0000  0.00000000000000000000E+0000  0.00000000000000000000E+0000  0.00000000000000000000E+0000 -5.43715928314696006923E-0006 -2.08286116153395062093E+0000  0.00000000000000000000E+0000  0.00000000000000000000E+0000  0.00000000000000000000E+0000  1.19119587667315458988E-0002
 1.31500000000000000006E-0010  0.00000000000000000000E+0000 -4.60963442349056106424E-0002  7.18977838874183976149E-0003 -4.60963442349056106424E-0002  1.04999999999999999996E+0000  1.39128798919053030128E+0000  1.46368588899378943111E+0000  1.30839743554621172139E+0000  0.00000000000000000000E+0000  2.34433159148802059510E+0002  0.00000000000000000000E+0000  4.15935501371077847661E-0040  4.18297851678019832216E-0003  1.14836825163122169719E-0034  0.00000000000000000000E+0000  2.21075905518547509307E+0002  0.00000000000000000000E+0000  0.00000000000000000000E+0000  2.21016285574318379681E+0002  0.00000000000000000000E+0000  0.00000000000000000000E+0000  0.00000000000000000000E+0000  0.00000000000000000000E+0000  0.00000000000000000000E+0000 -5.54641631763047505574E-0006 -2.08306140851618303510E+0000  0.00000000000000000000E+0000  0.00000000000000000000E+0000  0.00000000000000000000E+0000  1.21334846257641929616E-0002
 1.34300000000000000002E-0010  0.00000000000000000000E+0000 -4.69483334316388825928E-0002  7.30786839526657055621E-0003 -4.69483334316388825928E-0002  1.04999999999999999996E+0000  1.39128851581115726445E+0000  1.46368617763236322205E+0000  1.30839757384817771864E+0000  0.00000000000000000000E+0000  2.34433159148802059510E+0002  0.00000000000000000000E+0000  4.15946273526972621623E-0040  4.18303875748828919031E-0003  1.14837748272549161139E-0034  0.00000000000000000000E+0000  2.21078084837667383555E+0002  0.00000000000000000000E+0000  0.00000000000000000000E+0000  2.21017166062855364761E+0002  0.00000000000000000000E+0000  0.00000000000000000000E+0000  0.00000000000000000000E+0000  0.00000000000000000000E+0000  0.00000000000000000000E+0000 -5.66738010406236444636E-0006 -2.08324900268276208548E+0000  0.00000000000000000000E+0000  0.00000000000000000000E+0000  0.00000000000000000000E+0000  1.23597934249293748883E-0002
 1.36999999999999999996E-0010  0.00000000000000000000E+0000 -4.77719147307792150701E-0002  7.43331893855615143535E-0003 -4.77719147307792150701E-0002  1.04999999999999999996E+0000  1.39128903026628944950E+0000  1.46368645590059959737E+0000  1.30839770922079096527E+0000  0.00000000000000000000E+0000  2.34433159148802059510E+0002  0.00000000000000000000E+0000  4.15956685856355582588E-0040  4.18309682358654071671E-0003  1.14838640447408232065E-0034  0.00000000000000000000E+0000  2.21080186009481685125E+0002  0.00000000000000000000E+0000  0.00000000000000000000E+0000  2.21018014196644955835E+0002  0.00000000000000000000E+0000  0.00000000000000000000E+0000  0.00000000000000000000E+0000  0.00000000000000000000E+0000  0.00000000000000000000E+0000 -5.75608861594312884135E-0006 -2.08348319245236995216E+0000  0.00000000000000000000E+0000  0.00000000000000000000E+0000  0.00000000000000000000E+0000  1.25853952166006460850E-0002
 1.39899999999999999996E-0010  0.00000000000000000000E+0000 -4.86417621352588102071E-0002  7.54809077935287900241E-0003 -4.86417621352588102071E-0002  1.04999999999999999996E+0000  1.39128958991056145928E+0000  1.46368675471365773308E+0000  1.30839785679045357916E+0000  0.00000000000000000000E+0000  2.34433159148802059510E+0002  0.00000000000000000000E+0000  4.15967890391281371659E-0040  4.18315917012398678032E-0003  1.14839600439046927817E-0034  0.00000000000000000000E+0000  2.21082442545820252205E+0002  0.00000000000000000000E+0000  0.00000000000000000000E+0000  2.21018924311017729248E+0002  0.00000000000000000000E+0000  0.00000000000000000000E+0000  0.00000000000000000000E+0000  0.00000000000000000000E+0000  0.00000000000000000000E+0000 -5.87825993572849827934E-0006 -2.08367427371296879812E+0000  0.00000000000000000000E+0000  0.00000000000000000000E+0000  0.00000000000000000000E+0000  1.28193927580811643008E-0002
 1.42799999999999999995E-0010  0.00000000000000000000E+0000 -4.95101269025387949697E-0002  7.67205949285770913297E-0003 -4.95101269025387949697E-0002  1.04999999999999999996E+0000  1.39129015657896405766E+0000  1.46368705345794363479E+0000  1.30839800653734728594E+0000  0.00000000000000000000E+0000  2.34433159148802059510E+0002  0.00000000000000000000E+0000  4.15979118612229685835E-0040  4.18322149121566853827E-0003  1.14840562415712801652E-0034  0.00000000000000000000E+0000  2.21084698733695092718E+0002  0.00000000000000000000E+0000  0.00000000000000000000E+0000  2.21019833428126139127E+0002  0.00000000000000000000E+0000  0.00000000000000000000E+0000  0.00000000000000000000E+0000  0.00000000000000000000E+0000  0.00000000000000000000E+0000 -5.99016207919604130599E-0006 -2.08388240181104906351E+0000  0.00000000000000000000E+0000  0.00000000000000000000E+0000  0.00000000000000000000E+0000  1.30548713651364771494E-0002
 1.45699999999999999995E-0010  0.00000000000000000000E+0000 -5.03741761001851900465E-0002  7.79675645405219664088E-0003 -5.03741761001851900465E-0002  1.04999999999999999996E+0000  1.39129073019082129779E+0000  1.46368735213245180604E+0000  1.30839815846285141966E+0000  0.00000000000000000000E+0000  2.34433159148802059510E+0002  0.00000000000000000000E+0000  4.15990367558036410163E-0040  4.18328378819130534945E-0003  1.14841526156086537153E-0034  0.00000000000000000000E+0000  2.21086954591680811946E+0002  0.00000000000000000000E+0000  0.00000000000000000000E+0000  2.21020741589644010947E+0002  0.00000000000000000000E+0000  0.00000000000000000000E+0000  0.00000000000000000000E+0000  0.00000000000000000000E+0000  0.00000000000000000000E+0000 -6.09128122091695650334E-0006 -2.08410759309456259714E+0000  0.00000000000000000000E+0000  0.00000000000000000000E+0000  0.00000000000000000000E+0000  1.32926870561467090526E-0002
 1.48699999999999999998E-0010  0.00000000000000000000E+0000 -5.12593381142746547149E-0002  7.91770176141529051360E-0003 -5.12593381142746547149E-0002  1.04999999999999999996E+0000  1.39129133066638622054E+0000  1.46368766103273383571E+0000  1.30839831788052131877E+0000  0.00000000000000000000E+0000  2.34433159148802059510E+0002  0.00000000000000000000E+0000  4.16002023679712462590E-0040  4.18334820899186682285E-0003  1.14842524796320208437E-0034  0.00000000000000000000E+0000  2.21089287904481607755E+0002  0.00000000000000000000E+0000  0.00000000000000000000E+0000  2.21021680096697299478E+0002  0.00000000000000000000E+0000  0.00000000000000000000E+0000  0.00000000000000000000E+0000  0.00000000000000000000E+0000  0.00000000000000000000E+0000 -6.20391647603887087417E-0006 -2.08431932367069070529E+0000  0.00000000000000000000E+0000  0.00000000000000000000E+0000  0.00000000000000000000E+0000  1.35356770793012646632E-0002
 1.51800000000000000004E-0010  0.00000000000000000000E+0000 -5.21670297539941555679E-0002  8.04077589349138880192E-0003 -5.21670297539941555679E-0002  1.04999999999999999996E+0000  1.39129195836943119423E+0000  1.46368798015257099937E+0000  1.30839848493995426412E+0000  0.00000000000000000000E+0000  2.34433159148802059510E+0002  0.00000000000000000000E+0000  4.16014087467947441693E-0040  4.18341475069144230919E-0003  1.14843558409478633533E-0034  0.00000000000000000000E+0000  2.21091698629145928690E+0002  0.00000000000000000000E+0000  0.00000000000000000000E+0000  2.21022648841101443398E+0002  0.00000000000000000000E+0000  0.00000000000000000000E+0000  0.00000000000000000000E+0000  0.00000000000000000000E+0000  0.00000000000000000000E+0000 -6.32768192676804984967E-0006 -2.08451859337401831170E+0000  0.00000000000000000000E+0000  0.00000000000000000000E+0000  0.00000000000000000000E+0000  1.37832436837925917638E-0002
 1.55000000000000000000E-0010  0.00000000000000000000E+0000 -5.30970789663978039948E-0002  8.16612824943002425991E-0003 -5.30970789663978039948E-0002  1.04999999999999999996E+0000  1.39129261364483170567E+0000  1.46368830948549877703E+0000  1.30839865978976904563E+0000  0.00000000000000000000E+0000  2.34433159148802059510E+0002  0.00000000000000000000E+0000  4.16026558560405416834E-0040  4.18348341113657828832E-0003  1.14844626998408223408E-0034  0.00000000000000000000E+0000  2.21094186734153884288E+0002  0.00000000000000000000E+0000  0.00000000000000000000E+0000  2.21023647738867376950E+0002  0.00000000000000000000E+0000  0.00000000000000000000E+0000  0.00000000000000000000E+0000  0.00000000000000000000E+0000  0.00000000000000000000E+0000 -6.46151391389131665427E-0006 -2.08470727645367307260E+0000  0.00000000000000000000E+0000  0.00000000000000000000E+0000  0.00000000000000000000E+0000  1.40356266560318857094E-0002
 1.58199999999999999996E-0010  0.00000000000000000000E+0000 -5.40230851649761206545E-0002  8.29535971366848574738E-0003 -5.40230851649761206545E-0002  1.04999999999999999996E+0000  1.39129327610981721618E+0000  1.46368863873599071540E+0000  1.30839883703410027457E+0000  0.00000000000000000000E+0000  2.34433159148802059510E+0002  0.00000000000000000000E+0000  4.16039046724891514822E-0040  4.18355204243736750630E-0003  1.14845697162485688887E-0034  0.00000000000000000000E+0000  2.21096674431716583298E+0002  0.00000000000000000000E+0000  0.00000000000000000000E+0000  2.21024645494400410306E+0002  0.00000000000000000000E+0000  0.00000000000000000000E+0000  0.00000000000000000000E+0000  0.00000000000000000000E+0000  0.00000000000000000000E+0000 -6.58317659827268733762E-0006 -2.08491554346246955182E+0000  0.00000000000000000000E+0000  0.00000000000000000000E+0000  0.00000000000000000000E+0000  1.42904364143202283500E-0002
 1.61400000000000000005E-0010  0.00000000000000000000E+0000 -5.49434682584433089895E-0002  8.42369031267697646384E-0003 -5.49434682584433089895E-0002  1.04999999999999999996E+0000  1.39129394560606027857E+0000  1.46368896790285942802E+0000  1.30839901665868985948E+0000  0.00000000000000000000E+0000  2.34433159148802059510E+0002  0.00000000000000000000E+0000  4.16051549830145561145E-0040  4.18362064510944183854E-0003  1.14846768744658627064E-0034  0.00000000000000000000E+0000  2.21099161728113858663E+0002  0.00000000000000000000E+0000  0.00000000000000000000E+0000  2.21025642123109992129E+0002  0.00000000000000000000E+0000  0.00000000000000000000E+0000  0.00000000000000000000E+0000  0.00000000000000000000E+0000  0.00000000000000000000E+0000 -6.69305170360949626815E-0006 -2.08514214166568113561E+0000  0.00000000000000000000E+0000  0.00000000000000000000E+0000  0.00000000000000000000E+0000  1.45479656295390573614E-0002
 1.64700000000000000004E-0010  0.00000000000000000000E+0000 -5.58840700126881177012E-0002  8.54869906233564057240E-0003 -5.58840700126881177012E-0002  1.04999999999999999996E+0000  1.39129464309104674343E+0000  1.46368930726861186040E+0000  1.30839920433261455116E+0000  0.00000000000000000000E+0000  2.34433159148802059510E+0002  0.00000000000000000000E+0000  4.16064456981432973058E-0040  4.18369136271414750754E-0003  1.14847875120002745180E-0034  0.00000000000000000000E+0000  2.21101726346884046026E+0002  0.00000000000000000000E+0000  0.00000000000000000000E+0000  2.21026668753007613288E+0002  0.00000000000000000000E+0000  0.00000000000000000000E+0000  0.00000000000000000000E+0000  0.00000000000000000000E+0000  0.00000000000000000000E+0000 -6.81340923888965928857E-0006 -2.08535650577760603821E+0000  0.00000000000000000000E+0000  0.00000000000000000000E+0000  0.00000000000000000000E+0000  1.48106337767966077107E-0002
 1.68099999999999999994E-0010  0.00000000000000000000E+0000 -5.68461817125378763056E-0002  8.67608048548001869546E-0003 -5.68461817125378763056E-0002  1.04999999999999999996E+0000  1.39129536879415023967E+0000  1.46368965682643010020E+0000  1.30839940018274233425E+0000  0.00000000000000000000E+0000  2.34433159148802059510E+0002  0.00000000000000000000E+0000  4.16077767734610761085E-0040  4.18376419208381665392E-0003  1.14849016294417544506E-0034  0.00000000000000000000E+0000  2.21104368240099238174E+0002  0.00000000000000000000E+0000  0.00000000000000000000E+0000  2.21027725268356009594E+0002  0.00000000000000000000E+0000  0.00000000000000000000E+0000  0.00000000000000000000E+0000  0.00000000000000000000E+0000  0.00000000000000000000E+0000 -6.94394086880374642540E-0006 -2.08555944278477202848E+0000  0.00000000000000000000E+0000  0.00000000000000000000E+0000  0.00000000000000000000E+0000  1.50778685814617751142E-0002
 1.71599999999999999999E-0010  0.00000000000000000000E+0000 -5.78295194991424541127E-0002  8.80563935373968088368E-0003 -5.78295194991424541127E-0002  1.04999999999999999996E+0000  1.39129612291644581541E+0000  1.46369001656924828836E+0000  1.30839960433185858459E+0000  0.00000000000000000000E+0000  2.34433159148802059510E+0002  0.00000000000000000000E+0000  4.16091481028634387155E-0040  4.18383913088905626468E-0003  1.14850192218574996796E-0034  0.00000000000000000000E+0000  2.21107087372519746676E+0002  0.00000000000000000000E+0000  0.00000000000000000000E+0000  2.21028811579346906938E+0002  0.00000000000000000000E+0000  0.00000000000000000000E+0000  0.00000000000000000000E+0000  0.00000000000000000000E+0000  0.00000000000000000000E+0000 -7.08366477714395279917E-0006 -2.08575263716775857292E+0000  0.00000000000000000000E+0000  0.00000000000000000000E+0000  0.00000000000000000000E+0000  1.53499215854160161148E-0002
 1.75100000000000000005E-0010  0.00000000000000000000E+0000 -5.88076146129471473373E-0002  8.93890698064037566507E-0003 -5.88076146129471473373E-0002  1.04999999999999999996E+0000  1.39129688388795061198E+0000  1.46369037621445695189E+0000  1.30839981099085466223E+0000  0.00000000000000000000E+0000  2.34433159148802059510E+0002  0.00000000000000000000E+0000  4.16105203850616984295E-0040  4.18391403558964561456E-0003  1.14851369235081053005E-0034  0.00000000000000000000E+0000  2.21109806016146854812E+0002  0.00000000000000000000E+0000  0.00000000000000000000E+0000  2.21029896563348231223E+0002  0.00000000000000000000E+0000  0.00000000000000000000E+0000  0.00000000000000000000E+0000  0.00000000000000000000E+0000  0.00000000000000000000E+0000 -7.21054296153277784025E-0006 -2.08596597851135538118E+0000  0.00000000000000000000E+0000  0.00000000000000000000E+0000  0.00000000000000000000E+0000  1.56243950835011429091E-0002
 1.78700000000000000000E-0010  0.00000000000000000000E+0000 -5.98049548347376687434E-0002  9.06848482764603058992E-0003 -5.98049548347376687434E-0002  1.04999999999999999996E+0000  1.39129767339026354060E+0000  1.46369074603319982862E+0000  1.30840002610057367619E+0000  0.00000000000000000000E+0000  2.34433159148802059510E+0002  0.00000000000000000000E+0000  4.16119326206845324388E-0040  4.18399104691923597807E-0003  1.14852580813969886737E-0034  0.00000000000000000000E+0000  2.21112601855318706159E+0002  0.00000000000000000000E+0000  0.00000000000000000000E+0000  2.21031011229573312538E+0002  0.00000000000000000000E+0000  0.00000000000000000000E+0000  0.00000000000000000000E+0000  0.00000000000000000000E+0000  0.00000000000000000000E+0000 -7.34614576357893110897E-0006 -2.08616976716674198521E+0000  0.00000000000000000000E+0000  0.00000000000000000000E+0000  0.00000000000000000000E+0000  1.59043334478135012470E-0002
 1.82399999999999999999E-0010  0.00000000000000000000E+0000 -6.08226235670003874847E-0002  9.19940495509456885561E-0003 -6.08226235670003874847E-0002  1.04999999999999999996E+0000  1.39129849152620871996E+0000  1.46369112601800596652E+0000  1.30840024976310816780E+0000  0.00000000000000000000E+0000  2.34433159148802059510E+0002  0.00000000000000000000E+0000  4.16133846871944934231E-0040  4.18407016146103659905E-0003  1.14853826902805224958E-0034  0.00000000000000000000E+0000  2.21115474836990010307E+0002  0.00000000000000000000E+0000  0.00000000000000000000E+0000  2.21032155454450797288E+0002  0.00000000000000000000E+0000  0.00000000000000000000E+0000  0.00000000000000000000E+0000  0.00000000000000000000E+0000  0.00000000000000000000E+0000 -7.49030903945426456417E-0006 -2.08636450208399199598E+0000  0.00000000000000000000E+0000  0.00000000000000000000E+0000  0.00000000000000000000E+0000  1.61892719857772051077E-0002
 1.86200000000000000001E-0010  0.00000000000000000000E+0000 -6.18604361885895270810E-0002  9.33226707492885895114E-0003 -6.18604361885895270810E-0002  1.04999999999999999996E+0000  1.39129933836467139336E+0000  1.46369151616115653709E+0000  1.30840048207390094600E+0000  0.00000000000000000000E+0000  2.34433159148802059510E+0002  0.00000000000000000000E+0000  4.16148764199067076852E-0040  4.18415137669125679303E-0003  1.14855107406677481000E-0034  0.00000000000000000000E+0000  2.21118424921884955084E+0002  0.00000000000000000000E+0000  0.00000000000000000000E+0000  2.21033329141724683195E+0002  0.00000000000000000000E+0000  0.00000000000000000000E+0000  0.00000000000000000000E+0000  0.00000000000000000000E+0000  0.00000000000000000000E+0000 -7.64219147775687699088E-0006 -2.08655157543159680555E+0000  0.00000000000000000000E+0000  0.00000000000000000000E+0000  0.00000000000000000000E+0000  1.64792638748629417834E-0002
 1.90000000000000000003E-0010  0.00000000000000000000E+0000 -6.28919247610524597509E-0002  9.46888113206516398454E-0003 -6.28919247610524597509E-0002  1.04999999999999999996E+0000  1.39130019149383222317E+0000  1.46369190619104237586E+0000  1.30840071693905258664E+0000  0.00000000000000000000E+0000  2.34433159148802059510E+0002  0.00000000000000000000E+0000  4.16163683838852201286E-0040  4.18423255273796847805E-0003  1.14856388522580575692E-0034  0.00000000000000000000E+0000  2.21121374433413767482E+0002  0.00000000000000000000E+0000  0.00000000000000000000E+0000  2.21034501313923550742E+0002  0.00000000000000000000E+0000  0.00000000000000000000E+0000  0.00000000000000000000E+0000  0.00000000000000000000E+0000  0.00000000000000000000E+0000 -7.77998753287292770645E-0006 -2.08676051357383998512E+0000  0.00000000000000000000E+0000  0.00000000000000000000E+0000  0.00000000000000000000E+0000  1.67718276579071938332E-0002
 1.93899999999999999995E-0010  0.00000000000000000000E+0000 -6.39416545851904234599E-0002  9.60188571423240280617E-0003 -6.39416545851904234599E-0002  1.04999999999999999996E+0000  1.39130107319843242166E+0000  1.46369230636673764963E+0000  1.30840096054910554806E+0000  0.00000000000000000000E+0000  2.34433159148802059510E+0002  0.00000000000000000000E+0000  4.16178996394638768832E-0040  4.18431582640907063701E-0003  1.14857703804070597005E-0034  0.00000000000000000000E+0000  2.21124400998910035837E+0002  0.00000000000000000000E+0000  0.00000000000000000000E+0000  2.21035702826352863190E+0002  0.00000000000000000000E+0000  0.00000000000000000000E+0000  0.00000000000000000000E+0000  0.00000000000000000000E+0000  0.00000000000000000000E+0000 -7.92528144788123647095E-0006 -2.08696152626356449655E+0000  0.00000000000000000000E+0000  0.00000000000000000000E+0000  0.00000000000000000000E+0000  1.70699330254725898333E-0002
 1.97900000000000000003E-0010  0.00000000000000000000E+0000 -6.50106231201336105799E-0002  9.73614712334576474964E-0003 -6.50106231201336105799E-0002  1.04999999999999999996E+0000  1.39130198344244660077E+0000  1.46369271668014409003E+0000  1.30840121297299123617E+0000  0.00000000000000000000E+0000  2.34433159148802059510E+0002  0.00000000000000000000E+0000  4.16194699865199835900E-0040  4.18440119404564816522E-0003  1.14859053137505390304E-0034  0.00000000000000000000E+0000  2.21127504560027238201E+0002  0.00000000000000000000E+0000  0.00000000000000000000E+0000  2.21036933548219355697E+0002  0.00000000000000000000E+0000  0.00000000000000000000E+0000  0.00000000000000000000E+0000  0.00000000000000000000E+0000  0.00000000000000000000E+0000 -8.07800573345041153661E-0006 -2.08715490483465708200E+0000  0.00000000000000000000E+0000  0.00000000000000000000E+0000  0.00000000000000000000E+0000  1.73731283040314161377E-0002
 2.01899999999999999998E-0010  0.00000000000000000000E+0000 -6.60725861204109769429E-0002  9.87477415268809245072E-0003 -6.60725861204109769429E-0002  1.04999999999999999996E+0000  1.39130289926593002749E+0000  1.46369312686852089339E+0000  1.30840146789735158582E+0000  0.00000000000000000000E+0000  2.34433159148802059510E+0002  0.00000000000000000000E+0000  4.16210399471680084068E-0040  4.18448651871861368705E-0003  1.14860402649886759448E-0034  0.00000000000000000000E+0000  2.21130607482220602214E+0002  0.00000000000000000000E+0000  0.00000000000000000000E+0000  2.21038162617804100504E+0002  0.00000000000000000000E+0000  0.00000000000000000000E+0000  0.00000000000000000000E+0000  0.00000000000000000000E+0000  0.00000000000000000000E+0000 -8.21646062006653421642E-0006 -2.08737004063459111788E+0000  0.00000000000000000000E+0000  0.00000000000000000000E+0000  0.00000000000000000000E+0000  1.76786721372360166924E-0002
 2.06100000000000000000E-0010  0.00000000000000000000E+0000 -6.71781293685352984025E-0002  1.00074624252094875733E-0002 -6.71781293685352984025E-0002  1.04999999999999999996E+0000  1.39130386633969490120E+0000  1.46369355743270284373E+0000  1.30840173811576093569E+0000  0.00000000000000000000E+0000  2.34433159148802059510E+0002  0.00000000000000000000E+0000  4.16226878224941621294E-0040  4.18457606735701607702E-0003  1.14861819654579823431E-0034  0.00000000000000000000E+0000  2.21133864923332252209E+0002  0.00000000000000000000E+0000  0.00000000000000000000E+0000  2.21039451490384101701E+0002  0.00000000000000000000E+0000  0.00000000000000000000E+0000  0.00000000000000000000E+0000  0.00000000000000000000E+0000  0.00000000000000000000E+0000 -8.38309928794211143254E-0006 -2.08754904105860957658E+0000  0.00000000000000000000E+0000  0.00000000000000000000E+0000  0.00000000000000000000E+0000  1.79923267828388005440E-0002
 2.10300000000000000001E-0010  0.00000000000000000000E+0000 -6.82770388429255048530E-0002  1.01481696764731583340E-0002 -6.82770388429255048530E-0002  1.04999999999999999996E+0000  1.39130483848643710391E+0000  1.46369398786116595643E+0000  1.30840201080393561846E+0000  0.00000000000000000000E+0000  2.34433159148802059510E+0002  0.00000000000000000000E+0000  4.16243348312313136205E-0040  4.18466556852205110781E-0003  1.14863236509645784224E-0034  0.00000000000000000000E+0000  2.21137121649256928449E+0002  0.00000000000000000000E+0000  0.00000000000000000000E+0000  2.21040738552510536069E+0002  0.00000000000000000000E+0000  0.00000000000000000000E+0000  0.00000000000000000000E+0000  0.00000000000000000000E+0000  0.00000000000000000000E+0000 -8.53479103346740838762E-0006 -2.08775104987661526217E+0000  0.00000000000000000000E+0000  0.00000000000000000000E+0000  0.00000000000000000000E+0000  1.83082195081347868091E-0002
 2.14600000000000000005E-0010  0.00000000000000000000E+0000 -6.93928975681810427515E-0002  1.02858371560463808290E-0002 -6.93928975681810427515E-0002  1.04999999999999999996E+0000  1.39130583855918472968E+0000  1.46369442839674362197E+0000  1.30840229242553451980E+0000  0.00000000000000000000E+0000  2.34433159148802059510E+0002  0.00000000000000000000E+0000  4.16260200075162827336E-0040  4.18475715486818198236E-0003  1.14864686786583545814E-0034  0.00000000000000000000E+0000  2.21140455227097766006E+0002  0.00000000000000000000E+0000  0.00000000000000000000E+0000  2.21042054488367178761E+0002  0.00000000000000000000E+0000  0.00000000000000000000E+0000  0.00000000000000000000E+0000  0.00000000000000000000E+0000  0.00000000000000000000E+0000 -8.69239719940042182283E-0006 -2.08794720336426600522E+0000  0.00000000000000000000E+0000  0.00000000000000000000E+0000  0.00000000000000000000E+0000  1.86296007277183536180E-0002
 2.19000000000000000000E-0010  0.00000000000000000000E+0000 -7.05263756344789594647E-0002  1.04239571483032069094E-0002 -7.05263756344789594647E-0002  1.04999999999999999996E+0000  1.39130686635106818130E+0000  1.46369487903049827612E+0000  1.30840258300033152907E+0000  0.00000000000000000000E+0000  2.34433159148802059510E+0002  0.00000000000000000000E+0000  4.16277430542740752503E-0040  4.18485082241919693776E-0003  1.14866170290703133300E-0034  0.00000000000000000000E+0000  2.21143865591184621375E+0002  0.00000000000000000000E+0000  0.00000000000000000000E+0000  2.21043399158134203378E+0002  0.00000000000000000000E+0000  0.00000000000000000000E+0000  0.00000000000000000000E+0000  0.00000000000000000000E+0000  0.00000000000000000000E+0000 -8.85597527286650028592E-0006 -2.08813753686834179717E+0000  0.00000000000000000000E+0000  0.00000000000000000000E+0000  0.00000000000000000000E+0000  1.89562718633285146666E-0002
 2.23499999999999999998E-0010  0.00000000000000000000E+0000 -7.16772995267954270051E-0002  1.05634981238664591082E-0002 -7.16772995267954270051E-0002  1.04999999999999999996E+0000  1.39130792162164307010E+0000  1.46369533975325223185E+0000  1.30840288253766576991E+0000  0.00000000000000000000E+0000  2.34433159148802059510E+0002  0.00000000000000000000E+0000  4.16295036781964887486E-0040  4.18494656823329556009E-0003  1.14867686816645241760E-0034  0.00000000000000000000E+0000  2.21147352692526795878E+0002  0.00000000000000000000E+0000  0.00000000000000000000E+0000  2.21044772452771988547E+0002  0.00000000000000000000E+0000  0.00000000000000000000E+0000  0.00000000000000000000E+0000  0.00000000000000000000E+0000  0.00000000000000000000E+0000 -9.02490771112250167412E-0006 -2.08832299274244775661E+0000  0.00000000000000000000E+0000  0.00000000000000000000E+0000  0.00000000000000000000E+0000  1.92881244627741707709E-0002
 2.27999999999999999996E-0010  0.00000000000000000000E+0000 -7.28191645885605208228E-0002  1.07065588898996415243E-0002 -7.28191645885605208228E-0002  1.04999999999999999996E+0000  1.39130898057684728657E+0000  1.46369580032109247551E+0000  1.30840318433091536122E+0000  0.00000000000000000000E+0000  2.34433159148802059510E+0002  0.00000000000000000000E+0000  4.16312624484367144699E-0040  4.18504226157273312616E-0003  1.14869202447897013484E-0034  0.00000000000000000000E+0000  2.21150838986920993748E+0002  0.00000000000000000000E+0000  0.00000000000000000000E+0000  2.21046143752592332679E+0002  0.00000000000000000000E+0000  0.00000000000000000000E+0000  0.00000000000000000000E+0000  0.00000000000000000000E+0000  0.00000000000000000000E+0000 -9.17784816629614137637E-0006 -2.08853243226291082580E+0000  0.00000000000000000000E+0000  0.00000000000000000000E+0000  0.00000000000000000000E+0000  1.96225775765675268204E-0002
 2.32700000000000000000E-0010  0.00000000000000000000E+0000 -7.40028175639248878714E-0002  1.08433961131205928668E-0002 -7.40028175639248878714E-0002  1.04999999999999999996E+0000  1.39131008996730336778E+0000  1.46369628119405413580E+0000  1.30840350177734813847E+0000  0.00000000000000000000E+0000  2.34433159148802059510E+0002  0.00000000000000000000E+0000  4.16330973467267133344E-0040  4.18514215617963068611E-0003  1.14870784381416169303E-0034  0.00000000000000000000E+0000  2.21154479432450302948E+0002  0.00000000000000000000E+0000  0.00000000000000000000E+0000  2.21047574003851659205E+0002  0.00000000000000000000E+0000  0.00000000000000000000E+0000  0.00000000000000000000E+0000  0.00000000000000000000E+0000  0.00000000000000000000E+0000 -9.35706734948754120811E-0006 -2.08870807622607358224E+0000  0.00000000000000000000E+0000  0.00000000000000000000E+0000  0.00000000000000000000E+0000  1.99651878418670018336E-0002
 2.37399999999999999991E-0010  0.00000000000000000000E+0000 -7.51778028965423650114E-0002  1.09880436729292814941E-0002 -7.51778028965423650114E-0002  1.04999999999999999996E+0000  1.39131120227239036245E+0000  1.46369676189996884808E+0000  1.30840382134967114216E+0000  0.00000000000000000000E+0000  2.34433159148802059510E+0002  0.00000000000000000000E+0000  4.16349297743962204960E-0040  4.18524199330114317679E-0003  1.14872364963669507165E-0034  0.00000000000000000000E+0000  2.21158118982083257337E+0002  0.00000000000000000000E+0000  0.00000000000000000000E+0000  2.21049002088957032702E+0002  0.00000000000000000000E+0000  0.00000000000000000000E+0000  0.00000000000000000000E+0000  0.00000000000000000000E+0000  0.00000000000000000000E+0000 -9.51992023533487560041E-0006 -2.08890835745200003216E+0000  0.00000000000000000000E+0000  0.00000000000000000000E+0000  0.00000000000000000000E+0000  2.03101015424823848129E-0002
 2.42299999999999999988E-0010  0.00000000000000000000E+0000 -7.63939935835973406837E-0002  1.11271421719372065592E-0002 -7.63939935835973406837E-0002  1.04999999999999999996E+0000  1.39131236445302913112E+0000  1.46369726288428542995E+0000  1.30840415660907638214E+0000  0.00000000000000000000E+0000  2.34433159148802059510E+0002  0.00000000000000000000E+0000  4.16368375677835308568E-0040  4.18534602318663766962E-0003  1.14874011309689941657E-0034  0.00000000000000000000E+0000  2.21161912541440018320E+0002  0.00000000000000000000E+0000  0.00000000000000000000E+0000  2.21050488809833638668E+0002  0.00000000000000000000E+0000  0.00000000000000000000E+0000  0.00000000000000000000E+0000  0.00000000000000000000E+0000  0.00000000000000000000E+0000 -9.70793675618644605889E-0006 -2.08907646154820555821E+0000  0.00000000000000000000E+0000  0.00000000000000000000E+0000  0.00000000000000000000E+0000  2.06631264941829133863E-0002
 2.47200000000000000011E-0010  0.00000000000000000000E+0000 -7.76005717063568184041E-0002  1.12732837270495156772E-0002 -7.76005717063568184041E-0002  1.04999999999999999996E+0000  1.39131352870655552512E+0000  1.46369776368872106921E+0000  1.30840449383117685698E+0000  0.00000000000000000000E+0000  2.34433159148802059510E+0002  0.00000000000000000000E+0000  4.16387422696818917312E-0040  4.18544999152409181480E-0003  1.14875655824048811693E-0034  0.00000000000000000000E+0000  2.21165705130322584590E+0002  0.00000000000000000000E+0000  0.00000000000000000000E+0000  2.21051973221329561864E+0002  0.00000000000000000000E+0000  0.00000000000000000000E+0000  0.00000000000000000000E+0000  0.00000000000000000000E+0000  0.00000000000000000000E+0000 -9.87868158365548042121E-0006 -2.08927050004639736731E+0000  0.00000000000000000000E+0000  0.00000000000000000000E+0000  0.00000000000000000000E+0000  2.10186918793456465942E-0002
 2.52299999999999999989E-0010  0.00000000000000000000E+0000 -7.88475794118745095635E-0002  1.14136448604421042772E-0002 -7.88475794118745095635E-0002  1.04999999999999999996E+0000  1.39131474213258957509E+0000  1.46369828474368957754E+0000  1.30840484672073354875E+0000  0.00000000000000000000E+0000  2.34433159148802059510E+0002  0.00000000000000000000E+0000  4.16407214970224405173E-0040  4.18555814379632377409E-0003  1.14877365492816512971E-0034  0.00000000000000000000E+0000  2.21169651579792148621E+0002  0.00000000000000000000E+0000  0.00000000000000000000E+0000  2.21053515943181205602E+0002  0.00000000000000000000E+0000  0.00000000000000000000E+0000  0.00000000000000000000E+0000  0.00000000000000000000E+0000  0.00000000000000000000E+0000 -1.00736498811016588192E-0005 -2.08943365308074530248E+0000  0.00000000000000000000E+0000  0.00000000000000000000E+0000  0.00000000000000000000E+0000  2.13824596508494702474E-0002
 2.57399999999999999993E-0010  0.00000000000000000000E+0000 -8.00841471273293820820E-0002  1.15609832759154068866E-0002 -8.00841471273293820820E-0002  1.04999999999999999996E+0000  1.39131595673250589118E+0000  1.46369880560527843190E+0000  1.30840520137745585955E+0000  0.00000000000000000000E+0000  2.34433159148802059510E+0002  0.00000000000000000000E+0000  4.16426969772982799839E-0040  4.18566623026821706226E-0003  1.14879072812822974183E-0034  0.00000000000000000000E+0000  2.21173596979318649897E+0002  0.00000000000000000000E+0000  0.00000000000000000000E+0000  2.21055056207267717441E+0002  0.00000000000000000000E+0000  0.00000000000000000000E+0000  0.00000000000000000000E+0000  0.00000000000000000000E+0000  0.00000000000000000000E+0000 -1.02506033385369821900E-0005 -2.08962373698163318540E+0000  0.00000000000000000000E+0000  0.00000000000000000000E+0000  0.00000000000000000000E+0000  2.17488350857637759644E-0002
 2.62700000000000000002E-0010  0.00000000000000000000E+0000 -8.13604196519144040226E-0002  1.17025988329337829645E-0002 -8.13604196519144040226E-0002  1.04999999999999999996E+0000  1.39131721967558726592E+0000  1.46369934668840137170E+0000  1.30840557162888297205E+0000  0.00000000000000000000E+0000  2.34433159148802059510E+0002  0.00000000000000000000E+0000  4.16447460696697847179E-0040  4.18577849152926205680E-0003  1.14880844609212284098E-0034  0.00000000000000000000E+0000  2.21177696082487752802E+0002  0.00000000000000000000E+0000  0.00000000000000000000E+0000  2.21056654447149341550E+0002  0.00000000000000000000E+0000  0.00000000000000000000E+0000  0.00000000000000000000E+0000  0.00000000000000000000E+0000  0.00000000000000000000E+0000 -1.04509851715758052712E-0005 -2.08978395900272813064E+0000  0.00000000000000000000E+0000  0.00000000000000000000E+0000  0.00000000000000000000E+0000  2.21234076278054597589E-0002
 2.68000000000000000012E-0010  0.00000000000000000000E+0000 -8.26254255728714483403E-0002  1.18511113205348768887E-0002 -8.26254255728714483403E-0002  1.04999999999999999996E+0000  1.39131848285236727467E+0000  1.46369988756401552942E+0000  1.30840594342137065439E+0000  0.00000000000000000000E+0000  2.34433159148802059510E+0002  0.00000000000000000000E+0000  4.16467907298815063054E-0040  4.18589068256295111847E-0003  1.14882613506061790965E-0034  0.00000000000000000000E+0000  2.21181794051435901646E+0002  0.00000000000000000000E+0000  0.00000000000000000000E+0000  2.21058250076451883390E+0002  0.00000000000000000000E+0000  0.00000000000000000000E+0000  0.00000000000000000000E+0000  0.00000000000000000000E+0000  0.00000000000000000000E+0000 -1.06327441774381890014E-0005 -2.08997186105326820580E+0000  0.00000000000000000000E+0000  0.00000000000000000000E+0000  0.00000000000000000000E+0000  2.25006119921293271596E-0002
 2.73500000000000000002E-0010  0.00000000000000000000E+0000 -8.39294036719223581514E-0002  1.19938712091535214444E-0002 -8.39294036719223581514E-0002  1.04999999999999999996E+0000  1.39131979343593597165E+0000  1.46370044863105734862E+0000  1.30840633068419823660E+0000  0.00000000000000000000E+0000  2.34433159148802059510E+0002  0.00000000000000000000E+0000  4.16489080218689831555E-0040  4.18600703893403940184E-0003  1.14884446135722457281E-0034  0.00000000000000000000E+0000  2.21186045559206451425E+0002  0.00000000000000000000E+0000  0.00000000000000000000E+0000  2.21059903338487507410E+0002  0.00000000000000000000E+0000  0.00000000000000000000E+0000  0.00000000000000000000E+0000  0.00000000000000000000E+0000  0.00000000000000000000E+0000 -1.08372568244679383921E-0005 -2.09013070559683788248E+0000  0.00000000000000000000E+0000  0.00000000000000000000E+0000  0.00000000000000000000E+0000  2.28859802190759721341E-0002
 2.79099999999999999995E-0010  0.00000000000000000000E+0000 -8.52474156576466862907E-0002  1.21409873468159192733E-0002 -8.52474156576466862907E-0002  1.04999999999999999996E+0000  1.39132112709117255773E+0000  1.46370101967263985254E+0000  1.30840672629524213246E+0000  0.00000000000000000000E+0000  2.34433159148802059510E+0002  0.00000000000000000000E+0000  4.16510586643074448069E-0040  4.18612543609319934322E-0003  1.14886308600147117018E-0034  0.00000000000000000000E+0000  2.21190373146623401351E+0002  0.00000000000000000000E+0000  0.00000000000000000000E+0000  2.21061583881062596144E+0002  0.00000000000000000000E+0000  0.00000000000000000000E+0000  0.00000000000000000000E+0000  0.00000000000000000000E+0000  0.00000000000000000000E+0000 -1.10431166130491933880E-0005 -2.09029010316774952415E+0000  0.00000000000000000000E+0000  0.00000000000000000000E+0000  0.00000000000000000000E+0000  2.32766523356560867479E-0002
 2.84699999999999999989E-0010  0.00000000000000000000E+0000 -8.65519938617255241213E-0002  1.22914376046792785028E-0002 -8.65519938617255241213E-0002  1.04999999999999999996E+0000  1.39132245952574931983E+0000  1.46370159048422310462E+0000  1.30840712305657955433E+0000  0.00000000000000000000E+0000  2.34433159148802059510E+0002  0.00000000000000000000E+0000  4.16532038882222593019E-0040  4.18624375737192993507E-0003  1.14888167339342330207E-0034  0.00000000000000000000E+0000  2.21194699487581923902E+0002  0.00000000000000000000E+0000  0.00000000000000000000E+0000  2.21063261612523123886E+0002  0.00000000000000000000E+0000  0.00000000000000000000E+0000  0.00000000000000000000E+0000  0.00000000000000000000E+0000  0.00000000000000000000E+0000 -1.12290407616669775384E-0005 -2.09047874390284804712E+0000  0.00000000000000000000E+0000  0.00000000000000000000E+0000  0.00000000000000000000E+0000  2.36701028464808867750E-0002
 2.90499999999999999988E-0010  0.00000000000000000000E+0000 -8.78942551491931509136E-0002  1.24350417958476064383E-0002 -8.78942551491931509136E-0002  1.04999999999999999996E+0000  1.39132383780304414507E+0000  1.46370218143985806919E+0000  1.30840753501053523860E+0000  0.00000000000000000000E+0000  2.34433159148802059510E+0002  0.00000000000000000000E+0000  4.16554201585096892754E-0040  4.18636622919997130964E-0003  1.14890088577865253290E-0034  0.00000000000000000000E+0000  2.21199179104189125905E+0002  0.00000000000000000000E+0000  0.00000000000000000000E+0000  2.21064996445490284688E+0002  0.00000000000000000000E+0000  0.00000000000000000000E+0000  0.00000000000000000000E+0000  0.00000000000000000000E+0000  0.00000000000000000000E+0000 -1.14369687323004050068E-0005 -2.09063906816270520081E+0000  0.00000000000000000000E+0000  0.00000000000000000000E+0000  0.00000000000000000000E+0000  2.40718131494727038624E-0002
 2.96399999999999999991E-0010  0.00000000000000000000E+0000 -8.92494383824773875662E-0002  1.25832932530063748970E-0002 -8.92494383824773875662E-0002  1.04999999999999999996E+0000  1.39132523760378958402E+0000  1.46370278233419056615E+0000  1.30840795493886212931E+0000  0.00000000000000000000E+0000  2.34433159148802059510E+0002  0.00000000000000000000E+0000  4.16576683979834339325E-0040  4.18649073062516141201E-0003  1.14892038533401072105E-0034  0.00000000000000000000E+0000  2.21203734592044998802E+0002  0.00000000000000000000E+0000  0.00000000000000000000E+0000  2.21066758167711707894E+0002  0.00000000000000000000E+0000  0.00000000000000000000E+0000  0.00000000000000000000E+0000  0.00000000000000000000E+0000  0.00000000000000000000E+0000 -1.16456431039390107029E-0005 -2.09080045234109934888E+0000  0.00000000000000000000E+0000  0.00000000000000000000E+0000  0.00000000000000000000E+0000  2.44786561930668952169E-0002
 3.02499999999999999999E-0010  0.00000000000000000000E+0000 -9.06423725706885219570E-0002  1.27302028120409510375E-0002 -9.06423725706885219570E-0002  1.04999999999999999996E+0000  1.39132668206607680800E+0000  1.46370340333465588233E+0000  1.30840838982625726965E+0000  0.00000000000000000000E+0000  2.34433159148802059510E+0002  0.00000000000000000000E+0000  4.16599863338287462117E-0040  4.18661936943490755612E-0003  1.14894049928994021881E-0034  0.00000000000000000000E+0000  2.21208443118531255162E+0002  0.00000000000000000000E+0000  0.00000000000000000000E+0000  2.21068576531627160514E+0002  0.00000000000000000000E+0000  0.00000000000000000000E+0000  0.00000000000000000000E+0000  0.00000000000000000000E+0000  0.00000000000000000000E+0000 -1.18746000546829456807E-0005 -2.09093633737369519925E+0000  0.00000000000000000000E+0000  0.00000000000000000000E+0000  0.00000000000000000000E+0000  2.48934290772688037943E-0002
 3.08600000000000000008E-0010  0.00000000000000000000E+0000 -9.20205704548069905021E-0002  1.28832866669188641318E-0002 -9.20205704548069905021E-0002  1.04999999999999999996E+0000  1.39132812330279944941E+0000  1.46370402406792424004E+0000  1.30840882526855872066E+0000  0.00000000000000000000E+0000  2.34433159148802059510E+0002  0.00000000000000000000E+0000  4.16622971456022709805E-0040  4.18674791954420092736E-0003  1.14896056173083973756E-0034  0.00000000000000000000E+0000  2.21213150148405915035E+0002  0.00000000000000000000E+0000  0.00000000000000000000E+0000  2.21070391658171296390E+0002  0.00000000000000000000E+0000  0.00000000000000000000E+0000  0.00000000000000000000E+0000  0.00000000000000000000E+0000  0.00000000000000000000E+0000 -1.20818732951418669525E-0005 -2.09110406679222221842E+0000  0.00000000000000000000E+0000  0.00000000000000000000E+0000  0.00000000000000000000E+0000  2.53110715568038191728E-0002
 3.14899999999999999997E-0010  0.00000000000000000000E+0000 -9.34345274204745999421E-0002  1.30297606340520599462E-0002 -9.34345274204745999421E-0002  1.04999999999999999996E+0000  1.39132960802009715182E+0000  1.46370466487258290504E+0000  1.30840927538152046905E+0000  0.00000000000000000000E+0000  2.34433159148802059510E+0002  0.00000000000000000000E+0000  4.16646765718557260827E-0040  4.18688059771691606799E-0003  1.14898122964222535919E-0034  0.00000000000000000000E+0000  2.21218010044234939887E+0002  0.00000000000000000000E+0000  0.00000000000000000000E+0000  2.21072263087634626452E+0002  0.00000000000000000000E+0000  0.00000000000000000000E+0000  0.00000000000000000000E+0000  0.00000000000000000000E+0000  0.00000000000000000000E+0000 -1.23086650231215768774E-0005 -2.09124699704919189301E+0000  0.00000000000000000000E+0000  0.00000000000000000000E+0000  0.00000000000000000000E+0000  2.57370220432818728492E-0002
 3.21299999999999999990E-0010  0.00000000000000000000E+0000 -9.48591580774902150177E-0002  1.31800777863107937308E-0002 -9.48591580774902150177E-0002  1.04999999999999999996E+0000  1.39133111204870914951E+0000  1.46370531555917060291E+0000  1.30840973286193429012E+0000  0.00000000000000000000E+0000  2.34433159148802059510E+0002  0.00000000000000000000E+0000  4.16670858744313194021E-0040  4.18701528791831606160E-0003  1.14900216728563379430E-0034  0.00000000000000000000E+0000  2.21222945477564295932E+0002  0.00000000000000000000E+0000  0.00000000000000000000E+0000  2.21074160798298096409E+0002  0.00000000000000000000E+0000  0.00000000000000000000E+0000  0.00000000000000000000E+0000  0.00000000000000000000E+0000  0.00000000000000000000E+0000 -1.25340523594788080803E-0005 -2.09139395589196042287E+0000  0.00000000000000000000E+0000  0.00000000000000000000E+0000  0.00000000000000000000E+0000  2.61683615447361573054E-0002
 3.27800000000000000011E-0010  0.00000000000000000000E+0000 -9.62932792320703549930E-0002  1.33311520689930226127E-0002 -9.62932792320703549930E-0002  1.04999999999999999996E+0000  1.39133263485204665085E+0000  1.46370597611402566030E+0000  1.30841019753973285820E+0000  0.00000000000000000000E+0000  2.34433159148802059510E+0002  0.00000000000000000000E+0000  4.16695246675256615182E-0040  4.18715198743442034474E-0003  1.14902337117893063176E-0034  0.00000000000000000000E+0000  2.21227956393722278383E+0002  0.00000000000000000000E+0000  0.00000000000000000000E+0000  2.21076084687927349931E+0002  0.00000000000000000000E+0000  0.00000000000000000000E+0000  0.00000000000000000000E+0000  0.00000000000000000000E+0000  0.00000000000000000000E+0000 -1.27574425952151583838E-0005 -2.09154555937666900532E+0000  0.00000000000000000000E+0000  0.00000000000000000000E+0000  0.00000000000000000000E+0000  2.66050571693427976784E-0002
 3.34500000000000000012E-0010  0.00000000000000000000E+0000 -9.77625476844874622637E-0002  1.34795856052589584359E-0002 -9.77625476844874622637E-0002  1.04999999999999999996E+0000  1.39133419923844398286E+0000  1.46370665668058466658E+0000  1.30841067638301958992E+0000  0.00000000000000000000E+0000  2.34433159148802059510E+0002  0.00000000000000000000E+0000  4.16720299684999378692E-0040  4.18729279519378055045E-0003  1.14904516312912960358E-0034  0.00000000000000000000E+0000  2.21233119804219527257E+0002  0.00000000000000000000E+0000  0.00000000000000000000E+0000  2.21078064199725297864E+0002  0.00000000000000000000E+0000  0.00000000000000000000E+0000  0.00000000000000000000E+0000  0.00000000000000000000E+0000  0.00000000000000000000E+0000 -1.29990588044052279928E-0005 -2.09167419960750760547E+0000  0.00000000000000000000E+0000  0.00000000000000000000E+0000  0.00000000000000000000E+0000  2.70498596190100365961E-0002
 3.41299999999999999991E-0010  0.00000000000000000000E+0000 -9.92408399280747434022E-0002  1.36319975261943997014E-0002 -9.92408399280747434022E-0002  1.04999999999999999996E+0000  1.39133578124360411676E+0000  1.46370734708196090440E+0000  1.30841116205918917069E+0000  0.00000000000000000000E+0000  2.34433159148802059510E+0002  0.00000000000000000000E+0000  4.16745634747535724006E-0040  4.18743560053751934248E-0003  1.14906721035620496660E-0034  0.00000000000000000000E+0000  2.21238358469907715545E+0002  0.00000000000000000000E+0000  0.00000000000000000000E+0000  2.21080069501114926986E+0002  0.00000000000000000000E+0000  0.00000000000000000000E+0000  0.00000000000000000000E+0000  0.00000000000000000000E+0000  0.00000000000000000000E+0000 -1.32375713120355485421E-0005 -2.09180920660261211296E+0000  0.00000000000000000000E+0000  0.00000000000000000000E+0000  0.00000000000000000000E+0000  2.75000333093408499065E-0002
 3.48199999999999999999E-0010  0.00000000000000000000E+0000 -1.00726820509848955940E-0001  1.37844111298485350365E-0002 -1.00726820509848955940E-0001  1.04999999999999999996E+0000  1.39133738034285962988E+0000  1.46370804730352298240E+0000  1.30841165438132049344E+0000  0.00000000000000000000E+0000  2.34433159148802059510E+0002  0.00000000000000000000E+0000  4.16771248015351700680E-0040  4.18758040055315216548E-0003  1.14908950923175340743E-0034  0.00000000000000000000E+0000  2.21243672330262469553E+0002  0.00000000000000000000E+0000  0.00000000000000000000E+0000  2.21082100484646563193E+0002  0.00000000000000000000E+0000  0.00000000000000000000E+0000  0.00000000000000000000E+0000  0.00000000000000000000E+0000  0.00000000000000000000E+0000 -1.34725443197004307653E-0005 -2.09195093297533267593E+0000  0.00000000000000000000E+0000  0.00000000000000000000E+0000  0.00000000000000000000E+0000  2.79556976415492763407E-0002
 3.55299999999999999988E-0010  0.00000000000000000000E+0000 -1.02246286780494821797E-0001  1.39339148107284952216E-0002 -1.02246286780494821797E-0001  1.04999999999999999996E+0000  1.39133901909472021820E+0000  1.46370876747326863511E+0000  1.30841216028105291550E+0000  0.00000000000000000000E+0000  2.34433159148802059510E+0002  0.00000000000000000000E+0000  4.16797505614589196341E-0040  4.18772928940522152114E-0003  1.14911237829374938620E-0034  0.00000000000000000000E+0000  2.21249138311020117340E+0002  0.00000000000000000000E+0000  0.00000000000000000000E+0000  2.21084186423336763613E+0002  0.00000000000000000000E+0000  0.00000000000000000000E+0000  0.00000000000000000000E+0000  0.00000000000000000000E+0000  0.00000000000000000000E+0000 -1.37242225291685765348E-0005 -2.09207167902911735612E+0000  0.00000000000000000000E+0000  0.00000000000000000000E+0000  0.00000000000000000000E+0000  2.84194859524754658992E-0002
 3.62500000000000000004E-0010  0.00000000000000000000E+0000 -1.03773092909634216570E-0001  1.40872934716497064174E-0002 -1.03773092909634216570E-0001  1.04999999999999999996E+0000  1.39134067381083171460E+0000  1.46370949742761454967E+0000  1.30841267242659029977E+0000  0.00000000000000000000E+0000  2.34433159148802059510E+0002  0.00000000000000000000E+0000  4.16824028281159270132E-0040  4.18788016056706482079E-0003  1.14913548737694870468E-0034  0.00000000000000000000E+0000  2.21254679240088431749E+0002  0.00000000000000000000E+0000  0.00000000000000000000E+0000  2.21086297640916322443E+0002  0.00000000000000000000E+0000  0.00000000000000000000E+0000  0.00000000000000000000E+0000  0.00000000000000000000E+0000  0.00000000000000000000E+0000 -1.39715128120575120672E-0005 -2.09220040503601557272E+0000  0.00000000000000000000E+0000  0.00000000000000000000E+0000  0.00000000000000000000E+0000  2.88886106593749602379E-0002
 3.69799999999999999999E-0010  0.00000000000000000000E+0000 -1.05305969076615922693E-0001  1.42406300839951852283E-0002 -1.05305969076615922693E-0001  1.04999999999999999996E+0000  1.39134234399509003745E+0000  1.46371023715101592801E+0000  1.30841319062022107191E+0000  0.00000000000000000000E+0000  2.34433159148802059510E+0002  0.00000000000000000000E+0000  4.16850812308222984137E-0040  4.18803301095464030765E-0003  1.14915883279790633734E-0034  0.00000000000000000000E+0000  2.21260295051277950787E+0002  0.00000000000000000000E+0000  0.00000000000000000000E+0000  2.21088434025973115032E+0002  0.00000000000000000000E+0000  0.00000000000000000000E+0000  0.00000000000000000000E+0000  0.00000000000000000000E+0000  0.00000000000000000000E+0000 -1.42141000078253701909E-0005 -2.09233726783124102089E+0000  0.00000000000000000000E+0000  0.00000000000000000000E+0000  0.00000000000000000000E+0000  2.93631329348116551180E-0002
 3.77299999999999999999E-0010  0.00000000000000000000E+0000 -1.06870770929454282768E-0001  1.43909753156554793056E-0002 -1.06870770929454282768E-0001  1.04999999999999999996E+0000  1.39134405193139106200E+0000  1.46371099675538324095E+0000  1.30841372174121405752E+0000  0.00000000000000000000E+0000  2.34433159148802059510E+0002  0.00000000000000000000E+0000  4.16878219608297133186E-0040  4.18818992980046701795E-0003  1.14918272959765733122E-0034  0.00000000000000000000E+0000  2.21266062579622260112E+0002  0.00000000000000000000E+0000  0.00000000000000000000E+0000  2.21090624677298948450E+0002  0.00000000000000000000E+0000  0.00000000000000000000E+0000  0.00000000000000000000E+0000  0.00000000000000000000E+0000  0.00000000000000000000E+0000 -1.44722137188461715357E-0005 -2.09245454385023466125E+0000  0.00000000000000000000E+0000  0.00000000000000000000E+0000  0.00000000000000000000E+0000  2.98456596544532229644E-0002
 3.84900000000000000003E-0010  0.00000000000000000000E+0000 -1.08441286210813592611E-0001  1.45450277547891233034E-0002 -1.08441286210813592611E-0001  1.04999999999999999996E+0000  1.39134577426585956676E+0000  1.46371176609118882716E+0000  1.30841425848773761683E+0000  0.00000000000000000000E+0000  2.34433159148802059510E+0002  0.00000000000000000000E+0000  4.16905875167599576828E-0040  4.18834881492209013858E-0003  1.14920685068215975366E-0034  0.00000000000000000000E+0000  2.21271904724935883732E+0002  0.00000000000000000000E+0000  0.00000000000000000000E+0000  2.21092840081558248785E+0002  0.00000000000000000000E+0000  0.00000000000000000000E+0000  0.00000000000000000000E+0000  0.00000000000000000000E+0000  0.00000000000000000000E+0000 -1.47249710838624226613E-0005 -2.09258087449322427941E+0000  0.00000000000000000000E+0000  0.00000000000000000000E+0000  0.00000000000000000000E+0000  3.03334009069591095014E-0002
 3.92699999999999999988E-0010  0.00000000000000000000E+0000 -1.10042593168305015401E-0001  1.46966392360913944389E-0002 -1.10042593168305015401E-0001  1.04999999999999999996E+0000  1.39134753308375346806E+0000  1.46371255525904627652E+0000  1.30841480769455398791E+0000  0.00000000000000000000E+0000  2.34433159148802059510E+0002  0.00000000000000000000E+0000  4.16934139429380828571E-0040  4.18851175377234674876E-0003  1.14923150976273812980E-0034  0.00000000000000000000E+0000  2.21277898290537776774E+0002  0.00000000000000000000E+0000  0.00000000000000000000E+0000  2.21095109259675967131E+0002  0.00000000000000000000E+0000  0.00000000000000000000E+0000  0.00000000000000000000E+0000  0.00000000000000000000E+0000  0.00000000000000000000E+0000 -1.49919874061161268675E-0005 -2.09268934265099781065E+0000  0.00000000000000000000E+0000  0.00000000000000000000E+0000  0.00000000000000000000E+0000  3.08289810749210996583E-0002
 4.00700000000000000003E-0010  0.00000000000000000000E+0000 -1.11674490156938296622E-0001  1.48490195930586417979E-0002 -1.11674490156938296622E-0001  1.04999999999999999996E+0000  1.39134932769890678139E+0000  1.46371336423064989725E+0000  1.30841536910676247134E+0000  0.00000000000000000000E+0000  2.34433159148802059510E+0002  0.00000000000000000000E+0000  4.16963002740701497346E-0040  4.18867873615330439265E-0003  1.14925669808014364115E-0034  0.00000000000000000000E+0000  2.21284043070672247447E+0002  0.00000000000000000000E+0000  0.00000000000000000000E+0000  2.21097431884871313629E+0002  0.00000000000000000000E+0000  0.00000000000000000000E+0000  0.00000000000000000000E+0000  0.00000000000000000000E+0000  0.00000000000000000000E+0000 -1.52723611328512146113E-0005 -2.09278142338407528505E+0000  0.00000000000000000000E+0000  0.00000000000000000000E+0000  0.00000000000000000000E+0000  3.13324678677768974639E-0002
 4.08799999999999999997E-0010  0.00000000000000000000E+0000 -1.13309709405029518496E-0001  1.50046892202555536452E-0002 -1.13309709405029518496E-0001  1.04999999999999999996E+0000  1.39135113512450020077E+0000  1.46371418287071819691E+0000  1.30841593547454641659E+0000  0.00000000000000000000E+0000  2.34433159148802059510E+0002  0.00000000000000000000E+0000  4.16992096129746998717E-0040  4.18884766596572227288E-0003  1.14928209312674139059E-0034  0.00000000000000000000E+0000  2.21290262072509152966E+0002  0.00000000000000000000E+0000  0.00000000000000000000E+0000  2.21099778650313215825E+0002  0.00000000000000000000E+0000  0.00000000000000000000E+0000  0.00000000000000000000E+0000  0.00000000000000000000E+0000  0.00000000000000000000E+0000 -1.55449242010112845323E-0005 -2.09288607887485590578E+0000  0.00000000000000000000E+0000  0.00000000000000000000E+0000  0.00000000000000000000E+0000  3.18412905815551775822E-0002
 4.17099999999999999997E-0010  0.00000000000000000000E+0000 -1.14973321537717444554E-0001  1.51571259648856532527E-0002 -1.14973321537717444554E-0001  1.04999999999999999996E+0000  1.39135297713150386876E+0000  1.46371502126204040589E+0000  1.30841651355353631812E+0000  0.00000000000000000000E+0000  2.34433159148802059510E+0002  0.00000000000000000000E+0000  4.17021775585857501524E-0040  4.18902062533464514521E-0003  1.14930800478165840514E-0034  0.00000000000000000000E+0000  2.21296631998224520091E+0002  0.00000000000000000000E+0000  0.00000000000000000000E+0000  2.21102178391303136676E+0002  0.00000000000000000000E+0000  0.00000000000000000000E+0000  0.00000000000000000000E+0000  0.00000000000000000000E+0000  0.00000000000000000000E+0000 -1.58293930373524648177E-0005 -2.09297617622605606298E+0000  0.00000000000000000000E+0000  0.00000000000000000000E+0000  0.00000000000000000000E+0000  3.23581428252061098785E-0002
 4.25499999999999999999E-0010  0.00000000000000000000E+0000 -1.16638896491098108623E-0001  1.53122693812803777828E-0002 -1.16638896491098108623E-0001  1.04999999999999999996E+0000  1.39135483100506972959E+0000  1.46371586927952629245E+0000  1.30841709614525324092E+0000  0.00000000000000000000E+0000  2.34433159148802059510E+0002  0.00000000000000000000E+0000  4.17051673938586441584E-0040  4.18919551956299096974E-0003  1.14933411187521454064E-0034  0.00000000000000000000E+0000  2.21303075873965751030E+0002  0.00000000000000000000E+0000  0.00000000000000000000E+0000  2.21104601873145723126E+0002  0.00000000000000000000E+0000  0.00000000000000000000E+0000  0.00000000000000000000E+0000  0.00000000000000000000E+0000  0.00000000000000000000E+0000 -1.61053886082458253209E-0005 -2.09307957083673406716E+0000  0.00000000000000000000E+0000  0.00000000000000000000E+0000  0.00000000000000000000E+0000  3.28803770825662850327E-0002
 4.34100000000000000008E-0010  0.00000000000000000000E+0000 -1.18331832738905598857E-0001  1.54647592617481626965E-0002 -1.18331832738905598857E-0001  1.04999999999999999996E+0000  1.39135671830799892976E+0000  1.46371673699389544796E+0000  1.30841768994931049053E+0000  0.00000000000000000000E+0000  2.34433159148802059510E+0002  0.00000000000000000000E+0000  4.17082144245664475857E-0040  4.18937442719084102821E-0003  1.14936072172782325823E-0034  0.00000000000000000000E+0000  2.21309670332705692219E+0002  0.00000000000000000000E+0000  0.00000000000000000000E+0000  2.21107077807383299903E+0002  0.00000000000000000000E+0000  0.00000000000000000000E+0000  0.00000000000000000000E+0000  0.00000000000000000000E+0000  0.00000000000000000000E+0000 -1.63926074179343764859E-0005 -2.09316913744674820089E+0000  0.00000000000000000000E+0000  0.00000000000000000000E+0000  0.00000000000000000000E+0000  3.34103915811906929678E-0002
 4.42899999999999999998E-0010  0.00000000000000000000E+0000 -1.20051958618931201731E-0001  1.56178906881078669834E-0002 -1.20051958618931201731E-0001  1.04999999999999999996E+0000  1.39135863842176897846E+0000  1.46371762437392074498E+0000  1.30841829469751688556E+0000  0.00000000000000000000E+0000  2.34433159148802059510E+0002  0.00000000000000000000E+0000  4.17113177107019533326E-0040  4.18955733714398276687E-0003  1.14938782529855500509E-0034  0.00000000000000000000E+0000  2.21316415141057228760E+0002  0.00000000000000000000E+0000  0.00000000000000000000E+0000  2.21109605850327523499E+0002  0.00000000000000000000E+0000  0.00000000000000000000E+0000  0.00000000000000000000E+0000  0.00000000000000000000E+0000  0.00000000000000000000E+0000 -1.66903959893340799330E-0005 -2.09324590968013179559E+0000  0.00000000000000000000E+0000  0.00000000000000000000E+0000  0.00000000000000000000E+0000  3.39481838880207589446E-0002
 4.51899999999999999993E-0010  0.00000000000000000000E+0000 -1.21798357385103446661E-0001  1.57719448375665403051E-0002 -1.21798357385103446661E-0001  1.04999999999999999996E+0000  1.39136059074152572943E+0000  1.46371853138753772424E+0000  1.30841891011983596700E+0000  0.00000000000000000000E+0000  2.34433159148802059510E+0002  0.00000000000000000000E+0000  4.17144764793029313427E-0040  4.18974423993373890441E-0003  1.14941541485587080791E-0034  0.00000000000000000000E+0000  2.21323310096247182099E+0002  0.00000000000000000000E+0000  0.00000000000000000000E+0000  2.21112185697315371508E+0002  0.00000000000000000000E+0000  0.00000000000000000000E+0000  0.00000000000000000000E+0000  0.00000000000000000000E+0000  0.00000000000000000000E+0000 -1.69975830006758284102E-0005 -2.09331160001914432824E+0000  0.00000000000000000000E+0000  0.00000000000000000000E+0000  0.00000000000000000000E+0000  3.44937000849620398747E-0002
 4.60999999999999999992E-0010  0.00000000000000000000E+0000 -1.23543539005838025559E-0001  1.59284477654047801551E-0002 -1.23543539005838025559E-0001  1.04999999999999999996E+0000  1.39136255312126018901E+0000  1.46371944793055354644E+0000  1.30841952914695194919E+0000  0.00000000000000000000E+0000  2.34433159148802059510E+0002  0.00000000000000000000E+0000  4.17176548705412457122E-0040  4.18993304906585353241E-0003  1.14944317616422097565E-0034  0.00000000000000000000E+0000  2.21330278373113383261E+0002  0.00000000000000000000E+0000  0.00000000000000000000E+0000  2.21114788391691867539E+0002  0.00000000000000000000E+0000  0.00000000000000000000E+0000  0.00000000000000000000E+0000  0.00000000000000000000E+0000  0.00000000000000000000E+0000 -1.72935971768103210901E-0005 -2.09339426018340945992E+0000  0.00000000000000000000E+0000  0.00000000000000000000E+0000  0.00000000000000000000E+0000  3.50445148878412803273E-0002
 4.70300000000000000022E-0010  0.00000000000000000000E+0000 -1.25312901035601338925E-0001  1.60814255088947453724E-0002 -1.25312901035601338925E-0001  1.04999999999999999996E+0000  1.39136454669374277145E+0000  1.46372038404789801120E+0000  1.30842015835220962011E+0000  0.00000000000000000000E+0000  2.34433159148802059510E+0002  0.00000000000000000000E+0000  4.17208875885076130353E-0040  4.19012583547344926382E-0003  1.14947141120323938595E-0034  0.00000000000000000000E+0000  2.21337396454129144846E+0002  0.00000000000000000000E+0000  0.00000000000000000000E+0000  2.21117442386412823979E+0002  0.00000000000000000000E+0000  0.00000000000000000000E+0000  0.00000000000000000000E+0000  0.00000000000000000000E+0000  0.00000000000000000000E+0000 -1.75982112487341661200E-0005 -2.09346658710722056886E+0000  0.00000000000000000000E+0000  0.00000000000000000000E+0000  0.00000000000000000000E+0000  3.56031342270955288740E-0002
 4.79900000000000000011E-0010  0.00000000000000000000E+0000 -1.27132793059852322698E-0001  1.62325860597460456402E-0002 -1.27132793059852322698E-0001  1.04999999999999999996E+0000  1.39136659221801922063E+0000  1.46372134976468316642E+0000  1.30842080419619960117E+0000  0.00000000000000000000E+0000  2.34433159148802059510E+0002  0.00000000000000000000E+0000  4.17242085059049996996E-0040  4.19032466038432305332E-0003  1.14950041463043102816E-0034  0.00000000000000000000E+0000  2.21344740624704641813E+0002  0.00000000000000000000E+0000  0.00000000000000000000E+0000  2.21120175843436104657E+0002  0.00000000000000000000E+0000  0.00000000000000000000E+0000  0.00000000000000000000E+0000  0.00000000000000000000E+0000  0.00000000000000000000E+0000 -1.79304016747653003054E-0005 -2.09350283901658561409E+0000  0.00000000000000000000E+0000  0.00000000000000000000E+0000  0.00000000000000000000E+0000  3.61719969693997292228E-0002
 4.89499999999999999999E-0010  0.00000000000000000000E+0000 -1.28923074070772322681E-0001  1.63922994294129912647E-0002 -1.28923074070772322681E-0001  1.04999999999999999996E+0000  1.39136862538143625068E+0000  1.46372231487457074269E+0000  1.30842144627766612461E+0000  0.00000000000000000000E+0000  2.34433159148802059510E+0002  0.00000000000000000000E+0000  4.17275126128806818637E-0040  4.19052329407680443943E-0003  1.14952926811669924175E-0034  0.00000000000000000000E+0000  2.21352081016163431459E+0002  0.00000000000000000000E+0000  0.00000000000000000000E+0000  2.21122902897264185018E+0002  0.00000000000000000000E+0000  0.00000000000000000000E+0000  0.00000000000000000000E+0000  0.00000000000000000000E+0000  0.00000000000000000000E+0000 -1.82298069324072261609E-0005 -2.09358562151927933039E+0000  0.00000000000000000000E+0000  0.00000000000000000000E+0000  0.00000000000000000000E+0000  3.67434008634868125646E-0002
 4.99400000000000000023E-0010  0.00000000000000000000E+0000 -1.30761278871329855280E-0001  1.65428388447118927611E-0002 -1.30761278871329855280E-0001  1.04999999999999999996E+0000  1.39137070935363279872E+0000  1.46372330950816437157E+0000  1.30842210444481705383E+0000  0.00000000000000000000E+0000  2.34433159148802059510E+0002  0.00000000000000000000E+0000  4.17309036957334854369E-0040  4.19072794802034357021E-0003  1.14955887686114869598E-0034  0.00000000000000000000E+0000  2.21359647093289369876E+0002  0.00000000000000000000E+0000  0.00000000000000000000E+0000  2.21125708809072470923E+0002  0.00000000000000000000E+0000  0.00000000000000000000E+0000  0.00000000000000000000E+0000  0.00000000000000000000E+0000  0.00000000000000000000E+0000 -1.85556542981676043620E-0005 -2.09363345010860981451E+0000  0.00000000000000000000E+0000  0.00000000000000000000E+0000  0.00000000000000000000E+0000  3.73249431507766345453E-0002
 5.09500000000000000001E-0010  0.00000000000000000000E+0000 -1.31643740584827224221E-0001  1.66462556075344593937E-0002 -1.31643740584827224221E-0001  1.04999999999999999996E+0000  1.39137281069977999828E+0000  1.46372432297628627155E+0000  1.30842276798117703970E+0000  0.00000000000000000000E+0000  2.34433159148802059510E+0002  0.00000000000000000000E+0000  4.17343285903473681341E-0040  4.19093632288307450932E-0003  1.14958877139566351722E-0034  0.00000000000000000000E+0000  2.21367357712008909251E+0002  0.00000000000000000000E+0000  0.00000000000000000000E+0000  2.21128557810956392154E+0002  0.00000000000000000000E+0000  0.00000000000000000000E+0000  0.00000000000000000000E+0000  0.00000000000000000000E+0000  0.00000000000000000000E+0000 -1.71848262729809123188E-0005 -2.09647819308144009866E+0000  0.00000000000000000000E+0000  0.00000000000000000000E+0000  0.00000000000000000000E+0000  3.82869369360837719453E-0002
 5.19799999999999999986E-0010  0.00000000000000000000E+0000 -1.33664392757507725568E-0001  1.71394476754787674346E-0002 -1.33664392757507725568E-0001  1.04999999999999999996E+0000  1.39137494163296995830E+0000  1.46372535588508916385E+0000  1.30842344069878305820E+0000  0.00000000000000000000E+0000  2.34433159148802059510E+0002  0.00000000000000000000E+0000  4.17378070305074071173E-0040  4.19114865583784148914E-0003  1.14961912723580185692E-0034  0.00000000000000000000E+0000  2.21375217631493489634E+0002  0.00000000000000000000E+0000  0.00000000000000000000E+0000  2.21131457582928632313E+0002  0.00000000000000000000E+0000  0.00000000000000000000E+0000  0.00000000000000000000E+0000  0.00000000000000000000E+0000  0.00000000000000000000E+0000 -1.76705270890005128087E-0005 -2.09626722827665765776E+0000  0.00000000000000000000E+0000  0.00000000000000000000E+0000  0.00000000000000000000E+0000  3.87985691153566179302E-0002
 5.30299999999999999977E-0010  0.00000000000000000000E+0000 -1.35628464030278547854E-0001  1.71957857493994552461E-0002 -1.35628464030278547854E-0001  1.04999999999999999996E+0000  1.39137710170293376797E+0000  1.46372640819410463795E+0000  1.30842412234958360359E+0000  0.00000000000000000000E+0000  2.34433159148802059510E+0002  0.00000000000000000000E+0000  4.17413366929355112434E-0040  4.19136491449050848300E-0003  1.14964992236482550396E-0034  0.00000000000000000000E+0000  2.21383226161436843196E+0002  0.00000000000000000000E+0000  0.00000000000000000000E+0000  2.21134407105987941214E+0002  0.00000000000000000000E+0000  0.00000000000000000000E+0000  0.00000000000000000000E+0000  0.00000000000000000000E+0000  0.00000000000000000000E+0000 -1.81472498921681113733E-0005 -2.09607321445508156172E+0000  0.00000000000000000000E+0000  0.00000000000000000000E+0000  0.00000000000000000000E+0000  3.93869008610481835840E-0002
 5.41000000000000000024E-0010  0.00000000000000000000E+0000 -1.36572305758539762132E-0001  1.71814527209664696017E-0002 -1.36572305758539762132E-0001  1.04999999999999999996E+0000  1.39137927917214333242E+0000  1.46372747923936083513E+0000  1.30842480879078649418E+0000  0.00000000000000000000E+0000  2.34433159148802059510E+0002  0.00000000000000000000E+0000  4.17449000128591221689E-0040  4.19158486902789659239E-0003  1.14968099523918262577E-0034  0.00000000000000000000E+0000  2.21391378523624451247E+0002  0.00000000000000000000E+0000  0.00000000000000000000E+0000  2.21137399085528011902E+0002  0.00000000000000000000E+0000  0.00000000000000000000E+0000  0.00000000000000000000E+0000  0.00000000000000000000E+0000  0.00000000000000000000E+0000 -1.69371619449645715044E-0005 -2.09863615710922930260E+0000  0.00000000000000000000E+0000  0.00000000000000000000E+0000  0.00000000000000000000E+0000  4.03424440851465807843E-0002
 5.51899999999999999976E-0010  0.00000000000000000000E+0000 -1.38715378426629982867E-0001  1.76743289518581300988E-0002 -1.38715378426629982867E-0001  1.04999999999999999996E+0000  1.39138148581386760980E+0000  1.46372856964782968646E+0000  1.30842550399213978965E+0000  0.00000000000000000000E+0000  2.34433159148802059510E+0002  0.00000000000000000000E+0000  4.17485160607588854135E-0040  4.19180876111678181273E-0003  1.14971251916277967863E-0034  0.00000000000000000000E+0000  2.21399679677699788655E+0002  0.00000000000000000000E+0000  0.00000000000000000000E+0000  2.21140441242246515413E+0002  0.00000000000000000000E+0000  0.00000000000000000000E+0000  0.00000000000000000000E+0000  0.00000000000000000000E+0000  0.00000000000000000000E+0000 -1.75442643527441753579E-0005 -2.09823174547222085495E+0000  0.00000000000000000000E+0000  0.00000000000000000000E+0000  0.00000000000000000000E+0000  4.08524132101348173070E-0002
 5.63100000000000000014E-0010  0.00000000000000000000E+0000 -1.39766416070401298420E-0001  1.76349229201286949607E-0002 -1.39766416070401298420E-0001  1.04999999999999999996E+0000  1.39138373060203729165E+0000  1.46372968873776874760E+0000  1.30842621018201800344E+0000  0.00000000000000000000E+0000  2.34433159148802059510E+0002  0.00000000000000000000E+0000  4.17521994443568675492E-0040  4.19203839008294978290E-0003  1.14974461111349381577E-0034  0.00000000000000000000E+0000  2.21408200400822526732E+0002  0.00000000000000000000E+0000  0.00000000000000000000E+0000  2.21143553473669528101E+0002  0.00000000000000000000E+0000  0.00000000000000000000E+0000  0.00000000000000000000E+0000  0.00000000000000000000E+0000  0.00000000000000000000E+0000 -1.65134809819001392298E-0005 -2.10049343969553459124E+0000  0.00000000000000000000E+0000  0.00000000000000000000E+0000  0.00000000000000000000E+0000  4.17851022988356513560E-0002
 5.74399999999999999978E-0010  0.00000000000000000000E+0000 -1.41993748712218595740E-0001  1.80619426399771130921E-0002 -1.41993748712218595740E-0001  1.04999999999999999996E+0000  1.39138598455472051977E+0000  1.46373081715405622591E+0000  1.30842691867280486011E+0000  0.00000000000000000000E+0000  2.34433159148802059510E+0002  0.00000000000000000000E+0000  4.17559021671352154579E-0040  4.19226989083073880858E-0003  1.14977686155369404874E-0034  0.00000000000000000000E+0000  2.21416793437493566940E+0002  0.00000000000000000000E+0000  0.00000000000000000000E+0000  2.21146687701842953266E+0002  0.00000000000000000000E+0000  0.00000000000000000000E+0000  0.00000000000000000000E+0000  0.00000000000000000000E+0000  0.00000000000000000000E+0000 -1.72232781160596039647E-0005 -2.09992393602587145828E+0000  0.00000000000000000000E+0000  0.00000000000000000000E+0000  0.00000000000000000000E+0000  4.22995257650577638919E-0002
 5.85999999999999999977E-0010  0.00000000000000000000E+0000 -1.43091706198666853233E-0001  1.79784648606424846695E-0002 -1.43091706198666853233E-0001  1.04999999999999999996E+0000  1.39138827702632552231E+0000  1.46373197417332962195E+0000  1.30842763797974074886E+0000  0.00000000000000000000E+0000  2.34433159148802059510E+0002  0.00000000000000000000E+0000  4.17596724578151923057E-0040  4.19250710915039423091E-0003  1.14980967981844859548E-0034  0.00000000000000000000E+0000  2.21425605474787431479E+0002  0.00000000000000000000E+0000  0.00000000000000000000E+0000  2.21149891533260284301E+0002  0.00000000000000000000E+0000  0.00000000000000000000E+0000  0.00000000000000000000E+0000  0.00000000000000000000E+0000  0.00000000000000000000E+0000 -1.63056037575878441350E-0005 -2.10198749619687405349E+0000  0.00000000000000000000E+0000  0.00000000000000000000E+0000  0.00000000000000000000E+0000  4.32196467413096442187E-0002
 5.97900000000000000010E-0010  0.00000000000000000000E+0000 -1.45454280450747385750E-0001  1.84036054135516778855E-0002 -1.45454280450747385750E-0001  1.04999999999999999996E+0000  1.39139061831957172772E+0000  1.46373316042080161886E+0000  1.30842837189762007907E+0000  0.00000000000000000000E+0000  2.34433159148802059510E+0002  0.00000000000000000000E+0000  4.17635272785947880605E-0040  4.19275028184504237873E-0003  1.14984322331950382748E-0034  0.00000000000000000000E+0000  2.21434641534907943772E+0002  0.00000000000000000000E+0000  0.00000000000000000000E+0000  2.21153172383083203481E+0002  0.00000000000000000000E+0000  0.00000000000000000000E+0000  0.00000000000000000000E+0000  0.00000000000000000000E+0000  0.00000000000000000000E+0000 -1.71352353418330720518E-0005 -2.10123502684571081289E+0000  0.00000000000000000000E+0000  0.00000000000000000000E+0000  0.00000000000000000000E+0000  4.37362437051352794463E-0002
 6.09900000000000000021E-0010  0.00000000000000000000E+0000 -1.46579127814881672926E-0001  1.83153525849762471322E-0002 -1.46579127814881672926E-0001  1.04999999999999999996E+0000  1.39139295909584629468E+0000  1.46373435524131308399E+0000  1.30842910416816519752E+0000  0.00000000000000000000E+0000  2.34433159148802059510E+0002  0.00000000000000000000E+0000  4.17673843248878623959E-0040  4.19299505220183503069E-0003  1.14987676500193475877E-0034  0.00000000000000000000E+0000  2.21443743827393607612E+0002  0.00000000000000000000E+0000  0.00000000000000000000E+0000  2.21156466936337018081E+0002  0.00000000000000000000E+0000  0.00000000000000000000E+0000  0.00000000000000000000E+0000  0.00000000000000000000E+0000  0.00000000000000000000E+0000 -1.62910888288724125860E-0005 -2.10316531298872327871E+0000  0.00000000000000000000E+0000  0.00000000000000000000E+0000  0.00000000000000000000E+0000  4.46463708032891570828E-0002
 6.22200000000000000016E-0010  0.00000000000000000000E+0000 -1.47905595034309795310E-0001  1.86634367100027187551E-0002 -1.47905595034309795310E-0001  1.04999999999999999996E+0000  1.39139533944391908854E+0000  1.46373557856200352603E+0000  1.30842984732094209390E+0000  0.00000000000000000000E+0000  2.34433159148802059510E+0002  0.00000000000000000000E+0000  4.17713111664192859130E-0040  4.19324553664134740723E-0003  1.14991089482000641985E-0034  0.00000000000000000000E+0000  2.21453064791157353236E+0002  0.00000000000000000000E+0000  0.00000000000000000000E+0000  2.21159831222618640995E+0002  0.00000000000000000000E+0000  0.00000000000000000000E+0000  0.00000000000000000000E+0000  0.00000000000000000000E+0000  0.00000000000000000000E+0000 -1.56351187592124586534E-0005 -2.10479023667191363230E+0000  0.00000000000000000000E+0000  0.00000000000000000000E+0000  0.00000000000000000000E+0000  4.54610317551990227014E-0002
 6.34799999999999999995E-0010  0.00000000000000000000E+0000 -1.50425658288006578183E-0001  1.89874497058892030707E-0002 -1.50425658288006578183E-0001  1.04999999999999999996E+0000  1.39139776849725901495E+0000  1.46373683100941886094E+0000  1.30843060489952717326E+0000  0.00000000000000000000E+0000  2.34433159148802059510E+0002  0.00000000000000000000E+0000  4.17753218375625856042E-0040  4.19350194846493995505E-0003  1.14994574375258394029E-0034  0.00000000000000000000E+0000  2.21462609070901819561E+0002  0.00000000000000000000E+0000  0.00000000000000000000E+0000  2.21163271789788924676E+0002  0.00000000000000000000E+0000  0.00000000000000000000E+0000  0.00000000000000000000E+0000  0.00000000000000000000E+0000  0.00000000000000000000E+0000 -1.66361574086676040572E-0005 -2.10376773691231533912E+0000  0.00000000000000000000E+0000  0.00000000000000000000E+0000  0.00000000000000000000E+0000  4.59860683621916003308E-0002
 6.47500000000000000002E-0010  0.00000000000000000000E+0000 -1.51646212227047464663E-0001  1.88063245277673230595E-0002 -1.51646212227047464663E-0001  1.04999999999999999996E+0000  1.39140019867765362619E+0000  1.46373809195598933843E+0000  1.30843136125771636812E+0000  0.00000000000000000000E+0000  2.34433159148802059510E+0002  0.00000000000000000000E+0000  4.17793363131161287801E-0040  4.19375994059674589023E-0003  1.14998060877456405832E-0034  0.00000000000000000000E+0000  2.21472218910306354003E+0002  0.00000000000000000000E+0000  0.00000000000000000000E+0000  2.21166725830281500495E+0002  0.00000000000000000000E+0000  0.00000000000000000000E+0000  0.00000000000000000000E+0000  0.00000000000000000000E+0000  0.00000000000000000000E+0000 -1.59786845469514694797E-0005 -2.10538032366184128872E+0000  0.00000000000000000000E+0000  0.00000000000000000000E+0000  0.00000000000000000000E+0000  4.68831149819896268518E-0002
 6.60600000000000000022E-0010  0.00000000000000000000E+0000 -1.53089144641612088003E-0001  1.91444024507453390687E-0002 -1.53089144641612088003E-0001  1.04999999999999999996E+0000  1.39140268811826106751E+0000  1.46373939117863248742E+0000  1.30843213453172418513E+0000  0.00000000000000000000E+0000  2.34433159148802059510E+0002  0.00000000000000000000E+0000  4.17834521656841967212E-0040  4.19402563946942305663E-0003  1.15001634072010768191E-0034  0.00000000000000000000E+0000  2.21482121963557666053E+0002  0.00000000000000000000E+0000  0.00000000000000000000E+0000  2.21170275859054350193E+0002  0.00000000000000000000E+0000  0.00000000000000000000E+0000  0.00000000000000000000E+0000  0.00000000000000000000E+0000  0.00000000000000000000E+0000 -1.54935803441296645281E-0005 -2.10671956035551369681E+0000  0.00000000000000000000E+0000  0.00000000000000000000E+0000  0.00000000000000000000E+0000  4.76823623594395991709E-0002
 6.73899999999999999996E-0010  0.00000000000000000000E+0000 -1.54587555045007465408E-0001  1.93695694726073324270E-0002 -1.54587555045007465408E-0001  1.04999999999999999996E+0000  1.39140519928163105385E+0000  1.46374070881365723139E+0000  1.30843291311107357108E+0000  0.00000000000000000000E+0000  2.34433159148802059510E+0002  0.00000000000000000000E+0000  4.17876064193372256585E-0040  4.19429497333284551328E-0003  1.15005239569456001108E-0034  0.00000000000000000000E+0000  2.21492166574553983271E+0002  0.00000000000000000000E+0000  0.00000000000000000000E+0000  2.21173867441728733349E+0002  0.00000000000000000000E+0000  0.00000000000000000000E+0000  0.00000000000000000000E+0000  0.00000000000000000000E+0000  0.00000000000000000000E+0000 -1.51189836935022693837E-0005 -2.10787625767300937970E+0000  0.00000000000000000000E+0000  0.00000000000000000000E+0000  0.00000000000000000000E+0000  4.84807793223033997881E-0002
 6.87500000000000000006E-0010  0.00000000000000000000E+0000 -1.56160870771966046931E-0001  1.95301555638939474692E-0002 -1.56160870771966046931E-0001  1.04999999999999999996E+0000  1.39140775153860383237E+0000  1.46374205474270252243E+0000  1.30843370308439594133E+0000  0.00000000000000000000E+0000  2.34433159148802059510E+0002  0.00000000000000000000E+0000  4.17918310273684523262E-0040  4.19456996675072003082E-0003  1.15008905484656998736E-0034  0.00000000000000000000E+0000  2.21502428170963610699E+0002  0.00000000000000000000E+0000  0.00000000000000000000E+0000  2.21177527586286285760E+0002  0.00000000000000000000E+0000  0.00000000000000000000E+0000  0.00000000000000000000E+0000  0.00000000000000000000E+0000  0.00000000000000000000E+0000 -1.48516760981086000255E-0005 -2.10885990934189432766E+0000  0.00000000000000000000E+0000  0.00000000000000000000E+0000  0.00000000000000000000E+0000  4.92757573232096003490E-0002
 7.01300000000000000021E-0010  0.00000000000000000000E+0000 -1.58957814704316679940E-0001  1.98134728445033307633E-0002 -1.58957814704316679940E-0001  1.04999999999999999996E+0000  1.39141033356818338308E+0000  1.46374341971764745549E+0000  1.30843450163152757624E+0000  0.00000000000000000000E+0000  2.34433159148802059510E+0002  0.00000000000000000000E+0000  4.17961071618859822625E-0040  4.19484881578823663758E-0003  1.15012615866670929435E-0034  0.00000000000000000000E+0000  2.21512836280607069178E+0002  0.00000000000000000000E+0000  0.00000000000000000000E+0000  2.21181235818513651031E+0002  0.00000000000000000000E+0000  0.00000000000000000000E+0000  0.00000000000000000000E+0000  0.00000000000000000000E+0000  0.00000000000000000000E+0000 -1.61098016620983869993E-0005 -2.10743742545728175394E+0000  0.00000000000000000000E+0000  0.00000000000000000000E+0000  0.00000000000000000000E+0000  4.98019534664547451239E-0002
 7.15499999999999999998E-0010  0.00000000000000000000E+0000 -1.60408180901128409097E-0001  1.95804875530479426365E-0002 -1.60408180901128409097E-0001  1.04999999999999999996E+0000  1.39141297473663025635E+0000  1.46374482268078260315E+0000  1.30843531725055470705E+0000  0.00000000000000000000E+0000  2.34433159148802059510E+0002  0.00000000000000000000E+0000  4.18004818311483573688E-0040  4.19513526736303810398E-0003  1.15016412005140968037E-0034  0.00000000000000000000E+0000  2.21523534797167483509E+0002  0.00000000000000000000E+0000  0.00000000000000000000E+0000  2.21185037398130820943E+0002  0.00000000000000000000E+0000  0.00000000000000000000E+0000  0.00000000000000000000E+0000  0.00000000000000000000E+0000  0.00000000000000000000E+0000 -1.57615267832888326087E-0005 -2.10854321981434071772E+0000  0.00000000000000000000E+0000  0.00000000000000000000E+0000  0.00000000000000000000E+0000  5.06813141567217762630E-0002
 7.29899999999999999981E-0010  0.00000000000000000000E+0000 -1.62006021854546873408E-0001  1.99143038044588400220E-0002 -1.62006021854546873408E-0001  1.04999999999999999996E+0000  1.39141563808293616800E+0000  1.46374624383417853218E+0000  1.30843613865798316296E+0000  0.00000000000000000000E+0000  2.34433159148802059510E+0002  0.00000000000000000000E+0000  4.18048944615337168345E-0040  4.19542529543631183947E-0003  1.15020241813781930792E-0034  0.00000000000000000000E+0000  2.21534373118464343350E+0002  0.00000000000000000000E+0000  0.00000000000000000000E+0000  2.21188879228789662484E+0002  0.00000000000000000000E+0000  0.00000000000000000000E+0000  0.00000000000000000000E+0000  0.00000000000000000000E+0000  0.00000000000000000000E+0000 -1.54993896389074908704E-0005 -2.10950782105221941844E+0000  0.00000000000000000000E+0000  0.00000000000000000000E+0000  0.00000000000000000000E+0000  5.14626289788823150605E-0002
 7.44599999999999999998E-0010  0.00000000000000000000E+0000 -1.63658835815345732995E-0001  2.01139932454363108852E-0002 -1.63658835815345732995E-0001  1.04999999999999999996E+0000  1.39141834234503838962E+0000  1.46374769301273368639E+0000  1.30843697179271665891E+0000  0.00000000000000000000E+0000  2.34433159148802059510E+0002  0.00000000000000000000E+0000  4.18093760945335737364E-0040  4.19572091090908598309E-0003  1.15024132784909164775E-0034  0.00000000000000000000E+0000  2.21545426351234530857E+0002  0.00000000000000000000E+0000  0.00000000000000000000E+0000  2.21192787913560540536E+0002  0.00000000000000000000E+0000  0.00000000000000000000E+0000  0.00000000000000000000E+0000  0.00000000000000000000E+0000  0.00000000000000000000E+0000 -1.53241266841089161179E-0005 -2.11033393120241390237E+0000  0.00000000000000000000E+0000  0.00000000000000000000E+0000  0.00000000000000000000E+0000  5.22559096778286737241E-0002
 7.59599999999999999999E-0010  0.00000000000000000000E+0000 -1.65367338146343663131E-0001  2.02577604370446179318E-0002 -1.65367338146343663131E-0001  1.04999999999999999996E+0000  1.39142108756637079858E+0000  1.46374917016487884143E+0000  1.30843781683950085442E+0000  0.00000000000000000000E+0000  2.34433159148802059510E+0002  0.00000000000000000000E+0000  4.18139265079857809424E-0040  4.19602209905271169740E-0003  1.15028085354493929814E-0034  0.00000000000000000000E+0000  2.21556694036682327323E+0002  0.00000000000000000000E+0000  0.00000000000000000000E+0000  2.21196763163657796378E+0002  0.00000000000000000000E+0000  0.00000000000000000000E+0000  0.00000000000000000000E+0000  0.00000000000000000000E+0000  0.00000000000000000000E+0000 -1.52210999254800326096E-0005 -2.11104487901953663509E+0000  0.00000000000000000000E+0000  0.00000000000000000000E+0000  0.00000000000000000000E+0000  5.30518277769914074517E-0002
 7.74899999999999999984E-0010  0.00000000000000000000E+0000 -1.67129613100593009224E-0001  2.03993325116318106424E-0002 -1.67129613100593009224E-0001  1.04999999999999999996E+0000  1.39142387370300882538E+0000  1.46375067523334885316E+0000  1.30843867397337304407E+0000  0.00000000000000000000E+0000  2.34433159148802059510E+0002  0.00000000000000000000E+0000  4.18185454531571806645E-0040  4.19632884510024116565E-0003  1.15032099985017648762E-0034  0.00000000000000000000E+0000  2.21568175715779433724E+0002  0.00000000000000000000E+0000  0.00000000000000000000E+0000  2.21200804666158432607E+0002  0.00000000000000000000E+0000  0.00000000000000000000E+0000  0.00000000000000000000E+0000  0.00000000000000000000E+0000  0.00000000000000000000E+0000 -1.51777001621196381260E-0005 -2.11166066368302685454E+0000  0.00000000000000000000E+0000  0.00000000000000000000E+0000  0.00000000000000000000E+0000  5.38444634969234960523E-0002
 7.90500000000000000004E-0010  0.00000000000000000000E+0000 -1.67731328027115851159E-0001  2.05457136112660722819E-0002 -1.67731328027115851159E-0001  1.04999999999999999996E+0000  1.39142669463431663452E+0000  1.46375220743790975561E+0000  1.30843954138710816498E+0000  0.00000000000000000000E+0000  2.34433159148802059510E+0002  0.00000000000000000000E+0000  4.18232216475897804741E-0040  4.19664089521188640646E-0003  1.15036169286123008657E-0034  0.00000000000000000000E+0000  2.21579865052982388482E+0002  0.00000000000000000000E+0000  0.00000000000000000000E+0000  2.21204905559315942926E+0002  0.00000000000000000000E+0000  0.00000000000000000000E+0000  0.00000000000000000000E+0000  0.00000000000000000000E+0000  0.00000000000000000000E+0000 -1.38145527889773369050E-0005 -2.11431928959106636354E+0000  0.00000000000000000000E+0000  0.00000000000000000000E+0000  0.00000000000000000000E+0000  5.48351269460078451584E-0002
 8.06400000000000000007E-0010  0.00000000000000000000E+0000 -1.69803729279028487026E-0001  2.08091704346432556122E-0002 -1.69803729279028487026E-0001  1.04999999999999999996E+0000  1.39142955710173946637E+0000  1.46375376754226281322E+0000  1.30844042153656128335E+0000  0.00000000000000000000E+0000  2.34433159148802059510E+0002  0.00000000000000000000E+0000  4.18279683037902945174E-0040  4.19695852826766899363E-0003  1.15040303428706981737E-0034  0.00000000000000000000E+0000  2.21591768792652677206E+0002  0.00000000000000000000E+0000  0.00000000000000000000E+0000  2.21209073592652588347E+0002  0.00000000000000000000E+0000  0.00000000000000000000E+0000  0.00000000000000000000E+0000  0.00000000000000000000E+0000  0.00000000000000000000E+0000 -1.40927114058569944359E-0005 -2.11443113447940449277E+0000  0.00000000000000000000E+0000  0.00000000000000000000E+0000  0.00000000000000000000E+0000  5.55714914352405638897E-0002
 8.22599999999999999994E-0010  0.00000000000000000000E+0000 -1.71840454575563524110E-0001  2.08602981262156220484E-0002 -1.71840454575563524110E-0001  1.04999999999999999996E+0000  1.39143246070270403198E+0000  1.46375535545867657271E+0000  1.30844131453515413396E+0000  0.00000000000000000000E+0000  2.34433159148802059510E+0002  0.00000000000000000000E+0000  4.18327835294698460724E-0040  4.19728169521814486808E-0003  1.15044501845876726535E-0034  0.00000000000000000000E+0000  2.21603885613681103911E+0002  0.00000000000000000000E+0000  0.00000000000000000000E+0000  2.21213307537627303159E+0002  0.00000000000000000000E+0000  0.00000000000000000000E+0000  0.00000000000000000000E+0000  0.00000000000000000000E+0000  0.00000000000000000000E+0000 -1.43648114685780007824E-0005 -2.11455021616358625311E+0000  0.00000000000000000000E+0000  0.00000000000000000000E+0000  0.00000000000000000000E+0000  5.63458788302376257641E-0002
 8.39100000000000000016E-0010  0.00000000000000000000E+0000 -1.72662121942696560449E-0001  2.09626793435946164897E-0002 -1.72662121942696560449E-0001  1.04999999999999999996E+0000  1.39143539932852884872E+0000  1.46375697036941410307E+0000  1.30844221893923378644E+0000  0.00000000000000000000E+0000  2.34433159148802059510E+0002  0.00000000000000000000E+0000  4.18376561191414173447E-0040  4.19761013308991421534E-0003  1.15048758375290636471E-0034  0.00000000000000000000E+0000  2.21616208782817120854E+0002  0.00000000000000000000E+0000  0.00000000000000000000E+0000  2.21217600487234842141E+0002  0.00000000000000000000E+0000  0.00000000000000000000E+0000  0.00000000000000000000E+0000  0.00000000000000000000E+0000  0.00000000000000000000E+0000 -1.33123330466550908688E-0005 -2.11670559518839788244E+0000  0.00000000000000000000E+0000  0.00000000000000000000E+0000  0.00000000000000000000E+0000  5.72993545614041513515E-0002
 8.55999999999999999999E-0010  0.00000000000000000000E+0000 -1.74961848322324755103E-0001  2.12199430124102903940E-0002 -1.74961848322324755103E-0001  1.04999999999999999996E+0000  1.39143839678557926438E+0000  1.46375862280437175303E+0000  1.30844314211985110539E+0000  0.00000000000000000000E+0000  2.34433159148802059510E+0002  0.00000000000000000000E+0000  4.18426277946979640833E-0040  4.19794610544602822252E-0003  1.15053106995140633713E-0034  0.00000000000000000000E+0000  2.21628819772665000970E+0002  0.00000000000000000000E+0000  0.00000000000000000000E+0000  2.21221985800391341415E+0002  0.00000000000000000000E+0000  0.00000000000000000000E+0000  0.00000000000000000000E+0000  0.00000000000000000000E+0000  0.00000000000000000000E+0000 -1.38138024396081717963E-0005 -2.11647047032172511594E+0000  0.00000000000000000000E+0000  0.00000000000000000000E+0000  0.00000000000000000000E+0000  5.80255770479847733885E-0002
 8.73200000000000000017E-0010  0.00000000000000000000E+0000 -1.75961047846490669538E-0001  2.12476623010943974546E-0002 -1.75961047846490669538E-0001  1.04999999999999999996E+0000  1.39144142904320591392E+0000  1.46376030212652782567E+0000  1.30844407735092339851E+0000  0.00000000000000000000E+0000  2.34433159148802059510E+0002  0.00000000000000000000E+0000  4.18476564814510647249E-0040  4.19828732174874621578E-0003  1.15057515705945979604E-0034  0.00000000000000000000E+0000  2.21641636094596343187E+0002  0.00000000000000000000E+0000  0.00000000000000000000E+0000  2.21226429777850177968E+0002  0.00000000000000000000E+0000  0.00000000000000000000E+0000  0.00000000000000000000E+0000  0.00000000000000000000E+0000  0.00000000000000000000E+0000 -1.29839555741532124992E-0005 -2.11827320231895856314E+0000  0.00000000000000000000E+0000  0.00000000000000000000E+0000  0.00000000000000000000E+0000  5.89655989080193208742E-0002
 8.90799999999999999996E-0010  0.00000000000000000000E+0000 -1.78422755147704369168E-0001  2.14858693183786936613E-0002 -1.78422755147704369168E-0001  1.04999999999999999996E+0000  1.39144451943281821638E+0000  1.46376201883583490133E+0000  1.30844503164479820142E+0000  0.00000000000000000000E+0000  2.34433159148802059510E+0002  0.00000000000000000000E+0000  4.18527831837257163365E-0040  4.19863603772468419696E-0003  1.15062017211588709681E-0034  0.00000000000000000000E+0000  2.21654739145204428594E+0002  0.00000000000000000000E+0000  0.00000000000000000000E+0000  2.21230965392868482458E+0002  0.00000000000000000000E+0000  0.00000000000000000000E+0000  0.00000000000000000000E+0000  0.00000000000000000000E+0000  0.00000000000000000000E+0000 -1.36369254531039522055E-0005 -2.11780540703192166215E+0000  0.00000000000000000000E+0000  0.00000000000000000000E+0000  0.00000000000000000000E+0000  5.96893578029202651515E-0002
 9.08700000000000000009E-0010  0.00000000000000000000E+0000 -1.79528502250133920767E-0001  2.15007430469865675314E-0002 -1.79528502250133920767E-0001  1.04999999999999999996E+0000  1.39144764388802663168E+0000  1.46376376227675756799E+0000  1.30844599846799810542E+0000  0.00000000000000000000E+0000  2.34433159148802059510E+0002  0.00000000000000000000E+0000  4.18579658967227205016E-0040  4.19898995756578060030E-0003  1.15066580319906360829E-0034  0.00000000000000000000E+0000  2.21668046170894203803E+0002  0.00000000000000000000E+0000  0.00000000000000000000E+0000  2.21235558972393260041E+0002  0.00000000000000000000E+0000  0.00000000000000000000E+0000  0.00000000000000000000E+0000  0.00000000000000000000E+0000  0.00000000000000000000E+0000 -1.29367556296238001217E-0005 -2.11940053298126332838E+0000  0.00000000000000000000E+0000  0.00000000000000000000E+0000  0.00000000000000000000E+0000  6.06205441549291586159E-0002
 9.26999999999999999985E-0010  0.00000000000000000000E+0000 -1.80882257205260849848E-0001  2.17210751349779582695E-0002 -1.80882257205260849848E-0001  1.04999999999999999996E+0000  1.39145082003279212134E+0000  1.46376554218876336140E+0000  1.30844698354391577981E+0000  0.00000000000000000000E+0000  2.34433159148802059510E+0002  0.00000000000000000000E+0000  4.18632352484738893622E-0040  4.19935109150299480011E-0003  1.15071232247355412863E-0034  0.00000000000000000000E+0000  2.21681632230875473533E+0002  0.00000000000000000000E+0000  0.00000000000000000000E+0000  2.21240237117797585567E+0002  0.00000000000000000000E+0000  0.00000000000000000000E+0000  0.00000000000000000000E+0000  0.00000000000000000000E+0000  0.00000000000000000000E+0000 -1.24572676123788024030E-0005 -2.12065611330294377006E+0000  0.00000000000000000000E+0000  0.00000000000000000000E+0000  0.00000000000000000000E+0000  6.14981848179957067623E-0002
 9.45600000000000000045E-0010  0.00000000000000000000E+0000 -1.83581492044141168473E-0001  2.18843137745849654061E-0002 -1.83581492044141168473E-0001  1.04999999999999999996E+0000  1.39145403585062265792E+0000  1.46376734956311349936E+0000  1.30844798266087228582E+0000  0.00000000000000000000E+0000  2.34433159148802059510E+0002  0.00000000000000000000E+0000  4.18685721583098582458E-0040  4.19971769871184684866E-0003  1.15075952494079093893E-0034  0.00000000000000000000E+0000  2.21695429079665309452E+0002  0.00000000000000000000E+0000  0.00000000000000000000E+0000  2.21244980336271589966E+0002  0.00000000000000000000E+0000  0.00000000000000000000E+0000  0.00000000000000000000E+0000  0.00000000000000000000E+0000  0.00000000000000000000E+0000 -1.33323710080209055337E-0005 -2.11984822965208057326E+0000  0.00000000000000000000E+0000  0.00000000000000000000E+0000  0.00000000000000000000E+0000  6.22249427940137192848E-0002
 9.64700000000000000044E-0010  0.00000000000000000000E+0000 -1.84897291233583220698E-0001  2.18610790395982137142E-0002 -1.84897291233583220698E-0001  1.04999999999999999996E+0000  1.39145731895401145422E+0000  1.46376920284851772815E+0000  1.30844900561233695626E+0000  0.00000000000000000000E+0000  2.34433159148802059510E+0002  0.00000000000000000000E+0000  4.18740208837116182720E-0040  4.20009339030743358517E-0003  1.15080787108901917086E-0034  0.00000000000000000000E+0000  2.21709576170765086792E+0002  0.00000000000000000000E+0000  0.00000000000000000000E+0000  2.21249831368728872613E+0002  0.00000000000000000000E+0000  0.00000000000000000000E+0000  0.00000000000000000000E+0000  0.00000000000000000000E+0000  0.00000000000000000000E+0000 -1.28546762641910669745E-0005 -2.12109609313808204897E+0000  0.00000000000000000000E+0000  0.00000000000000000000E+0000  0.00000000000000000000E+0000  6.31496918991214556172E-0002
 9.83999999999999999999E-0010  0.00000000000000000000E+0000 -1.86374636462955182360E-0001  2.20863807021893997507E-0002 -1.86374636462955182360E-0001  1.04999999999999999996E+0000  1.39146061775749741059E+0000  1.46377107291187107249E+0000  1.30845003653834672389E+0000  0.00000000000000000000E+0000  2.34433159148802059510E+0002  0.00000000000000000000E+0000  4.18794968058453713171E-0040  4.20047228232955259367E-0003  1.15085661282362288393E-0034  0.00000000000000000000E+0000  2.21723851562233966433E+0002  0.00000000000000000000E+0000  0.00000000000000000000E+0000  2.21254714789070328088E+0002  0.00000000000000000000E+0000  0.00000000000000000000E+0000  0.00000000000000000000E+0000  0.00000000000000000000E+0000  0.00000000000000000000E+0000 -1.25142395803978610301E-0005 -2.12212852763228217146E+0000  0.00000000000000000000E+0000  0.00000000000000000000E+0000  0.00000000000000000000E+0000  6.40183630913988975151E-0002
 1.00400000000000000000E-0009  0.00000000000000000000E+0000 -1.88044140789055058723E-0001  2.22042412197814032146E-0002 -1.88044140789055058723E-0001  1.04999999999999999996E+0000  1.39146401730398562200E+0000  1.46377300811699740269E+0000  1.30845110228283699190E+0000  0.00000000000000000000E+0000  2.34433159148802059510E+0002  0.00000000000000000000E+0000  4.18851416975274207365E-0040  4.20086418091593279009E-0003  1.15090701975775816203E-0034  0.00000000000000000000E+0000  2.21738624722871490280E+0002  0.00000000000000000000E+0000  0.00000000000000000000E+0000  2.21259756723988119179E+0002  0.00000000000000000000E+0000  0.00000000000000000000E+0000  0.00000000000000000000E+0000  0.00000000000000000000E+0000  0.00000000000000000000E+0000 -1.23471592324317438298E-0005 -2.12290379555077157281E+0000  0.00000000000000000000E+0000  0.00000000000000000000E+0000  0.00000000000000000000E+0000  6.49005499600589707627E-0002
 1.02400000000000000000E-0009  0.00000000000000000000E+0000 -1.89716306291596358604E-0001  2.23349990333810557604E-0002 -1.89716306291596358604E-0001  1.04999999999999999996E+0000  1.39146739834939411765E+0000  1.46377494066952561116E+0000  1.30845216567597853936E+0000  0.00000000000000000000E+0000  2.34433159148802059510E+0002  0.00000000000000000000E+0000  4.18907570582254111480E-0040  4.20125533834219779419E-0003  1.15095733083491521260E-0034  0.00000000000000000000E+0000  2.21753377500928485169E+0002  0.00000000000000000000E+0000  0.00000000000000000000E+0000  2.21264780567640964762E+0002  0.00000000000000000000E+0000  0.00000000000000000000E+0000  0.00000000000000000000E+0000  0.00000000000000000000E+0000  0.00000000000000000000E+0000 -1.22131697182830808559E-0005 -2.12361722181868046023E+0000  0.00000000000000000000E+0000  0.00000000000000000000E+0000  0.00000000000000000000E+0000  6.57667570270947636976E-0002
 1.04499999999999999998E-0009  0.00000000000000000000E+0000 -1.91610423808740164273E-0001  2.24288613149645353113E-0002 -1.91610423808740164273E-0001  1.04999999999999999996E+0000  1.39147092921207776142E+0000  1.46377696706071143786E+0000  1.30845327995367534759E+0000  0.00000000000000000000E+0000  2.34433159148802059510E+0002  0.00000000000000000000E+0000  4.18966234882202478518E-0040  4.20166529997795879755E-0003  1.15101006750241213886E-0034  0.00000000000000000000E+0000  2.21768847166171079538E+0002  0.00000000000000000000E+0000  0.00000000000000000000E+0000  2.21270036688562471053E+0002  0.00000000000000000000E+0000  0.00000000000000000000E+0000  0.00000000000000000000E+0000  0.00000000000000000000E+0000  0.00000000000000000000E+0000 -1.22424925401445270826E-0005 -2.12409655386440519875E+0000  0.00000000000000000000E+0000  0.00000000000000000000E+0000  0.00000000000000000000E+0000  6.66493519429763812335E-0002
 1.06599999999999999997E-0009  0.00000000000000000000E+0000 -1.93462721874447711353E-0001  2.25610697117748803836E-0002 -1.93462721874447711353E-0001  1.04999999999999999996E+0000  1.39147444105383514656E+0000  1.46377899066225512629E+0000  1.30845439210505520183E+0000  0.00000000000000000000E+0000  2.34433159148802059510E+0002  0.00000000000000000000E+0000  4.19024596168736972460E-0040  4.20207448332875204834E-0003  1.15106271797531044641E-0034  0.00000000000000000000E+0000  2.21784295089597953132E+0002  0.00000000000000000000E+0000  0.00000000000000000000E+0000  2.21275274300173150063E+0002  0.00000000000000000000E+0000  0.00000000000000000000E+0000  0.00000000000000000000E+0000  0.00000000000000000000E+0000  0.00000000000000000000E+0000 -1.22574033449195758835E-0005 -2.12458650012457984620E+0000  0.00000000000000000000E+0000  0.00000000000000000000E+0000  0.00000000000000000000E+0000  6.75185136998852735761E-0002
 1.08700000000000000005E-0009  0.00000000000000000000E+0000 -1.95266368769912032269E-0001  2.26745605946781367948E-0002 -1.95266368769912032269E-0001  1.04999999999999999996E+0000  1.39147793412135771225E+0000  1.46378101147670051289E+0000  1.30845550227262165291E+0000  0.00000000000000000000E+0000  2.34433159148802059510E+0002  0.00000000000000000000E+0000  4.19082663250292469876E-0040  4.20248290210531209563E-0003  1.15111528993205169555E-0034  0.00000000000000000000E+0000  2.21799721588902207542E+0002  0.00000000000000000000E+0000  0.00000000000000000000E+0000  2.21280493501811052343E+0002  0.00000000000000000000E+0000  0.00000000000000000000E+0000  0.00000000000000000000E+0000  0.00000000000000000000E+0000  0.00000000000000000000E+0000 -1.22577386219215548676E-0005 -2.12508713447154014785E+0000  0.00000000000000000000E+0000  0.00000000000000000000E+0000  0.00000000000000000000E+0000  6.83796604891240833920E-0002
 1.10900000000000000001E-0009  0.00000000000000000000E+0000 -1.96028286097565758973E-0001  2.27833301728399230518E-0002 -1.96028286097565758973E-0001  1.04999999999999999996E+0000  1.39148156855943608485E+0000  1.46378312476245304064E+0000  1.30845666281112445932E+0000  0.00000000000000000000E+0000  2.34433159148802059510E+0002  0.00000000000000000000E+0000  4.19143099029918594957E-0040  4.20290971976661675336E-0003  1.15117026598641932990E-0034  0.00000000000000000000E+0000  2.21815853209736787113E+0002  0.00000000000000000000E+0000  0.00000000000000000000E+0000  2.21285935921534856030E+0002  0.00000000000000000000E+0000  0.00000000000000000000E+0000  0.00000000000000000000E+0000  0.00000000000000000000E+0000  0.00000000000000000000E+0000 -1.12698793405401077085E-0005 -2.12707887147617548027E+0000  0.00000000000000000000E+0000  0.00000000000000000000E+0000  0.00000000000000000000E+0000  6.93633402163125434327E-0002
 1.13099999999999999997E-0009  0.00000000000000000000E+0000 -1.98262549580783343630E-0001  2.29392105237856629616E-0002 -1.98262549580783343630E-0001  1.04999999999999999996E+0000  1.39148518491591221039E+0000  1.46378523528276179944E+0000  1.30845782164484662833E+0000  0.00000000000000000000E+0000  2.34433159148802059510E+0002  0.00000000000000000000E+0000  4.19203258616825946426E-0040  4.20333580279557800181E-0003  1.15122517768019893141E-0034  0.00000000000000000000E+0000  2.21831963850672772773E+0002  0.00000000000000000000E+0000  0.00000000000000000000E+0000  2.21291361393469727337E+0002  0.00000000000000000000E+0000  0.00000000000000000000E+0000  0.00000000000000000000E+0000  0.00000000000000000000E+0000  0.00000000000000000000E+0000 -1.16320925570383247540E-0005 -2.12703786320596331737E+0000  0.00000000000000000000E+0000  0.00000000000000000000E+0000  0.00000000000000000000E+0000  7.02005843191427263142E-0002
 1.15400000000000000001E-0009  0.00000000000000000000E+0000 -1.99349582469343769128E-0001  2.29984664585859685750E-0002 -1.99349582469343769128E-0001  1.04999999999999999996E+0000  1.39148894115162794134E+0000  1.46378743792689719461E+0000  1.30845903096871796429E+0000  0.00000000000000000000E+0000  2.34433159148802059510E+0002  0.00000000000000000000E+0000  4.19265763146374188200E-0040  4.20378019410138387959E-0003  1.15128250026356813382E-0034  0.00000000000000000000E+0000  2.21848776628801418631E+0002  0.00000000000000000000E+0000  0.00000000000000000000E+0000  2.21297008411345049253E+0002  0.00000000000000000000E+0000  0.00000000000000000000E+0000  0.00000000000000000000E+0000  0.00000000000000000000E+0000  0.00000000000000000000E+0000 -1.09478709732655286246E-0005 -2.12856935537411346457E+0000  0.00000000000000000000E+0000  0.00000000000000000000E+0000  0.00000000000000000000E+0000  7.11732533541791102179E-0002
 1.17699999999999999995E-0009  0.00000000000000000000E+0000 -2.01829167534724951351E-0001  2.31499035857292120729E-0002 -2.01829167534724951351E-0001  1.04999999999999999996E+0000  1.39149267934578200036E+0000  1.46378963771671222931E+0000  1.30846023877457524290E+0000  0.00000000000000000000E+0000  2.34433159148802059510E+0002  0.00000000000000000000E+0000  4.19327991768860404625E-0040  4.20422383153623194753E-0003  1.15133976701825680998E-0034  0.00000000000000000000E+0000  2.21865567569196218148E+0002  0.00000000000000000000E+0000  0.00000000000000000000E+0000  2.21302638395596058651E+0002  0.00000000000000000000E+0000  0.00000000000000000000E+0000  0.00000000000000000000E+0000  0.00000000000000000000E+0000  0.00000000000000000000E+0000 -1.15070732303910281398E-0005 -2.12823468534931021547E+0000  0.00000000000000000000E+0000  0.00000000000000000000E+0000  0.00000000000000000000E+0000  7.20103661536144632347E-0002
 1.20099999999999999998E-0009  0.00000000000000000000E+0000 -2.03076918317410871860E-0001  2.32038459968969375565E-0002 -2.03076918317410871860E-0001  1.04999999999999999996E+0000  1.39149655537509754210E+0000  1.46379192917561972787E+0000  1.30846149712941579348E+0000  0.00000000000000000000E+0000  2.34433159148802059510E+0002  0.00000000000000000000E+0000  4.19392532064110233567E-0040  4.20468565680814447545E-0003  1.15139944878827915133E-0034  0.00000000000000000000E+0000  2.21883056776424853043E+0002  0.00000000000000000000E+0000  0.00000000000000000000E+0000  2.21308487623955347512E+0002  0.00000000000000000000E+0000  0.00000000000000000000E+0000  0.00000000000000000000E+0000  0.00000000000000000000E+0000  0.00000000000000000000E+0000 -1.09680279241108760354E-0005 -2.12954422322812611328E+0000  0.00000000000000000000E+0000  0.00000000000000000000E+0000  0.00000000000000000000E+0000  7.29810269615009318348E-0002
 1.22500000000000000000E-0009  0.00000000000000000000E+0000 -2.04488994524957119704E-0001  2.33668683238641630785E-0002 -2.04488994524957119704E-0001  1.04999999999999999996E+0000  1.39150040799916384306E+0000  1.46379421680145897658E+0000  1.30846275372948221076E+0000  0.00000000000000000000E+0000  2.34433159148802059510E+0002  0.00000000000000000000E+0000  4.19456701143897835902E-0040  4.20514643154457240596E-0003  1.15145906497183635720E-0034  0.00000000000000000000E+0000  2.21900515261189481706E+0002  0.00000000000000000000E+0000  0.00000000000000000000E+0000  2.21314313615823852296E+0002  0.00000000000000000000E+0000  0.00000000000000000000E+0000  0.00000000000000000000E+0000  0.00000000000000000000E+0000  0.00000000000000000000E+0000 -1.05890288857101260471E-0005 -2.13060329576669485745E+0000  0.00000000000000000000E+0000  0.00000000000000000000E+0000  0.00000000000000000000E+0000  7.39091003187360250223E-0002
 1.24900000000000000002E-0009  0.00000000000000000000E+0000 -2.07181567083941594375E-0001  2.34577743903399042585E-0002 -2.07181567083941594375E-0001  1.04999999999999999996E+0000  1.39150424307141540781E+0000  1.46379650150082559520E+0000  1.30846400909300794450E+0000  0.00000000000000000000E+0000  2.34433159148802059510E+0002  0.00000000000000000000E+0000  4.19520604161467751699E-0040  4.20560644898364931325E-0003  1.15151863797075283379E-0034  0.00000000000000000000E+0000  2.21917951456509954869E+0002  0.00000000000000000000E+0000  0.00000000000000000000E+0000  2.21320122564688569353E+0002  0.00000000000000000000E+0000  0.00000000000000000000E+0000  0.00000000000000000000E+0000  0.00000000000000000000E+0000  0.00000000000000000000E+0000 -1.13392219307183545229E-0005 -2.12997516919305744545E+0000  0.00000000000000000000E+0000  0.00000000000000000000E+0000  0.00000000000000000000E+0000  7.47440574765864976261E-0002
 1.27400000000000000002E-0009  0.00000000000000000000E+0000 -2.08556456522205231510E-0001  2.34984835502884301904E-0002 -2.08556456522205231510E-0001  1.04999999999999999996E+0000  1.39150821363701633702E+0000  1.46379887727696962607E+0000  1.30846531515163352986E+0000  0.00000000000000000000E+0000  2.34433159148802059510E+0002  0.00000000000000000000E+0000  4.19586780031208901524E-0040  4.20608449905477352297E-0003  1.15158063350055206803E-0034  0.00000000000000000000E+0000  2.21936080783145280620E+0002  0.00000000000000000000E+0000  0.00000000000000000000E+0000  2.21326147986735027470E+0002  0.00000000000000000000E+0000  0.00000000000000000000E+0000  0.00000000000000000000E+0000  0.00000000000000000000E+0000  0.00000000000000000000E+0000 -1.09448710647733037772E-0005 -2.13105199783008313909E+0000  0.00000000000000000000E+0000  0.00000000000000000000E+0000  0.00000000000000000000E+0000  7.57001755520905027767E-0002
 1.30000000000000000000E-0009  0.00000000000000000000E+0000 -2.10265954234531981471E-0001  2.36369642338570829480E-0002 -2.10265954234531981471E-0001  1.04999999999999999996E+0000  1.39151231856475076233E+0000  1.46380134386569990491E+0000  1.30846667193693250663E+0000  0.00000000000000000000E+0000  2.34433159148802059510E+0002  0.00000000000000000000E+0000  4.19655217656098586100E-0040  4.20658053556117080267E-0003  1.15164505439868248468E-0034  0.00000000000000000000E+0000  2.21954901552478695487E+0002  0.00000000000000000000E+0000  0.00000000000000000000E+0000  2.21332389574856742337E+0002  0.00000000000000000000E+0000  0.00000000000000000000E+0000  0.00000000000000000000E+0000  0.00000000000000000000E+0000  0.00000000000000000000E+0000 -1.07877703934521627105E-0005 -2.13178467320173446590E+0000  0.00000000000000000000E+0000  0.00000000000000000000E+0000  0.00000000000000000000E+0000  7.66463951605042859928E-0002
 1.32599999999999999999E-0009  0.00000000000000000000E+0000 -2.11985152421795228672E-0001  2.37501512541777580365E-0002 -2.11985152421795228672E-0001  1.04999999999999999996E+0000  1.39151639971782241422E+0000  1.46380380628571441664E+0000  1.30846802734744235277E+0000  0.00000000000000000000E+0000  2.34433159148802059510E+0002  0.00000000000000000000E+0000  4.19723276020165573878E-0040  4.20707543930115289484E-0003  1.15170942576828254401E-0034  0.00000000000000000000E+0000  2.21973688365224504859E+0002  0.00000000000000000000E+0000  0.00000000000000000000E+0000  2.21338607122101032193E+0002  0.00000000000000000000E+0000  0.00000000000000000000E+0000  0.00000000000000000000E+0000  0.00000000000000000000E+0000  0.00000000000000000000E+0000 -1.06702853203970169477E-0005 -2.13244737301691821680E+0000  0.00000000000000000000E+0000  0.00000000000000000000E+0000  0.00000000000000000000E+0000  7.75812623512144980593E-0002
 1.35300000000000000005E-0009  0.00000000000000000000E+0000 -2.12739135116846646235E-0001  2.38571474583891170191E-0002 -2.12739135116846646235E-0001  1.04999999999999999996E+0000  1.39152060875026390525E+0000  1.46380635822717025544E+0000  1.30846943333023666019E+0000  0.00000000000000000000E+0000  2.34433159148802059510E+0002  0.00000000000000000000E+0000  4.19793485661703018314E-0040  4.20758795956715841389E-0003  1.15177621659269240361E-0034  0.00000000000000000000E+0000  2.21993155281193392206E+0002  0.00000000000000000000E+0000  0.00000000000000000000E+0000  2.21345032988733132859E+0002  0.00000000000000000000E+0000  0.00000000000000000000E+0000  0.00000000000000000000E+0000  0.00000000000000000000E+0000  0.00000000000000000000E+0000 -9.73437056771944802982E-0006 -2.13432239951871868702E+0000  0.00000000000000000000E+0000  0.00000000000000000000E+0000  0.00000000000000000000E+0000  7.85925234148226988174E-0002
 1.38000000000000000001E-0009  0.00000000000000000000E+0000 -2.14979255243017737509E-0001  2.39498059491015935411E-0002 -2.14979255243017737509E-0001  1.04999999999999999996E+0000  1.39152479537217880904E+0000  1.46380890610091280238E+0000  1.30847083820989347957E+0000  0.00000000000000000000E+0000  2.34433159148802059510E+0002  0.00000000000000000000E+0000  4.19863347685888684383E-0040  4.20809941430270118532E-0003  1.15184296981928556457E-0034  0.00000000000000000000E+0000  2.22012589801558181221E+0002  0.00000000000000000000E+0000  0.00000000000000000000E+0000  2.21351436751262568681E+0002  0.00000000000000000000E+0000  0.00000000000000000000E+0000  0.00000000000000000000E+0000  0.00000000000000000000E+0000  0.00000000000000000000E+0000 -1.00450095676591974346E-0005 -2.13434799840812523602E+0000  0.00000000000000000000E+0000  0.00000000000000000000E+0000  0.00000000000000000000E+0000  7.95072958931237422654E-0002
 1.40799999999999999995E-0009  0.00000000000000000000E+0000 -2.16102917433172410459E-0001  2.40326344925682618296E-0002 -2.16102917433172410459E-0001  1.04999999999999999996E+0000  1.39152910886195015018E+0000  1.46381154313833530833E+0000  1.30847229384713276362E+0000  0.00000000000000000000E+0000  2.34433159148802059510E+0002  0.00000000000000000000E+0000  4.19935343817177479081E-0040  4.20862839450182055872E-0003  1.15191215001835074259E-0034  0.00000000000000000000E+0000  2.22032701133580382055E+0002  0.00000000000000000000E+0000  0.00000000000000000000E+0000  2.21358047527799444168E+0002  0.00000000000000000000E+0000  0.00000000000000000000E+0000  0.00000000000000000000E+0000  0.00000000000000000000E+0000  0.00000000000000000000E+0000 -9.43199975594038030813E-0006 -2.13573693137641477924E+0000  0.00000000000000000000E+0000  0.00000000000000000000E+0000  0.00000000000000000000E+0000  8.05019730531852205013E-0002
 1.43600000000000000000E-0009  0.00000000000000000000E+0000 -2.18583719960455306376E-0001  2.41239632407992525982E-0002 -2.18583719960455306376E-0001  1.04999999999999999996E+0000  1.39153340015659221843E+0000  1.46381417601185088268E+0000  1.30847374856698090719E+0000  0.00000000000000000000E+0000  2.34433159148802059510E+0002  0.00000000000000000000E+0000  4.20006994996341798714E-0040  4.20915628829998224017E-0003  1.15198129969883987569E-0034  0.00000000000000000000E+0000  2.22052779014551368172E+0002  0.00000000000000000000E+0000  0.00000000000000000000E+0000  2.21364636281279724833E+0002  0.00000000000000000000E+0000  0.00000000000000000000E+0000  0.00000000000000000000E+0000  0.00000000000000000000E+0000  0.00000000000000000000E+0000 -9.93430706247629473774E-0006 -2.13547566398541629204E+0000  0.00000000000000000000E+0000  0.00000000000000000000E+0000  0.00000000000000000000E+0000  8.14124263960898661370E-0002
 1.46500000000000000002E-0009  0.00000000000000000000E+0000 -2.19849140057464738734E-0001  2.42030358871456731307E-0002 -2.19849140057464738734E-0001  1.04999999999999999996E+0000  1.39153781642194344643E+0000  1.46381689752856765699E+0000  1.30847525416892489214E+0000  0.00000000000000000000E+0000  2.34433159148802059510E+0002  0.00000000000000000000E+0000  4.20080749334455498271E-0040  4.20970157216736660564E-0003  1.15205288157013625888E-0034  0.00000000000000000000E+0000  2.22073529053456371354E+0002  0.00000000000000000000E+0000  0.00000000000000000000E+0000  2.21371429867937337829E+0002  0.00000000000000000000E+0000  0.00000000000000000000E+0000  0.00000000000000000000E+0000  0.00000000000000000000E+0000  0.00000000000000000000E+0000 -9.44988816789213247112E-0006 -2.13666645142419640824E+0000  0.00000000000000000000E+0000  0.00000000000000000000E+0000  0.00000000000000000000E+0000  8.24015888098849515192E-0002
 1.49400000000000000004E-0009  0.00000000000000000000E+0000 -2.22449200677435470156E-0001  2.42921591912147775957E-0002 -2.22449200677435470156E-0001  1.04999999999999999996E+0000  1.39154221018596107999E+0000  1.46381961469377828316E+0000  1.30847675899222505992E+0000  0.00000000000000000000E+0000  2.34433159148802059510E+0002  0.00000000000000000000E+0000  4.20154153601619282534E-0040  4.21024572473794192515E-0003  1.15212443831954944473E-0034  0.00000000000000000000E+0000  2.22094243856608199617E+0002  0.00000000000000000000E+0000  0.00000000000000000000E+0000  2.21378201028439748718E+0002  0.00000000000000000000E+0000  0.00000000000000000000E+0000  0.00000000000000000000E+0000  0.00000000000000000000E+0000  0.00000000000000000000E+0000 -1.00419359102350066262E-0005 -2.13626932275260690910E+0000  0.00000000000000000000E+0000  0.00000000000000000000E+0000  0.00000000000000000000E+0000  8.33148600333628347361E-0002
 1.52400000000000000004E-0009  0.00000000000000000000E+0000 -2.23756557171287182769E-0001  2.43673200582826922268E-0002 -2.23756557171287182769E-0001  1.04999999999999999996E+0000  1.39154672662860774549E+0000  1.46382241990027153029E+0000  1.30847831479135980005E+0000  0.00000000000000000000E+0000  2.34433159148802059510E+0002  0.00000000000000000000E+0000  4.20229623914896173343E-0040  4.21080711006146509087E-0003  1.15219843139888680359E-0034  0.00000000000000000000E+0000  2.22115625454170327491E+0002  0.00000000000000000000E+0000  0.00000000000000000000E+0000  2.21385174455743661090E+0002  0.00000000000000000000E+0000  0.00000000000000000000E+0000  0.00000000000000000000E+0000  0.00000000000000000000E+0000  0.00000000000000000000E+0000 -9.60265611668591587340E-0006 -2.13738554954010548294E+0000  0.00000000000000000000E+0000  0.00000000000000000000E+0000  0.00000000000000000000E+0000  8.43039938970912150083E-0002
 1.55500000000000000003E-0009  0.00000000000000000000E+0000 -2.25427514129997516313E-0001  2.44625931185103060546E-0002 -2.25427514129997516313E-0001  1.04999999999999999996E+0000  1.39155136483772432214E+0000  1.46382531288400599429E+0000  1.30847992162155200054E+0000  0.00000000000000000000E+0000  2.34433159148802059510E+0002  0.00000000000000000000E+0000  4.20307153671493151691E-0040  4.21138568901239337793E-0003  1.15227486394490685598E-0034  0.00000000000000000000E+0000  2.22137672210591357230E+0002  0.00000000000000000000E+0000  0.00000000000000000000E+0000  2.21392350254253504879E+0002  0.00000000000000000000E+0000  0.00000000000000000000E+0000  0.00000000000000000000E+0000  0.00000000000000000000E+0000  0.00000000000000000000E+0000 -9.42492602358368634813E-0006 -2.13812272922716250742E+0000  0.00000000000000000000E+0000  0.00000000000000000000E+0000  0.00000000000000000000E+0000  8.52923079869102648679E-0002
 1.58600000000000000001E-0009  0.00000000000000000000E+0000 -2.27132499135699771802E-0001  2.45530503794847698040E-0002 -2.27132499135699771802E-0001  1.04999999999999999996E+0000  1.39155597507452798796E+0000  1.46382820021732335057E+0000  1.30848152772047827421E+0000  0.00000000000000000000E+0000  2.34433159148802059510E+0002  0.00000000000000000000E+0000  4.20384236250242111087E-0040  4.21196276044395939093E-0003  1.15235127310787814308E-0034  0.00000000000000000000E+0000  2.22159671378605959285E+0002  0.00000000000000000000E+0000  0.00000000000000000000E+0000  2.21399497130749749560E+0002  0.00000000000000000000E+0000  0.00000000000000000000E+0000  0.00000000000000000000E+0000  0.00000000000000000000E+0000  0.00000000000000000000E+0000 -9.30261555999659348640E-0006 -2.13876748944118203139E+0000  0.00000000000000000000E+0000  0.00000000000000000000E+0000  0.00000000000000000000E+0000  8.62643784743624348271E-0002
 1.61799999999999999997E-0009  0.00000000000000000000E+0000 -2.29036850467018659135E-0001  2.46147091219620075631E-0002 -2.29036850467018659135E-0001  1.04999999999999999996E+0000  1.39156070555621514859E+0000  1.46383117485237855321E+0000  1.30848318495727968457E+0000  0.00000000000000000000E+0000  2.34433159148802059510E+0002  0.00000000000000000000E+0000  4.20463355862746984678E-0040  4.21255691257395601546E-0003  1.15243012659459511280E-0034  0.00000000000000000000E+0000  2.22182331744614402602E+0002  0.00000000000000000000E+0000  0.00000000000000000000E+0000  2.21406844209210810062E+0002  0.00000000000000000000E+0000  0.00000000000000000000E+0000  0.00000000000000000000E+0000  0.00000000000000000000E+0000  0.00000000000000000000E+0000 -9.31903946647569326639E-0006 -2.13921257220585478822E+0000  0.00000000000000000000E+0000  0.00000000000000000000E+0000  0.00000000000000000000E+0000  8.72481380764842376140E-0002
 1.65000000000000000003E-0009  0.00000000000000000000E+0000 -2.30886095139646567540E-0001  2.47017122589398169873E-0002 -2.30886095139646567540E-0001  1.04999999999999999996E+0000  1.39156540799330288665E+0000  1.46383414365503172847E+0000  1.30848484159549948184E+0000  0.00000000000000000000E+0000  2.34433159148802059510E+0002  0.00000000000000000000E+0000  4.20542026702768137450E-0040  4.21314951380975802986E-0003  1.15250896218399732959E-0034  0.00000000000000000000E+0000  2.22204942616812676462E+0002  0.00000000000000000000E+0000  0.00000000000000000000E+0000  2.21414162215894061284E+0002  0.00000000000000000000E+0000  0.00000000000000000000E+0000  0.00000000000000000000E+0000  0.00000000000000000000E+0000  0.00000000000000000000E+0000 -9.31784244439721154500E-0006 -2.13967239248730460252E+0000  0.00000000000000000000E+0000  0.00000000000000000000E+0000  0.00000000000000000000E+0000  8.82153930214308535228E-0002
 1.68299999999999999998E-0009  0.00000000000000000000E+0000 -2.31748579953929404002E-0001  2.47913475531521333975E-0002 -2.31748579953929404002E-0001  1.04999999999999999996E+0000  1.39157022432671368837E+0000  1.46383719825931355699E+0000  1.30848654936984487422E+0000  0.00000000000000000000E+0000  2.34433159148802059510E+0002  0.00000000000000000000E+0000  4.20622623667549742778E-0040  4.21375876518070946959E-0003  1.15259024235111272816E-0034  0.00000000000000000000E+0000  2.22228200536815834618E+0002  0.00000000000000000000E+0000  0.00000000000000000000E+0000  2.21421672974018524035E+0002  0.00000000000000000000E+0000  0.00000000000000000000E+0000  0.00000000000000000000E+0000  0.00000000000000000000E+0000  0.00000000000000000000E+0000 -8.56091290983185251543E-0006 -2.14123232242011389114E+0000  0.00000000000000000000E+0000  0.00000000000000000000E+0000  0.00000000000000000000E+0000  8.92256738596800486263E-0002
 1.71700000000000000000E-0009  0.00000000000000000000E+0000 -2.33168416878765921460E-0001  2.48592402467689513978E-0002 -2.33168416878765921460E-0001  1.04999999999999999996E+0000  1.39157515446975998106E+0000  1.46384033853870925725E+0000  1.30848830835098169567E+0000  0.00000000000000000000E+0000  2.34433159148802059510E+0002  0.00000000000000000000E+0000  4.20705153214242732280E-0040  4.21438466765228518982E-0003  1.15267397071013324857E-0034  0.00000000000000000000E+0000  2.22252105016715260380E+0002  0.00000000000000000000E+0000  0.00000000000000000000E+0000  2.21429377526701714834E+0002  0.00000000000000000000E+0000  0.00000000000000000000E+0000  0.00000000000000000000E+0000  0.00000000000000000000E+0000  0.00000000000000000000E+0000 -8.21488118078505875764E-0006 -2.14219583778603991529E+0000  0.00000000000000000000E+0000  0.00000000000000000000E+0000  0.00000000000000000000E+0000  9.02337040625779489267E-0002
 1.75100000000000000002E-0009  0.00000000000000000000E+0000 -2.35802432243069848609E-0001  2.49071923458764108477E-0002 -2.35802432243069848609E-0001  1.04999999999999999996E+0000  1.39158005779689583441E+0000  1.46384347298059296321E+0000  1.30849006693150096442E+0000  0.00000000000000000000E+0000  2.34433159148802059510E+0002  0.00000000000000000000E+0000  4.20787262805848843241E-0040  4.21500906458554369930E-0003  1.15275768996759030591E-0034  0.00000000000000000000E+0000  2.22275960563114767243E+0002  0.00000000000000000000E+0000  0.00000000000000000000E+0000  2.21437054891513505864E+0002  0.00000000000000000000E+0000  0.00000000000000000000E+0000  0.00000000000000000000E+0000  0.00000000000000000000E+0000  0.00000000000000000000E+0000 -8.79950811695593327572E-0006 -2.14179845115679728289E+0000  0.00000000000000000000E+0000  0.00000000000000000000E+0000  0.00000000000000000000E+0000  9.11957385466650604199E-0002
 1.78700000000000000000E-0009  0.00000000000000000000E+0000 -2.37328299472957059837E-0001  2.49756616121296216070E-0002 -2.37328299472957059837E-0001  1.04999999999999999996E+0000  1.39158521537359727263E+0000  1.46384678425292889402E+0000  1.30849192850594822017E+0000  0.00000000000000000000E+0000  2.34433159148802059510E+0002  0.00000000000000000000E+0000  4.20873653008058787520E-0040  4.21566818737982606669E-0003  1.15284632308673803149E-0034  0.00000000000000000000E+0000  2.22301154604734591075E+0002  0.00000000000000000000E+0000  0.00000000000000000000E+0000  2.21445145990590522386E+0002  0.00000000000000000000E+0000  0.00000000000000000000E+0000  0.00000000000000000000E+0000  0.00000000000000000000E+0000  0.00000000000000000000E+0000 -8.51578288946709988553E-0006 -2.14267254554382563015E+0000  0.00000000000000000000E+0000  0.00000000000000000000E+0000  0.00000000000000000000E+0000  9.22239125134821391912E-0002
 1.82200000000000000001E-0009  0.00000000000000000000E+0000 -2.38792536191944754738E-0001  2.50785303212189667773E-0002 -2.38792536191944754738E-0001  1.04999999999999999996E+0000  1.39159019795770521461E+0000  1.46384999644180209967E+0000  1.30849373800006904827E+0000  0.00000000000000000000E+0000  2.34433159148802059510E+0002  0.00000000000000000000E+0000  4.20957131202785635107E-0040  4.21630711239853181819E-0003  1.15293248642667366685E-0034  0.00000000000000000000E+0000  2.22325586684596243237E+0002  0.00000000000000000000E+0000  0.00000000000000000000E+0000  2.21452980343441650765E+0002  0.00000000000000000000E+0000  0.00000000000000000000E+0000  0.00000000000000000000E+0000  0.00000000000000000000E+0000  0.00000000000000000000E+0000 -8.24976815984882612669E-0006 -2.14349765626958634578E+0000  0.00000000000000000000E+0000  0.00000000000000000000E+0000  0.00000000000000000000E+0000  9.32039587149359080340E-0002
 1.85899999999999999997E-0009  0.00000000000000000000E+0000 -2.40702922544496471591E-0001  2.51046176723034270595E-0002 -2.40702922544496471591E-0001  1.04999999999999999996E+0000  1.39159543216622746411E+0000  1.46385338466172199197E+0000  1.30849565056103619683E+0000  0.00000000000000000000E+0000  2.34433159148802059510E+0002  0.00000000000000000000E+0000  4.21044859721660504445E-0040  4.21698060650616039403E-0003  1.15302356797911053790E-0034  0.00000000000000000000E+0000  2.22351351619018072353E+0002  0.00000000000000000000E+0000  0.00000000000000000000E+0000  2.21461225649956328157E+0002  0.00000000000000000000E+0000  0.00000000000000000000E+0000  0.00000000000000000000E+0000  0.00000000000000000000E+0000  0.00000000000000000000E+0000 -8.27008665590162050376E-0006 -2.14392073097882602541E+0000  0.00000000000000000000E+0000  0.00000000000000000000E+0000  0.00000000000000000000E+0000  9.42210149201626651595E-0002
 1.89600000000000000003E-0009  0.00000000000000000000E+0000 -2.42555636817306034551E-0001  2.51843199792497051960E-0002 -2.42555636817306034551E-0001  1.04999999999999999996E+0000  1.39160063376301457215E+0000  1.46385676536380849330E+0000  1.30849756283835152754E+0000  0.00000000000000000000E+0000  2.34433159148802059510E+0002  0.00000000000000000000E+0000  4.21132063825769622903E-0040  4.21765211926850657404E-0003  1.15311464596142529112E-0034  0.00000000000000000000E+0000  2.22377050854719837542E+0002  0.00000000000000000000E+0000  0.00000000000000000000E+0000  2.21469437532907188662E+0002  0.00000000000000000000E+0000  0.00000000000000000000E+0000  0.00000000000000000000E+0000  0.00000000000000000000E+0000  0.00000000000000000000E+0000 -8.27152381512124166317E-0006 -2.14436033009666863537E+0000  0.00000000000000000000E+0000  0.00000000000000000000E+0000  0.00000000000000000000E+0000  9.52167935484078772443E-0002
 1.93400000000000000008E-0009  0.00000000000000000000E+0000 -2.43474205139179707656E-0001  2.52604730376372206919E-0002 -2.43474205139179707656E-0001  1.04999999999999999996E+0000  1.39160593869309045362E+0000  1.46386022872778408059E+0000  1.30849952652380794758E+0000  0.00000000000000000000E+0000  2.34433159148802059510E+0002  0.00000000000000000000E+0000  4.21221023954243998638E-0040  4.21833947763943671399E-0003  1.15320818263957234810E-0034  0.00000000000000000000E+0000  2.22403368560968198051E+0002  0.00000000000000000000E+0000  0.00000000000000000000E+0000  2.21477830652495353239E+0002  0.00000000000000000000E+0000  0.00000000000000000000E+0000  0.00000000000000000000E+0000  0.00000000000000000000E+0000  0.00000000000000000000E+0000 -7.59835370457286009038E-0006 -2.14577185782623307470E+0000  0.00000000000000000000E+0000  0.00000000000000000000E+0000  0.00000000000000000000E+0000  9.62364437413477426061E-0002
 1.97300000000000000010E-0009  0.00000000000000000000E+0000 -2.45967377944867578962E-0001  2.52814972308465373023E-0002 -2.45967377944867578962E-0001  1.04999999999999999996E+0000  1.39161135080194607355E+0000  1.46386377553517621041E+0000  1.30850154168825421545E+0000  0.00000000000000000000E+0000  2.34433159148802059510E+0002  0.00000000000000000000E+0000  4.21311817932841816754E-0040  4.21904296230069772028E-0003  1.15330418157256640984E-0034  0.00000000000000000000E+0000  2.22430313353429160578E+0002  0.00000000000000000000E+0000  0.00000000000000000000E+0000  2.21486410961652384760E+0002  0.00000000000000000000E+0000  0.00000000000000000000E+0000  0.00000000000000000000E+0000  0.00000000000000000000E+0000  0.00000000000000000000E+0000 -8.04727963431685103892E-0006 -2.14556678076009723754E+0000  0.00000000000000000000E+0000  0.00000000000000000000E+0000  0.00000000000000000000E+0000  9.72471278863007113034E-0002
 2.01299999999999999990E-0009  0.00000000000000000000E+0000 -2.47246396851859891080E-0001  2.53646449534199227393E-0002 -2.47246396851859891080E-0001  1.04999999999999999996E+0000  1.39161686351205750756E+0000  1.46386740409925759216E+0000  1.30850360833207409687E+0000  0.00000000000000000000E+0000  2.34433159148802059510E+0002  0.00000000000000000000E+0000  4.21404320852672752934E-0040  4.21976205326287482011E-0003  1.15340264322293076922E-0034  0.00000000000000000000E+0000  2.22457867689757025367E+0002  0.00000000000000000000E+0000  0.00000000000000000000E+0000  2.21495170129834238387E+0002  0.00000000000000000000E+0000  0.00000000000000000000E+0000  0.00000000000000000000E+0000  0.00000000000000000000E+0000  0.00000000000000000000E+0000 -7.62679083625971692698E-0006 -2.14661191748754116154E+0000  0.00000000000000000000E+0000  0.00000000000000000000E+0000  0.00000000000000000000E+0000  9.82744669848580399267E-0002
 2.05299999999999999990E-0009  0.00000000000000000000E+0000 -2.48749466374080136817E-0001  2.54222158317373563894E-0002 -2.48749466374080136817E-0001  1.04999999999999999996E+0000  1.39162233975513215307E+0000  1.46387102376104009851E+0000  1.30850567483126871112E+0000  0.00000000000000000000E+0000  2.34433159148802059510E+0002  0.00000000000000000000E+0000  4.21496240029344795772E-0040  4.22047882558859023170E-0003  1.15350110806704521000E-0034  0.00000000000000000000E+0000  2.22485343862728032344E+0002  0.00000000000000000000E+0000  0.00000000000000000000E+0000  2.21503891302142254027E+0002  0.00000000000000000000E+0000  0.00000000000000000000E+0000  0.00000000000000000000E+0000  0.00000000000000000000E+0000  0.00000000000000000000E+0000 -7.39617442363878794205E-0006 -2.14737245798707097172E+0000  0.00000000000000000000E+0000  0.00000000000000000000E+0000  0.00000000000000000000E+0000  9.92831517607528448824E-0002
 2.09400000000000000009E-0009  0.00000000000000000000E+0000 -2.50509865388884388773E-0001  2.54588762514890066446E-0002 -2.50509865388884388773E-0001  1.04999999999999999996E+0000  1.39162791634066321527E+0000  1.46387472485887249406E+0000  1.30850779288309671563E+0000  0.00000000000000000000E+0000  2.34433159148802059510E+0002  0.00000000000000000000E+0000  4.21589875196821609350E-0040  4.22121117755888041208E-0003  1.15360203940071698463E-0034  0.00000000000000000000E+0000  2.22513428017422794800E+0002  0.00000000000000000000E+0000  0.00000000000000000000E+0000  2.21512791080634025370E+0002  0.00000000000000000000E+0000  0.00000000000000000000E+0000  0.00000000000000000000E+0000  0.00000000000000000000E+0000  0.00000000000000000000E+0000 -7.34532978306896734703E-0006 -2.14787343313160204814E+0000  0.00000000000000000000E+0000  0.00000000000000000000E+0000  0.00000000000000000000E+0000  1.00297371194294361732E-0001
 2.13600000000000000005E-0009  0.00000000000000000000E+0000 -2.52410528300632052724E-0001  2.55043451462423624332E-0002 -2.52410528300632052724E-0001  1.04999999999999999996E+0000  1.39163359181516964064E+0000  1.46387850690252016832E+0000  1.30850996251395290931E+0000  0.00000000000000000000E+0000  2.34433159148802059510E+0002  0.00000000000000000000E+0000  4.21685200801221183721E-0040  4.22195897814114427433E-0003  1.15370543887611678343E-0034  0.00000000000000000000E+0000  2.22542115154972512739E+0002  0.00000000000000000000E+0000  0.00000000000000000000E+0000  2.21521868591052863887E+0002  0.00000000000000000000E+0000  0.00000000000000000000E+0000  0.00000000000000000000E+0000  0.00000000000000000000E+0000  0.00000000000000000000E+0000 -7.38913380921287332647E-0006 -2.14823754742456249746E+0000  0.00000000000000000000E+0000  0.00000000000000000000E+0000  0.00000000000000000000E+0000  1.01315410970111240125E-0001
 2.17900000000000000000E-0009  0.00000000000000000000E+0000 -2.54384134554605621987E-0001  2.55496674454074593753E-0002 -2.54384134554605621987E-0001  1.04999999999999999996E+0000  1.39163936448703094175E+0000  1.46388236933595764140E+0000  1.30851218374717404632E+0000  0.00000000000000000000E+0000  2.34433159148802059510E+0002  0.00000000000000000000E+0000  4.21782189288805612511E-0040  4.22272208653871824950E-0003  1.15381130805412229480E-0034  0.00000000000000000000E+0000  2.22571400099066875361E+0002  0.00000000000000000000E+0000  0.00000000000000000000E+0000  2.21531122048621047768E+0002  0.00000000000000000000E+0000  0.00000000000000000000E+0000  0.00000000000000000000E+0000  0.00000000000000000000E+0000  0.00000000000000000000E+0000 -7.48117159471254164719E-0006 -2.14853144381479534424E+0000  0.00000000000000000000E+0000  0.00000000000000000000E+0000  0.00000000000000000000E+0000  1.02338671581561118733E-0001
 2.22299999999999999992E-0009  0.00000000000000000000E+0000 -2.55399058613604263492E-0001  2.56184546725953027852E-0002 -2.55399058613604263492E-0001  1.04999999999999999996E+0000  1.39164522880571398867E+0000  1.46388631060060706328E+0000  1.30851445660293581874E+0000  0.00000000000000000000E+0000  2.34433159148802059510E+0002  0.00000000000000000000E+0000  4.21880743037974396720E-0040  4.22350006296691074032E-0003  1.15391964836932158489E-0034  0.00000000000000000000E+0000  2.22601267545377668786E+0002  0.00000000000000000000E+0000  0.00000000000000000000E+0000  2.21540545001432127775E+0002  0.00000000000000000000E+0000  0.00000000000000000000E+0000  0.00000000000000000000E+0000  0.00000000000000000000E+0000  0.00000000000000000000E+0000 -6.91308495837644593796E-0006 -2.14976804492660907107E+0000  0.00000000000000000000E+0000  0.00000000000000000000E+0000  0.00000000000000000000E+0000  1.03367435251847968198E-0001
 2.26700000000000000004E-0009  0.00000000000000000000E+0000 -2.57745937953539711648E-0001  2.56337599226328504689E-0002 -2.57745937953539711648E-0001  1.04999999999999999996E+0000  1.39165105638742754113E+0000  1.46389024225031225720E+0000  1.30851672945147985206E+0000  0.00000000000000000000E+0000  2.34433159148802059510E+0002  0.00000000000000000000E+0000  4.21978716343321618539E-0040  4.22427559703172677942E-0003  1.15402799883601907575E-0034  0.00000000000000000000E+0000  2.22631050597028321059E+0002  0.00000000000000000000E+0000  0.00000000000000000000E+0000  2.21549930481799204951E+0002  0.00000000000000000000E+0000  0.00000000000000000000E+0000  0.00000000000000000000E+0000  0.00000000000000000000E+0000  0.00000000000000000000E+0000 -7.28879124181955750912E-0006 -2.14964423583192949883E+0000  0.00000000000000000000E+0000  0.00000000000000000000E+0000  0.00000000000000000000E+0000  1.04379523135353224480E-0001
 2.31299999999999999993E-0009  0.00000000000000000000E+0000 -2.59075404045049800583E-0001  2.56861681008376814387E-0002 -2.59075404045049800583E-0001  1.04999999999999999996E+0000  1.39165710539882378006E+0000  1.46389434108530114547E+0000  1.30851910562341032811E+0000  0.00000000000000000000E+0000  2.34433159148802059510E+0002  0.00000000000000000000E+0000  4.22080441035424932484E-0040  4.22508338725499829321E-0003  1.15414128589352993540E-0034  0.00000000000000000000E+0000  2.22662084328985507092E+0002  0.00000000000000000000E+0000  0.00000000000000000000E+0000  2.21559694475396684904E+0002  0.00000000000000000000E+0000  0.00000000000000000000E+0000  0.00000000000000000000E+0000  0.00000000000000000000E+0000  0.00000000000000000000E+0000 -6.94312209812289159360E-0006 -2.15055745054382613799E+0000  0.00000000000000000000E+0000  0.00000000000000000000E+0000  0.00000000000000000000E+0000  1.05413574997350726751E-0001
 2.35900000000000000001E-0009  0.00000000000000000000E+0000 -2.60611986444837746374E-0001  2.57306971913049132841E-0002 -2.60611986444837746374E-0001  1.04999999999999999996E+0000  1.39166311264590412597E+0000  1.46389842869300501149E+0000  1.30852148182580951060E+0000  0.00000000000000000000E+0000  2.34433159148802059510E+0002  0.00000000000000000000E+0000  4.22181494170380497682E-0040  4.22588828119835219783E-0003  1.15425458538112963848E-0034  0.00000000000000000000E+0000  2.22693017078387763344E+0002  0.00000000000000000000E+0000  0.00000000000000000000E+0000  2.21569415991589893339E+0002  0.00000000000000000000E+0000  0.00000000000000000000E+0000  0.00000000000000000000E+0000  0.00000000000000000000E+0000  0.00000000000000000000E+0000 -6.76853547053252787819E-0006 -2.15121544376435943854E+0000  0.00000000000000000000E+0000  0.00000000000000000000E+0000  0.00000000000000000000E+0000  1.06429211899128354586E-0001
 2.40600000000000000007E-0009  0.00000000000000000000E+0000 -2.62364928041328739549E-0001  2.57543847723208113451E-0002 -2.62364928041328739549E-0001  1.04999999999999999996E+0000  1.39166920857251651914E+0000  1.46390259373956325832E+0000  1.30852390973033916896E+0000  0.00000000000000000000E+0000  2.34433159148802059510E+0002  0.00000000000000000000E+0000  4.22284074162757164019E-0040  4.22670775031126072550E-0003  1.15437036116780681502E-0034  0.00000000000000000000E+0000  2.22724520519055363382E+0002  0.00000000000000000000E+0000  0.00000000000000000000E+0000  2.21579303888854262650E+0002  0.00000000000000000000E+0000  0.00000000000000000000E+0000  0.00000000000000000000E+0000  0.00000000000000000000E+0000  0.00000000000000000000E+0000 -6.74429485598037681847E-0006 -2.15165630271187157340E+0000  0.00000000000000000000E+0000  0.00000000000000000000E+0000  0.00000000000000000000E+0000  1.07448761783837142179E-0001
 2.45399999999999999992E-0009  0.00000000000000000000E+0000 -2.64221746661730404909E-0001  2.57849274753694892593E-0002 -2.64221746661730404909E-0001  1.04999999999999999996E+0000  1.39167539169139956718E+0000  1.46390683566423016591E+0000  1.30852638934933523127E+0000  0.00000000000000000000E+0000  2.34433159148802059510E+0002  0.00000000000000000000E+0000  4.22388155064931891703E-0040  4.22754164808242544485E-0003  1.15448861438761822131E-0034  0.00000000000000000000E+0000  2.22756588875330011013E+0002  0.00000000000000000000E+0000  0.00000000000000000000E+0000  2.21589357449897611047E+0002  0.00000000000000000000E+0000  0.00000000000000000000E+0000  0.00000000000000000000E+0000  0.00000000000000000000E+0000  0.00000000000000000000E+0000 -6.79231064306770008698E-0006 -2.15199178560115559852E+0000  0.00000000000000000000E+0000  0.00000000000000000000E+0000  0.00000000000000000000E+0000  1.08469278877738718324E-0001
 2.50399999999999999992E-0009  0.00000000000000000000E+0000 -2.65328505017831181004E-0001  2.58288989147073472126E-0002 -2.65328505017831181004E-0001  1.04999999999999999996E+0000  1.39168178422234346142E+0000  1.46391124084157076143E+0000  1.30852897236129166799E+0000  0.00000000000000000000E+0000  2.34433159148802059510E+0002  0.00000000000000000000E+0000  4.22495792695118273746E-0040  4.22840680709970051508E-0003  1.15461181041295473773E-0034  0.00000000000000000000E+0000  2.22789871148514510762E+0002  0.00000000000000000000E+0000  0.00000000000000000000E+0000  2.21599777875949409317E+0002  0.00000000000000000000E+0000  0.00000000000000000000E+0000  0.00000000000000000000E+0000  0.00000000000000000000E+0000  0.00000000000000000000E+0000 -6.32098936772802544023E-0006 -2.15307095092045082288E+0000  0.00000000000000000000E+0000  0.00000000000000000000E+0000  0.00000000000000000000E+0000  1.09504810863133487039E-0001
 2.55399999999999999993E-0009  0.00000000000000000000E+0000 -2.67684674323859902681E-0001  2.58374395858603229553E-0002 -2.67684674323859902681E-0001  1.04999999999999999996E+0000  1.39168813423302288634E+0000  1.46391563395392185849E+0000  1.30853155544478507745E+0000  0.00000000000000000000E+0000  2.34433159148802059510E+0002  0.00000000000000000000E+0000  4.22602754209870110573E-0040  4.22926891817737526451E-0003  1.15473502201411604197E-0034  0.00000000000000000000E+0000  2.22823045139135365894E+0002  0.00000000000000000000E+0000  0.00000000000000000000E+0000  2.21610156081283995011E+0002  0.00000000000000000000E+0000  0.00000000000000000000E+0000  0.00000000000000000000E+0000  0.00000000000000000000E+0000  0.00000000000000000000E+0000 -6.71121803695984996220E-0006 -2.15291452799738647632E+0000  0.00000000000000000000E+0000  0.00000000000000000000E+0000  0.00000000000000000000E+0000  1.10532180130495968635E-0001
 2.60499999999999999991E-0009  0.00000000000000000000E+0000 -2.68862105549232326905E-0001  2.58852035093984624886E-0002 -2.68862105549232326905E-0001  1.04999999999999999996E+0000  1.39169456338137394061E+0000  1.46392010117761281094E+0000  1.30853419027222420308E+0000  0.00000000000000000000E+0000  2.34433159148802059510E+0002  0.00000000000000000000E+0000  4.22711078207654577730E-0040  4.23014472482527969900E-0003  1.15486071404366956659E-0034  0.00000000000000000000E+0000  2.22856757096954721825E+0002  0.00000000000000000000E+0000  0.00000000000000000000E+0000  2.21620690228520085679E+0002  0.00000000000000000000E+0000  0.00000000000000000000E+0000  0.00000000000000000000E+0000  0.00000000000000000000E+0000  0.00000000000000000000E+0000 -6.32477996559721562622E-0006 -2.15385802661550588471E+0000  0.00000000000000000000E+0000  0.00000000000000000000E+0000  0.00000000000000000000E+0000  1.11545073421821098142E-0001
 2.65700000000000000008E-0009  0.00000000000000000000E+0000 -2.70437319053490705451E-0001  2.58988495719572000193E-0002 -2.70437319053490705451E-0001  1.04999999999999999996E+0000  1.39170107134017177677E+0000  1.46392464223670912412E+0000  1.30853687684539547981E+0000  0.00000000000000000000E+0000  2.34433159148802059510E+0002  0.00000000000000000000E+0000  4.22820768443212975947E-0040  4.23103420779706204941E-0003  1.15498888717155730087E-0034  0.00000000000000000000E+0000  2.22891005510849787283E+0002  0.00000000000000000000E+0000  0.00000000000000000000E+0000  2.21631381689505033220E+0002  0.00000000000000000000E+0000  0.00000000000000000000E+0000  0.00000000000000000000E+0000  0.00000000000000000000E+0000  0.00000000000000000000E+0000 -6.21058079219157575561E-0006 -2.15441150891994262495E+0000  0.00000000000000000000E+0000  0.00000000000000000000E+0000  0.00000000000000000000E+0000  1.12563608172454226222E-0001
 2.71000000000000000002E-0009  0.00000000000000000000E+0000 -2.72178672624600552943E-0001  2.59157599857506495882E-0002 -2.72178672624600552943E-0001  1.04999999999999999996E+0000  1.39170765694102550371E+0000  1.46392925660802662355E+0000  1.30853961516219769693E+0000  0.00000000000000000000E+0000  2.34433159148802059510E+0002  0.00000000000000000000E+0000  4.22931804810737546643E-0040  4.23193723600761374751E-0003  1.15511954193278011670E-0034  0.00000000000000000000E+0000  2.22925785162491120917E+0002  0.00000000000000000000E+0000  0.00000000000000000000E+0000  2.21642229308616032682E+0002  0.00000000000000000000E+0000  0.00000000000000000000E+0000  0.00000000000000000000E+0000  0.00000000000000000000E+0000  0.00000000000000000000E+0000 -6.21262187505779941587E-0006 -2.15479659662288925348E+0000  0.00000000000000000000E+0000  0.00000000000000000000E+0000  0.00000000000000000000E+0000  1.13581215980463841570E-0001
 2.76499999999999999992E-0009  0.00000000000000000000E+0000 -2.74114363370709075647E-0001  2.59269971330559290137E-0002 -2.74114363370709075647E-0001  1.04999999999999999996E+0000  1.39171444151427884674E+0000  1.46393403030020575356E+0000  1.30854245688516965295E+0000  0.00000000000000000000E+0000  2.34433159148802059510E+0002  0.00000000000000000000E+0000  4.23046236168306537175E-0040  4.23287059204372669979E-0003  1.15525514438865608652E-0034  0.00000000000000000000E+0000  2.22961742803210144395E+0002  0.00000000000000000000E+0000  0.00000000000000000000E+0000  2.21653433909192127460E+0002  0.00000000000000000000E+0000  0.00000000000000000000E+0000  0.00000000000000000000E+0000  0.00000000000000000000E+0000  0.00000000000000000000E+0000 -6.32862062912293710984E-0006 -2.15502360605915766444E+0000  0.00000000000000000000E+0000  0.00000000000000000000E+0000  0.00000000000000000000E+0000  1.14617189403301863846E-0001
 2.82000000000000000003E-0009  0.00000000000000000000E+0000 -2.75885254386745233559E-0001  2.59552839220106543893E-0002 -2.75885254386745233559E-0001  1.04999999999999999996E+0000  1.39172117691450805189E+0000  1.46393878911355885674E+0000  1.30854529866959954645E+0000  0.00000000000000000000E+0000  2.34433159148802059510E+0002  0.00000000000000000000E+0000  4.23159873173345546233E-0040  4.23380016430629573263E-0003  1.15539076379490296734E-0034  0.00000000000000000000E+0000  2.22997563484126816141E+0002  0.00000000000000000000E+0000  0.00000000000000000000E+0000  2.21664589452146920445E+0002  0.00000000000000000000E+0000  0.00000000000000000000E+0000  0.00000000000000000000E+0000  0.00000000000000000000E+0000  0.00000000000000000000E+0000 -6.36515234834324083268E-0006 -2.15535301892816006514E+0000  0.00000000000000000000E+0000  0.00000000000000000000E+0000  0.00000000000000000000E+0000  1.15628958869091338223E-0001
 2.87700000000000000009E-0009  0.00000000000000000000E+0000 -2.76908175478100391901E-0001  2.59765037256002430356E-0002 -2.76908175478100391901E-0001  1.04999999999999999996E+0000  1.39172810249687712821E+0000  1.46394370420249002296E+0000  1.30854824384828612865E+0000  0.00000000000000000000E+0000  2.34433159148802059510E+0002  0.00000000000000000000E+0000  4.23276756013420103573E-0040  4.23475926713691535857E-0003  1.15553133199690221688E-0034  0.00000000000000000000E+0000  2.23034532733826858036E+0002  0.00000000000000000000E+0000  0.00000000000000000000E+0000  2.21676091562125343049E+0002  0.00000000000000000000E+0000  0.00000000000000000000E+0000  0.00000000000000000000E+0000  0.00000000000000000000E+0000  0.00000000000000000000E+0000 -5.90796340268420193499E-0006 -2.15638296679018484723E+0000  0.00000000000000000000E+0000  0.00000000000000000000E+0000  0.00000000000000000000E+0000  1.16643642761042383718E-0001
 2.93399999999999999996E-0009  0.00000000000000000000E+0000 -2.78292475126354790679E-0001  2.59852861256406905368E-0002 -2.78292475126354790679E-0001  1.04999999999999999996E+0000  1.39173497584807705327E+0000  1.46394860307686208798E+0000  1.30855118906641497271E+0000  0.00000000000000000000E+0000  2.34433159148802059510E+0002  0.00000000000000000000E+0000  4.23392797093853362537E-0040  4.23571427202129985657E-0003  1.15567191676902339221E-0034  0.00000000000000000000E+0000  2.23071352552954530496E+0002  0.00000000000000000000E+0000  0.00000000000000000000E+0000  2.21687541996842777947E+0002  0.00000000000000000000E+0000  0.00000000000000000000E+0000  0.00000000000000000000E+0000  0.00000000000000000000E+0000  0.00000000000000000000E+0000 -5.71695237844098525892E-0006 -2.15702578481056305164E+0000  0.00000000000000000000E+0000  0.00000000000000000000E+0000  0.00000000000000000000E+0000  1.17643235292400869718E-0001
 2.99299999999999999998E-0009  0.00000000000000000000E+0000 -2.80023657820055381492E-0001  2.59788937491090945097E-0002 -2.80023657820055381492E-0001  1.04999999999999999996E+0000  1.39174203681449690413E+0000  1.46395365699557720833E+0000  1.30855423764396867957E+0000  0.00000000000000000000E+0000  2.34433159148802059510E+0002  0.00000000000000000000E+0000  4.23512050225601342898E-0040  4.23669855581411835225E-0003  1.15581745065130306704E-0034  0.00000000000000000000E+0000  2.23109310446420719312E+0002  0.00000000000000000000E+0000  0.00000000000000000000E+0000  2.21699337221642548287E+0002  0.00000000000000000000E+0000  0.00000000000000000000E+0000  0.00000000000000000000E+0000  0.00000000000000000000E+0000  0.00000000000000000000E+0000 -5.74230512569351635188E-0006 -2.15736459883398496644E+0000  0.00000000000000000000E+0000  0.00000000000000000000E+0000  0.00000000000000000000E+0000  1.18660629128618727922E-0001
 3.05299999999999999999E-0009  0.00000000000000000000E+0000 -2.81783088761048506444E-0001  2.59883450031174872895E-0002 -2.81783088761048506444E-0001  1.04999999999999999996E+0000  1.39174916321271304452E+0000  1.46395877929496554231E+0000  1.30855733788443140430E+0000  0.00000000000000000000E+0000  2.34433159148802059510E+0002  0.00000000000000000000E+0000  4.23632449077984633860E-0040  4.23769516969056524923E-0003  1.15596546695011889562E-0034  0.00000000000000000000E+0000  2.23147751955451668610E+0002  0.00000000000000000000E+0000  0.00000000000000000000E+0000  2.21711277960196906242E+0002  0.00000000000000000000E+0000  0.00000000000000000000E+0000  0.00000000000000000000E+0000  0.00000000000000000000E+0000  0.00000000000000000000E+0000 -5.79672250324037846844E-0006 -2.15765824179746914732E+0000  0.00000000000000000000E+0000  0.00000000000000000000E+0000  0.00000000000000000000E+0000  1.19671143558885600029E-0001
 3.11399999999999999997E-0009  0.00000000000000000000E+0000 -2.83538469877775965364E-0001  2.59924451521495025860E-0002 -2.83538469877775965364E-0001  1.04999999999999999996E+0000  1.39175635335303703839E+0000  1.46396396922125291275E+0000  1.30856048975830428955E+0000  0.00000000000000000000E+0000  2.34433159148802059510E+0002  0.00000000000000000000E+0000  4.23753966813735452136E-0040  4.23870393569776664107E-0003  1.15611596506437887087E-0034  0.00000000000000000000E+0000  2.23186670212200908597E+0002  0.00000000000000000000E+0000  0.00000000000000000000E+0000  2.21723361623250034030E+0002  0.00000000000000000000E+0000  0.00000000000000000000E+0000  0.00000000000000000000E+0000  0.00000000000000000000E+0000  0.00000000000000000000E+0000 -5.86037080849095668500E-0006 -2.15793464390500178899E+0000  0.00000000000000000000E+0000  0.00000000000000000000E+0000  0.00000000000000000000E+0000  1.20676266263355508778E-0001
 3.17599999999999999994E-0009  0.00000000000000000000E+0000 -2.84441668906976718409E-0001  2.60098209758277481928E-0002 -2.84441668906976718409E-0001  1.04999999999999999996E+0000  1.39176360232249608448E+0000  1.46396922496077181418E+0000  1.30856369323300840185E+0000  0.00000000000000000000E+0000  2.34433159148802059510E+0002  0.00000000000000000000E+0000  4.23876516316937838136E-0040  4.23972436401219419070E-0003  1.15626894395958529247E-0034  0.00000000000000000000E+0000  2.23226046740512655900E+0002  0.00000000000000000000E+0000  0.00000000000000000000E+0000  2.21735582885458092112E+0002  0.00000000000000000000E+0000  0.00000000000000000000E+0000  0.00000000000000000000E+0000  0.00000000000000000000E+0000  0.00000000000000000000E+0000 -5.39384299782848671896E-0006 -2.15895333386697461020E+0000  0.00000000000000000000E+0000  0.00000000000000000000E+0000  0.00000000000000000000E+0000  1.21655630867360365965E-0001
 3.24000000000000000006E-0009  0.00000000000000000000E+0000 -2.85957120081171185328E-0001  2.59908153481001253728E-0002 -2.85957120081171185328E-0001  1.04999999999999999996E+0000  1.39177102587590536924E+0000  1.46397463064969785332E+0000  1.30856699994067377597E+0000  0.00000000000000000000E+0000  2.34433159148802059510E+0002  0.00000000000000000000E+0000  4.24002066130768073524E-0040  4.24077282321185764293E-0003  1.15642687065571379957E-0034  0.00000000000000000000E+0000  2.23266512775980033784E+0002  0.00000000000000000000E+0000  0.00000000000000000000E+0000  2.21748137500721686055E+0002  0.00000000000000000000E+0000  0.00000000000000000000E+0000  0.00000000000000000000E+0000  0.00000000000000000000E+0000  0.00000000000000000000E+0000 -5.31727922331137415702E-0006 -2.15942327871783596740E+0000  0.00000000000000000000E+0000  0.00000000000000000000E+0000  0.00000000000000000000E+0000  1.22658621306963105766E-0001
 3.30499999999999999997E-0009  0.00000000000000000000E+0000 -2.87588678533548798393E-0001  2.59870713332120794544E-0002 -2.87588678533548798393E-0001  1.04999999999999999996E+0000  1.39177850592687962642E+0000  1.46398010088367214751E+0000  1.30857035816819323505E+0000  0.00000000000000000000E+0000  2.34433159148802059510E+0002  0.00000000000000000000E+0000  4.24128616260093082265E-0040  4.24183268534475115773E-0003  1.15658727667166221791E-0034  0.00000000000000000000E+0000  2.23307425647235103142E+0002  0.00000000000000000000E+0000  0.00000000000000000000E+0000  2.21760829560647753325E+0002  0.00000000000000000000E+0000  0.00000000000000000000E+0000  0.00000000000000000000E+0000  0.00000000000000000000E+0000  0.00000000000000000000E+0000 -5.32842667884590594669E-0006 -2.15976493820494312389E+0000  0.00000000000000000000E+0000  0.00000000000000000000E+0000  0.00000000000000000000E+0000  1.23653850543897640158E-0001
 3.37100000000000000005E-0009  0.00000000000000000000E+0000 -2.89243564891257434404E-0001  2.59800036917677475472E-0002 -2.89243564891257434404E-0001  1.04999999999999999996E+0000  1.39178604097708669759E+0000  1.46398563491584283861E+0000  1.30857376786685274670E+0000  0.00000000000000000000E+0000  2.34433159148802059510E+0002  0.00000000000000000000E+0000  4.24256142447370292785E-0040  4.24290377534223306297E-0003  1.15675016060042452839E-0034  0.00000000000000000000E+0000  2.23348778440402281939E+0002  0.00000000000000000000E+0000  0.00000000000000000000E+0000  2.21773656645758735370E+0002  0.00000000000000000000E+0000  0.00000000000000000000E+0000  0.00000000000000000000E+0000  0.00000000000000000000E+0000  0.00000000000000000000E+0000 -5.36886879406742097879E-0006 -2.16006060774580006443E+0000  0.00000000000000000000E+0000  0.00000000000000000000E+0000  0.00000000000000000000E+0000  1.24641373075979743648E-0001
 3.43900000000000000010E-0009  0.00000000000000000000E+0000 -2.90994575368193324059E-0001  2.59668739243167696770E-0002 -2.90994575368193324059E-0001  1.04999999999999999996E+0000  1.39179374210325276806E+0000  1.46399131529281142754E+0000  1.30857728063923719108E+0000  0.00000000000000000000E+0000  2.34433159148802059510E+0002  0.00000000000000000000E+0000  4.24386527581107822343E-0040  4.24400201244067934983E-0003  1.15691798898424946465E-0034  0.00000000000000000000E+0000  2.23391185763205671153E+0002  0.00000000000000000000E+0000  0.00000000000000000000E+0000  2.21786809105355872174E+0002  0.00000000000000000000E+0000  0.00000000000000000000E+0000  0.00000000000000000000E+0000  0.00000000000000000000E+0000  0.00000000000000000000E+0000 -5.47006103203596705199E-0006 -2.16027122902445643674E+0000  0.00000000000000000000E+0000  0.00000000000000000000E+0000  0.00000000000000000000E+0000  1.25636664388407473490E-0001
 3.50799999999999999992E-0009  0.00000000000000000000E+0000 -2.91881925162368908544E-0001  2.59733556881934435461E-0002 -2.91881925162368908544E-0001  1.04999999999999999996E+0000  1.39180149017116066049E+0000  1.46399705619420329229E+0000  1.30858084475443267613E+0000  0.00000000000000000000E+0000  2.34433159148802059510E+0002  0.00000000000000000000E+0000  4.24517749005255170690E-0040  4.24511063207793745585E-0003  1.15708829130357702722E-0034  0.00000000000000000000E+0000  2.23433999835387911481E+0002  0.00000000000000000000E+0000  0.00000000000000000000E+0000  2.21800089767038412336E+0002  0.00000000000000000000E+0000  0.00000000000000000000E+0000  0.00000000000000000000E+0000  0.00000000000000000000E+0000  0.00000000000000000000E+0000 -5.04417295892417869122E-0006 -2.16121670961428888552E+0000  0.00000000000000000000E+0000  0.00000000000000000000E+0000  0.00000000000000000000E+0000  1.26597620547465119484E-0001
 3.57799999999999999993E-0009  0.00000000000000000000E+0000 -2.93247287692251776254E-0001  2.59468038105744522247E-0002 -2.93247287692251776254E-0001  1.04999999999999999996E+0000  1.39180928556310911487E+0000  1.46400285746852066486E+0000  1.30858446015987339012E+0000  0.00000000000000000000E+0000  2.34433159148802059510E+0002  0.00000000000000000000E+0000  4.24649823234538569772E-0040  4.24622966869531224332E-0003  1.15726106620205716493E-0034  0.00000000000000000000E+0000  2.23477221334359000049E+0002  0.00000000000000000000E+0000  0.00000000000000000000E+0000  2.21813498790382126108E+0002  0.00000000000000000000E+0000  0.00000000000000000000E+0000  0.00000000000000000000E+0000  0.00000000000000000000E+0000  0.00000000000000000000E+0000 -4.93819989984654332957E-0006 -2.16170772203471192228E+0000  0.00000000000000000000E+0000  0.00000000000000000000E+0000  0.00000000000000000000E+0000  1.27563973856809396426E-0001
 3.64899999999999999991E-0009  0.00000000000000000000E+0000 -2.94750822670534303534E-0001  2.59264073701625318884E-0002 -2.94750822670534303534E-0001  1.04999999999999999996E+0000  1.39181712732434048391E+0000  1.46400871850191312360E+0000  1.30858812678941870480E+0000  0.00000000000000000000E+0000  2.34433159148802059510E+0002  0.00000000000000000000E+0000  4.24782732504951595313E-0040  4.24735897225210481556E-0003  1.15743631152636829071E-0034  0.00000000000000000000E+0000  2.23520843818111824605E+0002  0.00000000000000000000E+0000  0.00000000000000000000E+0000  2.21827035452960927800E+0002  0.00000000000000000000E+0000  0.00000000000000000000E+0000  0.00000000000000000000E+0000  0.00000000000000000000E+0000  0.00000000000000000000E+0000 -4.93537481972555155776E-0006 -2.16204883287061524599E+0000  0.00000000000000000000E+0000  0.00000000000000000000E+0000  0.00000000000000000000E+0000  1.28522074777249292675E-0001
 3.72300000000000000004E-0009  0.00000000000000000000E+0000 -2.96465275308021307870E-0001  2.58987730361090685796E-0002 -2.96465275308021307870E-0001  1.04999999999999999996E+0000  1.39182523191808377367E+0000  1.46401480252394565809E+0000  1.30859194783106171978E+0000  0.00000000000000000000E+0000  2.34433159148802059510E+0002  0.00000000000000000000E+0000  4.24920150037894815809E-0040  4.24852991182268301407E-0003  1.15761896127323420789E-0034  0.00000000000000000000E+0000  2.23566079203409388845E+0002  0.00000000000000000000E+0000  0.00000000000000000000E+0000  2.21841074477121055653E+0002  0.00000000000000000000E+0000  0.00000000000000000000E+0000  0.00000000000000000000E+0000  0.00000000000000000000E+0000  0.00000000000000000000E+0000 -5.05607307551262036603E-0006 -2.16222070852645794920E+0000  0.00000000000000000000E+0000  0.00000000000000000000E+0000  0.00000000000000000000E+0000  1.29500092638968133555E-0001
 3.79700000000000000017E-0009  0.00000000000000000000E+0000 -2.97979394912786342195E-0001  2.58876294275956735486E-0002 -2.97979394912786342195E-0001  1.04999999999999999996E+0000  1.39183326851757669990E+0000  1.46402086178919043995E+0000  1.30859576829371758824E+0000  0.00000000000000000000E+0000  2.34433159148802059510E+0002  0.00000000000000000000E+0000  4.25056462302242046063E-0040  4.24969472905283522534E-0003  1.15780160816554565285E-0034  0.00000000000000000000E+0000  2.23611080301821626509E+0002  0.00000000000000000000E+0000  0.00000000000000000000E+0000  2.21855051167705210391E+0002  0.00000000000000000000E+0000  0.00000000000000000000E+0000  0.00000000000000000000E+0000  0.00000000000000000000E+0000  0.00000000000000000000E+0000 -5.08272553839865061983E-0006 -2.16251498004170184084E+0000  0.00000000000000000000E+0000  0.00000000000000000000E+0000  0.00000000000000000000E+0000  1.30446919410174813674E-0001
 3.87299999999999999985E-0009  0.00000000000000000000E+0000 -2.98828367200099872207E-0001  2.58684947147640033080E-0002 -2.98828367200099872207E-0001  1.04999999999999999996E+0000  1.39184144925868554161E+0000  1.46402705790834190900E+0000  1.30859969132265183882E+0000  0.00000000000000000000E+0000  2.34433159148802059510E+0002  0.00000000000000000000E+0000  4.25195268573338401416E-0040  4.25088437066087142812E-0003  1.15798918407012104926E-0034  0.00000000000000000000E+0000  2.23657044036540980411E+0002  0.00000000000000000000E+0000  0.00000000000000000000E+0000  2.21869331611048396305E+0002  0.00000000000000000000E+0000  0.00000000000000000000E+0000  0.00000000000000000000E+0000  0.00000000000000000000E+0000  0.00000000000000000000E+0000 -4.70052402859500742379E-0006 -2.16338005087992246906E+0000  0.00000000000000000000E+0000  0.00000000000000000000E+0000  0.00000000000000000000E+0000  1.31373212587652130862E-0001
 3.95099999999999999990E-0009  0.00000000000000000000E+0000 -3.00202933011216216284E-0001  2.58289045876034263836E-0002 -3.00202933011216216284E-0001  1.04999999999999999996E+0000  1.39184977199215839921E+0000  1.46403338975634978662E+0000  1.30860371681970986989E+0000  0.00000000000000000000E+0000  2.34433159148802059510E+0002  0.00000000000000000000E+0000  4.25336541188673292327E-0040  4.25209862072263998132E-0003  1.15818168675433364665E-0034  0.00000000000000000000E+0000  2.23703960443724117660E+0002  0.00000000000000000000E+0000  0.00000000000000000000E+0000  2.21883917428990429258E+0002  0.00000000000000000000E+0000  0.00000000000000000000E+0000  0.00000000000000000000E+0000  0.00000000000000000000E+0000  0.00000000000000000000E+0000 -4.65656862747096237303E-0006 -2.16377043188343087094E+0000  0.00000000000000000000E+0000  0.00000000000000000000E+0000  0.00000000000000000000E+0000  1.32315907556559696231E-0001
 4.03000000000000000013E-0009  0.00000000000000000000E+0000 -3.01639111373329933419E-0001  2.57990132624933705512E-0002 -3.01639111373329933419E-0001  1.04999999999999999996E+0000  1.39185812793951875672E+0000  1.46403977505688879222E+0000  1.30860779307105135093E+0000  0.00000000000000000000E+0000  2.34433159148802059510E+0002  0.00000000000000000000E+0000  4.25478431627039270746E-0040  4.25332164000687501141E-0003  1.15837664484814324077E-0034  0.00000000000000000000E+0000  2.23751216356653919365E+0002  0.00000000000000000000E+0000  0.00000000000000000000E+0000  2.21898621284751571950E+0002  0.00000000000000000000E+0000  0.00000000000000000000E+0000  0.00000000000000000000E+0000  0.00000000000000000000E+0000  0.00000000000000000000E+0000 -4.67099298818288377264E-0006 -2.16407369286153584932E+0000  0.00000000000000000000E+0000  0.00000000000000000000E+0000  0.00000000000000000000E+0000  1.33245383173995170318E-0001
 4.11099999999999999991E-0009  0.00000000000000000000E+0000 -3.03149906164465287976E-0001  2.57628674122922971855E-0002 -3.03149906164465287976E-0001  1.04999999999999999996E+0000  1.39186661991700475459E+0000  1.46404629319116140549E+0000  1.30861197155338887326E+0000  0.00000000000000000000E+0000  2.34433159148802059510E+0002  0.00000000000000000000E+0000  4.25622688583664461019E-0040  4.25456857695567545677E-0003  1.15857652222096925339E-0034  0.00000000000000000000E+0000  2.23799396974471334246E+0002  0.00000000000000000000E+0000  0.00000000000000000000E+0000  2.21913624078759964556E+0002  0.00000000000000000000E+0000  0.00000000000000000000E+0000  0.00000000000000000000E+0000  0.00000000000000000000E+0000  0.00000000000000000000E+0000 -4.74129738647087315108E-0006 -2.16429733001141512199E+0000  0.00000000000000000000E+0000  0.00000000000000000000E+0000  0.00000000000000000000E+0000  1.34174491815793534564E-0001
 4.19299999999999999988E-0009  0.00000000000000000000E+0000 -3.04589387531380632732E-0001  2.57308070776170468212E-0002 -3.04589387531380632732E-0001  1.04999999999999999996E+0000  1.39187514050274829412E+0000  1.46405286237294389039E+0000  1.30861620055976462596E+0000  0.00000000000000000000E+0000  2.34433159148802059510E+0002  0.00000000000000000000E+0000  4.25767486555520245377E-0040  4.25582371930098646803E-0003  1.15877884721301439957E-0034  0.00000000000000000000E+0000  2.23847893605658678218E+0002  0.00000000000000000000E+0000  0.00000000000000000000E+0000  2.21928741370806010089E+0002  0.00000000000000000000E+0000  0.00000000000000000000E+0000  0.00000000000000000000E+0000  0.00000000000000000000E+0000  0.00000000000000000000E+0000 -4.78850471327905489750E-0006 -2.16454792242174134400E+0000  0.00000000000000000000E+0000  0.00000000000000000000E+0000  0.00000000000000000000E+0000  1.35086388778960529806E-0001
 4.27699999999999999980E-0009  0.00000000000000000000E+0000 -3.05358386841566414931E-0001  2.57003718674284433190E-0002 -3.05358386841566414931E-0001  1.04999999999999999996E+0000  1.39188378761141124187E+0000  1.46405956004576456430E+0000  1.30862053149256466736E+0000  0.00000000000000000000E+0000  2.34433159148802059510E+0002  0.00000000000000000000E+0000  4.25914488139466086596E-0040  4.25710170409120822123E-0003  1.15898608037403167725E-0034  0.00000000000000000000E+0000  2.23897271768868234065E+0002  0.00000000000000000000E+0000  0.00000000000000000000E+0000  2.21944148909571478206E+0002  0.00000000000000000000E+0000  0.00000000000000000000E+0000  0.00000000000000000000E+0000  0.00000000000000000000E+0000  0.00000000000000000000E+0000 -4.42978341163648449598E-0006 -2.16536285680464298756E+0000  0.00000000000000000000E+0000  0.00000000000000000000E+0000  0.00000000000000000000E+0000  1.35969320569066852940E-0001
 4.36199999999999999991E-0009  0.00000000000000000000E+0000 -3.06548162091766860401E-0001  2.56511249131732574620E-0002 -3.06548162091766860401E-0001  1.04999999999999999996E+0000  1.39189245782679006159E+0000  1.46406630591945363391E+0000  1.30862491268967010157E+0000  0.00000000000000000000E+0000  2.34433159148802059510E+0002  0.00000000000000000000E+0000  4.26061942748062033686E-0040  4.25838724815494622672E-0003  1.15919575189273450838E-0034  0.00000000000000000000E+0000  2.23946939062989390526E+0002  0.00000000000000000000E+0000  0.00000000000000000000E+0000  2.21959666870338390737E+0002  0.00000000000000000000E+0000  0.00000000000000000000E+0000  0.00000000000000000000E+0000  0.00000000000000000000E+0000  0.00000000000000000000E+0000 -4.35712983080926998839E-0006 -2.16577301364719455976E+0000  0.00000000000000000000E+0000  0.00000000000000000000E+0000  0.00000000000000000000E+0000  1.36853462172903286531E-0001
 4.45000000000000000016E-0009  0.00000000000000000000E+0000 -3.07968747573366624789E-0001  2.55996905437978802100E-0002 -3.07968747573366624789E-0001  1.04999999999999999996E+0000  1.39190135106434940396E+0000  1.46407325672340196991E+0000  1.30862944706424631064E+0000  0.00000000000000000000E+0000  2.34433159148802059510E+0002  0.00000000000000000000E+0000  4.26213252958784971929E-0040  4.25971013413687820684E-0003  1.15941278954944703701E-0034  0.00000000000000000000E+0000  2.23998046144403334098E+0002  0.00000000000000000000E+0000  0.00000000000000000000E+0000  2.21975652427594246779E+0002  0.00000000000000000000E+0000  0.00000000000000000000E+0000  0.00000000000000000000E+0000  0.00000000000000000000E+0000  0.00000000000000000000E+0000 -4.43142279762880824462E-0006 -2.16597955983924122820E+0000  0.00000000000000000000E+0000  0.00000000000000000000E+0000  0.00000000000000000000E+0000  1.37748288130330524321E-0001
 4.53900000000000000019E-0009  0.00000000000000000000E+0000 -3.09300830682853534445E-0001  2.55582379099478974379E-0002 -3.09300830682853534445E-0001  1.04999999999999999996E+0000  1.39191026169836282308E+0000  1.46408025270845991938E+0000  1.30863403139378160832E+0000  0.00000000000000000000E+0000  2.34433159148802059510E+0002  0.00000000000000000000E+0000  4.26364918259761206775E-0040  4.26103986170616447656E-0003  1.15963225502174938137E-0034  0.00000000000000000000E+0000  2.24049411965526584736E+0002  0.00000000000000000000E+0000  0.00000000000000000000E+0000  2.21991745535978465625E+0002  0.00000000000000000000E+0000  0.00000000000000000000E+0000  0.00000000000000000000E+0000  0.00000000000000000000E+0000  0.00000000000000000000E+0000 -4.47482257392954242499E-0006 -2.16622370102971273115E+0000  0.00000000000000000000E+0000  0.00000000000000000000E+0000  0.00000000000000000000E+0000  1.38622068331737217768E-0001
 4.63000000000000000018E-0009  0.00000000000000000000E+0000 -3.10648897952108422166E-0001  2.55073947974664201254E-0002 -3.10648897952108422166E-0001  1.04999999999999999996E+0000  1.39191928681698252077E+0000  1.46408737087001954451E+0000  1.30863871702085071062E+0000  0.00000000000000000000E+0000  2.34433159148802059510E+0002  0.00000000000000000000E+0000  4.26518594774492643775E-0040  4.26239101308143853469E-0003  1.15985660838760347206E-0034  0.00000000000000000000E+0000  2.24101599812658330985E+0002  0.00000000000000000000E+0000  0.00000000000000000000E+0000  2.22008120073894998026E+0002  0.00000000000000000000E+0000  0.00000000000000000000E+0000  0.00000000000000000000E+0000  0.00000000000000000000E+0000  0.00000000000000000000E+0000 -4.54303869158835250075E-0006 -2.16643099874630356639E+0000  0.00000000000000000000E+0000  0.00000000000000000000E+0000  0.00000000000000000000E+0000  1.39489356078927264289E-0001
 4.72199999999999999994E-0009  0.00000000000000000000E+0000 -3.11252653269584735805E-0001  2.54675233681979987893E-0002 -3.11252653269584735805E-0001  1.04999999999999999996E+0000  1.39192832194649533976E+0000  1.46409453042256608782E+0000  1.30864345224347019289E+0000  0.00000000000000000000E+0000  2.34433159148802059510E+0002  0.00000000000000000000E+0000  4.26672498405374184191E-0040  4.26374808753932442367E-0003  1.16008337535532936045E-0034  0.00000000000000000000E+0000  2.24154008913984083479E+0002  0.00000000000000000000E+0000  0.00000000000000000000E+0000  2.22024594445861272934E+0002  0.00000000000000000000E+0000  0.00000000000000000000E+0000  0.00000000000000000000E+0000  0.00000000000000000000E+0000  0.00000000000000000000E+0000 -4.17134063315642363183E-0006 -2.16724476018959244278E+0000  0.00000000000000000000E+0000  0.00000000000000000000E+0000  0.00000000000000000000E+0000  1.40308722214967573043E-0001
 4.81699999999999999985E-0009  0.00000000000000000000E+0000 -3.12422820884342441192E-0001  2.53977518175761473968E-0002 -3.12422820884342441192E-0001  1.04999999999999999996E+0000  1.39193756101681294802E+0000  1.46410188554159730956E+0000  1.30864833982520055650E+0000  0.00000000000000000000E+0000  2.34433159148802059510E+0002  0.00000000000000000000E+0000  4.26829945397887749574E-0040  4.26514033035079826529E-0003  1.16031748072947110306E-0034  0.00000000000000000000E+0000  2.24207768455692376453E+0002  0.00000000000000000000E+0000  0.00000000000000000000E+0000  2.22041520877184157423E+0002  0.00000000000000000000E+0000  0.00000000000000000000E+0000  0.00000000000000000000E+0000  0.00000000000000000000E+0000  0.00000000000000000000E+0000 -4.16327932507716008533E-0006 -2.16755288143087957125E+0000  0.00000000000000000000E+0000  0.00000000000000000000E+0000  0.00000000000000000000E+0000  1.41151792761357508310E-0001
 4.91299999999999999994E-0009  0.00000000000000000000E+0000 -3.13593508370961176064E-0001  2.53429275553175224842E-0002 -3.13593508370961176064E-0001  1.04999999999999999996E+0000  1.39194680651277914599E+0000  1.46410927969970398735E+0000  1.30865327667413739972E+0000  0.00000000000000000000E+0000  2.34433159148802059510E+0002  0.00000000000000000000E+0000  4.26987565905228382501E-0040  4.26653801748343196885E-0003  1.16055398910593842383E-0034  0.00000000000000000000E+0000  2.24261727524136498163E+0002  0.00000000000000000000E+0000  0.00000000000000000000E+0000  2.22058547268264888902E+0002  0.00000000000000000000E+0000  0.00000000000000000000E+0000  0.00000000000000000000E+0000  0.00000000000000000000E+0000  0.00000000000000000000E+0000 -4.18129950784332341428E-0006 -2.16781912727386398207E+0000  0.00000000000000000000E+0000  0.00000000000000000000E+0000  0.00000000000000000000E+0000  1.41974164615550513434E-0001
 5.01200000000000000017E-0009  0.00000000000000000000E+0000 -3.14854485887095137574E-0001  2.52786313549357775510E-0002 -3.14854485887095137574E-0001  1.04999999999999999996E+0000  1.39195624655976550284E+0000  1.46411686460271506574E+0000  1.30865836540051027454E+0000  0.00000000000000000000E+0000  2.34433159148802059510E+0002  0.00000000000000000000E+0000  4.27148571767414767493E-0040  4.26796974297161822538E-0003  1.16079781934861205240E-0034  0.00000000000000000000E+0000  2.24316990078806026795E+0002  0.00000000000000000000E+0000  0.00000000000000000000E+0000  2.22076018175223207182E+0002  0.00000000000000000000E+0000  0.00000000000000000000E+0000  0.00000000000000000000E+0000  0.00000000000000000000E+0000  0.00000000000000000000E+0000 -4.26678337799786953035E-0006 -2.16799176307746884786E+0000  0.00000000000000000000E+0000  0.00000000000000000000E+0000  0.00000000000000000000E+0000  1.42797457970837601208E-0001
 5.11200000000000000017E-0009  0.00000000000000000000E+0000 -3.15383451434802601296E-0001  2.52281163373955884622E-0002 -3.15383451434802601296E-0001  1.04999999999999999996E+0000  1.39196568426225515539E+0000  1.46412448392354639301E+0000  1.30866350291802982313E+0000  0.00000000000000000000E+0000  2.34433159148802059510E+0002  0.00000000000000000000E+0000  4.27309598917795268041E-0040  4.26940580415985492188E-0003  1.16104403392819583812E-0034  0.00000000000000000000E+0000  2.24372406078850923541E+0002  0.00000000000000000000E+0000  0.00000000000000000000E+0000  2.22093582003343433071E+0002  0.00000000000000000000E+0000  0.00000000000000000000E+0000  0.00000000000000000000E+0000  0.00000000000000000000E+0000  0.00000000000000000000E+0000 -3.92004769191108720196E-0006 -2.16875895951773660581E+0000  0.00000000000000000000E+0000  0.00000000000000000000E+0000  0.00000000000000000000E+0000  1.43568809284256291672E-0001
 5.21499999999999999992E-0009  0.00000000000000000000E+0000 -3.16434359571471358067E-0001  2.51487198138036281089E-0002 -3.16434359571471358067E-0001  1.04999999999999999996E+0000  1.39197530591668449718E+0000  1.46413228849333459383E+0000  1.30866879176475332878E+0000  0.00000000000000000000E+0000  2.34433159148802059510E+0002  0.00000000000000000000E+0000  4.27473838908112673548E-0040  4.27087465642400736969E-0003  1.16129755091081367208E-0034  0.00000000000000000000E+0000  2.24429073629110597918E+0002  0.00000000000000000000E+0000  0.00000000000000000000E+0000  2.22111582186184403298E+0002  0.00000000000000000000E+0000  0.00000000000000000000E+0000  0.00000000000000000000E+0000  0.00000000000000000000E+0000  0.00000000000000000000E+0000 -3.91562816064213265609E-0006 -2.16905036747910937500E+0000  0.00000000000000000000E+0000  0.00000000000000000000E+0000  0.00000000000000000000E+0000  1.44359332503969784792E-0001
 5.31899999999999999985E-0009  0.00000000000000000000E+0000 -3.17473139834401793329E-0001  2.50826243207668328873E-0002 -3.17473139834401793329E-0001  1.04999999999999999996E+0000  1.39198492177131603637E+0000  1.46414012501222150827E+0000  1.30867412901168832164E+0000  0.00000000000000000000E+0000  2.34433159148802059510E+0002  0.00000000000000000000E+0000  4.27638048819362128219E-0040  4.27234735617202567813E-0003  1.16155343913106424087E-0034  0.00000000000000000000E+0000  2.24485872501998884612E+0002  0.00000000000000000000E+0000  0.00000000000000000000E+0000  2.22129674149444447023E+0002  0.00000000000000000000E+0000  0.00000000000000000000E+0000  0.00000000000000000000E+0000  0.00000000000000000000E+0000  0.00000000000000000000E+0000 -3.93144464040697039928E-0006 -2.16930805435037146983E+0000  0.00000000000000000000E+0000  0.00000000000000000000E+0000  0.00000000000000000000E+0000  1.45126880080679873441E-0001
 5.42500000000000000014E-0009  0.00000000000000000000E+0000 -3.18527138595348179121E-0001  2.50103443001580990678E-0002 -3.18527138595348179121E-0001  1.04999999999999999996E+0000  1.39199462154054826978E+0000  1.46414806713603321464E+0000  1.30867956574452504442E+0000  0.00000000000000000000E+0000  2.34433159148802059510E+0002  0.00000000000000000000E+0000  4.27803763009558195753E-0040  4.27383769654199817080E-0003  1.16181415035138496169E-0034  0.00000000000000000000E+0000  2.24543334310402319942E+0002  0.00000000000000000000E+0000  0.00000000000000000000E+0000  2.22148024708861962465E+0002  0.00000000000000000000E+0000  0.00000000000000000000E+0000  0.00000000000000000000E+0000  0.00000000000000000000E+0000  0.00000000000000000000E+0000 -3.97805500424190487515E-0006 -2.16952000753648345348E+0000  0.00000000000000000000E+0000  0.00000000000000000000E+0000  0.00000000000000000000E+0000  1.45881654662288565063E-0001
 5.53400000000000000017E-0009  0.00000000000000000000E+0000 -3.19609043032322179170E-0001  2.49352438985451686465E-0002 -3.19609043032322179170E-0001  1.04999999999999999996E+0000  1.39200449118942053302E+0000  1.46415618681116903007E+0000  1.30868515291952891360E+0000  0.00000000000000000000E+0000  2.34433159148802059510E+0002  0.00000000000000000000E+0000  4.27972452898957448395E-0040  4.27535905902554510709E-0003  1.16208213211046716027E-0034  0.00000000000000000000E+0000  2.24601972667857076149E+0002  0.00000000000000000000E+0000  0.00000000000000000000E+0000  2.22166802812235307893E+0002  0.00000000000000000000E+0000  0.00000000000000000000E+0000  0.00000000000000000000E+0000  0.00000000000000000000E+0000  0.00000000000000000000E+0000 -4.05999098750956547486E-0006 -2.16968246408860300630E+0000  0.00000000000000000000E+0000  0.00000000000000000000E+0000  0.00000000000000000000E+0000  1.46629346260490517182E-0001
 5.64500000000000000016E-0009  0.00000000000000000000E+0000 -3.20039691277536191379E-0001  2.48675541954789545886E-0002 -3.20039691277536191379E-0001  1.04999999999999999996E+0000  1.39201443245916578158E+0000  1.46416440553509194034E+0000  1.30869083886719020436E+0000  0.00000000000000000000E+0000  2.34433159148802059510E+0002  0.00000000000000000000E+0000  4.28142435604745388712E-0040  4.27689651502654991744E-0003  1.16235490907130139802E-0034  0.00000000000000000000E+0000  2.24661208461063946595E+0002  0.00000000000000000000E+0000  0.00000000000000000000E+0000  2.22185833439489721572E+0002  0.00000000000000000000E+0000  0.00000000000000000000E+0000  0.00000000000000000000E+0000  0.00000000000000000000E+0000  0.00000000000000000000E+0000 -3.75191460666444352446E-0006 -2.17038208688108216803E+0000  0.00000000000000000000E+0000  0.00000000000000000000E+0000  0.00000000000000000000E+0000  1.47330841496711379286E-0001
 5.75800000000000000011E-0009  0.00000000000000000000E+0000 -3.20877412658508364335E-0001  2.47794101426237175608E-0002 -3.20877412658508364335E-0001  1.04999999999999999996E+0000  1.39202444362244722516E+0000  1.46417272195970700520E+0000  1.30869662334722707865E+0000  0.00000000000000000000E+0000  2.34433159148802059510E+0002  0.00000000000000000000E+0000  4.28313691681654814065E-0040  4.27844984792912825560E-0003  1.16263247383946987715E-0034  0.00000000000000000000E+0000  2.24721031885834630154E+0002  0.00000000000000000000E+0000  0.00000000000000000000E+0000  2.22205114574245058648E+0002  0.00000000000000000000E+0000  0.00000000000000000000E+0000  0.00000000000000000000E+0000  0.00000000000000000000E+0000  0.00000000000000000000E+0000 -3.72829745920922297742E-0006 -2.17068413061769851591E+0000  0.00000000000000000000E+0000  0.00000000000000000000E+0000  0.00000000000000000000E+0000  1.48036621201873263296E-0001
 5.87300000000000000001E-0009  0.00000000000000000000E+0000 -3.21765819905169700297E-0001  2.46963896415008239796E-0002 -3.21765819905169700297E-0001  1.04999999999999999996E+0000  1.39203452131053594890E+0000  1.46418113397786916400E+0000  1.30870250604863353047E+0000  0.00000000000000000000E+0000  2.34433159148802059510E+0002  0.00000000000000000000E+0000  4.28486162172041357916E-0040  4.28001857899404863518E-0003  1.16291481461388226323E-0034  0.00000000000000000000E+0000  2.24781422219271353635E+0002  0.00000000000000000000E+0000  0.00000000000000000000E+0000  2.22224643949268022322E+0002  0.00000000000000000000E+0000  0.00000000000000000000E+0000  0.00000000000000000000E+0000  0.00000000000000000000E+0000  0.00000000000000000000E+0000 -3.76174504350974700372E-0006 -2.17090380144842004387E+0000  0.00000000000000000000E+0000  0.00000000000000000000E+0000  0.00000000000000000000E+0000  1.48726663584720312665E-0001
 5.99100000000000000006E-0009  0.00000000000000000000E+0000 -3.22676488977096735715E-0001  2.46103851150363863576E-0002 -3.22676488977096735715E-0001  1.04999999999999999996E+0000  1.39204474776462744595E+0000  1.46418971165400097411E+0000  1.30870853772400187872E+0000  0.00000000000000000000E+0000  2.34433159148802059510E+0002  0.00000000000000000000E+0000  4.28661257105560787709E-0040  4.28161566056201393560E-0003  1.16320437157283954882E-0034  0.00000000000000000000E+0000  2.24842875785782109241E+0002  0.00000000000000000000E+0000  0.00000000000000000000E+0000  2.22244585582108047178E+0002  0.00000000000000000000E+0000  0.00000000000000000000E+0000  0.00000000000000000000E+0000  0.00000000000000000000E+0000  0.00000000000000000000E+0000 -3.83134804890548021846E-0006 -2.17107230448154901931E+0000  0.00000000000000000000E+0000  0.00000000000000000000E+0000  0.00000000000000000000E+0000  1.49405572164225606391E-0001
 6.10999999999999999989E-0009  0.00000000000000000000E+0000 -3.23471760205548688853E-0001  2.45272186741978924868E-0002 -3.23471760205548688853E-0001  1.04999999999999999996E+0000  1.39205494653075186301E+0000  1.46419830756266465565E+0000  1.30871461581748106792E+0000  0.00000000000000000000E+0000  2.34433159148802059510E+0002  0.00000000000000000000E+0000  4.28835954367647996126E-0040  4.28321356923700007497E-0003  1.16349622449694022803E-0034  0.00000000000000000000E+0000  2.24904329637204268594E+0002  0.00000000000000000000E+0000  0.00000000000000000000E+0000  2.22264605479301226881E+0002  0.00000000000000000000E+0000  0.00000000000000000000E+0000  0.00000000000000000000E+0000  0.00000000000000000000E+0000  0.00000000000000000000E+0000 -3.85858290303500699514E-0006 -2.17129398563030762180E+0000  0.00000000000000000000E+0000  0.00000000000000000000E+0000  0.00000000000000000000E+0000  1.50055594294521795300E-0001
 6.23300000000000000004E-0009  0.00000000000000000000E+0000 -3.23792285069615305080E-0001  2.44387603032776162436E-0002 -3.23792285069615305080E-0001  1.04999999999999999996E+0000  1.39206536602253850806E+0000  1.46420713364639213131E+0000  1.30872089299095752720E+0000  0.00000000000000000000E+0000  2.34433159148802059510E+0002  0.00000000000000000000E+0000  4.29014510241991566110E-0040  4.28485148828354228773E-0003  1.16379770749796815879E-0034  0.00000000000000000000E+0000  2.24967289575072415364E+0002  0.00000000000000000000E+0000  0.00000000000000000000E+0000  2.22285191304106523713E+0002  0.00000000000000000000E+0000  0.00000000000000000000E+0000  0.00000000000000000000E+0000  0.00000000000000000000E+0000  0.00000000000000000000E+0000 -3.59548434537272596098E-0006 -2.17191769476458194032E+0000  0.00000000000000000000E+0000  0.00000000000000000000E+0000  0.00000000000000000000E+0000  1.50673802782691135702E-0001
 6.35800000000000000015E-0009  0.00000000000000000000E+0000 -3.24448855045591803777E-0001  2.43403842051159340497E-0002 -3.24448855045591803777E-0001  1.04999999999999999996E+0000  1.39207583309240065799E+0000  1.46421604394955626226E+0000  1.30872726677471151507E+0000  0.00000000000000000000E+0000  2.34433159148802059510E+0002  0.00000000000000000000E+0000  4.29193965214878682534E-0040  4.28650230545941365941E-0003  1.16410390501138499018E-0034  0.00000000000000000000E+0000  2.25030707918927977876E+0002  0.00000000000000000000E+0000  0.00000000000000000000E+0000  2.22306016738635141519E+0002  0.00000000000000000000E+0000  0.00000000000000000000E+0000  0.00000000000000000000E+0000  0.00000000000000000000E+0000  0.00000000000000000000E+0000 -3.58168684709477511901E-0006 -2.17219303487733963564E+0000  0.00000000000000000000E+0000  0.00000000000000000000E+0000  0.00000000000000000000E+0000  1.51289505009033846411E-0001
 6.48499999999999999982E-0009  0.00000000000000000000E+0000 -3.25129637712418987120E-0001  2.42443306717628454504E-0002 -3.25129637712418987120E-0001  1.04999999999999999996E+0000  1.39208634451218665360E+0000  1.46422503626172401028E+0000  1.30873373677138577832E+0000  0.00000000000000000000E+0000  2.34433159148802059510E+0002  0.00000000000000000000E+0000  4.29374263184827656723E-0040  4.28816553865084040883E-0003  1.16441480132544640650E-0034  0.00000000000000000000E+0000  2.25094564494621226056E+0002  0.00000000000000000000E+0000  0.00000000000000000000E+0000  2.22327075661957816302E+0002  0.00000000000000000000E+0000  0.00000000000000000000E+0000  0.00000000000000000000E+0000  0.00000000000000000000E+0000  0.00000000000000000000E+0000 -3.61189555596056032022E-0006 -2.17240390678733599522E+0000  0.00000000000000000000E+0000  0.00000000000000000000E+0000  0.00000000000000000000E+0000  1.51885552572621280112E-0001
 6.61500000000000000003E-0009  0.00000000000000000000E+0000 -3.25814958646787747223E-0001  2.41453859009707338555E-0002 -3.25814958646787747223E-0001  1.04999999999999999996E+0000  1.39209697783993001862E+0000  1.46423417816989472171E+0000  1.30874035341558234960E+0000  0.00000000000000000000E+0000  2.34433159148802059510E+0002  0.00000000000000000000E+0000  4.29556736588951607972E-0040  4.28985358243648602760E-0003  1.16473282453107625892E-0034  0.00000000000000000000E+0000  2.25159332346329288055E+0002  0.00000000000000000000E+0000  0.00000000000000000000E+0000  2.22348528267862162622E+0002  0.00000000000000000000E+0000  0.00000000000000000000E+0000  0.00000000000000000000E+0000  0.00000000000000000000E+0000  0.00000000000000000000E+0000 -3.67209220422825395114E-0006 -2.17257164639425458556E+0000  0.00000000000000000000E+0000  0.00000000000000000000E+0000  0.00000000000000000000E+0000  1.52465422134264403628E-0001
 6.74699999999999999980E-0009  0.00000000000000000000E+0000 -3.25927811349657491790E-0001  2.40514969567152190602E-0002 -3.25927811349657491790E-0001  1.04999999999999999996E+0000  1.39210764413312464627E+0000  1.46424339511923567146E+0000  1.30874706519099406898E+0000  0.00000000000000000000E+0000  2.34433159148802059510E+0002  0.00000000000000000000E+0000  4.29739855268198627263E-0040  4.29155246824534247841E-0003  1.16505550172554219119E-0034  0.00000000000000000000E+0000  2.25224470338021809407E+0002  0.00000000000000000000E+0000  0.00000000000000000000E+0000  2.22370208344345248477E+0002  0.00000000000000000000E+0000  0.00000000000000000000E+0000  0.00000000000000000000E+0000  0.00000000000000000000E+0000  0.00000000000000000000E+0000 -3.38262530298142309916E-0006 -2.17321845983930923298E+0000  0.00000000000000000000E+0000  0.00000000000000000000E+0000  0.00000000000000000000E+0000  1.52994483237009277010E-0001
 6.88200000000000000012E-0009  0.00000000000000000000E+0000 -3.26433201553142940697E-0001  2.39395956886957322173E-0002 -3.26433201553142940697E-0001  1.04999999999999999996E+0000  1.39211842113256326254E+0000  1.46425275467335581881E+0000  1.30875392247455996227E+0000  0.00000000000000000000E+0000  2.34433159148802059510E+0002  0.00000000000000000000E+0000  4.29924964497402002851E-0040  4.29327466759307497606E-0003  1.16538526088043753442E-0034  0.00000000000000000000E+0000  2.25290454819330729239E+0002  0.00000000000000000000E+0000  0.00000000000000000000E+0000  2.22392274684106493660E+0002  0.00000000000000000000E+0000  0.00000000000000000000E+0000  0.00000000000000000000E+0000  0.00000000000000000000E+0000  0.00000000000000000000E+0000 -3.38302075200945158028E-0006 -2.17346298799740267533E+0000  0.00000000000000000000E+0000  0.00000000000000000000E+0000  0.00000000000000000000E+0000  1.53527183008896006948E-0001
 7.02000000000000000017E-0009  0.00000000000000000000E+0000 -3.26966286975989269594E-0001  2.38329386335695226640E-0002 -3.26966286975989269594E-0001  1.04999999999999999996E+0000  1.39212930295328546479E+0000  1.46426225311998673155E+0000  1.30876092461847780724E+0000  0.00000000000000000000E+0000  2.34433159148802059510E+0002  0.00000000000000000000E+0000  4.30111962292386750585E-0040  4.29501935642594526656E-0003  1.16572207610734144103E-0034  0.00000000000000000000E+0000  2.25357249514588931324E+0002  0.00000000000000000000E+0000  0.00000000000000000000E+0000  2.22414725440826873501E+0002  0.00000000000000000000E+0000  0.00000000000000000000E+0000  0.00000000000000000000E+0000  0.00000000000000000000E+0000  0.00000000000000000000E+0000 -3.43208430398765548841E-0006 -2.17363829558689040282E+0000  0.00000000000000000000E+0000  0.00000000000000000000E+0000  0.00000000000000000000E+0000  1.54041157861448260212E-0001
 7.16000000000000000018E-0009  0.00000000000000000000E+0000 -3.27431604157300206430E-0001  2.37263664089700685331E-0002 -3.27431604157300206430E-0001  1.04999999999999999996E+0000  1.39214020635628475328E+0000  1.46427181865060845628E+0000  1.30876802029132329407E+0000  0.00000000000000000000E+0000  2.34433159148802059510E+0002  0.00000000000000000000E+0000  4.30299418609639197426E-0040  4.29677325535280122551E-0003  1.16606348278520951898E-0034  0.00000000000000000000E+0000  2.25424341827452781178E+0002  0.00000000000000000000E+0000  0.00000000000000000000E+0000  2.22437397434049726225E+0002  0.00000000000000000000E+0000  0.00000000000000000000E+0000  0.00000000000000000000E+0000  0.00000000000000000000E+0000  0.00000000000000000000E+0000 -3.46896463825646076598E-0006 -2.17382662757254012495E+0000  0.00000000000000000000E+0000  0.00000000000000000000E+0000  0.00000000000000000000E+0000  1.54528742016837450970E-0001
 7.30400000000000000011E-0009  0.00000000000000000000E+0000 -3.27443520744002370521E-0001  2.36175658675339899882E-0002 -3.27443520744002370521E-0001  1.04999999999999999996E+0000  1.39215127780756258401E+0000  1.46428158231678713424E+0000  1.30877530994919483035E+0000  0.00000000000000000000E+0000  2.34433159148802059510E+0002  0.00000000000000000000E+0000  4.30489851273491778804E-0040  4.29856016193203828042E-0003  1.16641431910835266304E-0034  0.00000000000000000000E+0000  2.25492638292530631572E+0002  0.00000000000000000000E+0000  0.00000000000000000000E+0000  2.22460600719742436285E+0002  0.00000000000000000000E+0000  0.00000000000000000000E+0000  0.00000000000000000000E+0000  0.00000000000000000000E+0000  0.00000000000000000000E+0000 -3.22474059889204865167E-0006 -2.17440183075044406093E+0000  0.00000000000000000000E+0000  0.00000000000000000000E+0000  0.00000000000000000000E+0000  1.54975199042571388884E-0001
 7.45000000000000000000E-0009  0.00000000000000000000E+0000 -3.27743749282227454230E-0001  2.34991767580230604116E-0002 -3.27743749282227454230E-0001  1.04999999999999999996E+0000  1.39216236023647251820E+0000  1.46429140597344954690E+0000  1.30878269172607245724E+0000  0.00000000000000000000E+0000  2.34433159148802059510E+0002  0.00000000000000000000E+0000  4.30680566188367168458E-0040  4.30035479334794255487E-0003  1.16676968935050199167E-0034  0.00000000000000000000E+0000  2.25561166669564006668E+0002  0.00000000000000000000E+0000  0.00000000000000000000E+0000  2.22484020959704793863E+0002  0.00000000000000000000E+0000  0.00000000000000000000E+0000  0.00000000000000000000E+0000  0.00000000000000000000E+0000  0.00000000000000000000E+0000 -3.21353101180866688092E-0006 -2.17465171086973048441E+0000  0.00000000000000000000E+0000  0.00000000000000000000E+0000  0.00000000000000000000E+0000  1.55413767967249255827E-0001
 7.59900000000000000003E-0009  0.00000000000000000000E+0000 -3.28071711253053673518E-0001  2.33818559799474822741E-0002 -3.28071711253053673518E-0001  1.04999999999999999996E+0000  1.39217352495122090241E+0000  1.46430135366222309741E+0000  1.30879021544471765685E+0000  0.00000000000000000000E+0000  2.34433159148802059510E+0002  0.00000000000000000000E+0000  4.30872790191587539543E-0040  4.30216875421402037098E-0003  1.16713199679161660468E-0034  0.00000000000000000000E+0000  2.25630367792662350018E+0002  0.00000000000000000000E+0000  0.00000000000000000000E+0000  2.22507808588883500778E+0002  0.00000000000000000000E+0000  0.00000000000000000000E+0000  0.00000000000000000000E+0000  0.00000000000000000000E+0000  0.00000000000000000000E+0000 -3.25409951058338990971E-0006 -2.17482773299742585546E+0000  0.00000000000000000000E+0000  0.00000000000000000000E+0000  0.00000000000000000000E+0000  1.55831488653078157261E-0001
 7.75100000000000000021E-0009  0.00000000000000000000E+0000 -3.28359987928250107101E-0001  2.32638846018415966014E-0002 -3.28359987928250107101E-0001  1.04999999999999999996E+0000  1.39218476607297426311E+0000  1.46431142141065456959E+0000  1.30879788024065676173E+0000  0.00000000000000000000E+0000  2.34433159148802059510E+0002  0.00000000000000000000E+0000  4.31066423141598496410E-0040  4.30400120177504339256E-0003  1.16750120563243203488E-0034  0.00000000000000000000E+0000  2.25700204093708198180E+0002  0.00000000000000000000E+0000  0.00000000000000000000E+0000  2.22531962132068722102E+0002  0.00000000000000000000E+0000  0.00000000000000000000E+0000  0.00000000000000000000E+0000  0.00000000000000000000E+0000  0.00000000000000000000E+0000 -3.30274513754347818226E-0006 -2.17499011440883132577E+0000  0.00000000000000000000E+0000  0.00000000000000000000E+0000  0.00000000000000000000E+0000  1.56224633662287412843E-0001
 7.90599999999999999972E-0009  0.00000000000000000000E+0000 -3.28597309257357008311E-0001  2.31436734274377418251E-0002 -3.28597309257357008311E-0001  1.04999999999999999996E+0000  1.39219607774127502166E+0000  1.46432160519957080594E+0000  1.30880568519810985340E+0000  0.00000000000000000000E+0000  2.34433159148802059510E+0002  0.00000000000000000000E+0000  4.31261365824278389627E-0040  4.30585129348689342991E-0003  1.16787727769798404140E-0034  0.00000000000000000000E+0000  2.25770638534092307884E+0002  0.00000000000000000000E+0000  0.00000000000000000000E+0000  2.22556477788854795763E+0002  0.00000000000000000000E+0000  0.00000000000000000000E+0000  0.00000000000000000000E+0000  0.00000000000000000000E+0000  0.00000000000000000000E+0000 -3.35218043601996305688E-0006 -2.17514879637062216928E+0000  0.00000000000000000000E+0000  0.00000000000000000000E+0000  0.00000000000000000000E+0000  1.56592244121146631015E-0001
 8.06400000000000000017E-0009  0.00000000000000000000E+0000 -3.28781256146178082361E-0001  2.30211321575426840592E-0002 -3.28781256146178082361E-0001  1.04999999999999999996E+0000  1.39220745416586570546E+0000  1.46433190099068603906E+0000  1.30881362934802974811E+0000  0.00000000000000000000E+0000  2.34433159148802059510E+0002  0.00000000000000000000E+0000  4.31457520127051775560E-0040  4.30771818849719236031E-0003  1.16826017227722394309E-0034  0.00000000000000000000E+0000  2.25841634054908165993E+0002  0.00000000000000000000E+0000  0.00000000000000000000E+0000  2.22581351818612247481E+0002  0.00000000000000000000E+0000  0.00000000000000000000E+0000  0.00000000000000000000E+0000  0.00000000000000000000E+0000  0.00000000000000000000E+0000 -3.40130234091543095439E-0006 -2.17530519658395918498E+0000  0.00000000000000000000E+0000  0.00000000000000000000E+0000  0.00000000000000000000E+0000  1.56933596817057684252E-0001
 8.22599999999999999974E-0009  0.00000000000000000000E+0000 -3.28506811467846238361E-0001  2.28980737261564612005E-0002 -3.28506811467846238361E-0001  1.04999999999999999996E+0000  1.39221895733800165034E+0000  1.46434236749414094789E+0000  1.30882176161281074114E+0000  0.00000000000000000000E+0000  2.34433159148802059510E+0002  0.00000000000000000000E+0000  4.31655953561871651091E-0040  4.30961228587366611813E-0003  1.16865225304114300266E-0034  0.00000000000000000000E+0000  2.25913579441541781320E+0002  0.00000000000000000000E+0000  0.00000000000000000000E+0000  2.22606731800142220584E+0002  0.00000000000000000000E+0000  0.00000000000000000000E+0000  0.00000000000000000000E+0000  0.00000000000000000000E+0000  0.00000000000000000000E+0000 -3.15667096615834509756E-0006 -2.17586425032870085078E+0000  0.00000000000000000000E+0000  0.00000000000000000000E+0000  0.00000000000000000000E+0000  1.57227074459088884289E-0001
 8.38999999999999999967E-0009  0.00000000000000000000E+0000 -3.28500243471368932207E-0001  2.27655991173881035120E-0002 -3.28500243471368932207E-0001  1.04999999999999999996E+0000  1.39223044246709936819E+0000  1.46435287298865058334E+0000  1.30882998071181000908E+0000  0.00000000000000000000E+0000  2.34433159148802059510E+0002  0.00000000000000000000E+0000  4.31854176079346857372E-0040  4.31150977895729894665E-0003  1.16904864469959396178E-0034  0.00000000000000000000E+0000  2.25985564605584019940E+0002  0.00000000000000000000E+0000  0.00000000000000000000E+0000  2.22632311043273869014E+0002  0.00000000000000000000E+0000  0.00000000000000000000E+0000  0.00000000000000000000E+0000  0.00000000000000000000E+0000  0.00000000000000000000E+0000 -3.14451866676982134873E-0006 -2.17609899367025912825E+0000  0.00000000000000000000E+0000  0.00000000000000000000E+0000  0.00000000000000000000E+0000  1.57509881652770124204E-0001
 8.55800000000000000033E-0009  0.00000000000000000000E+0000 -3.28526335264319801593E-0001  2.26333502113276923464E-0002 -3.28526335264319801593E-0001  1.04999999999999999996E+0000  1.39224204366962547603E+0000  1.46436354127240228693E+0000  1.30883838567146344484E+0000  0.00000000000000000000E+0000  2.34433159148802059510E+0002  0.00000000000000000000E+0000  4.32054502513199734240E-0040  4.31343291247557234358E-0003  1.16945412927888681097E-0034  0.00000000000000000000E+0000  2.26058430445225565134E+0002  0.00000000000000000000E+0000  0.00000000000000000000E+0000  2.22658387270540885736E+0002  0.00000000000000000000E+0000  0.00000000000000000000E+0000  0.00000000000000000000E+0000  0.00000000000000000000E+0000  0.00000000000000000000E+0000 -3.19465173606548661361E-0006 -2.17624621779196638196E+0000  0.00000000000000000000E+0000  0.00000000000000000000E+0000  0.00000000000000000000E+0000  1.57770155265313574052E-0001
 8.72900000000000000033E-0009  0.00000000000000000000E+0000 -3.28486583810514880293E-0001  2.25019556527509145047E-0002 -3.28486583810514880293E-0001  1.04999999999999999996E+0000  1.39225368540713127221E+0000  1.46437430416667143697E+0000  1.30884692514046999871E+0000  0.00000000000000000000E+0000  2.34433159148802059510E+0002  0.00000000000000000000E+0000  4.32255628749951823117E-0040  4.31536927014156541163E-0003  1.16986623643283452042E-0034  0.00000000000000000000E+0000  2.26131698326914997041E+0002  0.00000000000000000000E+0000  0.00000000000000000000E+0000  2.22684808700542135398E+0002  0.00000000000000000000E+0000  0.00000000000000000000E+0000  0.00000000000000000000E+0000  0.00000000000000000000E+0000  0.00000000000000000000E+0000 -3.23839231875704823105E-0006 -2.17639909615763129085E+0000  0.00000000000000000000E+0000  0.00000000000000000000E+0000  0.00000000000000000000E+0000  1.58000645076001023102E-0001
 8.90400000000000000024E-0009  0.00000000000000000000E+0000 -3.28019319245855866732E-0001  2.23693494010729192923E-0002 -3.28019319245855866732E-0001  1.04999999999999999996E+0000  1.39226542619351416818E+0000  1.46438521807237404145E+0000  1.30885564736451590333E+0000  0.00000000000000000000E+0000  2.34433159148802059510E+0002  0.00000000000000000000E+0000  4.32458564176070291272E-0040  4.31732877441642424299E-0003  1.17028730029265801322E-0034  0.00000000000000000000E+0000  2.26205737005334025516E+0002  0.00000000000000000000E+0000  0.00000000000000000000E+0000  2.22711717587705982951E+0002  0.00000000000000000000E+0000  0.00000000000000000000E+0000  0.00000000000000000000E+0000  0.00000000000000000000E+0000  0.00000000000000000000E+0000 -3.00063847726366628135E-0006 -2.17693669803228776198E+0000  0.00000000000000000000E+0000  0.00000000000000000000E+0000  0.00000000000000000000E+0000  1.58181622289958949401E-0001
 9.08200000000000000030E-0009  0.00000000000000000000E+0000 -3.27814322101809565285E-0001  2.22272699838849814378E-0002 -3.27814322101809565285E-0001  1.04999999999999999996E+0000  1.39227719472258424965E+0000  1.46439621709400894076E+0000  1.30886450119189210080E+0000  0.00000000000000000000E+0000  2.34433159148802059510E+0002  0.00000000000000000000E+0000  4.32662084667875939543E-0040  4.31929960316917277908E-0003  1.17071486117239727622E-0034  0.00000000000000000000E+0000  2.26280093284856447841E+0002  0.00000000000000000000E+0000  0.00000000000000000000E+0000  2.22738963392439180855E+0002  0.00000000000000000000E+0000  0.00000000000000000000E+0000  0.00000000000000000000E+0000  0.00000000000000000000E+0000  0.00000000000000000000E+0000 -3.00332011757253565387E-0006 -2.17714033068999724329E+0000  0.00000000000000000000E+0000  0.00000000000000000000E+0000  0.00000000000000000000E+0000  1.58351669229854460816E-0001
 9.26400000000000000027E-0009  0.00000000000000000000E+0000 -3.27608791119404527820E-0001  2.20869236371613542868E-0002 -3.27608791119404527820E-0001  1.04999999999999999996E+0000  1.39228905042939493772E+0000  1.46440735801107507655E+0000  1.30887353472295056144E+0000  0.00000000000000000000E+0000  2.34433159148802059510E+0002  0.00000000000000000000E+0000  4.32867217413012370586E-0040  4.32129180099232097046E-0003  1.17115124907139504282E-0034  0.00000000000000000000E+0000  2.26355140654104801376E+0002  0.00000000000000000000E+0000  0.00000000000000000000E+0000  2.22766689178057206155E+0002  0.00000000000000000000E+0000  0.00000000000000000000E+0000  0.00000000000000000000E+0000  0.00000000000000000000E+0000  0.00000000000000000000E+0000 -3.04948782795169090770E-0006 -2.17728178665710678415E+0000  0.00000000000000000000E+0000  0.00000000000000000000E+0000  0.00000000000000000000E+0000  1.58494526414446592927E-0001
 9.44900000000000000039E-0009  0.00000000000000000000E+0000 -3.27333821018187505367E-0001  2.19466500818725664485E-0002 -3.27333821018187505367E-0001  1.04999999999999999996E+0000  1.39230092209690470024E+0000  1.46441857489771320067E+0000  1.30888269665973035563E+0000  0.00000000000000000000E+0000  2.34433159148802059510E+0002  0.00000000000000000000E+0000  4.33072730352845688318E-0040  4.32329347629787581466E-0003  1.17159399318924878425E-0034  0.00000000000000000000E+0000  2.26430423092276821698E+0002  0.00000000000000000000E+0000  0.00000000000000000000E+0000  2.22794743947366957817E+0002  0.00000000000000000000E+0000  0.00000000000000000000E+0000  0.00000000000000000000E+0000  0.00000000000000000000E+0000  0.00000000000000000000E+0000 -3.08723651332179475165E-0006 -2.17743121217827629871E+0000  0.00000000000000000000E+0000  0.00000000000000000000E+0000  0.00000000000000000000E+0000  1.58605645521501416935E-0001
 9.63900000000000000020E-0009  0.00000000000000000000E+0000 -3.27029442246312964407E-0001  2.18018884474417807758E-0002 -3.27029442246312964407E-0001  1.04999999999999999996E+0000  1.39231292955361267622E+0000  1.46442998275287060927E+0000  1.30889208398269157266E+0000  0.00000000000000000000E+0000  2.34433159148802059510E+0002  0.00000000000000000000E+0000  4.33280701160575057219E-0040  4.32532500808811644175E-0003  1.17204778937482970008E-0034  0.00000000000000000000E+0000  2.26506700838402031908E+0002  0.00000000000000000000E+0000  0.00000000000000000000E+0000  2.22823416756712575859E+0002  0.00000000000000000000E+0000  0.00000000000000000000E+0000  0.00000000000000000000E+0000  0.00000000000000000000E+0000  0.00000000000000000000E+0000 -3.15076642580507352744E-0006 -2.17754357696278711700E+0000  0.00000000000000000000E+0000  0.00000000000000000000E+0000  0.00000000000000000000E+0000  1.58688325289971017483E-0001
 9.83100000000000000038E-0009  0.00000000000000000000E+0000 -3.26619667665912550577E-0001  2.16588950356726539832E-0002 -3.26619667665912550577E-0001  1.04999999999999999996E+0000  1.39232487804930240801E+0000  1.46444139716184592128E+0000  1.30890154670235964271E+0000  0.00000000000000000000E+0000  2.34433159148802059510E+0002  0.00000000000000000000E+0000  4.33487755640122955811E-0040  4.32735347550366383446E-0003  1.17250539381182894484E-0034  0.00000000000000000000E+0000  2.26582727763594245080E+0002  0.00000000000000000000E+0000  0.00000000000000000000E+0000  2.22852265303244482755E+0002  0.00000000000000000000E+0000  0.00000000000000000000E+0000  0.00000000000000000000E+0000  0.00000000000000000000E+0000  0.00000000000000000000E+0000 -3.17656277002658433421E-0006 -2.17770292999761508942E+0000  0.00000000000000000000E+0000  0.00000000000000000000E+0000  0.00000000000000000000E+0000  1.58735961246223903726E-0001
 1.00299999999999999998E-0008  0.00000000000000000000E+0000 -3.25864235722413795991E-0001  2.15097550735232881582E-0002 -3.25864235722413795991E-0001  1.04999999999999999996E+0000  1.39233706548450363711E+0000  1.46445310599351862771E+0000  1.30891132828877187198E+0000  0.00000000000000000000E+0000  2.34433159148802059510E+0002  0.00000000000000000000E+0000  4.33699057697396447541E-0040  4.32942975562523989365E-0003  1.17297858963453324816E-0034  0.00000000000000000000E+0000  2.26660404490817363549E+0002  0.00000000000000000000E+0000  0.00000000000000000000E+0000  2.22882008109736920801E+0002  0.00000000000000000000E+0000  0.00000000000000000000E+0000  0.00000000000000000000E+0000  0.00000000000000000000E+0000  0.00000000000000000000E+0000 -2.97216056111995403787E-0006 -2.17817789261810536576E+0000  0.00000000000000000000E+0000  0.00000000000000000000E+0000  0.00000000000000000000E+0000  1.58735456028972884241E-0001
 1.02299999999999999998E-0008  0.00000000000000000000E+0000 -3.25279753171952394170E-0001  2.13583971947840806472E-0002 -3.25279753171952394170E-0001  1.04999999999999999996E+0000  1.39234912132588135967E+0000  1.46446475304231244049E+0000  1.30892113203899092895E+0000  0.00000000000000000000E+0000  2.34433159148802059510E+0002  0.00000000000000000000E+0000  4.33908187862628714705E-0040  4.33149072050911909736E-0003  1.17345303410358179238E-0034  0.00000000000000000000E+0000  2.26737355831133261017E+0002  0.00000000000000000000E+0000  0.00000000000000000000E+0000  2.22911778158162359201E+0002  0.00000000000000000000E+0000  0.00000000000000000000E+0000  0.00000000000000000000E+0000  0.00000000000000000000E+0000  0.00000000000000000000E+0000 -2.95263232613534798505E-0006 -2.17839314870534768941E+0000  0.00000000000000000000E+0000  0.00000000000000000000E+0000  0.00000000000000000000E+0000  1.58716091629433624939E-0001
 1.04299999999999999998E-0008  0.00000000000000000000E+0000 -3.24659364439384534839E-0001  2.12100069609889458088E-0002 -3.24659364439384534839E-0001  1.04999999999999999996E+0000  1.39236098851809025380E+0000  1.46447628088213196421E+0000  1.30893090802467371473E+0000  0.00000000000000000000E+0000  2.34433159148802059510E+0002  0.00000000000000000000E+0000  4.34114150817173901845E-0040  4.33352632942760659531E-0003  1.17392631040632802275E-0034  0.00000000000000000000E+0000  2.26813210469313691134E+0002  0.00000000000000000000E+0000  0.00000000000000000000E+0000  2.22941414444473568646E+0002  0.00000000000000000000E+0000  0.00000000000000000000E+0000  0.00000000000000000000E+0000  0.00000000000000000000E+0000  0.00000000000000000000E+0000 -2.93909596307512899212E-0006 -2.17859336691115437539E+0000  0.00000000000000000000E+0000  0.00000000000000000000E+0000  0.00000000000000000000E+0000  1.58665985527759997864E-0001
 1.06400000000000000001E-0008  0.00000000000000000000E+0000 -3.24104268180077597603E-0001  2.10520395242772110200E-0002 -3.24104268180077597603E-0001  1.04999999999999999996E+0000  1.39237324686699537215E+0000  1.46448825600799215671E+0000  1.30894114149858885050E+0000  0.00000000000000000000E+0000  2.34433159148802059510E+0002  0.00000000000000000000E+0000  4.34327016498173501844E-0040  4.33563638189465097558E-0003  1.17442192449128836596E-0034  0.00000000000000000000E+0000  2.26891682583140388077E+0002  0.00000000000000000000E+0000  0.00000000000000000000E+0000  2.22972355831955134225E+0002  0.00000000000000000000E+0000  0.00000000000000000000E+0000  0.00000000000000000000E+0000  0.00000000000000000000E+0000  0.00000000000000000000E+0000 -3.04896662382726089957E-0006 -2.17862622373317331393E+0000  0.00000000000000000000E+0000  0.00000000000000000000E+0000  0.00000000000000000000E+0000  1.58589729575401376896E-0001
 1.08599999999999999997E-0008  0.00000000000000000000E+0000 -3.23152005779059301995E-0001  2.08947951475414617634E-0002 -3.23152005779059301995E-0001  1.04999999999999999996E+0000  1.39238586971893091315E+0000  1.46450065990544531268E+0000  1.30895182655130861283E+0000  0.00000000000000000000E+0000  2.34433159148802059510E+0002  0.00000000000000000000E+0000  4.34546324531794827571E-0040  4.33781700392001410547E-0003  1.17493961164371341123E-0034  0.00000000000000000000E+0000  2.26972594969923842173E+0002  0.00000000000000000000E+0000  0.00000000000000000000E+0000  2.23004611980103737617E+0002  0.00000000000000000000E+0000  0.00000000000000000000E+0000  0.00000000000000000000E+0000  0.00000000000000000000E+0000  0.00000000000000000000E+0000 -2.89209423610717514752E-0006 -2.17902591088930284156E+0000  0.00000000000000000000E+0000  0.00000000000000000000E+0000  0.00000000000000000000E+0000  1.58455363404827219822E-0001
 1.10699999999999999999E-0008  0.00000000000000000000E+0000 -3.22519575816086367259E-0001  2.07439796540287047491E-0002 -3.22519575816086367259E-0001  1.04999999999999999996E+0000  1.39239772560247374218E+0000  1.46451237400750831810E+0000  1.30896199277782915597E+0000  0.00000000000000000000E+0000  2.34433159148802059510E+0002  0.00000000000000000000E+0000  4.34752415209429345342E-0040  4.33987207203659643680E-0003  1.17543235665702798554E-0034  0.00000000000000000000E+0000  2.27048665445965660095E+0002  0.00000000000000000000E+0000  0.00000000000000000000E+0000  2.23035321840137728766E+0002  0.00000000000000000000E+0000  0.00000000000000000000E+0000  0.00000000000000000000E+0000  0.00000000000000000000E+0000  0.00000000000000000000E+0000 -3.02828586038928189489E-0006 -2.17900909501742380439E+0000  0.00000000000000000000E+0000  0.00000000000000000000E+0000  0.00000000000000000000E+0000  1.58317701424004640746E-0001
 1.12900000000000000003E-0008  0.00000000000000000000E+0000 -3.21488573865121838073E-0001  2.05844791066944694506E-0002 -3.21488573865121838073E-0001  1.04999999999999999996E+0000  1.39240993648360281945E+0000  1.46452450789587921946E+0000  1.30897260538179261867E+0000  0.00000000000000000000E+0000  2.34433159148802059510E+0002  0.00000000000000000000E+0000  4.34964786152973732231E-0040  4.34199608713248564831E-0003  1.17594693876822808791E-0034  0.00000000000000000000E+0000  2.27127118372096316781E+0002  0.00000000000000000000E+0000  0.00000000000000000000E+0000  2.23067277470913288714E+0002  0.00000000000000000000E+0000  0.00000000000000000000E+0000  0.00000000000000000000E+0000  0.00000000000000000000E+0000  0.00000000000000000000E+0000 -2.86637449295668990112E-0006 -2.17940144061736820725E+0000  0.00000000000000000000E+0000  0.00000000000000000000E+0000  0.00000000000000000000E+0000  1.58122942863622070462E-0001
 1.15200000000000000001E-0008  0.00000000000000000000E+0000 -3.20630428710058517933E-0001  2.04183789187432046791E-0002 -3.20630428710058517933E-0001  1.04999999999999999996E+0000  1.39242248090638085704E+0000  1.46453704585901546271E+0000  1.30898365838694151616E+0000  0.00000000000000000000E+0000  2.34433159148802059510E+0002  0.00000000000000000000E+0000  4.35183077287683189313E-0040  4.34418593601172954144E-0003  1.17648309671789729232E-0034  0.00000000000000000000E+0000  2.27207799959247928948E+0002  0.00000000000000000000E+0000  0.00000000000000000000E+0000  2.23100524815375225257E+0002  0.00000000000000000000E+0000  0.00000000000000000000E+0000  0.00000000000000000000E+0000  0.00000000000000000000E+0000  0.00000000000000000000E+0000 -2.95188812371545274747E-0006 -2.17945530891917903628E+0000  0.00000000000000000000E+0000  0.00000000000000000000E+0000  0.00000000000000000000E+0000  1.57903525001173391105E-0001
 1.17499999999999999999E-0008  0.00000000000000000000E+0000 -3.19634149890981926668E-0001  2.02601407832591843004E-0002 -3.19634149890981926668E-0001  1.04999999999999999996E+0000  1.39243480815287282214E+0000  1.46454943771945282919E+0000  1.30899466811528082200E+0000  0.00000000000000000000E+0000  2.34433159148802059510E+0002  0.00000000000000000000E+0000  4.35397700346647847887E-0040  4.34634545167474346030E-0003  1.17701737674005892127E-0034  0.00000000000000000000E+0000  2.27287150620317519159E+0002  0.00000000000000000000E+0000  0.00000000000000000000E+0000  2.23133644279300557278E+0002  0.00000000000000000000E+0000  0.00000000000000000000E+0000  0.00000000000000000000E+0000  0.00000000000000000000E+0000  0.00000000000000000000E+0000 -2.95286422268879673236E-0006 -2.17961790931653461847E+0000  0.00000000000000000000E+0000  0.00000000000000000000E+0000  0.00000000000000000000E+0000  1.57646998808804397944E-0001
 1.19900000000000000000E-0008  0.00000000000000000000E+0000 -3.18372989717079108124E-0001  2.00918060557244399765E-0002 -3.18372989717079108124E-0001  1.04999999999999999996E+0000  1.39244743918008029402E+0000  1.46456221049918862843E+0000  1.30900610789490760854E+0000  0.00000000000000000000E+0000  2.34433159148802059510E+0002  0.00000000000000000000E+0000  4.35617729330552844494E-0040  4.34856621784530414008E-0003  1.17757276098263439772E-0034  0.00000000000000000000E+0000  2.27368535184829273360E+0002  0.00000000000000000000E+0000  0.00000000000000000000E+0000  2.23168000010161618404E+0002  0.00000000000000000000E+0000  0.00000000000000000000E+0000  0.00000000000000000000E+0000  0.00000000000000000000E+0000  0.00000000000000000000E+0000 -2.77630722295909465399E-0006 -2.18002299607118391251E+0000  0.00000000000000000000E+0000  0.00000000000000000000E+0000  0.00000000000000000000E+0000  1.57337586148169902731E-0001
 1.22300000000000000000E-0008  0.00000000000000000000E+0000 -3.17494986596758270680E-0001  1.99246972920816068484E-0002 -3.17494986596758270680E-0001  1.04999999999999999996E+0000  1.39245984706759125715E+0000  1.46457482993814434521E+0000  1.30901749849804333807E+0000  0.00000000000000000000E+0000  2.34433159148802059510E+0002  0.00000000000000000000E+0000  4.35833991620461348388E-0040  4.35075550232457466681E-0003  1.17812600005148964906E-0034  0.00000000000000000000E+0000  2.27448534626017070739E+0002  0.00000000000000000000E+0000  0.00000000000000000000E+0000  2.23202223219381890321E+0002  0.00000000000000000000E+0000  0.00000000000000000000E+0000  0.00000000000000000000E+0000  0.00000000000000000000E+0000  0.00000000000000000000E+0000 -3.02206233518533268791E-0006 -2.17984306056087335135E+0000  0.00000000000000000000E+0000  0.00000000000000000000E+0000  0.00000000000000000000E+0000  1.57025134211116809983E-0001
 1.24700000000000000000E-0008  0.00000000000000000000E+0000 -3.16343635938763709107E-0001  1.97649361126524924151E-0002 -3.16343635938763709107E-0001  1.04999999999999999996E+0000  1.39247203511835100707E+0000  1.46458729678276595456E+0000  1.30902883831973178167E+0000  0.00000000000000000000E+0000  2.34433159148802059510E+0002  0.00000000000000000000E+0000  4.36046530956353005539E-0040  4.35291351396818090726E-0003  1.17867700782761501166E-0034  0.00000000000000000000E+0000  2.27527165281326682167E+0002  0.00000000000000000000E+0000  0.00000000000000000000E+0000  2.23236282640744580885E+0002  0.00000000000000000000E+0000  0.00000000000000000000E+0000  0.00000000000000000000E+0000  0.00000000000000000000E+0000  0.00000000000000000000E+0000 -3.03485201261624560492E-0006 -2.17997500036935526577E+0000  0.00000000000000000000E+0000  0.00000000000000000000E+0000  0.00000000000000000000E+0000  1.56669031679147003711E-0001
 1.27200000000000000002E-0008  0.00000000000000000000E+0000 -3.14913242479825113086E-0001  1.95956524121840427002E-0002 -3.14913242479825113086E-0001  1.04999999999999999996E+0000  1.39248449671910795057E+0000  1.46460011875601263279E+0000  1.30904059387299418361E+0000  0.00000000000000000000E+0000  2.34433159148802059510E+0002  0.00000000000000000000E+0000  4.36263954496638211981E-0040  4.35512790341368490718E-0003  1.17924846472205002006E-0034  0.00000000000000000000E+0000  2.27607611816686466299E+0002  0.00000000000000000000E+0000  0.00000000000000000000E+0000  2.23271551988199381936E+0002  0.00000000000000000000E+0000  0.00000000000000000000E+0000  0.00000000000000000000E+0000  0.00000000000000000000E+0000  0.00000000000000000000E+0000 -2.85019720072753886710E-0006 -2.18037585846413896058E+0000  0.00000000000000000000E+0000  0.00000000000000000000E+0000  0.00000000000000000000E+0000  1.56257807379073415481E-0001
 1.29699999999999999996E-0008  0.00000000000000000000E+0000 -3.13595830476472545991E-0001  1.94283995357266414441E-0002 -3.13595830476472545991E-0001  1.04999999999999999996E+0000  1.39249673099854985245E+0000  1.46461277960030845132E+0000  1.30905229163236137000E+0000  0.00000000000000000000E+0000  2.34433159148802059510E+0002  0.00000000000000000000E+0000  4.36477525421103915018E-0040  4.35730959534171614083E-0003  1.17981736505711475372E-0034  0.00000000000000000000E+0000  2.27686615104207285873E+0002  0.00000000000000000000E+0000  0.00000000000000000000E+0000  2.23306683097208892905E+0002  0.00000000000000000000E+0000  0.00000000000000000000E+0000  0.00000000000000000000E+0000  0.00000000000000000000E+0000  0.00000000000000000000E+0000 -2.82447499434528355312E-0006 -2.18055239442996085897E+0000  0.00000000000000000000E+0000  0.00000000000000000000E+0000  0.00000000000000000000E+0000  1.55828800176419380279E-0001
 1.32300000000000000001E-0008  0.00000000000000000000E+0000 -3.12293459043570953323E-0001  1.92553896048991896992E-0002 -3.12293459043570953323E-0001  1.04999999999999999996E+0000  1.39250921596005328097E+0000  1.46462577590689618215E+0000  1.30906439365797458863E+0000  0.00000000000000000000E+0000  2.34433159148802059510E+0002  0.00000000000000000000E+0000  4.36695591555850114614E-0040  4.35954402153685577590E-0003  1.18040619416101490575E-0034  0.00000000000000000000E+0000  2.27767271043157219806E+0002  0.00000000000000000000E+0000  0.00000000000000000000E+0000  2.23343004074491987859E+0002  0.00000000000000000000E+0000  0.00000000000000000000E+0000  0.00000000000000000000E+0000  0.00000000000000000000E+0000  0.00000000000000000000E+0000 -2.90602657778083435372E-0006 -2.18058059449667016299E+0000  0.00000000000000000000E+0000  0.00000000000000000000E+0000  0.00000000000000000000E+0000  1.55361697477812775963E-0001
 1.34999999999999999999E-0008  0.00000000000000000000E+0000 -3.10663798799954335851E-0001  1.90820004171802728439E-0002 -3.10663798799954335851E-0001  1.04999999999999999996E+0000  1.39252192808094532692E+0000  1.46463908888927040115E+0000  1.30907689040307964763E+0000  0.00000000000000000000E+0000  2.34433159148802059510E+0002  0.00000000000000000000E+0000  4.36917741720496585260E-0040  4.36182748357472887085E-0003  1.18101450861938284588E-0034  0.00000000000000000000E+0000  2.27849406924878884986E+0002  0.00000000000000000000E+0000  0.00000000000000000000E+0000  2.23380528373540202886E+0002  0.00000000000000000000E+0000  0.00000000000000000000E+0000  0.00000000000000000000E+0000  0.00000000000000000000E+0000  0.00000000000000000000E+0000 -2.73226689777567681392E-0006 -2.18095558799294343710E+0000  0.00000000000000000000E+0000  0.00000000000000000000E+0000  0.00000000000000000000E+0000  1.54832317005973497115E-0001
 1.37699999999999999997E-0008  0.00000000000000000000E+0000 -3.09366763960921359810E-0001  1.89075934880251670083E-0002 -3.09366763960921359810E-0001  1.04999999999999999996E+0000  1.39253439712153051955E+0000  1.46465222398892693976E+0000  1.30908931586003867494E+0000  0.00000000000000000000E+0000  2.34433159148802059510E+0002  0.00000000000000000000E+0000  4.37135766436703827843E-0040  4.36407538854028016247E-0003  1.18161964332769247275E-0034  0.00000000000000000000E+0000  2.27929968577855490502E+0002  0.00000000000000000000E+0000  0.00000000000000000000E+0000  2.23417899192172326864E+0002  0.00000000000000000000E+0000  0.00000000000000000000E+0000  0.00000000000000000000E+0000  0.00000000000000000000E+0000  0.00000000000000000000E+0000 -2.97463993334179805822E-0006 -2.18075479729159296682E+0000  0.00000000000000000000E+0000  0.00000000000000000000E+0000  0.00000000000000000000E+0000  1.54301127982856304521E-0001
 1.40400000000000000003E-0008  0.00000000000000000000E+0000 -3.07835870747602511634E-0001  1.87400391808555185332E-0002 -3.07835870747602511634E-0001  1.04999999999999999996E+0000  1.39254662729576787121E+0000  1.46466518251324350939E+0000  1.30910166808320604448E+0000  0.00000000000000000000E+0000  2.34433159148802059510E+0002  0.00000000000000000000E+0000  4.37349724790488625895E-0040  4.36628807449208451848E-0003  1.18222149204668670699E-0034  0.00000000000000000000E+0000  2.28008978885158454783E+0002  0.00000000000000000000E+0000  0.00000000000000000000E+0000  2.23455083140723089211E+0002  0.00000000000000000000E+0000  0.00000000000000000000E+0000  0.00000000000000000000E+0000  0.00000000000000000000E+0000  0.00000000000000000000E+0000 -2.98424645247073287199E-0006 -2.18086510064100587490E+0000  0.00000000000000000000E+0000  0.00000000000000000000E+0000  0.00000000000000000000E+0000  1.53731390278813428741E-0001
 1.43200000000000000004E-0008  0.00000000000000000000E+0000 -3.06049750047207054092E-0001  1.85647162337590829596E-0002 -3.06049750047207054092E-0001  1.04999999999999999996E+0000  1.39255905866840903309E+0000  1.46467843291510209055E+0000  1.30911439707036461177E+0000  0.00000000000000000000E+0000  2.34433159148802059510E+0002  0.00000000000000000000E+0000  4.37567317189781731459E-0040  4.36854536152537445982E-0003  1.18284199202051208203E-0034  0.00000000000000000000E+0000  2.28089278667316715882E+0002  0.00000000000000000000E+0000  0.00000000000000000000E+0000  2.23493409733768343933E+0002  0.00000000000000000000E+0000  0.00000000000000000000E+0000  0.00000000000000000000E+0000  0.00000000000000000000E+0000  0.00000000000000000000E+0000 -2.79165442583859136040E-0006 -2.18124882274620653772E+0000  0.00000000000000000000E+0000  0.00000000000000000000E+0000  0.00000000000000000000E+0000  1.53105359806188101457E-0001
 1.46099999999999999998E-0008  0.00000000000000000000E+0000 -3.04377836254563978327E-0001  1.83844114712616405423E-0002 -3.04377836254563978327E-0001  1.04999999999999999996E+0000  1.39257167344030251157E+0000  1.46469195976617076705E+0000  1.30912749316619659386E+0000  0.00000000000000000000E+0000  2.34433159148802059510E+0002  0.00000000000000000000E+0000  4.37788242587401593740E-0040  4.37084442947698940662E-0003  1.18348070433337925493E-0034  0.00000000000000000000E+0000  2.28170732549094781250E+0002  0.00000000000000000000E+0000  0.00000000000000000000E+0000  2.23532897860000750373E+0002  0.00000000000000000000E+0000  0.00000000000000000000E+0000  0.00000000000000000000E+0000  0.00000000000000000000E+0000  0.00000000000000000000E+0000 -2.85102889190678719850E-0006 -2.18128537008886101136E+0000  0.00000000000000000000E+0000  0.00000000000000000000E+0000  0.00000000000000000000E+0000  1.52446100476928863489E-0001
 1.49000000000000000000E-0008  0.00000000000000000000E+0000 -3.02625298936554079421E-0001  1.82106266790492674190E-0002 -3.02625298936554079421E-0001  1.04999999999999999996E+0000  1.39258403398409228693E+0000  1.46470529260591130654E+0000  1.30914050003485850338E+0000  0.00000000000000000000E+0000  2.34433159148802059510E+0002  0.00000000000000000000E+0000  4.38004829811470497195E-0040  4.37310535166030087581E-0003  1.18411537814935526195E-0034  0.00000000000000000000E+0000  2.28250492520876002406E+0002  0.00000000000000000000E+0000  0.00000000000000000000E+0000  2.23572215690155428530E+0002  0.00000000000000000000E+0000  0.00000000000000000000E+0000  0.00000000000000000000E+0000  0.00000000000000000000E+0000  0.00000000000000000000E+0000 -2.84649552084411613863E-0006 -2.18140210452497598521E+0000  0.00000000000000000000E+0000  0.00000000000000000000E+0000  0.00000000000000000000E+0000  1.51759607141903543989E-0001
 1.51999999999999999996E-0008  0.00000000000000000000E+0000 -3.00845354962454170636E-0001  1.80305673587478334766E-0002 -3.00845354962454170636E-0001  1.04999999999999999996E+0000  1.39259655687880828749E+0000  1.46471888167120748293E+0000  1.30915385863829343105E+0000  0.00000000000000000000E+0000  2.34433159148802059510E+0002  0.00000000000000000000E+0000  4.38224382405132610748E-0040  4.37540443647668187643E-0003  1.18476754521747272048E-0034  0.00000000000000000000E+0000  2.28331253787254557286E+0002  0.00000000000000000000E+0000  0.00000000000000000000E+0000  2.23612636950572983369E+0002  0.00000000000000000000E+0000  0.00000000000000000000E+0000  0.00000000000000000000E+0000  0.00000000000000000000E+0000  0.00000000000000000000E+0000 -2.91680164745376052155E-0006 -2.18141317866474629601E+0000  0.00000000000000000000E+0000  0.00000000000000000000E+0000  0.00000000000000000000E+0000  1.51031217483370292016E-0001
 1.55100000000000000003E-0008  0.00000000000000000000E+0000 -2.98783312318103417475E-0001  1.78496019416717125278E-0002 -2.98783312318103417475E-0001  1.04999999999999999996E+0000  1.39260922113519079258E+0000  1.46473270847390756510E+0000  1.30916755675253255380E+0000  0.00000000000000000000E+0000  2.34433159148802059510E+0002  0.00000000000000000000E+0000  4.38446530363530798659E-0040  4.37773820244091295866E-0003  1.18543662783399816380E-0034  0.00000000000000000000E+0000  2.28412852072481801557E+0002  0.00000000000000000000E+0000  0.00000000000000000000E+0000  2.23654176534759851575E+0002  0.00000000000000000000E+0000  0.00000000000000000000E+0000  0.00000000000000000000E+0000  0.00000000000000000000E+0000  0.00000000000000000000E+0000 -2.72822391671691972972E-0006 -2.18177357574175733693E+0000  0.00000000000000000000E+0000  0.00000000000000000000E+0000  0.00000000000000000000E+0000  1.50242194415473685347E-0001
 1.58199999999999999993E-0008  0.00000000000000000000E+0000 -2.97004399642191729386E-0001  1.76692825182916928853E-0002 -2.97004399642191729386E-0001  1.04999999999999999996E+0000  1.39262162058581083273E+0000  1.46474632656778123703E+0000  1.30918114888028752456E+0000  0.00000000000000000000E+0000  2.34433159148802059510E+0002  0.00000000000000000000E+0000  4.38664156051972052245E-0040  4.38003159787776981284E-0003  1.18610088575922594816E-0034  0.00000000000000000000E+0000  2.28492654084240723697E+0002  0.00000000000000000000E+0000  0.00000000000000000000E+0000  2.23695529704772954394E+0002  0.00000000000000000000E+0000  0.00000000000000000000E+0000  0.00000000000000000000E+0000  0.00000000000000000000E+0000  0.00000000000000000000E+0000 -2.96885155967199276646E-0006 -2.18154136994593665557E+0000  0.00000000000000000000E+0000  0.00000000000000000000E+0000  0.00000000000000000000E+0000  1.49453809396414038940E-0001
 1.61299999999999999999E-0008  0.00000000000000000000E+0000 -2.95040668615559004254E-0001  1.74952253460328832715E-0002 -2.95040668615559004254E-0001  1.04999999999999999996E+0000  1.39263376065287500661E+0000  1.46475973812372070192E+0000  1.30919463287812290985E+0000  0.00000000000000000000E+0000  2.34433159148802059510E+0002  0.00000000000000000000E+0000  4.38877339116131120269E-0040  4.38228514340866121961E-0003  1.18676019718139588862E-0034  0.00000000000000000000E+0000  2.28570692001820923486E+0002  0.00000000000000000000E+0000  0.00000000000000000000E+0000  2.23736660723517865892E+0002  0.00000000000000000000E+0000  0.00000000000000000000E+0000  0.00000000000000000000E+0000  0.00000000000000000000E+0000  0.00000000000000000000E+0000 -2.97504719117349759463E-0006 -2.18162211579980524871E+0000  0.00000000000000000000E+0000  0.00000000000000000000E+0000  0.00000000000000000000E+0000  1.48634489490991073137E-0001
 1.64599999999999999993E-0008  0.00000000000000000000E+0000 -2.92840134371469713805E-0001  1.73091121304948233678E-0002 -2.92840134371469713805E-0001  1.04999999999999999996E+0000  1.39264639765069398163E+0000  1.46477378448706218922E+0000  1.30920886235171429052E+0000  0.00000000000000000000E+0000  2.34433159148802059510E+0002  0.00000000000000000000E+0000  4.39099368583668395253E-0040  4.38463982776286939392E-0003  1.18745632865421926072E-0034  0.00000000000000000000E+0000  2.28651825171377051163E+0002  0.00000000000000000000E+0000  0.00000000000000000000E+0000  2.23780121538387838487E+0002  0.00000000000000000000E+0000  0.00000000000000000000E+0000  0.00000000000000000000E+0000  0.00000000000000000000E+0000  0.00000000000000000000E+0000 -2.84561265461870858807E-0006 -2.18188603659931271454E+0000  0.00000000000000000000E+0000  0.00000000000000000000E+0000  0.00000000000000000000E+0000  1.47737063706495411338E-0001
 1.67799999999999999993E-0008  0.00000000000000000000E+0000 -2.90875541569613236045E-0001  1.71341663534875145830E-0002 -2.90875541569613236045E-0001  1.04999999999999999996E+0000  1.39265839237669775531E+0000  1.46478719422181992969E+0000  1.30922254318986088374E+0000  0.00000000000000000000E+0000  2.34433159148802059510E+0002  0.00000000000000000000E+0000  4.39310226360887861786E-0040  4.38688290508134022084E-0003  1.18812597956641044834E-0034  0.00000000000000000000E+0000  2.28728686631536316909E+0002  0.00000000000000000000E+0000  0.00000000000000000000E+0000  2.23822146183059142596E+0002  0.00000000000000000000E+0000  0.00000000000000000000E+0000  0.00000000000000000000E+0000  0.00000000000000000000E+0000  0.00000000000000000000E+0000 -3.02394603899861449393E-0006 -2.18172120106827733947E+0000  0.00000000000000000000E+0000  0.00000000000000000000E+0000  0.00000000000000000000E+0000  1.46862401151675109174E-0001
 1.71199999999999999998E-0008  0.00000000000000000000E+0000 -2.88587036337238220680E-0001  1.69494048646088834747E-0002 -2.88587036337238220680E-0001  1.04999999999999999996E+0000  1.39267085036025064972E+0000  1.46480120656961196031E+0000  1.30923694409299988246E+0000  0.00000000000000000000E+0000  2.34433159148802059510E+0002  0.00000000000000000000E+0000  4.39529344075955500306E-0040  4.38922138206190217391E-0003  1.18883125512446106979E-0034  0.00000000000000000000E+0000  2.28808398010265193215E+0002  0.00000000000000000000E+0000  0.00000000000000000000E+0000  2.23866423978699731173E+0002  0.00000000000000000000E+0000  0.00000000000000000000E+0000  0.00000000000000000000E+0000  0.00000000000000000000E+0000  0.00000000000000000000E+0000 -2.89782145010440168987E-0006 -2.18196891028398081260E+0000  0.00000000000000000000E+0000  0.00000000000000000000E+0000  0.00000000000000000000E+0000  1.45903202478783281630E-0001
 1.74600000000000000002E-0008  0.00000000000000000000E+0000 -2.86340574381406615790E-0001  1.67690232781625892829E-0002 -2.86340574381406615790E-0001  1.04999999999999999996E+0000  1.39268303119383302958E+0000  1.46481498856080533696E+0000  1.30925120902759797251E+0000  0.00000000000000000000E+0000  2.34433159148802059510E+0002  0.00000000000000000000E+0000  4.39743700789697692169E-0040  4.39151629458986761620E-0003  1.18953025546311082213E-0034  0.00000000000000000000E+0000  2.28886157996905339945E+0002  0.00000000000000000000E+0000  0.00000000000000000000E+0000  2.23910523472218704916E+0002  0.00000000000000000000E+0000  0.00000000000000000000E+0000  0.00000000000000000000E+0000  0.00000000000000000000E+0000  0.00000000000000000000E+0000 -2.87962092136904852876E-0006 -2.18206273630637068530E+0000  0.00000000000000000000E+0000  0.00000000000000000000E+0000  0.00000000000000000000E+0000  1.44932004749144484367E-0001
 1.78100000000000000000E-0008  0.00000000000000000000E+0000 -2.84064732534267577274E-0001  1.65853674123834420245E-0002 -2.84064732534267577274E-0001  1.04999999999999999996E+0000  1.39269528623166048459E+0000  1.46482893724753219556E+0000  1.30926574857804234678E+0000  0.00000000000000000000E+0000  2.34433159148802059510E+0002  0.00000000000000000000E+0000  4.39959480589738273931E-0040  4.39383380868186525565E-0003  1.19024311061596928937E-0034  0.00000000000000000000E+0000  2.28964224740142012940E+0002  0.00000000000000000000E+0000  0.00000000000000000000E+0000  2.23955616776418620056E+0002  0.00000000000000000000E+0000  0.00000000000000000000E+0000  0.00000000000000000000E+0000  0.00000000000000000000E+0000  0.00000000000000000000E+0000 -2.93583481118465975573E-0006 -2.18205023745748793551E+0000  0.00000000000000000000E+0000  0.00000000000000000000E+0000  0.00000000000000000000E+0000  1.43921323804885886114E-0001
 1.81699999999999999993E-0008  0.00000000000000000000E+0000 -2.81710329348838449029E-0001  1.64012513259588991818E-0002 -2.81710329348838449029E-0001  1.04999999999999999996E+0000  1.39270760024565565759E+0000  1.46484303716399993423E+0000  1.30928054907261461190E+0000  0.00000000000000000000E+0000  2.34433159148802059510E+0002  0.00000000000000000000E+0000  4.40176415189903114785E-0040  4.39617122527402440244E-0003  1.19096917025625583768E-0034  0.00000000000000000000E+0000  2.29042468251669632515E+0002  0.00000000000000000000E+0000  0.00000000000000000000E+0000  2.24001722283334560801E+0002  0.00000000000000000000E+0000  0.00000000000000000000E+0000  0.00000000000000000000E+0000  0.00000000000000000000E+0000  0.00000000000000000000E+0000 -3.00021542930832028143E-0006 -2.18202151830193907507E+0000  0.00000000000000000000E+0000  0.00000000000000000000E+0000  0.00000000000000000000E+0000  1.42867438095531127428E-0001
 1.85300000000000000001E-0008  0.00000000000000000000E+0000 -2.79309680993901515299E-0001  1.62207221170170321415E-0002 -2.79309680993901515299E-0001  1.04999999999999999996E+0000  1.39271963145436525236E+0000  1.46485689430976425719E+0000  1.30929519376070077586E+0000  0.00000000000000000000E+0000  2.34433159148802059510E+0002  0.00000000000000000000E+0000  4.40388478145812440283E-0040  4.39846339418836898682E-0003  1.19168799206798879651E-0034  0.00000000000000000000E+0000  2.29118695201227867447E+0002  0.00000000000000000000E+0000  0.00000000000000000000E+0000  2.24047591676136527580E+0002  0.00000000000000000000E+0000  0.00000000000000000000E+0000  0.00000000000000000000E+0000  0.00000000000000000000E+0000  0.00000000000000000000E+0000 -2.99223296845317563262E-0006 -2.18208473867964526226E+0000  0.00000000000000000000E+0000  0.00000000000000000000E+0000  0.00000000000000000000E+0000  1.41798423607795085247E-0001
 1.89000000000000000003E-0008  0.00000000000000000000E+0000 -2.76869808739293516017E-0001  1.60371657442737878812E-0002 -2.76869808739293516017E-0001  1.04999999999999999996E+0000  1.39273170812830574428E+0000  1.46487088582306927362E+0000  1.30931008011878785265E+0000  0.00000000000000000000E+0000  2.34433159148802059510E+0002  0.00000000000000000000E+0000  4.40601456923591836423E-0040  4.40077279211620859221E-0003  1.19241909643168199612E-0034  0.00000000000000000000E+0000  2.29194990964193366270E+0002  0.00000000000000000000E+0000  0.00000000000000000000E+0000  2.24094410248283086834E+0002  0.00000000000000000000E+0000  0.00000000000000000000E+0000  0.00000000000000000000E+0000  0.00000000000000000000E+0000  0.00000000000000000000E+0000 -3.04651672872685580350E-0006 -2.18205794319662444141E+0000  0.00000000000000000000E+0000  0.00000000000000000000E+0000  0.00000000000000000000E+0000  1.40691395571661734758E-0001
 1.92800000000000000000E-0008  0.00000000000000000000E+0000 -2.74233925501831280055E-0001  1.58526383455348393510E-0002 -2.74233925501831280055E-0001  1.04999999999999999996E+0000  1.39274381428718259910E+0000  1.46488499504553827007E+0000  1.30932519261580613114E+0000  0.00000000000000000000E+0000  2.34433159148802059510E+0002  0.00000000000000000000E+0000  4.40815065055402687716E-0040  4.40309650580877890923E-0003  1.19316173149766102894E-0034  0.00000000000000000000E+0000  2.29271216803205719198E+0002  0.00000000000000000000E+0000  0.00000000000000000000E+0000  2.24142193975109681556E+0002  0.00000000000000000000E+0000  0.00000000000000000000E+0000  0.00000000000000000000E+0000  0.00000000000000000000E+0000  0.00000000000000000000E+0000 -2.82995424898055183607E-0006 -2.18239439493988470354E+0000  0.00000000000000000000E+0000  0.00000000000000000000E+0000  0.00000000000000000000E+0000  1.39534400255737789357E-0001
 1.96700000000000000006E-0008  0.00000000000000000000E+0000 -2.71645450963934637241E-0001  1.56658098022227616630E-0002 -2.71645450963934637241E-0001  1.04999999999999999996E+0000  1.39275593867113568877E+0000  1.46489920914162384253E+0000  1.30934051781321662063E+0000  0.00000000000000000000E+0000  2.34433159148802059510E+0002  0.00000000000000000000E+0000  4.41029112069130303823E-0040  4.40543249570819055882E-0003  1.19391526883413741966E-0034  0.00000000000000000000E+0000  2.29347282623535300219E+0002  0.00000000000000000000E+0000  0.00000000000000000000E+0000  2.24190925193442336716E+0002  0.00000000000000000000E+0000  0.00000000000000000000E+0000  0.00000000000000000000E+0000  0.00000000000000000000E+0000  0.00000000000000000000E+0000 -2.86528337644501790026E-0006 -2.18238238266226986092E+0000  0.00000000000000000000E+0000  0.00000000000000000000E+0000  0.00000000000000000000E+0000  1.38347324890329291354E-0001
 2.00599999999999999996E-0008  0.00000000000000000000E+0000 -2.69147884225056141120E-0001  1.54848194811707554783E-0002 -2.69147884225056141120E-0001  1.04999999999999999996E+0000  1.39276777423619173410E+0000  1.46491316426106071152E+0000  1.30935565865956061614E+0000  0.00000000000000000000E+0000  2.34433159148802059510E+0002  0.00000000000000000000E+0000  4.41238172401030156549E-0040  4.40772122446966761692E-0003  1.19466018671130981140E-0034  0.00000000000000000000E+0000  2.29421244170503388651E+0002  0.00000000000000000000E+0000  0.00000000000000000000E+0000  2.24239390224250849090E+0002  0.00000000000000000000E+0000  0.00000000000000000000E+0000  0.00000000000000000000E+0000  0.00000000000000000000E+0000  0.00000000000000000000E+0000 -3.13444364016737529330E-0006 -2.18204596278224075175E+0000  0.00000000000000000000E+0000  0.00000000000000000000E+0000  0.00000000000000000000E+0000  1.37159623091045971020E-0001
 2.04599999999999999996E-0008  0.00000000000000000000E+0000 -2.66400373076240132579E-0001  1.53019386761999413696E-0002 -2.66400373076240132579E-0001  1.04999999999999999996E+0000  1.39277961580600571944E+0000  1.46492720764906650659E+0000  1.30937099119638811217E+0000  0.00000000000000000000E+0000  2.34433159148802059510E+0002  0.00000000000000000000E+0000  4.41447442444101567284E-0040  4.41001957869731105954E-0003  1.19541497258935655732E-0034  0.00000000000000000000E+0000  2.29494941190557164706E+0002  0.00000000000000000000E+0000  0.00000000000000000000E+0000  2.24288735192253677983E+0002  0.00000000000000000000E+0000  0.00000000000000000000E+0000  0.00000000000000000000E+0000  0.00000000000000000000E+0000  0.00000000000000000000E+0000 -2.91960936507243563758E-0006 -2.18236249070357134563E+0000  0.00000000000000000000E+0000  0.00000000000000000000E+0000  0.00000000000000000000E+0000  1.35920183852503300551E-0001
 2.08700000000000000007E-0008  0.00000000000000000000E+0000 -2.63683325839566666738E-0001  1.51170141146250471684E-0002 -2.63683325839566666738E-0001  1.04999999999999999996E+0000  1.39279145348246782940E+0000  1.46494132729953387129E+0000  1.30938650180671325833E+0000  0.00000000000000000000E+0000  2.34433159148802059510E+0002  0.00000000000000000000E+0000  4.41656756299833626660E-0040  4.41232572147849761844E-0003  1.19617898924869815087E-0034  0.00000000000000000000E+0000  2.29568282834512564963E+0002  0.00000000000000000000E+0000  0.00000000000000000000E+0000  2.24338981766232172924E+0002  0.00000000000000000000E+0000  0.00000000000000000000E+0000  0.00000000000000000000E+0000  0.00000000000000000000E+0000  0.00000000000000000000E+0000 -2.95245957093928339168E-0006 -2.18233641534737428705E+0000  0.00000000000000000000E+0000  0.00000000000000000000E+0000  0.00000000000000000000E+0000  1.34652729774589396451E-0001
 2.12899999999999999995E-0008  0.00000000000000000000E+0000 -2.60911353275504282574E-0001  1.49325241638135187519E-0002 -2.60911353275504282574E-0001  1.04999999999999999996E+0000  1.39280327611872248631E+0000  1.46495550993099693277E+0000  1.30940217560225505061E+0000  0.00000000000000000000E+0000  2.34433159148802059510E+0002  0.00000000000000000000E+0000  4.41865913784213590326E-0040  4.41463747783613902399E-0003  1.19695151408220276371E-0034  0.00000000000000000000E+0000  2.29641174574759303575E+0002  0.00000000000000000000E+0000  0.00000000000000000000E+0000  2.24390108931043166227E+0002  0.00000000000000000000E+0000  0.00000000000000000000E+0000  0.00000000000000000000E+0000  0.00000000000000000000E+0000  0.00000000000000000000E+0000 -3.00189464757172869261E-0006 -2.18228207310069547602E+0000  0.00000000000000000000E+0000  0.00000000000000000000E+0000  0.00000000000000000000E+0000  1.33350792293926169403E-0001
 2.17100000000000000000E-0008  0.00000000000000000000E+0000 -2.58130216117775287873E-0001  1.47516971525202852449E-0002 -2.58130216117775287873E-0001  1.04999999999999999996E+0000  1.39281480491966326378E+0000  1.46496941743298829224E+0000  1.30941763428800506022E+0000  0.00000000000000000000E+0000  2.34433159148802059510E+0002  0.00000000000000000000E+0000  4.42069976598618584327E-0040  4.41689996502707530526E-0003  1.19771389698948433422E-0034  0.00000000000000000000E+0000  2.29711879427204326315E+0002  0.00000000000000000000E+0000  0.00000000000000000000E+0000  2.24440933023861356507E+0002  0.00000000000000000000E+0000  0.00000000000000000000E+0000  0.00000000000000000000E+0000  0.00000000000000000000E+0000  0.00000000000000000000E+0000 -2.98967535368628504718E-0006 -2.18230575411138235016E+0000  0.00000000000000000000E+0000  0.00000000000000000000E+0000  0.00000000000000000000E+0000  1.32044831654389325390E-0001
 2.21500000000000000008E-0008  0.00000000000000000000E+0000 -2.55262839274069686736E-0001  1.45658239159881007846E-0002 -2.55262839274069686736E-0001  1.04999999999999999996E+0000  1.39282657271819858790E+0000  1.46498369368732740139E+0000  1.30943359447580618034E+0000  0.00000000000000000000E+0000  2.34433159148802059510E+0002  0.00000000000000000000E+0000  4.42278380931627837849E-0040  4.41921792017443794390E-0003  1.19850150309076494825E-0034  0.00000000000000000000E+0000  2.29783666288054358104E+0002  0.00000000000000000000E+0000  0.00000000000000000000E+0000  2.24493725514231080589E+0002  0.00000000000000000000E+0000  0.00000000000000000000E+0000  0.00000000000000000000E+0000  0.00000000000000000000E+0000  0.00000000000000000000E+0000 -3.09239984319697032504E-0006 -2.18216747678876095873E+0000  0.00000000000000000000E+0000  0.00000000000000000000E+0000  0.00000000000000000000E+0000  1.30679140285257248976E-0001
 2.25900000000000000000E-0008  0.00000000000000000000E+0000 -2.52374672065132047008E-0001  1.43844432432139737557E-0002 -2.52374672065132047008E-0001  1.04999999999999999996E+0000  1.39283804059648864471E+0000  1.46499768290928410088E+0000  1.30944932020404698400E+0000  0.00000000000000000000E+0000  2.34433159148802059510E+0002  0.00000000000000000000E+0000  4.42481575277960122545E-0040  4.42148497059455089617E-0003  1.19927801449730126665E-0034  0.00000000000000000000E+0000  2.29853188110397112953E+0002  0.00000000000000000000E+0000  0.00000000000000000000E+0000  2.24546229542301685370E+0002  0.00000000000000000000E+0000  0.00000000000000000000E+0000  0.00000000000000000000E+0000  0.00000000000000000000E+0000  0.00000000000000000000E+0000 -3.08569336497334639433E-0006 -2.18217234702065465929E+0000  0.00000000000000000000E+0000  0.00000000000000000000E+0000  0.00000000000000000000E+0000  1.29310234997292946495E-0001
 2.30400000000000000003E-0008  0.00000000000000000000E+0000 -2.49454293641149896211E-0001  1.42020363864497833050E-0002 -2.49454293641149896211E-0001  1.04999999999999999996E+0000  1.39284946714540757275E+0000  1.46501169790825662995E+0000  1.30946515965844501657E+0000  0.00000000000000000000E+0000  2.34433159148802059510E+0002  0.00000000000000000000E+0000  4.42684142133717018015E-0040  4.42375202227325671148E-0003  1.20006062929808448934E-0034  0.00000000000000000000E+0000  2.29922033065865000792E+0002  0.00000000000000000000E+0000  0.00000000000000000000E+0000  2.24599504704671543237E+0002  0.00000000000000000000E+0000  0.00000000000000000000E+0000  0.00000000000000000000E+0000  0.00000000000000000000E+0000  0.00000000000000000000E+0000 -3.12522768847415547013E-0006 -2.18210870711967642815E+0000  0.00000000000000000000E+0000  0.00000000000000000000E+0000  0.00000000000000000000E+0000  1.27913807866946932702E-0001
 2.34999999999999999999E-0008  0.00000000000000000000E+0000 -2.46485178070466804477E-0001  1.40199235935359814521E-0002 -2.46485178070466804477E-0001  1.04999999999999999996E+0000  1.39286084366066639350E+0000  1.46502572704003761900E+0000  1.30948109800442419814E+0000  0.00000000000000000000E+0000  2.34433159148802059510E+0002  0.00000000000000000000E+0000  4.42885924648493256437E-0040  4.42601726548625827667E-0003  1.20084862215193603995E-0034  0.00000000000000000000E+0000  2.29990114048308478406E+0002  0.00000000000000000000E+0000  0.00000000000000000000E+0000  2.24653569712577745349E+0002  0.00000000000000000000E+0000  0.00000000000000000000E+0000  0.00000000000000000000E+0000  0.00000000000000000000E+0000  0.00000000000000000000E+0000 -3.16999256852358133732E-0006 -2.18203232315832401059E+0000  0.00000000000000000000E+0000  0.00000000000000000000E+0000  0.00000000000000000000E+0000  1.26489159052068072378E-0001
 2.39700000000000000005E-0008  0.00000000000000000000E+0000 -2.43471562063458227455E-0001  1.38377667309896178884E-0002 -2.43471562063458227455E-0001  1.04999999999999999996E+0000  1.39287216196120109042E+0000  1.46503975902698946700E+0000  1.30949712045500656131E+0000  0.00000000000000000000E+0000  2.34433159148802059510E+0002  0.00000000000000000000E+0000  4.43086776443403602824E-0040  4.42827898152155466337E-0003  1.20164127144161345448E-0034  0.00000000000000000000E+0000  2.30057359347491687501E+0002  0.00000000000000000000E+0000  0.00000000000000000000E+0000  2.24708402569507287652E+0002  0.00000000000000000000E+0000  0.00000000000000000000E+0000  0.00000000000000000000E+0000  0.00000000000000000000E+0000  0.00000000000000000000E+0000 -3.21388578125083792169E-0006 -2.18195149646509229031E+0000  0.00000000000000000000E+0000  0.00000000000000000000E+0000  0.00000000000000000000E+0000  1.25037945194783232516E-0001
 2.44500000000000000006E-0008  0.00000000000000000000E+0000 -2.40416615525617281663E-0001  1.36557166517945301540E-0002 -2.40416615525617281663E-0001  1.04999999999999999996E+0000  1.39288341441435917743E+0000  1.46505378299578594011E+0000  1.30951321233357244930E+0000  0.00000000000000000000E+0000  2.34433159148802059510E+0002  0.00000000000000000000E+0000  4.43286560640286020772E-0040  4.43053553429139033697E-0003  1.20243785934432613838E-0034  0.00000000000000000000E+0000  2.30123701457264689549E+0002  0.00000000000000000000E+0000  0.00000000000000000000E+0000  2.24763981083569155631E+0002  0.00000000000000000000E+0000  0.00000000000000000000E+0000  0.00000000000000000000E+0000  0.00000000000000000000E+0000  0.00000000000000000000E+0000 -3.25645974478060296072E-0006 -2.18186686140088456761E+0000  0.00000000000000000000E+0000  0.00000000000000000000E+0000  0.00000000000000000000E+0000  1.23561661550044015252E-0001
 2.49400000000000000000E-0008  0.00000000000000000000E+0000 -2.37323427693253548228E-0001  1.34738974354857508269E-0002 -2.37323427693253548228E-0001  1.04999999999999999996E+0000  1.39289459393279629927E+0000  1.46506778849095368263E+0000  1.30952935911484707251E+0000  0.00000000000000000000E+0000  2.34433159148802059510E+0002  0.00000000000000000000E+0000  4.43485149784889195249E-0040  4.43278537088372619084E-0003  1.20323767375394396756E-0034  0.00000000000000000000E+0000  2.30189077122383475391E+0002  0.00000000000000000000E+0000  0.00000000000000000000E+0000  2.24820282876586565651E+0002  0.00000000000000000000E+0000  0.00000000000000000000E+0000  0.00000000000000000000E+0000  0.00000000000000000000E+0000  0.00000000000000000000E+0000 -3.29767291890797027154E-0006 -2.18177851632913249623E+0000  0.00000000000000000000E+0000  0.00000000000000000000E+0000  0.00000000000000000000E+0000  1.22061827764692197233E-0001
 2.54400000000000000005E-0008  0.00000000000000000000E+0000 -2.34195087399654217669E-0001  1.32924251958593506572E-0002 -2.34195087399654217669E-0001  1.04999999999999999996E+0000  1.39290569396696638346E+0000  1.46508176548507769638E+0000  1.30954554646357564172E+0000  0.00000000000000000000E+0000  2.34433159148802059510E+0002  0.00000000000000000000E+0000  4.43682425735281556133E-0040  4.43502702185940557458E-0003  1.20404001019440424869E-0034  0.00000000000000000000E+0000  2.30253427371785026473E+0002  0.00000000000000000000E+0000  0.00000000000000000000E+0000  2.24877285394268277105E+0002  0.00000000000000000000E+0000  0.00000000000000000000E+0000  0.00000000000000000000E+0000  0.00000000000000000000E+0000  0.00000000000000000000E+0000 -3.33751351457387303035E-0006 -2.18168653414410147208E+0000  0.00000000000000000000E+0000  0.00000000000000000000E+0000  0.00000000000000000000E+0000  1.20539982581471026675E-0001
 2.59500000000000000003E-0008  0.00000000000000000000E+0000 -2.31034677869079684145E-0001  1.31114096521174392655E-0002 -2.31034677869079684145E-0001  1.04999999999999999996E+0000  1.39291670849554589441E+0000  1.46509570438714179321E+0000  1.30956176027217327366E+0000  0.00000000000000000000E+0000  2.34433159148802059510E+0002  0.00000000000000000000E+0000  4.43878279517303560371E-0040  4.43725910123252758990E-0003  1.20484417369777000263E-0034  0.00000000000000000000E+0000  2.30316697535597448634E+0002  0.00000000000000000000E+0000  0.00000000000000000000E+0000  2.24934965916754091061E+0002  0.00000000000000000000E+0000  0.00000000000000000000E+0000  0.00000000000000000000E+0000  0.00000000000000000000E+0000  0.00000000000000000000E+0000 -3.37597254549747073338E-0006 -2.18159099803080881426E+0000  0.00000000000000000000E+0000  0.00000000000000000000E+0000  0.00000000000000000000E+0000  1.18997676675908429572E-0001
 2.64699999999999999995E-0008  0.00000000000000000000E+0000 -2.27845265139647235359E-0001  1.29309543856003225736E-0002 -2.27845265139647235359E-0001  1.04999999999999999996E+0000  1.39292763201418457581E+0000  1.46510959604912600006E+0000  1.30957798669709922230E+0000  0.00000000000000000000E+0000  2.34433159148802059510E+0002  0.00000000000000000000E+0000  4.44072611150016556968E-0040  4.43948030614366870616E-0003  1.20564948062907193622E-0034  0.00000000000000000000E+0000  2.30378837246196946711E+0002  0.00000000000000000000E+0000  0.00000000000000000000E+0000  2.24993301569491571001E+0002  0.00000000000000000000E+0000  0.00000000000000000000E+0000  0.00000000000000000000E+0000  0.00000000000000000000E+0000  0.00000000000000000000E+0000 -3.41304191720885727083E-0006 -2.18149200313378020810E+0000  0.00000000000000000000E+0000  0.00000000000000000000E+0000  0.00000000000000000000E+0000  1.17436465494621294578E-0001
 2.69999999999999999998E-0008  0.00000000000000000000E+0000 -2.24629886451729786804E-0001  1.27511569099255705424E-0002 -2.24629886451729786804E-0001  1.04999999999999999996E+0000  1.39293845952273344314E+0000  1.46512343177089488704E+0000  1.30959421219366943870E+0000  0.00000000000000000000E+0000  2.34433159148802059510E+0002  0.00000000000000000000E+0000  4.44265329443293176180E-0040  4.44168941624125540082E-0003  1.20645526044428405284E-0034  0.00000000000000000000E+0000  2.30439800423876693825E+0002  0.00000000000000000000E+0000  0.00000000000000000000E+0000  2.25052269334440784035E+0002  0.00000000000000000000E+0000  0.00000000000000000000E+0000  0.00000000000000000000E+0000  0.00000000000000000000E+0000  0.00000000000000000000E+0000 -3.44871430857522961256E-0006 -2.18138965575173868140E+0000  0.00000000000000000000E+0000  0.00000000000000000000E+0000  0.00000000000000000000E+0000  1.15857902417085232252E-0001
 2.75399999999999999994E-0008  0.00000000000000000000E+0000 -2.21391539281093202099E-0001  1.25721087922836115409E-0002 -2.21391539281093202099E-0001  1.04999999999999999996E+0000  1.39294918651108392421E+0000  1.46513720330341119325E+0000  1.30961042354908209810E+0000  0.00000000000000000000E+0000  2.34433159148802059510E+0002  0.00000000000000000000E+0000  4.44456351769825526996E-0040  4.44388529278742208151E-0003  1.20726085737019878429E-0034  0.00000000000000000000E+0000  2.30499545247755609448E+0002  0.00000000000000000000E+0000  0.00000000000000000000E+0000  2.25111846061602374813E+0002  0.00000000000000000000E+0000  0.00000000000000000000E+0000  0.00000000000000000000E+0000  0.00000000000000000000E+0000  0.00000000000000000000E+0000 -3.48298318060790688551E-0006 -2.18128407234328891497E+0000  0.00000000000000000000E+0000  0.00000000000000000000E+0000  0.00000000000000000000E+0000  1.14263532241549344117E-0001
 2.80900000000000000001E-0008  0.00000000000000000000E+0000 -2.18133171110738009895E-0001  1.23938957749393677202E-0002 -2.18133171110738009895E-0001  1.04999999999999999996E+0000  1.39295980894376059838E+0000  1.46515090285031588377E+0000  1.30962660791346722079E+0000  0.00000000000000000000E+0000  2.34433159148802059510E+0002  0.00000000000000000000E+0000  4.44645603813996182512E-0040  4.44606687750537278953E-0003  1.20806563199626005983E-0034  0.00000000000000000000E+0000  2.30558034112604195706E+0002  0.00000000000000000000E+0000  0.00000000000000000000E+0000  2.25172008480861981547E+0002  0.00000000000000000000E+0000  0.00000000000000000000E+0000  0.00000000000000000000E+0000  0.00000000000000000000E+0000  0.00000000000000000000E+0000 -3.51584279338788601967E-0006 -2.18117537851778646712E+0000  0.00000000000000000000E+0000  0.00000000000000000000E+0000  0.00000000000000000000E+0000  1.12654885051295919480E-0001
 2.86500000000000000001E-0008  0.00000000000000000000E+0000 -2.14857669992960196434E-0001  1.22165979161758619255E-0002 -2.14857669992960196434E-0001  1.04999999999999999996E+0000  1.39297032324341357593E+0000  1.46516452306792254519E+0000  1.30964275282879592354E+0000  0.00000000000000000000E+0000  2.34433159148802059510E+0002  0.00000000000000000000E+0000  4.44833019300112554862E-0040  4.44823319118582426189E-0003  1.20886896276944732412E-0034  0.00000000000000000000E+0000  2.30615233572308575227E+0002  0.00000000000000000000E+0000  0.00000000000000000000E+0000  2.25232733214142253564E+0002  0.00000000000000000000E+0000  0.00000000000000000000E+0000  0.00000000000000000000E+0000  0.00000000000000000000E+0000  0.00000000000000000000E+0000 -3.54728822253358512901E-0006 -2.18106370803105652765E+0000  0.00000000000000000000E+0000  0.00000000000000000000E+0000  0.00000000000000000000E+0000  1.11033470491040506992E-0001
 2.92300000000000000006E-0008  0.00000000000000000000E+0000 -2.11528534123332664847E-0001  1.20358814031394010985E-0002 -2.11528534123332664847E-0001  1.04999999999999999996E+0000  1.39298090197473945688E+0000  1.46517828699461386856E+0000  1.30965912074069449765E+0000  0.00000000000000000000E+0000  2.34433159148802059510E+0002  0.00000000000000000000E+0000  4.45021671651445976936E-0040  4.45041976639662525438E-0003  1.20968391104756192912E-0034  0.00000000000000000000E+0000  2.30672050728663926275E+0002  0.00000000000000000000E+0000  0.00000000000000000000E+0000  2.25295018482089149908E+0002  0.00000000000000000000E+0000  0.00000000000000000000E+0000  0.00000000000000000000E+0000  0.00000000000000000000E+0000  0.00000000000000000000E+0000 -3.30579403208066272039E-0006 -2.18131627193762026051E+0000  0.00000000000000000000E+0000  0.00000000000000000000E+0000  0.00000000000000000000E+0000  1.09370956819955541212E-0001
 2.98100000000000000010E-0008  0.00000000000000000000E+0000 -2.08210295093482079226E-0001  1.18624092091599645723E-0002 -2.08210295093482079226E-0001  1.04999999999999999996E+0000  1.39299118607333046458E+0000  1.46519172274433501604E+0000  1.30967514515007813132E+0000  0.00000000000000000000E+0000  2.34433159148802059510E+0002  0.00000000000000000000E+0000  4.45205161222965837026E-0040  4.45255201161667991577E-0003  1.21048228758438810195E-0034  0.00000000000000000000E+0000  2.30726538522808718681E+0002  0.00000000000000000000E+0000  0.00000000000000000000E+0000  2.25356828850364131117E+0002  0.00000000000000000000E+0000  0.00000000000000000000E+0000  0.00000000000000000000E+0000  0.00000000000000000000E+0000  0.00000000000000000000E+0000 -3.58893912994977219668E-0006 -2.18085363404952524489E+0000  0.00000000000000000000E+0000  0.00000000000000000000E+0000  0.00000000000000000000E+0000  1.07730065503375565191E-0001
 3.04100000000000000003E-0008  0.00000000000000000000E+0000 -2.04876087378678178652E-0001  1.16837198967337200928E-0002 -2.04876087378678178652E-0001  1.04999999999999999996E+0000  1.39300151993954422086E+0000  1.46520527875545472402E+0000  1.30969135792691499572E+0000  0.00000000000000000000E+0000  2.34433159148802059510E+0002  0.00000000000000000000E+0000  4.45389621438036256987E-0040  4.45470111519380495356E-0003  1.21129055710516766312E-0034  0.00000000000000000000E+0000  2.30780531470848372891E+0002  0.00000000000000000000E+0000  0.00000000000000000000E+0000  2.25420091697568240857E+0002  0.00000000000000000000E+0000  0.00000000000000000000E+0000  0.00000000000000000000E+0000  0.00000000000000000000E+0000  0.00000000000000000000E+0000 -3.35391455975043345410E-0006 -2.18108811229277918249E+0000  0.00000000000000000000E+0000  0.00000000000000000000E+0000  0.00000000000000000000E+0000  1.06051270924904390312E-0001
 3.10200000000000000005E-0008  0.00000000000000000000E+0000 -2.01470391029287028043E-0001  1.15104983260120648280E-0002 -2.01470391029287028043E-0001  1.04999999999999999996E+0000  1.39301172826957212392E+0000  1.46521872193135691920E+0000  1.30970747638354463463E+0000  0.00000000000000000000E+0000  2.34433159148802059510E+0002  0.00000000000000000000E+0000  4.45571931599019410093E-0040  4.45683045421612087862E-0003  1.21209466325757100002E-0034  0.00000000000000000000E+0000  2.30833074549833055025E+0002  0.00000000000000000000E+0000  0.00000000000000000000E+0000  2.25483848253920381541E+0002  0.00000000000000000000E+0000  0.00000000000000000000E+0000  0.00000000000000000000E+0000  0.00000000000000000000E+0000  0.00000000000000000000E+0000 -3.69308900526227615197E-0006 -2.18053922631132923661E+0000  0.00000000000000000000E+0000  0.00000000000000000000E+0000  0.00000000000000000000E+0000  1.04367790511698063523E-0001
 3.16399999999999999985E-0008  0.00000000000000000000E+0000 -1.98094691644681650925E-0001  1.13355754222347380496E-0002 -1.98094691644681650925E-0001  1.04999999999999999996E+0000  1.39302180802220084408E+0000  1.46523204544015409154E+0000  1.30972348829437588080E+0000  0.00000000000000000000E+0000  2.34433159148802059510E+0002  0.00000000000000000000E+0000  4.45752025985440974992E-0040  4.45893904496935059420E-0003  1.21289396012102707350E-0034  0.00000000000000000000E+0000  2.30884150003306324136E+0002  0.00000000000000000000E+0000  0.00000000000000000000E+0000  2.25548028979136452696E+0002  0.00000000000000000000E+0000  0.00000000000000000000E+0000  0.00000000000000000000E+0000  0.00000000000000000000E+0000  0.00000000000000000000E+0000 -3.73868800056591308600E-0006 -2.18038439635501273862E+0000  0.00000000000000000000E+0000  0.00000000000000000000E+0000  0.00000000000000000000E+0000  1.02678528104953375290E-0001
 3.22700000000000000008E-0008  0.00000000000000000000E+0000 -1.94722510907990235915E-0001  1.11626464494409514935E-0002 -1.94722510907990235915E-0001  1.04999999999999999996E+0000  1.39303175823818483768E+0000  1.46524524474248149324E+0000  1.30973938402070448509E+0000  0.00000000000000000000E+0000  2.34433159148802059510E+0002  0.00000000000000000000E+0000  4.45929887351319509925E-0040  4.46102640958328344258E-0003  1.21368796672885609787E-0034  0.00000000000000000000E+0000  2.30933750962701212384E+0002  0.00000000000000000000E+0000  0.00000000000000000000E+0000  2.25612609997867684539E+0002  0.00000000000000000000E+0000  0.00000000000000000000E+0000  0.00000000000000000000E+0000  0.00000000000000000000E+0000  0.00000000000000000000E+0000 -3.76197733955599465924E-0006 -2.18025578170263162055E+0000  0.00000000000000000000E+0000  0.00000000000000000000E+0000  0.00000000000000000000E+0000  1.00985463201225335821E-0001
 3.29100000000000000009E-0008  0.00000000000000000000E+0000 -1.91353239229391474717E-0001  1.09912218149042429444E-0002 -1.91353239229391474717E-0001  1.04999999999999999996E+0000  1.39304157840488508939E+0000  1.46525831584513903307E+0000  1.30975515461639174829E+0000  0.00000000000000000000E+0000  2.34433159148802059510E+0002  0.00000000000000000000E+0000  4.46105503657463899077E-0040  4.46309212724800048995E-0003  1.21447622623844584198E-0034  0.00000000000000000000E+0000  2.30981873710899434995E+0002  0.00000000000000000000E+0000  0.00000000000000000000E+0000  2.25677567375546885398E+0002  0.00000000000000000000E+0000  0.00000000000000000000E+0000  0.00000000000000000000E+0000  0.00000000000000000000E+0000  0.00000000000000000000E+0000 -3.78234197722088225815E-0006 -2.18012725843135665564E+0000  0.00000000000000000000E+0000  0.00000000000000000000E+0000  0.00000000000000000000E+0000  9.92900192144265925065E-0002
 3.35699999999999999997E-0008  0.00000000000000000000E+0000 -1.87926963706476553756E-0001  1.08192972006027548224E-0002 -1.87926963706476553756E-0001  1.04999999999999999996E+0000  1.39305141346709390629E+0000  1.46527144950362519192E+0000  1.30977102688882786688E+0000  0.00000000000000000000E+0000  2.34433159148802059510E+0002  0.00000000000000000000E+0000  4.46281466669262650493E-0040  4.46516652377184272338E-0003  1.21527007822630893358E-0034  0.00000000000000000000E+0000  2.31029214694224121429E+0002  0.00000000000000000000E+0000  0.00000000000000000000E+0000  2.25743833302034716315E+0002  0.00000000000000000000E+0000  0.00000000000000000000E+0000  0.00000000000000000000E+0000  0.00000000000000000000E+0000  0.00000000000000000000E+0000 -3.85122788310017527809E-0006 -2.17992760850134679952E+0000  0.00000000000000000000E+0000  0.00000000000000000000E+0000  0.00000000000000000000E+0000  9.75677976844714753803E-0002
 3.42399999999999999996E-0008  0.00000000000000000000E+0000 -1.84516339843701345264E-0001  1.06481041557562833384E-0002 -1.84516339843701345264E-0001  1.04999999999999999996E+0000  1.39306111011577653052E+0000  1.46528443830098698681E+0000  1.30978674636128338200E+0000  0.00000000000000000000E+0000  2.34433159148802059510E+0002  0.00000000000000000000E+0000  4.46455030072131764677E-0040  4.46721701315599304094E-0003  1.21605678732605203265E-0034  0.00000000000000000000E+0000  2.31075004243998354800E+0002  0.00000000000000000000E+0000  0.00000000000000000000E+0000  2.25810447529487625579E+0002  0.00000000000000000000E+0000  0.00000000000000000000E+0000  0.00000000000000000000E+0000  0.00000000000000000000E+0000  0.00000000000000000000E+0000 -3.87387105854393128845E-0006 -2.17978709916940972813E+0000  0.00000000000000000000E+0000  0.00000000000000000000E+0000  0.00000000000000000000E+0000  9.58461969708980115502E-0002
 3.49300000000000000014E-0008  0.00000000000000000000E+0000 -1.81058015235799141639E-0001  1.04770179146381544050E-0002 -1.81058015235799141639E-0001  1.04999999999999999996E+0000  1.39307080588698461564E+0000  1.46529746400302691642E+0000  1.30980252945698210395E+0000  0.00000000000000000000E+0000  2.34433159148802059510E+0002  0.00000000000000000000E+0000  4.46628655988069281133E-0040  4.46927249101167140367E-0003  1.21684718829034831126E-0034  0.00000000000000000000E+0000  2.31119894054303192443E+0002  0.00000000000000000000E+0000  0.00000000000000000000E+0000  2.25878280890661450903E+0002  0.00000000000000000000E+0000  0.00000000000000000000E+0000  0.00000000000000000000E+0000  0.00000000000000000000E+0000  0.00000000000000000000E+0000 -3.93793068026021497390E-0006 -2.17958538022127933337E+0000  0.00000000000000000000E+0000  0.00000000000000000000E+0000  0.00000000000000000000E+0000  9.41017336667331000873E-0002
 3.56300000000000000011E-0008  0.00000000000000000000E+0000 -1.77622822826762640641E-0001  1.03068111985567500902E-0002 -1.77622822826762640641E-0001  1.04999999999999999996E+0000  1.39308035706520547939E+0000  1.46531033067588578914E+0000  1.30981813490465778284E+0000  0.00000000000000000000E+0000  2.34433159148802059510E+0002  0.00000000000000000000E+0000  4.46799767312714042772E-0040  4.47130221694923690847E-0003  1.21762918794389128356E-0034  0.00000000000000000000E+0000  2.31163192476837974096E+0002  0.00000000000000000000E+0000  0.00000000000000000000E+0000  2.25946393184829340900E+0002  0.00000000000000000000E+0000  0.00000000000000000000E+0000  0.00000000000000000000E+0000  0.00000000000000000000E+0000  0.00000000000000000000E+0000 -3.95635027402015007277E-0006 -2.17944231371504206244E+0000  0.00000000000000000000E+0000  0.00000000000000000000E+0000  0.00000000000000000000E+0000  9.23609680350306835487E-0002
 3.63399999999999999985E-0008  0.00000000000000000000E+0000 -1.74207007563329397353E-0001  1.01387590617492896091E-0002 -1.74207007563329397353E-0001  1.04999999999999999996E+0000  1.39308976514944593485E+0000  1.46532303689796339298E+0000  1.30983355704835049049E+0000  0.00000000000000000000E+0000  2.34433159148802059510E+0002  0.00000000000000000000E+0000  4.46968388499177892984E-0040  4.47330617587074869738E-0003  1.21840249035740664535E-0034  0.00000000000000000000E+0000  2.31204928225347439638E+0002  0.00000000000000000000E+0000  0.00000000000000000000E+0000  2.26014720348444158662E+0002  0.00000000000000000000E+0000  0.00000000000000000000E+0000  0.00000000000000000000E+0000  0.00000000000000000000E+0000  0.00000000000000000000E+0000 -3.96740965380560411686E-0006 -2.17930619615544961774E+0000  0.00000000000000000000E+0000  0.00000000000000000000E+0000  0.00000000000000000000E+0000  9.06250653402978099873E-0002
 3.70700000000000000012E-0008  0.00000000000000000000E+0000 -1.70748199342103607377E-0001  9.97092412703531453042E-0003 -1.70748199342103607377E-0001  1.04999999999999999996E+0000  1.39309915713417610409E+0000  1.46533575152118716715E+0000  1.30984899727678756674E+0000  0.00000000000000000000E+0000  2.34433159148802059510E+0002  0.00000000000000000000E+0000  4.47136794612395058023E-0040  4.47531118935127969053E-0003  1.21917718978172037598E-0034  0.00000000000000000000E+0000  2.31245663075710572928E+0002  0.00000000000000000000E+0000  0.00000000000000000000E+0000  2.26084141984539371342E+0002  0.00000000000000000000E+0000  0.00000000000000000000E+0000  0.00000000000000000000E+0000  0.00000000000000000000E+0000  0.00000000000000000000E+0000 -4.02373555584933196184E-0006 -2.17910414718087677602E+0000  0.00000000000000000000E+0000  0.00000000000000000000E+0000  0.00000000000000000000E+0000  8.88711196137352085094E-0002
 3.78099999999999999984E-0008  0.00000000000000000000E+0000 -1.67320970743098996336E-0001  9.80400020084085304548E-0003 -1.67320970743098996336E-0001  1.04999999999999999996E+0000  1.39310840243108081742E+0000  1.46534829489951396147E+0000  1.30986423377817980693E+0000  0.00000000000000000000E+0000  2.34433159148802059510E+0002  0.00000000000000000000E+0000  4.47302640552171598870E-0040  4.47728909702254654035E-0003  1.21994214352495501041E-0034  0.00000000000000000000E+0000  2.31284812229337224693E+0002  0.00000000000000000000E+0000  0.00000000000000000000E+0000  2.26153748811436931379E+0002  0.00000000000000000000E+0000  0.00000000000000000000E+0000  0.00000000000000000000E+0000  0.00000000000000000000E+0000  0.00000000000000000000E+0000 -4.03638725848740223698E-0006 -2.17895863139372544088E+0000  0.00000000000000000000E+0000  0.00000000000000000000E+0000  0.00000000000000000000E+0000  8.71246221535237232435E-0002
 3.85599999999999999999E-0008  0.00000000000000000000E+0000 -1.63919398005514644053E-0001  9.63940721689184078851E-0003 -1.63919398005514644053E-0001  1.04999999999999999996E+0000  1.39311750335803541346E+0000  1.46536066692090321682E+0000  1.30987926292562792516E+0000  0.00000000000000000000E+0000  2.34433159148802059510E+0002  0.00000000000000000000E+0000  4.47465965423534398945E-0040  4.47924006786885611729E-0003  1.22069715485332973397E-0034  0.00000000000000000000E+0000  2.31322414201922205268E+0002  0.00000000000000000000E+0000  0.00000000000000000000E+0000  2.26223477647619949579E+0002  0.00000000000000000000E+0000  0.00000000000000000000E+0000  0.00000000000000000000E+0000  0.00000000000000000000E+0000  0.00000000000000000000E+0000 -4.04192488526652426475E-0006 -2.17882028779664062095E+0000  0.00000000000000000000E+0000  0.00000000000000000000E+0000  0.00000000000000000000E+0000  8.53864050584530051910E-0002
 3.93400000000000000012E-0008  0.00000000000000000000E+0000 -1.60421965205783914309E-0001  9.47383222590736752171E-0003 -1.60421965205783914309E-0001  1.04999999999999999996E+0000  1.39312669186602968590E+0000  1.46537318068790301201E+0000  1.30989446167873353733E+0000  0.00000000000000000000E+0000  2.34433159148802059510E+0002  0.00000000000000000000E+0000  4.47630932460769683721E-0040  4.48121366955628690504E-0003  1.22146116549759828028E-0034  0.00000000000000000000E+0000  2.31359419327483195813E+0002  0.00000000000000000000E+0000  0.00000000000000000000E+0000  2.26295047006133989181E+0002  0.00000000000000000000E+0000  0.00000000000000000000E+0000  0.00000000000000000000E+0000  0.00000000000000000000E+0000  0.00000000000000000000E+0000 -4.13624438420447889719E-0006 -2.17855582786484877275E+0000  0.00000000000000000000E+0000  0.00000000000000000000E+0000  0.00000000000000000000E+0000  8.36120464961614895600E-0002
 4.01199999999999999992E-0008  0.00000000000000000000E+0000 -1.57036828884116292041E-0001  9.30966915099458899000E-0003 -1.57036828884116292041E-0001  1.04999999999999999996E+0000  1.39313561653022178447E+0000  1.46538535477904924406E+0000  1.30990924199123643095E+0000  0.00000000000000000000E+0000  2.34433159148802059510E+0002  0.00000000000000000000E+0000  4.47791226769756144098E-0040  4.48313410247259476238E-0003  1.22220459174704193685E-0034  0.00000000000000000000E+0000  2.31394383643859069877E+0002  0.00000000000000000000E+0000  0.00000000000000000000E+0000  2.26365864975088821723E+0002  0.00000000000000000000E+0000  0.00000000000000000000E+0000  0.00000000000000000000E+0000  0.00000000000000000000E+0000  0.00000000000000000000E+0000 -4.10316482991163204523E-0006 -2.17846367568841629489E+0000  0.00000000000000000000E+0000  0.00000000000000000000E+0000  0.00000000000000000000E+0000  8.18714545398586803973E-0002
 4.09300000000000000003E-0008  0.00000000000000000000E+0000 -1.53555277848163719857E-0001  9.14673130172674262482E-0003 -1.53555277848163719857E-0001  1.04999999999999999996E+0000  1.39314461478257405579E+0000  1.46539764680858745807E+0000  1.30992415628985728045E+0000  0.00000000000000000000E+0000  2.34433159148802059510E+0002  0.00000000000000000000E+0000  4.47952910907321064910E-0040  4.48507377001047629637E-0003  1.22295522477516466672E-0034  0.00000000000000000000E+0000  2.31428681826979496319E+0002  0.00000000000000000000E+0000  0.00000000000000000000E+0000  2.26438372347485364744E+0002  0.00000000000000000000E+0000  0.00000000000000000000E+0000  0.00000000000000000000E+0000  0.00000000000000000000E+0000  0.00000000000000000000E+0000 -4.18593468837579736984E-0006 -2.17820911223582147848E+0000  0.00000000000000000000E+0000  0.00000000000000000000E+0000  0.00000000000000000000E+0000  8.00984121093143155721E-0002
 4.17400000000000000014E-0008  0.00000000000000000000E+0000 -1.50187530816636735239E-0001  8.98477191054977568677E-0003 -1.50187530816636735239E-0001  1.04999999999999999996E+0000  1.39315335581858878685E+0000  1.46540960226256084681E+0000  1.30993865016489414283E+0000  0.00000000000000000000E+0000  2.34433159148802059510E+0002  0.00000000000000000000E+0000  4.48110034770005250157E-0040  4.48696105138847428776E-0003  1.22368513330883980807E-0034  0.00000000000000000000E+0000  2.31461019502448960908E+0002  0.00000000000000000000E+0000  0.00000000000000000000E+0000  2.26510080715434848925E+0002  0.00000000000000000000E+0000  0.00000000000000000000E+0000  0.00000000000000000000E+0000  0.00000000000000000000E+0000  0.00000000000000000000E+0000 -4.14939529326108114444E-0006 -2.17811625047099543823E+0000  0.00000000000000000000E+0000  0.00000000000000000000E+0000  0.00000000000000000000E+0000  7.83603706402772707485E-0002
 4.25799999999999999990E-0008  0.00000000000000000000E+0000 -1.46727668086828511046E-0001  8.82432124154905281749E-0003 -1.46727668086828511046E-0001  1.04999999999999999996E+0000  1.39316215849650338753E+0000  1.46542165464307945391E+0000  1.30995324626691359883E+0000  0.00000000000000000000E+0000  2.34433159148802059510E+0002  0.00000000000000000000E+0000  4.48268331539319453081E-0040  4.48886457990248449065E-0003  1.22442064072614830556E-0034  0.00000000000000000000E+0000  2.31492633673349917867E+0002  0.00000000000000000000E+0000  0.00000000000000000000E+0000  2.26583366585730882431E+0002  0.00000000000000000000E+0000  0.00000000000000000000E+0000  0.00000000000000000000E+0000  0.00000000000000000000E+0000  0.00000000000000000000E+0000 -4.22580606431049449009E-0006 -2.17786530258966536176E+0000  0.00000000000000000000E+0000  0.00000000000000000000E+0000  0.00000000000000000000E+0000  7.65932886554539240996E-0002
 4.34300000000000000009E-0008  0.00000000000000000000E+0000 -1.43327877544366354593E-0001  8.66353377712333246250E-0003 -1.43327877544366354593E-0001  1.04999999999999999996E+0000  1.39317081044090825069E+0000  1.46543351095276811781E+0000  1.30996758688596910811E+0000  0.00000000000000000000E+0000  2.34433159148802059510E+0002  0.00000000000000000000E+0000  4.48423977902003935532E-0040  4.49073819010082752214E-0003  1.22514370307913629943E-0034  0.00000000000000000000E+0000  2.31522721391453278103E+0002  0.00000000000000000000E+0000  0.00000000000000000000E+0000  2.26656622079399559799E+0002  0.00000000000000000000E+0000  0.00000000000000000000E+0000  0.00000000000000000000E+0000  0.00000000000000000000E+0000  0.00000000000000000000E+0000 -4.22842873344036688264E-0006 -2.17771298642080035277E+0000  0.00000000000000000000E+0000  0.00000000000000000000E+0000  0.00000000000000000000E+0000  7.48417375958379125348E-0002
 4.43000000000000000016E-0008  0.00000000000000000000E+0000 -1.39913300646665799014E-0001  8.50467721655618248914E-0003 -1.39913300646665799014E-0001  1.04999999999999999996E+0000  1.39317941186645401132E+0000  1.46544530608328526827E+0000  1.30998183269673331634E+0000  0.00000000000000000000E+0000  2.34433159148802059510E+0002  0.00000000000000000000E+0000  4.48578776231740989206E-0040  4.49260335173235168454E-0003  1.22586241531302452170E-0034  0.00000000000000000000E+0000  2.31551674587282846768E+0002  0.00000000000000000000E+0000  0.00000000000000000000E+0000  2.26730553777471823401E+0002  0.00000000000000000000E+0000  0.00000000000000000000E+0000  0.00000000000000000000E+0000  0.00000000000000000000E+0000  0.00000000000000000000E+0000 -4.26117320501255880757E-0006 -2.17751696567355042017E+0000  0.00000000000000000000E+0000  0.00000000000000000000E+0000  0.00000000000000000000E+0000  7.30855803040428632795E-0002
 4.51900000000000000011E-0008  0.00000000000000000000E+0000 -1.36495213117914547621E-0001  8.34593331386187666656E-0003 -1.36495213117914547621E-0001  1.04999999999999999996E+0000  1.39318795847203334508E+0000  1.46545703195402738338E+0000  1.30999597132047961370E+0000  0.00000000000000000000E+0000  2.34433159148802059510E+0002  0.00000000000000000000E+0000  4.48732647143352428196E-0040  4.49445891806971358809E-0003  1.22657614234762251543E-0034  0.00000000000000000000E+0000  2.31579473876910252608E+0002  0.00000000000000000000E+0000  0.00000000000000000000E+0000  2.26805142430852505822E+0002  0.00000000000000000000E+0000  0.00000000000000000000E+0000  0.00000000000000000000E+0000  0.00000000000000000000E+0000  0.00000000000000000000E+0000 -4.29541919424492029326E-0006 -2.17731620968446102585E+0000  0.00000000000000000000E+0000  0.00000000000000000000E+0000  0.00000000000000000000E+0000  7.13265518548873671872E-0002
 4.60900000000000000015E-0008  0.00000000000000000000E+0000 -1.32937583474968653785E-0001  8.19186225930765017126E-0003 -1.32937583474968653785E-0001  1.04999999999999999996E+0000  1.39319635741789105956E+0000  1.46546855879052717174E+0000  1.31000984470069199998E+0000  0.00000000000000000000E+0000  2.34433159148802059510E+0002  0.00000000000000000000E+0000  4.48883918543768065638E-0040  4.49628448101579942640E-0003  1.22727689951650830928E-0034  0.00000000000000000000E+0000  2.31605843972067361125E+0002  0.00000000000000000000E+0000  0.00000000000000000000E+0000  2.26879558954605778834E+0002  0.00000000000000000000E+0000  0.00000000000000000000E+0000  0.00000000000000000000E+0000  0.00000000000000000000E+0000  0.00000000000000000000E+0000 -4.71072128448677300575E-0006 -2.17659832282769676514E+0000  0.00000000000000000000E+0000  0.00000000000000000000E+0000  0.00000000000000000000E+0000  6.95800288437873824641E-0002
 4.70100000000000000008E-0008  0.00000000000000000000E+0000 -1.29541971862359275481E-0001  8.03414495000787456082E-0003 -1.29541971862359275481E-0001  1.04999999999999999996E+0000  1.39320469943695323225E+0000  1.46548000933578894919E+0000  1.31002359836863467514E+0000  0.00000000000000000000E+0000  2.34433159148802059510E+0002  0.00000000000000000000E+0000  4.49034218209186066189E-0040  4.49809952030740610052E-0003  1.22797200201728865667E-0034  0.00000000000000000000E+0000  2.31631101249296027914E+0002  0.00000000000000000000E+0000  0.00000000000000000000E+0000  2.26954507108973271998E+0002  0.00000000000000000000E+0000  0.00000000000000000000E+0000  0.00000000000000000000E+0000  0.00000000000000000000E+0000  0.00000000000000000000E+0000 -4.77036370787659170772E-0006 -2.17636005710280046820E+0000  0.00000000000000000000E+0000  0.00000000000000000000E+0000  0.00000000000000000000E+0000  6.78376323665708449385E-0002
 4.79499999999999999989E-0008  0.00000000000000000000E+0000 -1.26163844000394676688E-0001  7.87887409744979388659E-0003 -1.26163844000394676688E-0001  1.04999999999999999996E+0000  1.39321298114693413526E+0000  1.46549137709032991522E+0000  1.31003722249920755225E+0000  0.00000000000000000000E+0000  2.34433159148802059510E+0002  0.00000000000000000000E+0000  4.49183486015328228988E-0040  4.49990313789166258487E-0003  1.22866095435720121274E-0034  0.00000000000000000000E+0000  2.31655239747542198159E+0002  0.00000000000000000000E+0000  0.00000000000000000000E+0000  2.27029967409409997689E+0002  0.00000000000000000000E+0000  0.00000000000000000000E+0000  0.00000000000000000000E+0000  0.00000000000000000000E+0000  0.00000000000000000000E+0000 -4.80152839113884506145E-0006 -2.17615825803673116983E+0000  0.00000000000000000000E+0000  0.00000000000000000000E+0000  0.00000000000000000000E+0000  6.60955918823926324304E-0002
 4.89099999999999999989E-0008  0.00000000000000000000E+0000 -1.22795560654287083617E-0001  7.72456643000132502852E-0003 -1.22795560654287083617E-0001  1.04999999999999999996E+0000  1.39322119967408905496E+0000  1.46550265630238806056E+0000  1.31005070843794314394E+0000  0.00000000000000000000E+0000  2.34433159148802059510E+0002  0.00000000000000000000E+0000  4.49331668776530045654E-0040  4.50169451937726418703E-0003  1.22934330916259594678E-0034  0.00000000000000000000E+0000  2.31678267477146487274E+0002  0.00000000000000000000E+0000  0.00000000000000000000E+0000  2.27105884273652266270E+0002  0.00000000000000000000E+0000  0.00000000000000000000E+0000  0.00000000000000000000E+0000  0.00000000000000000000E+0000  0.00000000000000000000E+0000 -4.82714991534509594285E-0006 -2.17596204875525321091E+0000  0.00000000000000000000E+0000  0.00000000000000000000E+0000  0.00000000000000000000E+0000  6.43554457409102006641E-0002
 4.98900000000000000010E-0008  0.00000000000000000000E+0000 -1.19438598429938487828E-0001  7.57118057018463613708E-0003 -1.19438598429938487828E-0001  1.04999999999999999996E+0000  1.39322935248342194060E+0000  1.46551384180813480727E+0000  1.31006404847028784186E+0000  0.00000000000000000000E+0000  2.34433159148802059510E+0002  0.00000000000000000000E+0000  4.49478719202236345510E-0040  4.50347292889217239163E-0003  1.23001866524652303363E-0034  0.00000000000000000000E+0000  2.31700196541394730948E+0002  0.00000000000000000000E+0000  0.00000000000000000000E+0000  2.27182202458797527042E+0002  0.00000000000000000000E+0000  0.00000000000000000000E+0000  0.00000000000000000000E+0000  0.00000000000000000000E+0000  0.00000000000000000000E+0000 -4.84904513570170921019E-0006 -2.17576916381138740081E+0000  0.00000000000000000000E+0000  0.00000000000000000000E+0000  0.00000000000000000000E+0000  6.26184282732936915630E-0002
 5.08899999999999999987E-0008  0.00000000000000000000E+0000 -1.16095058111664977286E-0001  7.41878018523985636370E-0003 -1.16095058111664977286E-0001  1.04999999999999999996E+0000  1.39323743734160786906E+0000  1.46552492898974104721E+0000  1.31007723578254669313E+0000  0.00000000000000000000E+0000  2.34433159148802059510E+0002  0.00000000000000000000E+0000  4.49624595398078495778E-0040  4.50523770391924203443E-0003  1.23068666639395290810E-0034  0.00000000000000000000E+0000  2.31721042799499250112E+0002  0.00000000000000000000E+0000  0.00000000000000000000E+0000  2.27258867131182506094E+0002  0.00000000000000000000E+0000  0.00000000000000000000E+0000  0.00000000000000000000E+0000  0.00000000000000000000E+0000  0.00000000000000000000E+0000 -4.86738848040619375821E-0006 -2.17557956208055950894E+0000  0.00000000000000000000E+0000  0.00000000000000000000E+0000  0.00000000000000000000E+0000  6.08856950248373600690E-0002
 5.19000000000000000006E-0008  0.00000000000000000000E+0000 -1.12820047529217097267E-0001  7.26827755971738747793E-0003 -1.12820047529217097267E-0001  1.04999999999999999996E+0000  1.39324537564798166668E+0000  1.46553580884419259046E+0000  1.31009014029748019467E+0000  0.00000000000000000000E+0000  2.34433159148802059510E+0002  0.00000000000000000000E+0000  4.49767876525708752306E-0040  4.50697150969324736757E-0003  1.23134070503748053240E-0034  0.00000000000000000000E+0000  2.31740635923829915291E+0002  0.00000000000000000000E+0000  0.00000000000000000000E+0000  2.27335112651109736218E+0002  0.00000000000000000000E+0000  0.00000000000000000000E+0000  0.00000000000000000000E+0000  0.00000000000000000000E+0000  0.00000000000000000000E+0000 -4.84215355409043974910E-0006 -2.17544926437177273430E+0000  0.00000000000000000000E+0000  0.00000000000000000000E+0000  0.00000000000000000000E+0000  5.91753628210020439345E-0002
 5.29399999999999999991E-0008  0.00000000000000000000E+0000 -1.09490780304326142614E-0001  7.11916713526292614858E-0003 -1.09490780304326142614E-0001  1.04999999999999999996E+0000  1.39325332108959818833E+0000  1.46554669048640610559E+0000  1.31010300903788419003E+0000  0.00000000000000000000E+0000  2.34433159148802059510E+0002  0.00000000000000000000E+0000  4.49911335874477520076E-0040  4.50870775117412920564E-0003  1.23199329454031588579E-0034  0.00000000000000000000E+0000  2.31759399116912569672E+0002  0.00000000000000000000E+0000  0.00000000000000000000E+0000  2.27412286393581737742E+0002  0.00000000000000000000E+0000  0.00000000000000000000E+0000  0.00000000000000000000E+0000  0.00000000000000000000E+0000  0.00000000000000000000E+0000 -4.88889012557987394005E-0006 -2.17521870199553570631E+0000  0.00000000000000000000E+0000  0.00000000000000000000E+0000  0.00000000000000000000E+0000  5.74535505746630587094E-0002
 5.39999999999999999996E-0008  0.00000000000000000000E+0000 -1.06194772759048054305E-0001  6.96956227950160665698E-0003 -1.06194772759048054305E-0001  1.04999999999999999996E+0000  1.39326119335106926741E+0000  1.46555746282132913819E+0000  1.31011570956044728930E+0000  0.00000000000000000000E+0000  2.34433159148802059510E+0002  0.00000000000000000000E+0000  4.50053521124309998209E-0040  4.51042874015871573315E-0003  1.23263770548818864286E-0034  0.00000000000000000000E+0000  2.31777136516387656295E+0002  0.00000000000000000000E+0000  0.00000000000000000000E+0000  2.27489678768914758922E+0002  0.00000000000000000000E+0000  0.00000000000000000000E+0000  0.00000000000000000000E+0000  0.00000000000000000000E+0000  0.00000000000000000000E+0000 -4.90194818836913221102E-0006 -2.17503279514545324637E+0000  0.00000000000000000000E+0000  0.00000000000000000000E+0000  0.00000000000000000000E+0000  5.57396128245010519482E-0002
 5.50799999999999999988E-0008  0.00000000000000000000E+0000 -1.02923082095012993063E-0001  6.82166359376853532441E-0003 -1.02923082095012993063E-0001  1.04999999999999999996E+0000  1.39326899111907353103E+0000  1.46556812306064363958E+0000  1.31012823824953787959E+0000  0.00000000000000000000E+0000  2.34433159148802059510E+0002  0.00000000000000000000E+0000  4.50194407390826599439E-0040  4.51213405796824810746E-0003  1.23327374458376511544E-0034  0.00000000000000000000E+0000  2.31793884425146880429E+0002  0.00000000000000000000E+0000  0.00000000000000000000E+0000  2.27567203718201054766E+0002  0.00000000000000000000E+0000  0.00000000000000000000E+0000  0.00000000000000000000E+0000  0.00000000000000000000E+0000  0.00000000000000000000E+0000 -4.90696089013683642303E-0006 -2.17485701653775735740E+0000  0.00000000000000000000E+0000  0.00000000000000000000E+0000  0.00000000000000000000E+0000  5.40340568899264347356E-0002
 5.61800000000000000001E-0008  0.00000000000000000000E+0000 -9.96741064983766980180E-0002  6.67508535907103327913E-0003 -9.96741064983766980180E-0002  1.04999999999999999996E+0000  1.39327671326741652110E+0000  1.46557866880615594689E+0000  1.31014059220510567733E+0000  0.00000000000000000000E+0000  2.34433159148802059510E+0002  0.00000000000000000000E+0000  4.50333972559581272863E-0040  4.51382332915766084762E-0003  1.23390125178401899741E-0034  0.00000000000000000000E+0000  2.31809672295448728097E+0002  0.00000000000000000000E+0000  0.00000000000000000000E+0000  2.27644809412352286726E+0002  0.00000000000000000000E+0000  0.00000000000000000000E+0000  0.00000000000000000000E+0000  0.00000000000000000000E+0000  0.00000000000000000000E+0000 -4.90830742001215872926E-0006 -2.17468560695685094613E+0000  0.00000000000000000000E+0000  0.00000000000000000000E+0000  0.00000000000000000000E+0000  5.23377253166524658733E-0002
 5.73100000000000000012E-0008  0.00000000000000000000E+0000 -9.64000608216849049596E-0002  6.52911625002459188374E-0003 -9.64000608216849049596E-0002  1.04999999999999999996E+0000  1.39328442539746954565E+0000  1.46558918865889602949E+0000  1.31015287472723019702E+0000  0.00000000000000000000E+0000  2.34433159148802059510E+0002  0.00000000000000000000E+0000  4.50473401241231127206E-0040  4.51551078512153931265E-0003  1.23452546678809219894E-0034  0.00000000000000000000E+0000  2.31824661973390860822E+0002  0.00000000000000000000E+0000  0.00000000000000000000E+0000  2.27723096668615088811E+0002  0.00000000000000000000E+0000  0.00000000000000000000E+0000  0.00000000000000000000E+0000  0.00000000000000000000E+0000  0.00000000000000000000E+0000 -4.94286786847870620448E-0006 -2.17446729329442668579E+0000  0.00000000000000000000E+0000  0.00000000000000000000E+0000  0.00000000000000000000E+0000  5.06362866607338412365E-0002
 5.84500000000000000001E-0008  0.00000000000000000000E+0000 -9.29334577435825480690E-0002  6.38740496399795786945E-0003 -9.29334577435825480690E-0002  1.04999999999999999996E+0000  1.39329199360400599571E+0000  1.46559949938786280243E+0000  1.31016487297730414938E+0000  0.00000000000000000000E+0000  2.34433159148802059510E+0002  0.00000000000000000000E+0000  4.50610271373138585601E-0040  4.51716701426081872241E-0003  1.23513556478452760368E-0034  0.00000000000000000000E+0000  2.31838616698097041424E+0002  0.00000000000000000000E+0000  0.00000000000000000000E+0000  2.27800742594565193144E+0002  0.00000000000000000000E+0000  0.00000000000000000000E+0000  0.00000000000000000000E+0000  0.00000000000000000000E+0000  0.00000000000000000000E+0000 -5.39319037693576853378E-0006 -2.17368698478596854219E+0000  0.00000000000000000000E+0000  0.00000000000000000000E+0000  0.00000000000000000000E+0000  4.89534597728918623505E-0002
 5.96200000000000000020E-0008  0.00000000000000000000E+0000 -8.99785678862466008869E-0002  6.23851643431804165307E-0003 -8.99785678862466008869E-0002  1.04999999999999999996E+0000  1.39329954468617037513E+0000  1.46560977365250351314E+0000  1.31017678713366957674E+0000  0.00000000000000000000E+0000  2.34433159148802059510E+0002  0.00000000000000000000E+0000  4.50746870203808938694E-0040  4.51881966852394743973E-0003  1.23574168656360926954E-0034  0.00000000000000000000E+0000  2.31851818840066160266E+0002  0.00000000000000000000E+0000  0.00000000000000000000E+0000  2.27878903180466630157E+0002  0.00000000000000000000E+0000  0.00000000000000000000E+0000  0.00000000000000000000E+0000  0.00000000000000000000E+0000  0.00000000000000000000E+0000 -4.96548020321772661237E-0006 -2.17409462876256629480E+0000  0.00000000000000000000E+0000  0.00000000000000000000E+0000  0.00000000000000000000E+0000  4.72838841720500594110E-0002
 6.08200000000000000005E-0008  0.00000000000000000000E+0000 -8.64854928607786101882E-0002  6.10124453470241195372E-0003 -8.64854928607786101882E-0002  1.04999999999999999996E+0000  1.39330707655297268742E+0000  1.46562000739326522456E+0000  1.31018861341107578622E+0000  0.00000000000000000000E+0000  2.34433159148802059510E+0002  0.00000000000000000000E+0000  4.50883166103700679416E-0040  4.52046822508927128633E-0003  1.23634367421566493493E-0034  0.00000000000000000000E+0000  2.31864281044099426313E+0002  0.00000000000000000000E+0000  0.00000000000000000000E+0000  2.27957580483325711759E+0002  0.00000000000000000000E+0000  0.00000000000000000000E+0000  0.00000000000000000000E+0000  0.00000000000000000000E+0000  0.00000000000000000000E+0000 -5.44989283659688358894E-0006 -2.17326534529636158466E+0000  0.00000000000000000000E+0000  0.00000000000000000000E+0000  0.00000000000000000000E+0000  4.55965713072784738983E-0002
 6.20299999999999999968E-0008  0.00000000000000000000E+0000 -8.33385751906472334498E-0002  5.95668613193666888894E-0003 -8.33385751906472334498E-0002  1.04999999999999999996E+0000  1.39331446279768207631E+0000  1.46563002925890113011E+0000  1.31020015438439149712E+0000  0.00000000000000000000E+0000  2.34433159148802059510E+0002  0.00000000000000000000E+0000  4.51016863133921695051E-0040  4.52208491232890357281E-0003  1.23693142841231542877E-0034  0.00000000000000000000E+0000  2.31875816031066689565E+0002  0.00000000000000000000E+0000  0.00000000000000000000E+0000  2.28035468943434863218E+0002  0.00000000000000000000E+0000  0.00000000000000000000E+0000  0.00000000000000000000E+0000  0.00000000000000000000E+0000  0.00000000000000000000E+0000 -5.43851520576241649692E-0006 -2.17310938261607943965E+0000  0.00000000000000000000E+0000  0.00000000000000000000E+0000  0.00000000000000000000E+0000  4.39466977630778461977E-0002
 6.32699999999999999993E-0008  0.00000000000000000000E+0000 -8.01841016251920786522E-0002  5.81737033418962818197E-0003 -8.01841016251920786522E-0002  1.04999999999999999996E+0000  1.39332182377933714407E+0000  1.46564000226871840084E+0000  1.31021159880557673679E+0000  0.00000000000000000000E+0000  2.34433159148802059510E+0002  0.00000000000000000000E+0000  4.51150141780144810585E-0040  4.52369603372309589336E-0003  1.23751456779554409520E-0034  0.00000000000000000000E+0000  2.31886675605302008896E+0002  0.00000000000000000000E+0000  0.00000000000000000000E+0000  2.28113683541638941468E+0002  0.00000000000000000000E+0000  0.00000000000000000000E+0000  0.00000000000000000000E+0000  0.00000000000000000000E+0000  0.00000000000000000000E+0000 -5.45247558194496280045E-0006 -2.17291818066188209004E+0000  0.00000000000000000000E+0000  0.00000000000000000000E+0000  0.00000000000000000000E+0000  4.22969189517124829804E-0002
 6.45400000000000000016E-0008  0.00000000000000000000E+0000 -7.70351883811370435697E-0002  5.67788889908095311969E-0003 -7.70351883811370435697E-0002  1.04999999999999999996E+0000  1.39332915439521759862E+0000  1.46564991925073505904E+0000  1.31022293887281710153E+0000  0.00000000000000000000E+0000  2.34433159148802059510E+0002  0.00000000000000000000E+0000  4.51282907943383588270E-0040  4.52530040494939843940E-0003  1.23809268476660352675E-0034  0.00000000000000000000E+0000  2.31896860862516132895E+0002  0.00000000000000000000E+0000  0.00000000000000000000E+0000  2.28192201363925756027E+0002  0.00000000000000000000E+0000  0.00000000000000000000E+0000  0.00000000000000000000E+0000  0.00000000000000000000E+0000  0.00000000000000000000E+0000 -5.46769092592974462699E-0006 -2.17272455946765587795E+0000  0.00000000000000000000E+0000  0.00000000000000000000E+0000  0.00000000000000000000E+0000  4.06501140214131352987E-0002
 6.58299999999999999995E-0008  0.00000000000000000000E+0000 -7.39448123379322608229E-0002  5.53964180577776226094E-0003 -7.39448123379322608229E-0002  1.04999999999999999996E+0000  1.39333639501134503148E+0000  1.46565969971499078669E+0000  1.31023408369019726154E+0000  0.00000000000000000000E+0000  2.34433159148802059510E+0002  0.00000000000000000000E+0000  4.51414080214607137024E-0040  4.52688493824775625970E-0003  1.23866113519625422231E-0034  0.00000000000000000000E+0000  2.31906317180082889182E+0002  0.00000000000000000000E+0000  0.00000000000000000000E+0000  2.28270373159735781673E+0002  0.00000000000000000000E+0000  0.00000000000000000000E+0000  0.00000000000000000000E+0000  0.00000000000000000000E+0000  0.00000000000000000000E+0000 -5.44313355233512399689E-0006 -2.17258562399334322133E+0000  0.00000000000000000000E+0000  0.00000000000000000000E+0000  0.00000000000000000000E+0000  3.90206949132545884323E-0002
 6.71499999999999999972E-0008  0.00000000000000000000E+0000 -7.08516162952593382663E-0002  5.40315331348616240963E-0003 -7.08516162952593382663E-0002  1.04999999999999999996E+0000  1.39334359885259707846E+0000  1.46566941554326750634E+0000  1.31024511638199808435E+0000  0.00000000000000000000E+0000  2.34433159148802059510E+0002  0.00000000000000000000E+0000  4.51544621746967788193E-0040  4.52846123217218075538E-0003  1.23922415118454516157E-0034  0.00000000000000000000E+0000  2.31915159236330418069E+0002  0.00000000000000000000E+0000  0.00000000000000000000E+0000  2.28348683983090174537E+0002  0.00000000000000000000E+0000  0.00000000000000000000E+0000  0.00000000000000000000E+0000  0.00000000000000000000E+0000  0.00000000000000000000E+0000 -5.44432970539756812642E-0006 -2.17241147904982693042E+0000  0.00000000000000000000E+0000  0.00000000000000000000E+0000  0.00000000000000000000E+0000  3.73961353158623582810E-0002
 6.84899999999999999969E-0008  0.00000000000000000000E+0000 -6.78159926477918773789E-0002  5.26763351185283357153E-0003 -6.78159926477918773789E-0002  1.04999999999999999996E+0000  1.39335070966404277648E+0000  1.46567899125300228711E+0000  1.31025595267820700097E+0000  0.00000000000000000000E+0000  2.34433159148802059510E+0002  0.00000000000000000000E+0000  4.51673511320692191934E-0040  4.53001695244656656517E-0003  1.23977741993651204573E-0034  0.00000000000000000000E+0000  2.31923339675901554996E+0002  0.00000000000000000000E+0000  0.00000000000000000000E+0000  2.28426539493982820206E+0002  0.00000000000000000000E+0000  0.00000000000000000000E+0000  0.00000000000000000000E+0000  0.00000000000000000000E+0000  0.00000000000000000000E+0000 -5.41166484005925529916E-0006 -2.17228432143620320402E+0000  0.00000000000000000000E+0000  0.00000000000000000000E+0000  0.00000000000000000000E+0000  3.57905797019094871347E-0002
 6.98600000000000000029E-0008  0.00000000000000000000E+0000 -6.47816859419672366050E-0002  5.13393428252665814592E-0003 -6.47816859419672366050E-0002  1.04999999999999999996E+0000  1.39335777785852145687E+0000  1.46568849492664989302E+0000  1.31026667111271541335E+0000  0.00000000000000000000E+0000  2.34433159148802059510E+0002  0.00000000000000000000E+0000  4.51801661586320595638E-0040  4.53156309616736630837E-0003  1.24032494326514193862E-0034  0.00000000000000000000E+0000  2.31930961620154369882E+0002  0.00000000000000000000E+0000  0.00000000000000000000E+0000  2.28504404753794157570E+0002  0.00000000000000000000E+0000  0.00000000000000000000E+0000  0.00000000000000000000E+0000  0.00000000000000000000E+0000  0.00000000000000000000E+0000 -5.40400049262432510353E-0006 -2.17212333349935358528E+0000  0.00000000000000000000E+0000  0.00000000000000000000E+0000  0.00000000000000000000E+0000  3.41921148043029478690E-0002
 7.12600000000000000022E-0008  0.00000000000000000000E+0000 -6.17658920939064253275E-0002  5.00084542323991127702E-0003 -6.17658920939064253275E-0002  1.04999999999999999996E+0000  1.39336479928027461527E+0000  1.46569792127085118396E+0000  1.31027726696864492883E+0000  0.00000000000000000000E+0000  2.34433159148802059510E+0002  0.00000000000000000000E+0000  4.51928995740068868977E-0040  4.53309873252959044868E-0003  1.24086647141070708020E-0034  0.00000000000000000000E+0000  2.31938041923465074992E+0002  0.00000000000000000000E+0000  0.00000000000000000000E+0000  2.28582231683976302289E+0002  0.00000000000000000000E+0000  0.00000000000000000000E+0000  0.00000000000000000000E+0000  0.00000000000000000000E+0000  0.00000000000000000000E+0000 -5.39565177700530320074E-0006 -2.17196349631326433892E+0000  0.00000000000000000000E+0000  0.00000000000000000000E+0000  0.00000000000000000000E+0000  3.26026405045054551824E-0002
 7.26799999999999999970E-0008  0.00000000000000000000E+0000 -5.88142840689442834281E-0002  4.86938046332696949216E-0003 -5.88142840689442834281E-0002  1.04999999999999999996E+0000  1.39337172237850983084E+0000  1.46570720171846087282E+0000  1.31028766495387763587E+0000  0.00000000000000000000E+0000  2.34433159148802059510E+0002  0.00000000000000000000E+0000  4.52054577516858242488E-0040  4.53461258868740506453E-0003  1.24139814620265388107E-0034  0.00000000000000000000E+0000  2.31944557750994660578E+0002  0.00000000000000000000E+0000  0.00000000000000000000E+0000  2.28659438262023620603E+0002  0.00000000000000000000E+0000  0.00000000000000000000E+0000  0.00000000000000000000E+0000  0.00000000000000000000E+0000  0.00000000000000000000E+0000 -5.35179820137497063068E-0006 -2.17185333373838247674E+0000  0.00000000000000000000E+0000  0.00000000000000000000E+0000  0.00000000000000000000E+0000  3.10346873020757000674E-0002
 7.41400000000000000024E-0008  0.00000000000000000000E+0000 -5.58318324244403666933E-0002  4.73939799567234343742E-0003 -5.58318324244403666933E-0002  1.04999999999999999996E+0000  1.39337863984772179651E+0000  1.46571646068905402018E+0000  1.31029800592355405865E+0000  0.00000000000000000000E+0000  2.34433159148802059510E+0002  0.00000000000000000000E+0000  4.52180087295712140621E-0040  4.53612490542373216964E-0003  1.24192716418022372677E-0034  0.00000000000000000000E+0000  2.31950640365396901901E+0002  0.00000000000000000000E+0000  0.00000000000000000000E+0000  2.28736957048741565354E+0002  0.00000000000000000000E+0000  0.00000000000000000000E+0000  0.00000000000000000000E+0000  0.00000000000000000000E+0000  0.00000000000000000000E+0000 -5.36100791463535427506E-0006 -2.17167072026686426372E+0000  0.00000000000000000000E+0000  0.00000000000000000000E+0000  0.00000000000000000000E+0000  2.94663029357776824926E-0002
 7.56199999999999999969E-0008  0.00000000000000000000E+0000 -5.29299334967751170180E-0002  4.61009529021452233537E-0003 -5.29299334967751170180E-0002  1.04999999999999999996E+0000  1.39338545418746389323E+0000  1.46572556846723969217E+0000  1.31030814662309915959E+0000  0.00000000000000000000E+0000  2.34433159148802059510E+0002  0.00000000000000000000E+0000  4.52303754393693970935E-0040  4.53761438407676910478E-0003  1.24244618613413966195E-0034  0.00000000000000000000E+0000  2.31956211221473392617E+0002  0.00000000000000000000E+0000  0.00000000000000000000E+0000  2.28813762603267764298E+0002  0.00000000000000000000E+0000  0.00000000000000000000E+0000  0.00000000000000000000E+0000  0.00000000000000000000E+0000  0.00000000000000000000E+0000 -5.31305029674999996293E-0006 -2.17156742658677777316E+0000  0.00000000000000000000E+0000  0.00000000000000000000E+0000  0.00000000000000000000E+0000  2.79218303640365010219E-0002
 7.71299999999999999976E-0008  0.00000000000000000000E+0000 -5.00441378636208143088E-0002  4.48323024153732032790E-0003 -5.00441378636208143088E-0002  1.04999999999999999996E+0000  1.39339220938950748927E+0000  1.46573458438395626496E+0000  1.31031815508374538729E+0000  0.00000000000000000000E+0000  2.34433159148802059510E+0002  0.00000000000000000000E+0000  4.52426376141643887510E-0040  4.53909063849343663661E-0003  1.24295868674613408578E-0034  0.00000000000000000000E+0000  2.31961355490644211053E+0002  0.00000000000000000000E+0000  0.00000000000000000000E+0000  2.28890246930045500137E+0002  0.00000000000000000000E+0000  0.00000000000000000000E+0000  0.00000000000000000000E+0000  0.00000000000000000000E+0000  0.00000000000000000000E+0000 -5.28332864522978653464E-0006 -2.17144034881885565473E+0000  0.00000000000000000000E+0000  0.00000000000000000000E+0000  0.00000000000000000000E+0000  2.63902689387307125210E-0002
 7.86699999999999999981E-0008  0.00000000000000000000E+0000 -4.71871594812387480166E-0002  4.35749050874464462272E-0003 -4.71871594812387480166E-0002  1.04999999999999999996E+0000  1.39339890203383743564E+0000  1.46574350448483406960E+0000  1.31032802862876678811E+0000  0.00000000000000000000E+0000  2.34433159148802059510E+0002  0.00000000000000000000E+0000  4.52547888818063977289E-0040  4.54055292437255052281E-0003  1.24346451954062104891E-0034  0.00000000000000000000E+0000  2.31966092117453419663E+0002  0.00000000000000000000E+0000  0.00000000000000000000E+0000  2.28966368605304062794E+0002  0.00000000000000000000E+0000  0.00000000000000000000E+0000  0.00000000000000000000E+0000  0.00000000000000000000E+0000  0.00000000000000000000E+0000 -5.25277955166268367435E-0006 -2.17131546591282475643E+0000  0.00000000000000000000E+0000  0.00000000000000000000E+0000  0.00000000000000000000E+0000  2.48732703364365997291E-0002
 8.02500000000000000027E-0008  0.00000000000000000000E+0000 -4.43283034748552092565E-0002  4.23278794277221808618E-0003 -4.43283034748552092565E-0002  1.04999999999999999996E+0000  1.39340556997724558143E+0000  1.46575237967722988338E+0000  1.31033782509223065810E+0000  0.00000000000000000000E+0000  2.34433159148802059510E+0002  0.00000000000000000000E+0000  4.52668978662548072365E-0040  4.54200951380608454898E-0003  1.24396664211260593713E-0034  0.00000000000000000000E+0000  2.31970476289817288285E+0002  0.00000000000000000000E+0000  0.00000000000000000000E+0000  2.29042513764215017388E+0002  0.00000000000000000000E+0000  0.00000000000000000000E+0000  0.00000000000000000000E+0000  0.00000000000000000000E+0000  0.00000000000000000000E+0000 -5.24520688614318070115E-0006 -2.17115968232505991090E+0000  0.00000000000000000000E+0000  0.00000000000000000000E+0000  0.00000000000000000000E+0000  2.33622555074896434649E-0002
 8.18500000000000000028E-0008  0.00000000000000000000E+0000 -4.15559185467447638654E-0002  4.10962103963226964535E-0003 -4.15559185467447638654E-0002  1.04999999999999999996E+0000  1.39341212654443017424E+0000  1.46576109553642311694E+0000  1.31034741997665620905E+0000  0.00000000000000000000E+0000  2.34433159148802059510E+0002  0.00000000000000000000E+0000  4.52788070339007398907E-0040  4.54344150881429822374E-0003  1.24445866437261267926E-0034  0.00000000000000000000E+0000  2.31974464161839864909E+0002  0.00000000000000000000E+0000  0.00000000000000000000E+0000  2.29117731411925486890E+0002  0.00000000000000000000E+0000  0.00000000000000000000E+0000  0.00000000000000000000E+0000  0.00000000000000000000E+0000  0.00000000000000000000E+0000 -5.18253832076814455273E-0006 -2.17108096475688237175E+0000  0.00000000000000000000E+0000  0.00000000000000000000E+0000  0.00000000000000000000E+0000  2.18784207060920577688E-0002
 8.34900000000000000005E-0008  0.00000000000000000000E+0000 -3.87749566275811979536E-0002  3.98855039818109052737E-0003 -3.87749566275811979536E-0002  1.04999999999999999996E+0000  1.39341864987137063682E+0000  1.46576975638430014449E+0000  1.31035692998013056604E+0000  0.00000000000000000000E+0000  2.34433159148802059510E+0002  0.00000000000000000000E+0000  4.52906581927061190558E-0040  4.54486597093990434465E-0003  1.24494656436295769836E-0034  0.00000000000000000000E+0000  2.31978149006568171872E+0002  0.00000000000000000000E+0000  0.00000000000000000000E+0000  2.29192806450485710046E+0002  0.00000000000000000000E+0000  0.00000000000000000000E+0000  0.00000000000000000000E+0000  0.00000000000000000000E+0000  0.00000000000000000000E+0000 -5.16176353458344081756E-0006 -2.17094609046057526887E+0000  0.00000000000000000000E+0000  0.00000000000000000000E+0000  0.00000000000000000000E+0000  2.04027552655474940772E-0002
 8.51599999999999999981E-0008  0.00000000000000000000E+0000 -3.60461899193402319106E-0002  3.86850876004816730797E-0003 -3.60461899193402319106E-0002  1.04999999999999999996E+0000  1.39342509597394840842E+0000  1.46577830461077534478E+0000  1.31036629343847735839E+0000  0.00000000000000000000E+0000  2.34433159148802059510E+0002  0.00000000000000000000E+0000  4.53023712780915463043E-0040  4.54627332036659136460E-0003  1.24542717011123975801E-0034  0.00000000000000000000E+0000  2.31981513903386166162E+0002  0.00000000000000000000E+0000  0.00000000000000000000E+0000  2.29267275395164447566E+0002  0.00000000000000000000E+0000  0.00000000000000000000E+0000  0.00000000000000000000E+0000  0.00000000000000000000E+0000  0.00000000000000000000E+0000 -5.11704590344117884369E-0006 -2.17084538213933623792E+0000  0.00000000000000000000E+0000  0.00000000000000000000E+0000  0.00000000000000000000E+0000  1.89468313405119330343E-0002
 8.68600000000000000018E-0008  0.00000000000000000000E+0000 -3.33613846861321745925E-0002  3.75060767867201102813E-0003 -3.33613846861321745925E-0002  1.04999999999999999996E+0000  1.39343146213378256935E+0000  1.46578673735642761697E+0000  1.31037550904312885547E+0000  0.00000000000000000000E+0000  2.34433159148802059510E+0002  0.00000000000000000000E+0000  4.53139412403882558331E-0040  4.54766298743167026347E-0003  1.24590040752712631828E-0034  0.00000000000000000000E+0000  2.31984587507912892970E+0002  0.00000000000000000000E+0000  0.00000000000000000000E+0000  2.29341062180173670806E+0002  0.00000000000000000000E+0000  0.00000000000000000000E+0000  0.00000000000000000000E+0000  0.00000000000000000000E+0000  0.00000000000000000000E+0000 -5.06547984392392042174E-0006 -2.17075582995475385110E+0000  0.00000000000000000000E+0000  0.00000000000000000000E+0000  0.00000000000000000000E+0000  1.75111125931452478700E-0002
 8.86000000000000000032E-0008  0.00000000000000000000E+0000 -3.06890718550850870325E-0002  3.63422288804396716301E-0003 -3.06890718550850870325E-0002  1.04999999999999999996E+0000  1.39343778114349511920E+0000  1.46579509862924046223E+0000  1.31038462652590315550E+0000  0.00000000000000000000E+0000  2.34433159148802059510E+0002  0.00000000000000000000E+0000  4.53254275336608138406E-0040  4.54904213894033068333E-0003  1.24636882359112722393E-0034  0.00000000000000000000E+0000  2.31987410977339121976E+0002  0.00000000000000000000E+0000  0.00000000000000000000E+0000  2.29414507963472010799E+0002  0.00000000000000000000E+0000  0.00000000000000000000E+0000  0.00000000000000000000E+0000  0.00000000000000000000E+0000  0.00000000000000000000E+0000 -5.03357050067972575730E-0006 -2.17064077846475632686E+0000  0.00000000000000000000E+0000  0.00000000000000000000E+0000  0.00000000000000000000E+0000  1.60882063199091676902E-0002
 9.03699999999999999979E-0008  0.00000000000000000000E+0000 -2.80758852857096193317E-0002  3.51950596599309380667E-0003 -2.80758852857096193317E-0002  1.04999999999999999996E+0000  1.39344401297789695024E+0000  1.46580333628179553082E+0000  1.31039359059873215037E+0000  0.00000000000000000000E+0000  2.34433159148802059510E+0002  0.00000000000000000000E+0000  4.53367572726143596099E-0040  4.55040207146050850362E-0003  1.24682957070224830815E-0034  0.00000000000000000000E+0000  2.31989978534129225179E+0002  0.00000000000000000000E+0000  0.00000000000000000000E+0000  2.29487167441677065591E+0002  0.00000000000000000000E+0000  0.00000000000000000000E+0000  0.00000000000000000000E+0000  0.00000000000000000000E+0000  0.00000000000000000000E+0000 -4.97687387346926427876E-0006 -2.17056147855871356942E+0000  0.00000000000000000000E+0000  0.00000000000000000000E+0000  0.00000000000000000000E+0000  1.46881788113499222737E-0002
 9.21800000000000000031E-0008  0.00000000000000000000E+0000 -2.54830031652397822272E-0002  3.40667966556398566109E-0003 -2.54830031652397822272E-0002  1.04999999999999999996E+0000  1.39345018857195948050E+0000  1.46581149178564054919E+0000  1.31040244800478304513E+0000  0.00000000000000000000E+0000  2.34433159148802059510E+0002  0.00000000000000000000E+0000  4.53479865767773863414E-0040  4.55174954892944233353E-0003  1.24728504547449315686E-0034  0.00000000000000000000E+0000  2.31992331549303478888E+0002  0.00000000000000000000E+0000  0.00000000000000000000E+0000  2.29559344866353168976E+0002  0.00000000000000000000E+0000  0.00000000000000000000E+0000  0.00000000000000000000E+0000  0.00000000000000000000E+0000  0.00000000000000000000E+0000 -4.93589408193761018432E-0006 -2.17046236145009881647E+0000  0.00000000000000000000E+0000  0.00000000000000000000E+0000  0.00000000000000000000E+0000  1.33036407904452189956E-0002
 9.40200000000000000016E-0008  0.00000000000000000000E+0000 -2.29521036134999083665E-0002  3.29578238176074246292E-0003 -2.29521036134999083665E-0002  1.04999999999999999996E+0000  1.39345627045951403207E+0000  1.46581951645273486011E+0000  1.31041114738631180806E+0000  0.00000000000000000000E+0000  2.34433159148802059510E+0002  0.00000000000000000000E+0000  4.53590471805023973718E-0040  4.55307642701217449892E-0003  1.24773259938034678855E-0034  0.00000000000000000000E+0000  2.31994466574337967840E+0002  0.00000000000000000000E+0000  0.00000000000000000000E+0000  2.29630621916639653099E+0002  0.00000000000000000000E+0000  0.00000000000000000000E+0000  0.00000000000000000000E+0000  0.00000000000000000000E+0000  0.00000000000000000000E+0000 -4.87151702244911632492E-0006 -2.17039738620231158575E+0000  0.00000000000000000000E+0000  0.00000000000000000000E+0000  0.00000000000000000000E+0000  1.19439852419938985510E-0002
 9.58999999999999999977E-0008  0.00000000000000000000E+0000 -2.04463786536941845206E-0002  3.18690615047568695215E-0003 -2.04463786536941845206E-0002  1.04999999999999999996E+0000  1.39346228780721211559E+0000  1.46582744933190047953E+0000  1.31041973261679729279E+0000  0.00000000000000000000E+0000  2.34433159148802059510E+0002  0.00000000000000000000E+0000  4.53699919972674906414E-0040  4.55438908172479735294E-0003  1.24817448320072288813E-0034  0.00000000000000000000E+0000  2.31996420113919610176E+0002  0.00000000000000000000E+0000  0.00000000000000000000E+0000  2.29701287807723748394E+0002  0.00000000000000000000E+0000  0.00000000000000000000E+0000  0.00000000000000000000E+0000  0.00000000000000000000E+0000  0.00000000000000000000E+0000 -4.82206399493301100381E-0006 -2.17031397868826433526E+0000  0.00000000000000000000E+0000  0.00000000000000000000E+0000  0.00000000000000000000E+0000  1.06022663895837753339E-0002
 9.78199999999999999979E-0008  0.00000000000000000000E+0000 -1.79788774463977921231E-0002  3.07974125913387471514E-0003 -1.79788774463977921231E-0002  1.04999999999999999996E+0000  1.39346823574064063362E+0000  1.46583528463178038297E+0000  1.31042819876488764066E+0000  0.00000000000000000000E+0000  2.34433159148802059510E+0002  0.00000000000000000000E+0000  4.53808120180408823612E-0040  4.55568647018720994897E-0003  1.24861043680365082868E-0034  0.00000000000000000000E+0000  2.31998202110392348130E+0002  0.00000000000000000000E+0000  0.00000000000000000000E+0000  2.29771289460165714966E+0002  0.00000000000000000000E+0000  0.00000000000000000000E+0000  0.00000000000000000000E+0000  0.00000000000000000000E+0000  0.00000000000000000000E+0000 -4.77077052857931559679E-0006 -2.17023501158185022891E+0000  0.00000000000000000000E+0000  0.00000000000000000000E+0000  0.00000000000000000000E+0000  9.28025996849093725135E-0003
 9.97800000000000000021E-0008  0.00000000000000000000E+0000 -1.55539816610838774225E-0002  2.97454827589862315264E-0003 -1.55539816610838774225E-0002  1.04999999999999999996E+0000  1.39347410962508198049E+0000  1.46584301686655813239E+0000  1.31043654120678014312E+0000  0.00000000000000000000E+0000  2.34433159148802059510E+0002  0.00000000000000000000E+0000  4.53914986925874430190E-0040  4.55696760394581707398E-0003  1.24904021668876700063E-0034  0.00000000000000000000E+0000  2.31999826538439176751E+0002  0.00000000000000000000E+0000  0.00000000000000000000E+0000  2.29840558688651732125E+0002  0.00000000000000000000E+0000  0.00000000000000000000E+0000  0.00000000000000000000E+0000  0.00000000000000000000E+0000  0.00000000000000000000E+0000 -4.71519852548950955295E-0006 -2.17016395034816623999E+0000  0.00000000000000000000E+0000  0.00000000000000000000E+0000  0.00000000000000000000E+0000  7.97925636274904865702E-0003
 1.01799999999999999999E-0007  0.00000000000000000000E+0000 -1.31255002966786000980E-0002  2.87055090848807439375E-0003 -1.31255002966786000980E-0002  1.04999999999999999996E+0000  1.39347996137210294724E+0000  1.46585071473845197378E+0000  1.31044483522609585887E+0000  0.00000000000000000000E+0000  2.34433159148802059510E+0002  0.00000000000000000000E+0000  4.54021463267252001179E-0040  4.55824380687562156691E-0003  1.24946769771454903371E-0034  0.00000000000000000000E+0000  2.32001326750896462559E+0002  0.00000000000000000000E+0000  0.00000000000000000000E+0000  2.29909665471857586366E+0002  0.00000000000000000000E+0000  0.00000000000000000000E+0000  0.00000000000000000000E+0000  0.00000000000000000000E+0000  0.00000000000000000000E+0000 -4.69254916467234123746E-0006 -2.17004917144466190305E+0000  0.00000000000000000000E+0000  0.00000000000000000000E+0000  0.00000000000000000000E+0000  6.68757951371876335046E-0003
 1.03800000000000000001E-0007  0.00000000000000000000E+0000 -1.09086157756404956913E-0002  2.77126721279684569291E-0003 -1.09086157756404956913E-0002  1.04999999999999999996E+0000  1.39348556352790889097E+0000  1.46585808040224140503E+0000  1.31045276116365383054E+0000  0.00000000000000000000E+0000  2.34433159148802059510E+0002  0.00000000000000000000E+0000  4.54123409852734304617E-0040  4.55946556383823739697E-0003  1.24987639396804772972E-0034  0.00000000000000000000E+0000  2.32002629513792898455E+0002  0.00000000000000000000E+0000  0.00000000000000000000E+0000  2.29976061271856566603E+0002  0.00000000000000000000E+0000  0.00000000000000000000E+0000  0.00000000000000000000E+0000  0.00000000000000000000E+0000  0.00000000000000000000E+0000 -4.52355644931522257886E-0006 -2.17013912520987253059E+0000  0.00000000000000000000E+0000  0.00000000000000000000E+0000  0.00000000000000000000E+0000  5.45818614632156325143E-0003
 1.05900000000000000000E-0007  0.00000000000000000000E+0000 -8.53947572448534969013E-0003  2.67213709192569683618E-0003 -8.53947572448534969013E-0003  1.04999999999999999996E+0000  1.39349124439727983652E+0000  1.46586554488828662657E+0000  1.31046078452170817357E+0000  0.00000000000000000000E+0000  2.34433159148802059510E+0002  0.00000000000000000000E+0000  4.54226798808822239557E-0040  4.56070437437845062567E-0003  1.25029030284662619159E-0034  0.00000000000000000000E+0000  2.32003891350924257478E+0002  0.00000000000000000000E+0000  0.00000000000000000000E+0000  2.30043312653393410727E+0002  0.00000000000000000000E+0000  0.00000000000000000000E+0000  0.00000000000000000000E+0000  0.00000000000000000000E+0000  0.00000000000000000000E+0000 -4.55015168520079395247E-0006 -2.16996264863597389944E+0000  0.00000000000000000000E+0000  0.00000000000000000000E+0000  0.00000000000000000000E+0000  4.21350453060107063840E-0003
 1.07999999999999999999E-0007  0.00000000000000000000E+0000 -6.36179166939828875911E-0003  2.57660080911256868750E-0003 -6.36179166939828875911E-0003  1.04999999999999999996E+0000  1.39349673007415852249E+0000  1.46587274976891825280E+0000  1.31046852048265873231E+0000  0.00000000000000000000E+0000  2.34433159148802059510E+0002  0.00000000000000000000E+0000  4.54326643828935241215E-0040  4.56190061375365530300E-0003  1.25068956489067321930E-0034  0.00000000000000000000E+0000  2.32004988950290698818E+0002  0.00000000000000000000E+0000  0.00000000000000000000E+0000  2.30108497302974978352E+0002  0.00000000000000000000E+0000  0.00000000000000000000E+0000  0.00000000000000000000E+0000  0.00000000000000000000E+0000  0.00000000000000000000E+0000 -4.42368444544547440684E-0006 -2.16999871481416495441E+0000  0.00000000000000000000E+0000  0.00000000000000000000E+0000  0.00000000000000000000E+0000  3.02022225936583094714E-0003
 1.10200000000000000002E-0007  0.00000000000000000000E+0000 -4.36132956032741031438E-0003  2.48166809211602717193E-0003 -4.36132956032741031438E-0003  1.04999999999999999996E+0000  1.39350227034181885135E+0000  1.46588002329469664078E+0000  1.31047632239654573765E+0000  0.00000000000000000000E+0000  2.34433159148802059510E+0002  0.00000000000000000000E+0000  4.54427490940324152154E-0040  4.56310875256975679588E-0003  1.25109241886401565298E-0034  0.00000000000000000000E+0000  2.32006045837711130431E+0002  0.00000000000000000000E+0000  0.00000000000000000000E+0000  2.30174286465055929235E+0002  0.00000000000000000000E+0000  0.00000000000000000000E+0000  0.00000000000000000000E+0000  0.00000000000000000000E+0000  0.00000000000000000000E+0000 -4.03208762181134533381E-0006 -2.17039306545737093346E+0000  0.00000000000000000000E+0000  0.00000000000000000000E+0000  0.00000000000000000000E+0000  1.82583700344255376863E-0003
 1.12399999999999999998E-0007  0.00000000000000000000E+0000 -2.01001676117454712427E-0003  2.39009331876100932123E-0003 -2.01001676117454712427E-0003  1.04999999999999999996E+0000  1.39350761480290171780E+0000  1.46588703680186073670E+0000  1.31048383914069233101E+0000  0.00000000000000000000E+0000  2.34433159148802059510E+0002  0.00000000000000000000E+0000  4.54524781962691355181E-0040  4.56427417770112302253E-0003  1.25148073230983934912E-0034  0.00000000000000000000E+0000  2.32006965497715324634E+0002  0.00000000000000000000E+0000  0.00000000000000000000E+0000  2.30237965595988360978E+0002  0.00000000000000000000E+0000  0.00000000000000000000E+0000  0.00000000000000000000E+0000  0.00000000000000000000E+0000  0.00000000000000000000E+0000 -4.27509025003260322487E-0006 -2.16993316948888346129E+0000  0.00000000000000000000E+0000  0.00000000000000000000E+0000  0.00000000000000000000E+0000  6.68064189497484256541E-0004
 1.14600000000000000000E-0007  0.00000000000000000000E+0000  2.77619740891346659810E-0006  2.30349719304088522842E-0003  2.77619740891346659810E-0006  1.04999999999999999996E+0000  1.39351276915724200966E+0000  1.46589379875396310217E+0000  1.31049108062039467945E+0000  0.00000000000000000000E+0000  2.34433159148802059510E+0002  0.00000000000000000000E+0000  4.54618616106399214752E-0040  4.56539814284061178597E-0003  1.25185498912612923749E-0034  0.00000000000000000000E+0000  2.32007794416302909266E+0002  0.00000000000000000000E+0000  0.00000000000000000000E+0000  2.30299448185844006218E+0002  0.00000000000000000000E+0000  0.00000000000000000000E+0000  0.00000000000000000000E+0000  0.00000000000000000000E+0000  0.00000000000000000000E+0000 -4.15840931785696142443E-0006 -2.16996563718088414569E+0000  0.00000000000000000000E+0000  0.00000000000000000000E+0000  0.00000000000000000000E+0000 -4.34723617311652507177E-0004
 1.16900000000000000000E-0007  0.00000000000000000000E+0000  2.09681654413591629723E-0003  2.21645696597431922845E-0003  2.09681654413591629723E-0003  1.04999999999999999996E+0000  1.39351795929450146061E+0000  1.46590060520870315273E+0000  1.31049836499020890424E+0000  0.00000000000000000000E+0000  2.34433159148802059510E+0002  0.00000000000000000000E+0000  4.54713105188075293862E-0040  4.56652986637793368416E-0003  1.25223163397320190918E-0034  0.00000000000000000000E+0000  2.32008600740585784569E+0002  0.00000000000000000000E+0000  0.00000000000000000000E+0000  2.30361298062589340274E+0002  0.00000000000000000000E+0000  0.00000000000000000000E+0000  0.00000000000000000000E+0000  0.00000000000000000000E+0000  0.00000000000000000000E+0000 -4.16032757686263745966E-0006 -2.16983720557103972504E+0000  0.00000000000000000000E+0000  0.00000000000000000000E+0000  0.00000000000000000000E+0000 -1.54079349058307648096E-0003
 1.19200000000000000000E-0007  0.00000000000000000000E+0000  4.01304619707450401313E-0003  2.13494392531841049388E-0003  4.01304619707450401313E-0003  1.04999999999999999996E+0000  1.39352295736297654514E+0000  1.46590715858650268340E+0000  1.31050537394723702438E+0000  0.00000000000000000000E+0000  2.34433159148802059510E+0002  0.00000000000000000000E+0000  4.54804100410548143929E-0040  4.56761975978983009687E-0003  1.25259420369597800008E-0034  0.00000000000000000000E+0000  2.32009302259659435652E+0002  0.00000000000000000000E+0000  0.00000000000000000000E+0000  2.30421045574824453372E+0002  0.00000000000000000000E+0000  0.00000000000000000000E+0000  0.00000000000000000000E+0000  0.00000000000000000000E+0000  0.00000000000000000000E+0000 -4.03033747263561402266E-0006 -2.16989268973405793959E+0000  0.00000000000000000000E+0000  0.00000000000000000000E+0000  0.00000000000000000000E+0000 -2.59636609226242257110E-0003
 1.21599999999999999997E-0007  0.00000000000000000000E+0000  5.74274347119177283852E-0003  2.05430427161256500755E-0003  5.74274347119177283852E-0003  1.04999999999999999996E+0000  1.39352797120489003654E+0000  1.46591373152774314054E+0000  1.31051239978438904680E+0000  0.00000000000000000000E+0000  2.34433159148802059510E+0002  0.00000000000000000000E+0000  4.54895385061360871474E-0040  4.56871313909165252538E-0003  1.25295781823218256982E-0034  0.00000000000000000000E+0000  2.32009986773822484654E+0002  0.00000000000000000000E+0000  0.00000000000000000000E+0000  2.30480927363799120627E+0002  0.00000000000000000000E+0000  0.00000000000000000000E+0000  0.00000000000000000000E+0000  0.00000000000000000000E+0000  0.00000000000000000000E+0000 -3.64823065268956198900E-0006 -2.17028995937457136944E+0000  0.00000000000000000000E+0000  0.00000000000000000000E+0000  0.00000000000000000000E+0000 -3.64336850384560446105E-0003
 1.24099999999999999998E-0007  0.00000000000000000000E+0000  7.70081536144227901018E-0003  1.97309907917423469245E-0003  7.70081536144227901018E-0003  1.04999999999999999996E+0000  1.39353298640095251337E+0000  1.46592030491616399067E+0000  1.31051942283972246660E+0000  0.00000000000000000000E+0000  2.34433159148802059510E+0002  0.00000000000000000000E+0000  4.54986695510025603368E-0040  4.56980682802189995734E-0003  1.25332146573561232592E-0034  0.00000000000000000000E+0000  2.32010628171898961730E+0002  0.00000000000000000000E+0000  0.00000000000000000000E+0000  2.30540889928623199026E+0002  0.00000000000000000000E+0000  0.00000000000000000000E+0000  0.00000000000000000000E+0000  0.00000000000000000000E+0000  0.00000000000000000000E+0000 -3.61436381990150842315E-0006 -2.17021625171347377469E+0000  0.00000000000000000000E+0000  0.00000000000000000000E+0000  0.00000000000000000000E+0000 -4.68880128794035884316E-0003
 1.26499999999999999995E-0007  0.00000000000000000000E+0000  9.59441140739800707177E-0003  1.90089290832976847794E-0003  9.59441140739800707177E-0003  1.04999999999999999996E+0000  1.39353761732140950485E+0000  1.46592637427170649988E+0000  1.31052590455030254090E+0000  0.00000000000000000000E+0000  2.34433159148802059510E+0002  0.00000000000000000000E+0000  4.55071009935672423872E-0040  4.57081679041433610479E-0003  1.25365724151837375734E-0034  0.00000000000000000000E+0000  2.32011146695994623257E+0002  0.00000000000000000000E+0000  0.00000000000000000000E+0000  2.30596515155646539341E+0002  0.00000000000000000000E+0000  0.00000000000000000000E+0000  0.00000000000000000000E+0000  0.00000000000000000000E+0000  0.00000000000000000000E+0000 -3.72005112787973890783E-0006 -2.16996336154352777344E+0000  0.00000000000000000000E+0000  0.00000000000000000000E+0000  0.00000000000000000000E+0000 -5.64876736515476047579E-0003
 1.29099999999999999999E-0007  0.00000000000000000000E+0000  1.12890461937148406650E-0002  1.82651350674238938496E-0003  1.12890461937148406650E-0002  1.04999999999999999996E+0000  1.39354242706374692917E+0000  1.46593267691938987840E+0000  1.31053263333444923054E+0000  0.00000000000000000000E+0000  2.34433159148802059510E+0002  0.00000000000000000000E+0000  4.55158575161259022949E-0040  4.57186569774614516551E-0003  1.25400597545656384724E-0034  0.00000000000000000000E+0000  2.32011722778452542770E+0002  0.00000000000000000000E+0000  0.00000000000000000000E+0000  2.30654012007567918607E+0002  0.00000000000000000000E+0000  0.00000000000000000000E+0000  0.00000000000000000000E+0000  0.00000000000000000000E+0000  0.00000000000000000000E+0000 -3.47208672478990472767E-0006 -2.17018606451064886148E+0000  0.00000000000000000000E+0000  0.00000000000000000000E+0000  0.00000000000000000000E+0000 -6.62976378726712668686E-0003
 1.31700000000000000003E-0007  0.00000000000000000000E+0000  1.32106189063673486106E-0002  1.75566088220821901311E-0003  1.32106189063673486106E-0002  1.04999999999999999996E+0000  1.39354704002922763853E+0000  1.46593872140461872527E+0000  1.31053908462617560091E+0000  0.00000000000000000000E+0000  2.34433159148802059510E+0002  0.00000000000000000000E+0000  4.55242555281111312551E-0040  4.57287173463231036780E-0003  1.25434049275977771066E-0034  0.00000000000000000000E+0000  2.32012206365515120846E+0002  0.00000000000000000000E+0000  0.00000000000000000000E+0000  2.30709402507730925738E+0002  0.00000000000000000000E+0000  0.00000000000000000000E+0000  0.00000000000000000000E+0000  0.00000000000000000000E+0000  0.00000000000000000000E+0000 -3.67483155206610812319E-0006 -2.16980373948178866038E+0000  0.00000000000000000000E+0000  0.00000000000000000000E+0000  0.00000000000000000000E+0000 -7.57005662903534021804E-0003
 1.34299999999999999994E-0007  0.00000000000000000000E+0000  1.48158043111574255286E-0002  1.69257088131148053457E-0003  1.48158043111574255286E-0002  1.04999999999999999996E+0000  1.39355146273910922012E+0000  1.46594451685079602205E+0000  1.31054526842510220372E+0000  0.00000000000000000000E+0000  2.34433159148802059510E+0002  0.00000000000000000000E+0000  4.55323066550303299383E-0040  4.57383632909409454431E-0003  1.25466129157994557309E-0034  0.00000000000000000000E+0000  2.32012651311303826240E+0002  0.00000000000000000000E+0000  0.00000000000000000000E+0000  2.30762545087594217505E+0002  0.00000000000000000000E+0000  0.00000000000000000000E+0000  0.00000000000000000000E+0000  0.00000000000000000000E+0000  0.00000000000000000000E+0000 -3.55328439685999577937E-0006 -2.16986591956438036209E+0000  0.00000000000000000000E+0000  0.00000000000000000000E+0000  0.00000000000000000000E+0000 -8.45641630025688563056E-0003
 1.37000000000000000002E-0007  0.00000000000000000000E+0000  1.64482781161977342441E-0002  1.62768638397360312468E-0003  1.64482781161977342441E-0002  1.04999999999999999996E+0000  1.39355586030881955378E+0000  1.46595027915351154102E+0000  1.31055141592398851941E+0000  0.00000000000000000000E+0000  2.34433159148802059510E+0002  0.00000000000000000000E+0000  4.55403113735830350474E-0040  4.57479543329366259630E-0003  1.25498036302856315134E-0034  0.00000000000000000000E+0000  2.32013094160364477414E+0002  0.00000000000000000000E+0000  0.00000000000000000000E+0000  2.30815328775747754156E+0002  0.00000000000000000000E+0000  0.00000000000000000000E+0000  0.00000000000000000000E+0000  0.00000000000000000000E+0000  0.00000000000000000000E+0000 -3.51221846005511820759E-0006 -2.16982054724005923320E+0000  0.00000000000000000000E+0000  0.00000000000000000000E+0000  0.00000000000000000000E+0000 -9.33016121971816873917E-0003
 1.39699999999999999997E-0007  0.00000000000000000000E+0000  1.79306325434492524246E-0002  1.57068595496666560620E-0003  1.79306325434492524246E-0002  1.04999999999999999996E+0000  1.39356007000422445132E+0000  1.46595579596158392889E+0000  1.31055730043125074410E+0000  0.00000000000000000000E+0000  2.34433159148802059510E+0002  0.00000000000000000000E+0000  4.55479734173596236764E-0040  4.57571362512293937052E-0003  1.25528593517367103414E-0034  0.00000000000000000000E+0000  2.32013484555667509807E+0002  0.00000000000000000000E+0000  0.00000000000000000000E+0000  2.30865982049431467643E+0002  0.00000000000000000000E+0000  0.00000000000000000000E+0000  0.00000000000000000000E+0000  0.00000000000000000000E+0000  0.00000000000000000000E+0000 -3.37847518595642518922E-0006 -2.16990590346979166656E+0000  0.00000000000000000000E+0000  0.00000000000000000000E+0000  0.00000000000000000000E+0000 -1.01550978638521498121E-0002
 1.42499999999999999996E-0007  0.00000000000000000000E+0000  1.94377851655455552316E-0002  1.51204523417593253560E-0003  1.94377851655455552316E-0002  1.04999999999999999996E+0000  1.39356424365393541018E+0000  1.46596126573885682319E+0000  1.31056313438895340325E+0000  0.00000000000000000000E+0000  2.34433159148802059510E+0002  0.00000000000000000000E+0000  4.55555689813330369799E-0040  4.57662395162536985235E-0003  1.25558903508730384607E-0034  0.00000000000000000000E+0000  2.32013875285367175097E+0002  0.00000000000000000000E+0000  0.00000000000000000000E+0000  2.30916148303454043217E+0002  0.00000000000000000000E+0000  0.00000000000000000000E+0000  0.00000000000000000000E+0000  0.00000000000000000000E+0000  0.00000000000000000000E+0000 -3.32921154387525107123E-0006 -2.16987859200122413855E+0000  0.00000000000000000000E+0000  0.00000000000000000000E+0000  0.00000000000000000000E+0000 -1.09645127840993322824E-0002
 1.45399999999999999998E-0007  0.00000000000000000000E+0000  2.09122749193531585719E-0002  1.45771824757458897322E-0003  2.09122749193531585719E-0002  1.04999999999999999996E+0000  1.39356836979369173336E+0000  1.46596667382354885732E+0000  1.31056890227020057761E+0000  0.00000000000000000000E+0000  2.34433159148802059510E+0002  0.00000000000000000000E+0000  4.55630769533154252997E-0040  4.57752391623057333941E-0003  1.25588885435476897323E-0034  0.00000000000000000000E+0000  2.32014247394313494324E+0002  0.00000000000000000000E+0000  0.00000000000000000000E+0000  2.30965780306061640365E+0002  0.00000000000000000000E+0000  0.00000000000000000000E+0000  0.00000000000000000000E+0000  0.00000000000000000000E+0000  0.00000000000000000000E+0000 -3.28443176220438815206E-0006 -2.16984728738153922058E+0000  0.00000000000000000000E+0000  0.00000000000000000000E+0000  0.00000000000000000000E+0000 -1.17534308571228166079E-0002
 1.48300000000000000000E-0007  0.00000000000000000000E+0000  2.22367019730881492634E-0002  1.41017171152987493678E-0003  2.22367019730881492634E-0002  1.04999999999999999996E+0000  1.39357230740112475703E+0000  1.46597183608427563816E+0000  1.31057440753526964993E+0000  0.00000000000000000000E+0000  2.34433159148802059510E+0002  0.00000000000000000000E+0000  4.55702408351056378913E-0040  4.57838283097119182725E-0003  1.25617517545110878195E-0034  0.00000000000000000000E+0000  2.32014578048696223145E+0002  0.00000000000000000000E+0000  0.00000000000000000000E+0000  2.31013254000751612580E+0002  0.00000000000000000000E+0000  0.00000000000000000000E+0000  0.00000000000000000000E+0000  0.00000000000000000000E+0000  0.00000000000000000000E+0000 -3.14942242266716236503E-0006 -2.16994341512985646869E+0000  0.00000000000000000000E+0000  0.00000000000000000000E+0000  0.00000000000000000000E+0000 -1.24939383753152955696E-0002
 1.51200000000000000003E-0007  0.00000000000000000000E+0000  2.34717289639157018177E-0002  1.36454536554611292491E-0003  2.34717289639157018177E-0002  1.04999999999999999996E+0000  1.39357606530168295336E+0000  1.46597676385128121944E+0000  1.31057966268331374656E+0000  0.00000000000000000000E+0000  2.34433159148802059510E+0002  0.00000000000000000000E+0000  4.55770766817711283479E-0040  4.57920258867862659673E-0003  1.25644863565882543658E-0034  0.00000000000000000000E+0000  2.32014887934443094095E+0002  0.00000000000000000000E+0000  0.00000000000000000000E+0000  2.31058586795006914549E+0002  0.00000000000000000000E+0000  0.00000000000000000000E+0000  0.00000000000000000000E+0000  0.00000000000000000000E+0000  0.00000000000000000000E+0000 -3.00799780975205412742E-0006 -2.17005318980194582983E+0000  0.00000000000000000000E+0000  0.00000000000000000000E+0000  0.00000000000000000000E+0000 -1.31901226701940213584E-0002
 1.54299999999999999999E-0007  0.00000000000000000000E+0000  2.48157960210149977865E-0002  1.31514127549470310041E-0003  2.48157960210149977865E-0002  1.04999999999999999996E+0000  1.39357988888413235687E+0000  1.46598177805174333620E+0000  1.31058501083552319383E+0000  0.00000000000000000000E+0000  2.34433159148802059510E+0002  0.00000000000000000000E+0000  4.55840303720341799737E-0040  4.58003658436231636964E-0003  1.25672708316307402670E-0034  0.00000000000000000000E+0000  2.32015221658150021550E+0002  0.00000000000000000000E+0000  0.00000000000000000000E+0000  2.31104596651088054937E+0002  0.00000000000000000000E+0000  0.00000000000000000000E+0000  0.00000000000000000000E+0000  0.00000000000000000000E+0000  0.00000000000000000000E+0000 -3.02261875664028615527E-0006 -2.16995127661189557465E+0000  0.00000000000000000000E+0000  0.00000000000000000000E+0000  0.00000000000000000000E+0000 -1.38889583242607562346E-0002
 1.57300000000000000005E-0007  0.00000000000000000000E+0000  2.60955800167672148516E-0002  1.27875609093298137519E-0003  2.60955800167672148516E-0002  1.04999999999999999996E+0000  1.39358341575489108242E+0000  1.46598640471473120846E+0000  1.31058994577173866742E+0000  0.00000000000000000000E+0000  2.34433159148802059510E+0002  0.00000000000000000000E+0000  4.55904430512753509255E-0040  4.58080590857676964402E-0003  1.25698415796877755053E-0034  0.00000000000000000000E+0000  2.32015487910251681850E+0002  0.00000000000000000000E+0000  0.00000000000000000000E+0000  2.31147257998948730984E+0002  0.00000000000000000000E+0000  0.00000000000000000000E+0000  0.00000000000000000000E+0000  0.00000000000000000000E+0000  0.00000000000000000000E+0000 -3.11680871229961963071E-0006 -2.16974907814191760773E+0000  0.00000000000000000000E+0000  0.00000000000000000000E+0000  0.00000000000000000000E+0000 -1.45229965138977408813E-0002
 1.60500000000000000005E-0007  0.00000000000000000000E+0000  2.71096241342912995016E-0002  1.24199586353878783096E-0003  2.71096241342912995016E-0002  1.04999999999999999996E+0000  1.39358698896891950868E+0000  1.46599109338664802772E+0000  1.31059494752255489684E+0000  0.00000000000000000000E+0000  2.34433159148802059510E+0002  0.00000000000000000000E+0000  4.55969381265152576919E-0040  4.58158530081150221539E-0003  1.25724485911178698907E-0034  0.00000000000000000000E+0000  2.32015789069009089773E+0002  0.00000000000000000000E+0000  0.00000000000000000000E+0000  2.31190310231381703804E+0002  0.00000000000000000000E+0000  0.00000000000000000000E+0000  0.00000000000000000000E+0000  0.00000000000000000000E+0000  0.00000000000000000000E+0000 -2.84543958590970002365E-0006 -2.17004216670189377077E+0000  0.00000000000000000000E+0000  0.00000000000000000000E+0000  0.00000000000000000000E+0000 -1.51465520878105212684E-0002
 1.63700000000000000006E-0007  0.00000000000000000000E+0000  2.83271130611414425054E-0002  1.20446248243950294762E-0003  2.83271130611414425054E-0002  1.04999999999999999996E+0000  1.39359038492150005297E+0000  1.46599555081006867037E+0000  1.31059970334272267109E+0000  0.00000000000000000000E+0000  2.34433159148802059510E+0002  0.00000000000000000000E+0000  4.56031093601951574176E-0040  4.58232603078421529923E-0003  1.25749289193557711906E-0034  0.00000000000000000000E+0000  2.32016048963908770336E+0002  0.00000000000000000000E+0000  0.00000000000000000000E+0000  2.31231373038159734895E+0002  0.00000000000000000000E+0000  0.00000000000000000000E+0000  0.00000000000000000000E+0000  0.00000000000000000000E+0000  0.00000000000000000000E+0000 -2.98015908248749438541E-0006 -2.16979014262546935341E+0000  0.00000000000000000000E+0000  0.00000000000000000000E+0000  0.00000000000000000000E+0000 -1.57336435232680190178E-0002
 1.66999999999999999997E-0007  0.00000000000000000000E+0000  2.91712563239324884638E-0002  1.17963600577810026883E-0003  2.91712563239324884638E-0002  1.04999999999999999996E+0000  1.39359370512344338310E+0000  1.46599991080334125467E+0000  1.31060435573613025002E+0000  0.00000000000000000000E+0000  2.34433159148802059510E+0002  0.00000000000000000000E+0000  4.56091408611948024806E-0040  4.58305024185481821507E-0003  1.25773567472090438894E-0034  0.00000000000000000000E+0000  2.32016310301974520575E+0002  0.00000000000000000000E+0000  0.00000000000000000000E+0000  2.31271489585469756239E+0002  0.00000000000000000000E+0000  0.00000000000000000000E+0000  0.00000000000000000000E+0000  0.00000000000000000000E+0000  0.00000000000000000000E+0000 -2.65078855313939515115E-0006 -2.17016948952069893010E+0000  0.00000000000000000000E+0000  0.00000000000000000000E+0000  0.00000000000000000000E+0000 -1.62857075724567249489E-0002
 1.70300000000000000001E-0007  0.00000000000000000000E+0000  3.02445750656837415419E-0002  1.14530098337616591117E-0003  3.02445750656837415419E-0002  1.04999999999999999996E+0000  1.39359685578885474967E+0000  1.46600404954456824060E+0000  1.31060877310652374676E+0000  0.00000000000000000000E+0000  2.34433159148802059510E+0002  0.00000000000000000000E+0000  4.56148626011345021855E-0040  4.58373745743686380529E-0003  1.25796634303006962911E-0034  0.00000000000000000000E+0000  2.32016547539680963855E+0002  0.00000000000000000000E+0000  0.00000000000000000000E+0000  2.31309633036483768706E+0002  0.00000000000000000000E+0000  0.00000000000000000000E+0000  0.00000000000000000000E+0000  0.00000000000000000000E+0000  0.00000000000000000000E+0000 -2.76220509234315967527E-0006 -2.16995647603393879707E+0000  0.00000000000000000000E+0000  0.00000000000000000000E+0000  0.00000000000000000000E+0000 -1.68046295524191714043E-0002
 1.73699999999999999995E-0007  0.00000000000000000000E+0000  3.11501868290313172451E-0002  1.12150051327884547006E-0003  3.11501868290313172451E-0002  1.04999999999999999996E+0000  1.39359993048938781313E+0000  1.46600808998290232617E+0000  1.31061308673469872747E+0000  0.00000000000000000000E+0000  2.34433159148802059510E+0002  0.00000000000000000000E+0000  4.56204439812377259606E-0040  4.58440802073957914246E-0003  1.25819173040064749976E-0034  0.00000000000000000000E+0000  2.32016786608582714566E+0002  0.00000000000000000000E+0000  0.00000000000000000000E+0000  2.31346824602199034313E+0002  0.00000000000000000000E+0000  0.00000000000000000000E+0000  0.00000000000000000000E+0000  0.00000000000000000000E+0000  0.00000000000000000000E+0000 -2.70276936546416286005E-0006 -2.16997764895688571743E+0000  0.00000000000000000000E+0000  0.00000000000000000000E+0000  0.00000000000000000000E+0000 -1.72934347107992514968E-0002
 1.77200000000000000006E-0007  0.00000000000000000000E+0000  3.19941756974738472622E-0002  1.09884775404753504900E-0003  3.19941756974738472622E-0002  1.04999999999999999996E+0000  1.39360292348477456993E+0000  1.46601202492211181092E+0000  1.31061728884069055327E+0000  0.00000000000000000000E+0000  2.34433159148802059510E+0002  0.00000000000000000000E+0000  4.56258746762705790851E-0040  4.58506072441293264297E-0003  1.25841143783243804105E-0034  0.00000000000000000000E+0000  2.32017016869117916597E+0002  0.00000000000000000000E+0000  0.00000000000000000000E+0000  2.31383053928665082075E+0002  0.00000000000000000000E+0000  0.00000000000000000000E+0000  0.00000000000000000000E+0000  0.00000000000000000000E+0000  0.00000000000000000000E+0000 -2.62783130237750591532E-0006 -2.17002276341834953615E+0000  0.00000000000000000000E+0000  0.00000000000000000000E+0000  0.00000000000000000000E+0000 -1.77546446071081334074E-0002
 1.80700000000000000005E-0007  0.00000000000000000000E+0000  3.27234992606899334817E-0002  1.08154113668721222833E-0003  3.27234992606899334817E-0002  1.04999999999999999996E+0000  1.39360575293722341490E+0000  1.46601574714067176409E+0000  1.31062126468337750867E+0000  0.00000000000000000000E+0000  2.34433159148802059510E+0002  0.00000000000000000000E+0000  4.56310063345078153558E-0040  4.58567776746263863855E-0003  1.25861946176546028506E-0034  0.00000000000000000000E+0000  2.32017226542503289505E+0002  0.00000000000000000000E+0000  0.00000000000000000000E+0000  2.31417374325316377595E+0002  0.00000000000000000000E+0000  0.00000000000000000000E+0000  0.00000000000000000000E+0000  0.00000000000000000000E+0000  0.00000000000000000000E+0000 -2.49520965720373679845E-0006 -2.17015047559830027654E+0000  0.00000000000000000000E+0000  0.00000000000000000000E+0000  0.00000000000000000000E+0000 -1.81750809270854658262E-0002
 1.84399999999999999997E-0007  0.00000000000000000000E+0000  3.34896186686888110892E-0002  1.05787823316507754922E-0003  3.34896186686888110892E-0002  1.04999999999999999996E+0000  1.39360857332047589192E+0000  1.46601945898132449001E+0000  1.31062523109269168432E+0000  0.00000000000000000000E+0000  2.34433159148802059510E+0002  0.00000000000000000000E+0000  4.56361188043243400049E-0040  4.58629272193126881290E-0003  1.25882714336506355371E-0034  0.00000000000000000000E+0000  2.32017448237929412816E+0002  0.00000000000000000000E+0000  0.00000000000000000000E+0000  2.31451518431126307074E+0002  0.00000000000000000000E+0000  0.00000000000000000000E+0000  0.00000000000000000000E+0000  0.00000000000000000000E+0000  0.00000000000000000000E+0000 -2.46056666280926018710E-0006 -2.17014706425245467911E+0000  0.00000000000000000000E+0000  0.00000000000000000000E+0000  0.00000000000000000000E+0000 -1.85806141227067217569E-0002
 1.87999999999999999999E-0007  0.00000000000000000000E+0000  3.42359240459157461259E-0002  1.04464665307658447709E-0003  3.42359240459157461259E-0002  1.04999999999999999996E+0000  1.39361116464979409866E+0000  1.46602287163947504387E+0000  1.31062887894560145649E+0000  0.00000000000000000000E+0000  2.34433159148802059510E+0002  0.00000000000000000000E+0000  4.56408135270429573280E-0040  4.58685770612892915793E-0003  1.25901828690189240607E-0034  0.00000000000000000000E+0000  2.32017633881081237479E+0002  0.00000000000000000000E+0000  0.00000000000000000000E+0000  2.31483031898318021666E+0002  0.00000000000000000000E+0000  0.00000000000000000000E+0000  0.00000000000000000000E+0000  0.00000000000000000000E+0000  0.00000000000000000000E+0000 -2.52571645611578476453E-0006 -2.17001408271066757011E+0000  0.00000000000000000000E+0000  0.00000000000000000000E+0000  0.00000000000000000000E+0000 -1.89389493485367787012E-0002
 1.91799999999999999995E-0007  0.00000000000000000000E+0000  3.48842746073124830455E-0002  1.02774117812410840915E-0003  3.48842746073124830455E-0002  1.04999999999999999996E+0000  1.39361373986751034537E+0000  1.46602626470440677560E+0000  1.31063250765972704912E+0000  0.00000000000000000000E+0000  2.34433159148802059510E+0002  0.00000000000000000000E+0000  4.56454759813883930076E-0040  4.58741902977290385900E-0003  1.25920857160103194296E-0034  0.00000000000000000000E+0000  2.32017836527294298063E+0002  0.00000000000000000000E+0000  0.00000000000000000000E+0000  2.31514247654064632867E+0002  0.00000000000000000000E+0000  0.00000000000000000000E+0000  0.00000000000000000000E+0000  0.00000000000000000000E+0000  0.00000000000000000000E+0000 -2.49972965721696711446E-0006 -2.17000624552590761895E+0000  0.00000000000000000000E+0000  0.00000000000000000000E+0000  0.00000000000000000000E+0000 -1.92779599294629220811E-0002
 1.95600000000000000005E-0007  0.00000000000000000000E+0000  3.53934826133072653876E-0002  1.02111526252505052091E-0003  3.53934826133072653876E-0002  1.04999999999999999996E+0000  1.39361616272612416504E+0000  1.46602945971822068081E+0000  1.31063592572962062490E+0000  0.00000000000000000000E+0000  2.34433159148802059510E+0002  0.00000000000000000000E+0000  4.56498596616709905287E-0040  4.58794711070192465390E-0003  1.25938795705729840923E-0034  0.00000000000000000000E+0000  2.32018016100044676672E+0002  0.00000000000000000000E+0000  0.00000000000000000000E+0000  2.31543715500293052059E+0002  0.00000000000000000000E+0000  0.00000000000000000000E+0000  0.00000000000000000000E+0000  0.00000000000000000000E+0000  0.00000000000000000000E+0000 -2.37097004944175395224E-0006 -2.17014177049530945286E+0000  0.00000000000000000000E+0000  0.00000000000000000000E+0000  0.00000000000000000000E+0000 -1.95781617898691549053E-0002
 1.99500000000000000005E-0007  0.00000000000000000000E+0000  3.58746858448020133873E-0002  1.00779112895945916980E-0003  3.58746858448020133873E-0002  1.04999999999999999996E+0000  1.39361849920661178882E+0000  1.46603254310776724787E+0000  1.31063922592853382562E+0000  0.00000000000000000000E+0000  2.34433159148802059510E+0002  0.00000000000000000000E+0000  4.56540840777954487337E-0040  4.58845629046935190464E-0003  1.25956131001060316689E-0034  0.00000000000000000000E+0000  2.32018194777270962748E+0002  0.00000000000000000000E+0000  0.00000000000000000000E+0000  2.31572120071251639231E+0002  0.00000000000000000000E+0000  0.00000000000000000000E+0000  0.00000000000000000000E+0000  0.00000000000000000000E+0000  0.00000000000000000000E+0000 -2.27676793150664219147E-0006 -2.17023341839317777556E+0000  0.00000000000000000000E+0000  0.00000000000000000000E+0000  0.00000000000000000000E+0000 -1.98521255232791080294E-0002
 2.03499999999999999995E-0007  0.00000000000000000000E+0000  3.63078660116213777225E-0002  9.98103342109233296532E-0004  3.63078660116213777225E-0002  1.04999999999999999996E+0000  1.39362074738735753330E+0000  1.46603551235852182493E+0000  1.31064240558006993103E+0000  0.00000000000000000000E+0000  2.34433159148802059510E+0002  0.00000000000000000000E+0000  4.56581455802794664306E-0040  4.58894613050562703399E-0003  1.25972848246200532953E-0034  0.00000000000000000000E+0000  2.32018366594620956661E+0002  0.00000000000000000000E+0000  0.00000000000000000000E+0000  2.31599474850304144269E+0002  0.00000000000000000000E+0000  0.00000000000000000000E+0000  0.00000000000000000000E+0000  0.00000000000000000000E+0000  0.00000000000000000000E+0000 -2.18735189642582210878E-0006 -2.17032159542252530001E+0000  0.00000000000000000000E+0000  0.00000000000000000000E+0000  0.00000000000000000000E+0000 -2.00979880612125057188E-0002
 2.07600000000000000002E-0007  0.00000000000000000000E+0000  3.68420674049648077310E-0002  9.84211327940596868820E-0004  3.68420674049648077310E-0002  1.04999999999999999996E+0000  1.39362290775004858136E+0000  1.46603836764987889183E+0000  1.31064546519110387997E+0000  0.00000000000000000000E+0000  2.34433159148802059510E+0002  0.00000000000000000000E+0000  4.56620450305552286782E-0040  4.58941669341408126590E-0003  1.25988949704752191703E-0034  0.00000000000000000000E+0000  2.32018532397910204779E+0002  0.00000000000000000000E+0000  0.00000000000000000000E+0000  2.31625780318278694833E+0002  0.00000000000000000000E+0000  0.00000000000000000000E+0000  0.00000000000000000000E+0000  0.00000000000000000000E+0000  0.00000000000000000000E+0000 -2.31635572351349529791E-0006 -2.17011691368951036788E+0000  0.00000000000000000000E+0000  0.00000000000000000000E+0000  0.00000000000000000000E+0000 -2.03198878825137569846E-0002
 2.11800000000000000000E-0007  0.00000000000000000000E+0000  3.71817475240651039969E-0002  9.81968640690549418825E-0004  3.71817475240651039969E-0002  1.04999999999999999996E+0000  1.39362497742116620393E+0000  1.46604110575066782422E+0000  1.31064840095082599377E+0000  0.00000000000000000000E+0000  2.34433159148802059510E+0002  0.00000000000000000000E+0000  4.56657769956641538836E-0040  4.58986737010138303283E-0003  1.26004414388984253157E-0034  0.00000000000000000000E+0000  2.32018691498921085098E+0002  0.00000000000000000000E+0000  0.00000000000000000000E+0000  2.31651004424276618365E+0002  0.00000000000000000000E+0000  0.00000000000000000000E+0000  0.00000000000000000000E+0000  0.00000000000000000000E+0000  0.00000000000000000000E+0000 -2.24009933387540002457E-0006 -2.17019328235828999705E+0000  0.00000000000000000000E+0000  0.00000000000000000000E+0000  0.00000000000000000000E+0000 -2.05097895835413709018E-0002
 2.15999999999999999998E-0007  0.00000000000000000000E+0000  3.74216014548258884982E-0002  9.78173495877155560445E-0004  3.74216014548258884982E-0002  1.04999999999999999996E+0000  1.39362691210939028082E+0000  1.46604366833925061730E+0000  1.31065115001373420597E+0000  0.00000000000000000000E+0000  2.34433159148802059510E+0002  0.00000000000000000000E+0000  4.56692621113205492149E-0040  4.59028859650711683595E-0003  1.26018911544311302173E-0034  0.00000000000000000000E+0000  2.32018838380729689005E+0002  0.00000000000000000000E+0000  0.00000000000000000000E+0000  2.31674635015440415403E+0002  0.00000000000000000000E+0000  0.00000000000000000000E+0000  0.00000000000000000000E+0000  0.00000000000000000000E+0000  0.00000000000000000000E+0000 -2.10607928539531777380E-0006 -2.17035145452630177411E+0000  0.00000000000000000000E+0000  0.00000000000000000000E+0000  0.00000000000000000000E+0000 -2.06677441632802403315E-0002
 2.20300000000000000000E-0007  0.00000000000000000000E+0000  3.77826451420743155519E-0002  9.64260450342567643579E-0004  3.77826451420743155519E-0002  1.04999999999999999996E+0000  1.39362876333405784476E+0000  1.46604612250123809395E+0000  1.31065378493898699480E+0000  0.00000000000000000000E+0000  2.34433159148802059510E+0002  0.00000000000000000000E+0000  4.56725932515407417688E-0040  4.59069149129449603675E-0003  1.26032822611125753474E-0034  0.00000000000000000000E+0000  2.32018983187869223109E+0002  0.00000000000000000000E+0000  0.00000000000000000000E+0000  2.31697238439054636436E+0002  0.00000000000000000000E+0000  0.00000000000000000000E+0000  0.00000000000000000000E+0000  0.00000000000000000000E+0000  0.00000000000000000000E+0000 -2.21519197880751412569E-0006 -2.17018307014600187453E+0000  0.00000000000000000000E+0000  0.00000000000000000000E+0000  0.00000000000000000000E+0000 -2.08043882856493809003E-0002
 2.24700000000000000005E-0007  0.00000000000000000000E+0000  3.79644420462048781880E-0002  9.63732125714506578841E-0004  3.79644420462048781880E-0002  1.04999999999999999996E+0000  1.39363052923103836493E+0000  1.46604846626776112197E+0000  1.31065630327907339369E+0000  0.00000000000000000000E+0000  2.34433159148802059510E+0002  0.00000000000000000000E+0000  4.56757667020105279715E-0040  4.59107564593848702969E-0003  1.26046133110910971132E-0034  0.00000000000000000000E+0000  2.32019121763008498271E+0002  0.00000000000000000000E+0000  0.00000000000000000000E+0000  2.31718821671261527045E+0002  0.00000000000000000000E+0000  0.00000000000000000000E+0000  0.00000000000000000000E+0000  0.00000000000000000000E+0000  0.00000000000000000000E+0000 -2.13533550274555103759E-0006 -2.17027346841063091976E+0000  0.00000000000000000000E+0000  0.00000000000000000000E+0000  0.00000000000000000000E+0000 -2.09110475922115257543E-0002
 2.29200000000000000001E-0007  0.00000000000000000000E+0000  3.80830163392593466297E-0002  9.58939231449294836600E-0004  3.80830163392593466297E-0002  1.04999999999999999996E+0000  1.39363220982887901474E+0000  1.46605069987079800794E+0000  1.31065870509354351575E+0000  0.00000000000000000000E+0000  2.34433159148802059510E+0002  0.00000000000000000000E+0000  4.56787828996106617447E-0040  4.59144113075492163479E-0003  1.26058844325120681882E-0034  0.00000000000000000000E+0000  2.32019254242065272667E+0002  0.00000000000000000000E+0000  0.00000000000000000000E+0000  2.31739387831667755804E+0002  0.00000000000000000000E+0000  0.00000000000000000000E+0000  0.00000000000000000000E+0000  0.00000000000000000000E+0000  0.00000000000000000000E+0000 -2.03393378608923885916E-0006 -2.17039584403052333589E+0000  0.00000000000000000000E+0000  0.00000000000000000000E+0000  0.00000000000000000000E+0000 -2.09921192105305163572E-0002
 2.33800000000000000000E-0007  0.00000000000000000000E+0000  3.81536148731934601734E-0002  9.53760629236965857328E-0004  3.81536148731934601734E-0002  1.04999999999999999996E+0000  1.39363380590101813925E+0000  1.46605282423499210561E+0000  1.31066099136734080886E+0000  0.00000000000000000000E+0000  2.34433159148802059510E+0002  0.00000000000000000000E+0000  4.56816432853270970892E-0040  4.59178810909750186064E-0003  1.26070960956882062809E-0034  0.00000000000000000000E+0000  2.32019380828140678458E+0002  0.00000000000000000000E+0000  0.00000000000000000000E+0000  2.31758945073292713435E+0002  0.00000000000000000000E+0000  0.00000000000000000000E+0000  0.00000000000000000000E+0000  0.00000000000000000000E+0000  0.00000000000000000000E+0000 -1.93111821555591559412E-0006 -2.17052288208289125590E+0000  0.00000000000000000000E+0000  0.00000000000000000000E+0000  0.00000000000000000000E+0000 -2.10479796579850845978E-0002
 2.38499999999999999991E-0007  0.00000000000000000000E+0000  3.83141273557707904026E-0002  9.43469208784604109493E-0004  3.83141273557707904026E-0002  1.04999999999999999996E+0000  1.39363532048735160171E+0000  1.46605484279564369176E+0000  1.31066316609309917759E+0000  0.00000000000000000000E+0000  2.34433159148802059510E+0002  0.00000000000000000000E+0000  4.56843534033611333536E-0040  4.59211719633806071629E-0003  1.26082503303649175830E-0034  0.00000000000000000000E+0000  2.32019502353020604032E+0002  0.00000000000000000000E+0000  0.00000000000000000000E+0000  2.31777524420950088613E+0002  0.00000000000000000000E+0000  0.00000000000000000000E+0000  0.00000000000000000000E+0000  0.00000000000000000000E+0000  0.00000000000000000000E+0000 -2.02244082698954524489E-0006 -2.17038961861099415161E+0000  0.00000000000000000000E+0000  0.00000000000000000000E+0000  0.00000000000000000000E+0000 -2.10826808723341223206E-0002
 2.43300000000000000011E-0007  0.00000000000000000000E+0000  3.83075395459296007805E-0002  9.43314708066536530640E-0004  3.83075395459296007805E-0002  1.04999999999999999996E+0000  1.39363675315257699416E+0000  1.46605675533705901532E+0000  1.31066522874825608261E+0000  0.00000000000000000000E+0000  2.34433159148802059510E+0002  0.00000000000000000000E+0000  4.56869122426628834464E-0040  4.59242829588970728664E-0003  1.26093467141161120223E-0034  0.00000000000000000000E+0000  2.32019618187524777217E+0002  0.00000000000000000000E+0000  0.00000000000000000000E+0000  2.31795122051195135404E+0002  0.00000000000000000000E+0000  0.00000000000000000000E+0000  0.00000000000000000000E+0000  0.00000000000000000000E+0000  0.00000000000000000000E+0000 -1.93733754546421632286E-0006 -2.17049794585455950230E+0000  0.00000000000000000000E+0000  0.00000000000000000000E+0000  0.00000000000000000000E+0000 -2.10899524802888472832E-0002
 2.48100000000000000004E-0007  0.00000000000000000000E+0000  3.83577222512479940958E-0002  9.35399338791057856768E-0004  3.83577222512479940958E-0002  1.04999999999999999996E+0000  1.39363808112252455346E+0000  1.46605853117374321584E+0000  1.31066714616350831390E+0000  0.00000000000000000000E+0000  2.34433159148802059510E+0002  0.00000000000000000000E+0000  4.56892798192831434260E-0040  4.59271651553169823773E-0003  1.26103676076305545095E-0034  0.00000000000000000000E+0000  2.32019726610934408903E+0002  0.00000000000000000000E+0000  0.00000000000000000000E+0000  2.31811471566671837813E+0002  0.00000000000000000000E+0000  0.00000000000000000000E+0000  0.00000000000000000000E+0000  0.00000000000000000000E+0000  0.00000000000000000000E+0000 -1.99653224455877112527E-0006 -2.17041345757748372356E+0000  0.00000000000000000000E+0000  0.00000000000000000000E+0000  0.00000000000000000000E+0000 -2.10770849320096962306E-0002
 2.53100000000000000006E-0007  0.00000000000000000000E+0000  3.81526667236515429245E-0002  9.36159173014790880419E-0004  3.81526667236515429245E-0002  1.04999999999999999996E+0000  1.39363935671844078803E+0000  1.46606024047781896460E+0000  1.31066899386797128019E+0000  0.00000000000000000000E+0000  2.34433159148802059510E+0002  0.00000000000000000000E+0000  4.56915490174221920111E-0040  4.59299317697368906133E-0003  1.26113531064510742839E-0034  0.00000000000000000000E+0000  2.32019832042696091817E+0002  0.00000000000000000000E+0000  0.00000000000000000000E+0000  2.31827172896320125542E+0002  0.00000000000000000000E+0000  0.00000000000000000000E+0000  0.00000000000000000000E+0000  0.00000000000000000000E+0000  0.00000000000000000000E+0000 -1.74762174900033459143E-0006 -2.17074859397454869234E+0000  0.00000000000000000000E+0000  0.00000000000000000000E+0000  0.00000000000000000000E+0000 -2.10366980955691155114E-0002
 2.58100000000000000007E-0007  0.00000000000000000000E+0000  3.80998066633292055567E-0002  9.24957547238333921872E-0004  3.80998066633292055567E-0002  1.04999999999999999996E+0000  1.39364053502728795571E+0000  1.46606182277626084624E+0000  1.31067070648936598906E+0000  0.00000000000000000000E+0000  2.34433159148802059510E+0002  0.00000000000000000000E+0000  4.56936408036523562489E-0040  4.59324861718824940761E-0003  1.26122684046402139440E-0034  0.00000000000000000000E+0000  2.32019930540374712896E+0002  0.00000000000000000000E+0000  0.00000000000000000000E+0000  2.31841729694792004296E+0002  0.00000000000000000000E+0000  0.00000000000000000000E+0000  0.00000000000000000000E+0000  0.00000000000000000000E+0000  0.00000000000000000000E+0000 -1.77567727627245225769E-0006 -2.17071104478786881678E+0000  0.00000000000000000000E+0000  0.00000000000000000000E+0000  0.00000000000000000000E+0000 -2.09800783152177753624E-0002
 2.63299999999999999990E-0007  0.00000000000000000000E+0000  3.79428545404675345845E-0002  9.19719489331390846544E-0004  3.79428545404675345845E-0002  1.04999999999999999996E+0000  1.39364166304480411370E+0000  1.46606334074672658345E+0000  1.31067235197909692812E+0000  0.00000000000000000000E+0000  2.34433159148802059510E+0002  0.00000000000000000000E+0000  4.56956381440811139472E-0040  4.59349292357761177945E-0003  1.26131495911110923169E-0034  0.00000000000000000000E+0000  2.32020025921609461358E+0002  0.00000000000000000000E+0000  0.00000000000000000000E+0000  2.31855662469187862526E+0002  0.00000000000000000000E+0000  0.00000000000000000000E+0000  0.00000000000000000000E+0000  0.00000000000000000000E+0000  0.00000000000000000000E+0000 -1.70895538024413674046E-0006 -2.17080404980064329071E+0000  0.00000000000000000000E+0000  0.00000000000000000000E+0000  0.00000000000000000000E+0000 -2.09004700514994125455E-0002
 2.68599999999999999989E-0007  0.00000000000000000000E+0000  3.78432550200727402777E-0002  9.10787252485429910124E-0004  3.78432550200727402777E-0002  1.04999999999999999996E+0000  1.39364272075839305928E+0000  1.46606476740785082692E+0000  1.31067390107035688473E+0000  0.00000000000000000000E+0000  2.34433159148802059510E+0002  0.00000000000000000000E+0000  4.56975059546069942567E-0040  4.59372179771396804217E-0003  1.26139809957046972236E-0034  0.00000000000000000000E+0000  2.32020116992296510136E+0002  0.00000000000000000000E+0000  0.00000000000000000000E+0000  2.31868762119517280398E+0002  0.00000000000000000000E+0000  0.00000000000000000000E+0000  0.00000000000000000000E+0000  0.00000000000000000000E+0000  0.00000000000000000000E+0000 -1.77936159689935746396E-0006 -2.17071357560141491006E+0000  0.00000000000000000000E+0000  0.00000000000000000000E+0000  0.00000000000000000000E+0000 -2.08026586344766942343E-0002
 2.73899999999999999988E-0007  0.00000000000000000000E+0000  3.75868276153497383599E-0002  9.10324271274281908395E-0004  3.75868276153497383599E-0002  1.04999999999999999996E+0000  1.39364369179083985801E+0000  1.46606608095170710092E+0000  1.31067532966032140613E+0000  0.00000000000000000000E+0000  2.34433159148802059510E+0002  0.00000000000000000000E+0000  4.56992154271155829884E-0040  4.59393172247858618769E-0003  1.26147494813098020900E-0034  0.00000000000000000000E+0000  2.32020202217176966936E+0002  0.00000000000000000000E+0000  0.00000000000000000000E+0000  2.31880824365432530926E+0002  0.00000000000000000000E+0000  0.00000000000000000000E+0000  0.00000000000000000000E+0000  0.00000000000000000000E+0000  0.00000000000000000000E+0000 -1.67084147183063108139E-0006 -2.17086746642328632479E+0000  0.00000000000000000000E+0000  0.00000000000000000000E+0000  0.00000000000000000000E+0000 -2.06845618978461695011E-0002
 2.79399999999999999994E-0007  0.00000000000000000000E+0000  3.74249647644042136364E-0002  8.96191228063696916600E-0004  3.74249647644042136364E-0002  1.04999999999999999996E+0000  1.39364461622569583846E+0000  1.46606733468731745946E+0000  1.31067669594249619849E+0000  0.00000000000000000000E+0000  2.34433159148802059510E+0002  0.00000000000000000000E+0000  4.57008377477254299833E-0040  4.59413135631305549422E-0003  1.26154864014538975740E-0034  0.00000000000000000000E+0000  2.32020283822966955342E+0002  0.00000000000000000000E+0000  0.00000000000000000000E+0000  2.31892310783352071937E+0002  0.00000000000000000000E+0000  0.00000000000000000000E+0000  0.00000000000000000000E+0000  0.00000000000000000000E+0000  0.00000000000000000000E+0000 -1.74973489185854006209E-0006 -2.17076951172372699427E+0000  0.00000000000000000000E+0000  0.00000000000000000000E+0000  0.00000000000000000000E+0000 -2.05508231341631174317E-0002
 2.84999999999999999992E-0007  0.00000000000000000000E+0000  3.71160408859579839285E-0002  8.94501166729454433511E-0004  3.71160408859579839285E-0002  1.04999999999999999996E+0000  1.39364547648753581035E+0000  1.46606850518378820005E+0000  1.31067797415069626956E+0000  0.00000000000000000000E+0000  2.34433159148802059510E+0002  0.00000000000000000000E+0000  4.57023416415639180532E-0040  4.59431688031564585521E-0003  1.26161776281313798736E-0034  0.00000000000000000000E+0000  2.32020361548135406887E+0002  0.00000000000000000000E+0000  0.00000000000000000000E+0000  2.31903034111361263325E+0002  0.00000000000000000000E+0000  0.00000000000000000000E+0000  0.00000000000000000000E+0000  0.00000000000000000000E+0000  0.00000000000000000000E+0000 -1.66432697837901197328E-0006 -2.17089608927184517912E+0000  0.00000000000000000000E+0000  0.00000000000000000000E+0000  0.00000000000000000000E+0000 -2.03958940010768489498E-0002
 2.90700000000000000006E-0007  0.00000000000000000000E+0000  3.67586588826070478282E-0002  8.87227748619295421713E-0004  3.67586588826070478282E-0002  1.04999999999999999996E+0000  1.39364627495248500971E+0000  1.46606959571394227741E+0000  1.31067916754417914619E+0000  0.00000000000000000000E+0000  2.34433159148802059510E+0002  0.00000000000000000000E+0000  4.57037319529520356927E-0040  4.59448889036214783237E-0003  1.26168249943911513446E-0034  0.00000000000000000000E+0000  2.32020434878322813585E+0002  0.00000000000000000000E+0000  0.00000000000000000000E+0000  2.31913016402434988605E+0002  0.00000000000000000000E+0000  0.00000000000000000000E+0000  0.00000000000000000000E+0000  0.00000000000000000000E+0000  0.00000000000000000000E+0000 -1.55374139140758670302E-0006 -2.17105858960486703107E+0000  0.00000000000000000000E+0000  0.00000000000000000000E+0000  0.00000000000000000000E+0000 -2.02247836427843637848E-0002
 2.96500000000000000010E-0007  0.00000000000000000000E+0000  3.64805079656326454281E-0002  8.74588677827399147338E-0004  3.64805079656326454281E-0002  1.04999999999999999996E+0000  1.39364701627563239178E+0000  1.46607061193616564792E+0000  1.31068028237633011821E+0000  0.00000000000000000000E+0000  2.34433159148802059510E+0002  0.00000000000000000000E+0000  4.57050172889059336639E-0040  4.59464838152858839904E-0003  1.26174317592922309321E-0034  0.00000000000000000000E+0000  2.32020504633499246777E+0002  0.00000000000000000000E+0000  0.00000000000000000000E+0000  2.31922309867001920192E+0002  0.00000000000000000000E+0000  0.00000000000000000000E+0000  0.00000000000000000000E+0000  0.00000000000000000000E+0000  0.00000000000000000000E+0000 -1.59836529174656672926E-0006 -2.17101256389987036684E+0000  0.00000000000000000000E+0000  0.00000000000000000000E+0000  0.00000000000000000000E+0000 -2.00408798984745230737E-0002
 3.02499999999999999996E-0007  0.00000000000000000000E+0000  3.60907787073836081828E-0002  8.68406830085838839747E-0004  3.60907787073836081828E-0002  1.04999999999999999996E+0000  1.39364771276555058765E+0000  1.46607157061990224240E+0000  1.31068133700428364257E+0000  0.00000000000000000000E+0000  2.34433159148802059510E+0002  0.00000000000000000000E+0000  4.57062186378835775098E-0040  4.59479794305590356317E-0003  1.26180077182579913344E-0034  0.00000000000000000000E+0000  2.32020570428090741569E+0002  0.00000000000000000000E+0000  0.00000000000000000000E+0000  2.31931060091257245051E+0002  0.00000000000000000000E+0000  0.00000000000000000000E+0000  0.00000000000000000000E+0000  0.00000000000000000000E+0000  0.00000000000000000000E+0000 -1.52733595010275197848E-0006 -2.17112501426750395170E+0000  0.00000000000000000000E+0000  0.00000000000000000000E+0000  0.00000000000000000000E+0000 -1.98375906829054179204E-0002
 3.08500000000000000008E-0007  0.00000000000000000000E+0000  3.57493491038410443188E-0002  8.58084943711732544968E-0004  3.57493491038410443188E-0002  1.04999999999999999996E+0000  1.39364834588291918653E+0000  1.46607244613523615858E+0000  1.31068230297115248366E+0000  0.00000000000000000000E+0000  2.34433159148802059510E+0002  0.00000000000000000000E+0000  4.57073049001419039496E-0040  4.59493368085851510310E-0003  1.26185372665103856489E-0034  0.00000000000000000000E+0000  2.32020634223343375835E+0002  0.00000000000000000000E+0000  0.00000000000000000000E+0000  2.31939053189376143960E+0002  0.00000000000000000000E+0000  0.00000000000000000000E+0000  0.00000000000000000000E+0000  0.00000000000000000000E+0000  0.00000000000000000000E+0000 -1.55724158166161068748E-0006 -2.17110211088591903124E+0000  0.00000000000000000000E+0000  0.00000000000000000000E+0000  0.00000000000000000000E+0000 -1.96248832327091894050E-0002
 3.14700000000000000001E-0007  0.00000000000000000000E+0000  3.53085800699503729816E-0002  8.49966093831199917490E-0004  3.53085800699503729816E-0002  1.04999999999999999996E+0000  1.39364893784474674855E+0000  1.46607326884556701981E+0000  1.31068321364705930637E+0000  0.00000000000000000000E+0000  2.34433159148802059510E+0002  0.00000000000000000000E+0000  4.57083141734003482639E-0040  4.59506031622368180686E-0003  1.26190385371704281018E-0034  0.00000000000000000000E+0000  2.32020692628731513160E+0002  0.00000000000000000000E+0000  0.00000000000000000000E+0000  2.31946542051662710035E+0002  0.00000000000000000000E+0000  0.00000000000000000000E+0000  0.00000000000000000000E+0000  0.00000000000000000000E+0000  0.00000000000000000000E+0000 -1.48261465290024147522E-0006 -2.17122236568785052595E+0000  0.00000000000000000000E+0000  0.00000000000000000000E+0000  0.00000000000000000000E+0000 -1.93957900174676319290E-0002
 3.21000000000000000011E-0007  0.00000000000000000000E+0000  3.49245650460208732032E-0002  8.37543630840688807097E-0004  3.49245650460208732032E-0002  1.04999999999999999996E+0000  1.39364948222679749343E+0000  1.46607402955545775643E+0000  1.31068405871051361109E+0000  0.00000000000000000000E+0000  2.34433159148802059510E+0002  0.00000000000000000000E+0000  4.57092361986452371769E-0040  4.59517652811579339179E-0003  1.26195057869383292730E-0034  0.00000000000000000000E+0000  2.32020749448927418909E+0002  0.00000000000000000000E+0000  0.00000000000000000000E+0000  2.31953460916678052967E+0002  0.00000000000000000000E+0000  0.00000000000000000000E+0000  0.00000000000000000000E+0000  0.00000000000000000000E+0000  0.00000000000000000000E+0000 -1.52387881958673675743E-0006 -2.17118705633915493286E+0000  0.00000000000000000000E+0000  0.00000000000000000000E+0000  0.00000000000000000000E+0000 -1.91560779040484120685E-0002
 3.27400000000000000011E-0007  0.00000000000000000000E+0000  3.44324243429057404491E-0002  8.30889797218799445189E-0004  3.44324243429057404491E-0002  1.04999999999999999996E+0000  1.39364998047943390949E+0000  1.46607473019893794447E+0000  1.31068484009643986682E+0000  0.00000000000000000000E+0000  2.34433159148802059510E+0002  0.00000000000000000000E+0000  4.57100734168695540899E-0040  4.59528260513182091124E-0003  1.26199398508711302927E-0034  0.00000000000000000000E+0000  2.32020802792557392730E+0002  0.00000000000000000000E+0000  0.00000000000000000000E+0000  2.31959821200263950014E+0002  0.00000000000000000000E+0000  0.00000000000000000000E+0000  0.00000000000000000000E+0000  0.00000000000000000000E+0000  0.00000000000000000000E+0000 -1.43715422780218824497E-0006 -2.17132630515769153336E+0000  0.00000000000000000000E+0000  0.00000000000000000000E+0000  0.00000000000000000000E+0000 -1.89038371138711025786E-0002
 3.33900000000000000003E-0007  0.00000000000000000000E+0000  3.40049141722060227201E-0002  8.16764089856737900523E-0004  3.40049141722060227201E-0002  1.04999999999999999996E+0000  1.39365043681144018008E+0000  1.46607537615823896044E+0000  1.31068556355138752135E+0000  0.00000000000000000000E+0000  2.34433159148802059510E+0002  0.00000000000000000000E+0000  4.57108339589463208149E-0040  4.59537951447617509202E-0003  1.26203438765462247496E-0034  0.00000000000000000000E+0000  2.32020853302439042543E+0002  0.00000000000000000000E+0000  0.00000000000000000000E+0000  2.31965674023138819865E+0002  0.00000000000000000000E+0000  0.00000000000000000000E+0000  0.00000000000000000000E+0000  0.00000000000000000000E+0000  0.00000000000000000000E+0000 -1.47064007313138403547E-0006 -2.17130385885460341325E+0000  0.00000000000000000000E+0000  0.00000000000000000000E+0000  0.00000000000000000000E+0000 -1.86439045616240366449E-0002
 3.40600000000000000001E-0007  0.00000000000000000000E+0000  3.34819923993207782074E-0002  8.08057167435783231255E-0004  3.34819923993207782074E-0002  1.04999999999999999996E+0000  1.39365085856687872319E+0000  1.46607597762671430406E+0000  1.31068624040198788332E+0000  0.00000000000000000000E+0000  2.34433159148802059510E+0002  0.00000000000000000000E+0000  4.57115298411066195823E-0040  4.59546876264114635648E-0003  1.26207239667136276852E-0034  0.00000000000000000000E+0000  2.32020900030042224016E+0002  0.00000000000000000000E+0000  0.00000000000000000000E+0000  2.31971107211111525870E+0002  0.00000000000000000000E+0000  0.00000000000000000000E+0000  0.00000000000000000000E+0000  0.00000000000000000000E+0000  0.00000000000000000000E+0000 -1.39819725473595133455E-0006 -2.17142620010236245807E+0000  0.00000000000000000000E+0000  0.00000000000000000000E+0000  0.00000000000000000000E+0000 -1.83700160468128004669E-0002
 3.47399999999999999990E-0007  0.00000000000000000000E+0000  3.30149287457624900980E-0002  7.94328202694658431938E-0004  3.30149287457624900980E-0002  1.04999999999999999996E+0000  1.39365124262454457638E+0000  1.46607652983224457028E+0000  1.31068686502242386918E+0000  0.00000000000000000000E+0000  2.34433159148802059510E+0002  0.00000000000000000000E+0000  4.57121568786582626833E-0040  4.59554976746790945024E-0003  1.26210768981320089364E-0034  0.00000000000000000000E+0000  2.32020945982826654899E+0002  0.00000000000000000000E+0000  0.00000000000000000000E+0000  2.31976086381254436003E+0002  0.00000000000000000000E+0000  0.00000000000000000000E+0000  0.00000000000000000000E+0000  0.00000000000000000000E+0000  0.00000000000000000000E+0000 -1.43093182874120820036E-0006 -2.17140710652891320213E+0000  0.00000000000000000000E+0000  0.00000000000000000000E+0000  0.00000000000000000000E+0000 -1.80890269670589815959E-0002
 3.54400000000000000013E-0007  0.00000000000000000000E+0000  3.24567889402051502563E-0002  7.84889637896324896322E-0004  3.24567889402051502563E-0002  1.04999999999999999996E+0000  1.39365159508526285557E+0000  1.46607704133760588917E+0000  1.31068744697330023851E+0000  0.00000000000000000000E+0000  2.34433159148802059510E+0002  0.00000000000000000000E+0000  4.57127249255986923970E-0040  4.59562377587191755808E-0003  1.26214078696854796448E-0034  0.00000000000000000000E+0000  2.32020988185478787794E+0002  0.00000000000000000000E+0000  0.00000000000000000000E+0000  2.31980681779773683995E+0002  0.00000000000000000000E+0000  0.00000000000000000000E+0000  0.00000000000000000000E+0000  0.00000000000000000000E+0000  0.00000000000000000000E+0000 -1.35882564617077674941E-0006 -2.17153114045654518113E+0000  0.00000000000000000000E+0000  0.00000000000000000000E+0000  0.00000000000000000000E+0000 -1.77961700833446424332E-0002
 3.61500000000000000000E-0007  0.00000000000000000000E+0000  3.19543016912564464803E-0002  7.70547322396921623046E-0004  3.19543016912564464803E-0002  1.04999999999999999996E+0000  1.39365191411771613395E+0000  1.46607750907331737546E+0000  1.31068798245152878963E+0000  0.00000000000000000000E+0000  2.34433159148802059510E+0002  0.00000000000000000000E+0000  4.57132321185223450958E-0040  4.59569048607054512318E-0003  1.26217146289406862659E-0034  0.00000000000000000000E+0000  2.32021029851790263024E+0002  0.00000000000000000000E+0000  0.00000000000000000000E+0000  2.31984873402264495129E+0002  0.00000000000000000000E+0000  0.00000000000000000000E+0000  0.00000000000000000000E+0000  0.00000000000000000000E+0000  0.00000000000000000000E+0000 -1.38735763650343371904E-0006 -2.17151971581624312485E+0000  0.00000000000000000000E+0000  0.00000000000000000000E+0000  0.00000000000000000000E+0000 -1.74977371906531534258E-0002
 3.68700000000000000004E-0007  0.00000000000000000000E+0000  3.13665204527325699077E-0002  7.61346816033255158261E-0004  3.13665204527325699077E-0002  1.04999999999999999996E+0000  1.39365220103270370420E+0000  1.46607793468776051579E+0000  1.31068847314552551508E+0000  0.00000000000000000000E+0000  2.34433159148802059510E+0002  0.00000000000000000000E+0000  4.57136806109592893851E-0040  4.59575014318289084423E-0003  1.26219978586936369320E-0034  0.00000000000000000000E+0000  2.32021068811828779690E+0002  0.00000000000000000000E+0000  0.00000000000000000000E+0000  2.31988672947954178996E+0002  0.00000000000000000000E+0000  0.00000000000000000000E+0000  0.00000000000000000000E+0000  0.00000000000000000000E+0000  0.00000000000000000000E+0000 -1.30589378879203207192E-0006 -2.17165790185452724139E+0000  0.00000000000000000000E+0000  0.00000000000000000000E+0000  0.00000000000000000000E+0000 -1.71927138953059117809E-0002
 3.76099999999999999989E-0007  0.00000000000000000000E+0000  3.08418007137957865023E-0002  7.44852728039548735812E-0004  3.08418007137957865023E-0002  1.04999999999999999996E+0000  1.39365246291573401983E+0000  1.46607832799838025981E+0000  1.31068892999011305249E+0000  0.00000000000000000000E+0000  2.34433159148802059510E+0002  0.00000000000000000000E+0000  4.57140827574921487371E-0040  4.59580430149031076875E-0003  1.26222638254727277057E-0034  0.00000000000000000000E+0000  2.32021104542805423995E+0002  0.00000000000000000000E+0000  0.00000000000000000000E+0000  2.31992168758764852443E+0002  0.00000000000000000000E+0000  0.00000000000000000000E+0000  0.00000000000000000000E+0000  0.00000000000000000000E+0000  0.00000000000000000000E+0000 -1.33815505334351364278E-0006 -2.17164298583876231186E+0000  0.00000000000000000000E+0000  0.00000000000000000000E+0000  0.00000000000000000000E+0000 -1.68810889573466477747E-0002
 3.83599999999999999991E-0007  0.00000000000000000000E+0000  3.02342703037480140722E-0002  7.35700806499170341216E-0004  3.02342703037480140722E-0002  1.04999999999999999996E+0000  1.39365269685248087709E+0000  1.46607868448442776052E+0000  1.31068934764326875525E+0000  0.00000000000000000000E+0000  2.34433159148802059510E+0002  0.00000000000000000000E+0000  4.57144339258255197287E-0040  4.59585231332719354179E-0003  1.26225090867224319547E-0034  0.00000000000000000000E+0000  2.32021139964566247074E+0002  0.00000000000000000000E+0000  0.00000000000000000000E+0000  2.31995323165535061602E+0002  0.00000000000000000000E+0000  0.00000000000000000000E+0000  0.00000000000000000000E+0000  0.00000000000000000000E+0000  0.00000000000000000000E+0000 -1.26255185977376416191E-0006 -2.17177470699580865655E+0000  0.00000000000000000000E+0000  0.00000000000000000000E+0000  0.00000000000000000000E+0000 -1.65634961953949372122E-0002
 3.91300000000000000000E-0007  0.00000000000000000000E+0000  2.96872273379584011992E-0002  7.19016548644005064621E-0004  2.96872273379584011992E-0002  1.04999999999999999996E+0000  1.39365290892668010987E+0000  1.46607901270840264459E+0000  1.31068973566745188800E+0000  0.00000000000000000000E+0000  2.34433159148802059510E+0002  0.00000000000000000000E+0000  4.57147447241225008744E-0040  4.59589552881037994305E-0003  1.26227392175855075488E-0034  0.00000000000000000000E+0000  2.32021172225583450680E+0002  0.00000000000000000000E+0000  0.00000000000000000000E+0000  2.31998211814638506945E+0002  0.00000000000000000000E+0000  0.00000000000000000000E+0000  0.00000000000000000000E+0000  0.00000000000000000000E+0000  0.00000000000000000000E+0000 -1.29231608486523519618E-0006 -2.17176447967894421386E+0000  0.00000000000000000000E+0000  0.00000000000000000000E+0000  0.00000000000000000000E+0000 -1.62409126363994813674E-0002
 3.99100000000000000000E-0007  0.00000000000000000000E+0000  2.90651118209880644048E-0002  7.09214362618939142897E-0004  2.90651118209880644048E-0002  1.04999999999999999996E+0000  1.39365309696721981539E+0000  1.46607930912187254960E+0000  1.31069008977201594056E+0000  0.00000000000000000000E+0000  2.34433159148802059510E+0002  0.00000000000000000000E+0000  4.57150118673788910508E-0040  4.59593346252679766793E-0003  1.26229513368638664130E-0034  0.00000000000000000000E+0000  2.32021204435217720127E+0002  0.00000000000000000000E+0000  0.00000000000000000000E+0000  2.32000805186908989272E+0002  0.00000000000000000000E+0000  0.00000000000000000000E+0000  0.00000000000000000000E+0000  0.00000000000000000000E+0000  0.00000000000000000000E+0000 -1.22091222935411398603E-0006 -2.17189164405342668767E+0000  0.00000000000000000000E+0000  0.00000000000000000000E+0000  0.00000000000000000000E+0000 -1.59142226646944872124E-0002
 4.07100000000000000007E-0007  0.00000000000000000000E+0000  2.85018702374405606072E-0002  6.92418704281141712690E-0004  2.85018702374405606072E-0002  1.04999999999999999996E+0000  1.39365326622549814289E+0000  1.46607958119556344029E+0000  1.31069041833939878543E+0000  0.00000000000000000000E+0000  2.34433159148802059510E+0002  0.00000000000000000000E+0000  4.57152444451536388527E-0040  4.59596728189967078226E-0003  1.26231503969995304784E-0034  0.00000000000000000000E+0000  2.32021233550122550682E+0002  0.00000000000000000000E+0000  0.00000000000000000000E+0000  2.32003169676870019719E+0002  0.00000000000000000000E+0000  0.00000000000000000000E+0000  0.00000000000000000000E+0000  0.00000000000000000000E+0000  0.00000000000000000000E+0000 -1.24869767053376935223E-0006 -2.17188508327938367194E+0000  0.00000000000000000000E+0000  0.00000000000000000000E+0000  0.00000000000000000000E+0000 -1.55838055042326518249E-0002
 4.15200000000000000005E-0007  0.00000000000000000000E+0000  2.78712456407910270232E-0002  6.82053616228233971574E-0004  2.78712456407910270232E-0002  1.04999999999999999996E+0000  1.39365341511390992285E+0000  1.46607982613536686498E+0000  1.31069071790573672426E+0000  0.00000000000000000000E+0000  2.34433159148802059510E+0002  0.00000000000000000000E+0000  4.57154402170018730161E-0040  4.59599662663507184309E-0003  1.26233339586868331335E-0034  0.00000000000000000000E+0000  2.32021262860324322674E+0002  0.00000000000000000000E+0000  0.00000000000000000000E+0000  2.32005281988747631347E+0002  0.00000000000000000000E+0000  0.00000000000000000000E+0000  0.00000000000000000000E+0000  0.00000000000000000000E+0000  0.00000000000000000000E+0000 -1.18240820221988401114E-0006 -2.17200614549824766171E+0000  0.00000000000000000000E+0000  0.00000000000000000000E+0000  0.00000000000000000000E+0000 -1.52509925869018190191E-0002
 4.23500000000000000010E-0007  0.00000000000000000000E+0000  2.72980931392500485121E-0002  6.65283079024824748094E-0004  2.72980931392500485121E-0002  1.04999999999999999996E+0000  1.39365354814645779765E+0000  1.46608005044912879597E+0000  1.31069099581869483845E+0000  0.00000000000000000000E+0000  2.34433159148802059510E+0002  0.00000000000000000000E+0000  4.57156069217031269123E-0040  4.59602250204301203599E-0003  1.26235064259921191311E-0034  0.00000000000000000000E+0000  2.32021289151751656479E+0002  0.00000000000000000000E+0000  0.00000000000000000000E+0000  2.32007200279170659130E+0002  0.00000000000000000000E+0000  0.00000000000000000000E+0000  0.00000000000000000000E+0000  0.00000000000000000000E+0000  0.00000000000000000000E+0000 -1.20975887734336577520E-0006 -2.17200086641772611182E+0000  0.00000000000000000000E+0000  0.00000000000000000000E+0000  0.00000000000000000000E+0000 -1.49155880782760425891E-0002
 4.31999999999999999996E-0007  0.00000000000000000000E+0000  2.66634901011468746413E-0002  6.53710956890816532026E-0004  2.66634901011468746413E-0002  1.04999999999999999996E+0000  1.39365366550683492076E+0000  1.46608025418953764093E+0000  1.31069125209951262449E+0000  0.00000000000000000000E+0000  2.34433159148802059510E+0002  0.00000000000000000000E+0000  4.57157446620905595231E-0040  4.59604489395691351132E-0003  1.26236675277886739147E-0034  0.00000000000000000000E+0000  2.32021314703958570241E+0002  0.00000000000000000000E+0000  0.00000000000000000000E+0000  2.32008924417272498375E+0002  0.00000000000000000000E+0000  0.00000000000000000000E+0000  0.00000000000000000000E+0000  0.00000000000000000000E+0000  0.00000000000000000000E+0000 -1.15593227039178007560E-0006 -2.17210590486641714667E+0000  0.00000000000000000000E+0000  0.00000000000000000000E+0000  0.00000000000000000000E+0000 -1.45761850605248398788E-0002
 4.40600000000000000000E-0007  0.00000000000000000000E+0000  2.60022582679744766408E-0002  6.41236703398462119727E-0004  2.60022582679744766408E-0002  1.04999999999999999996E+0000  1.39365376668761451070E+0000  1.46608043620993834337E+0000  1.31069148492177976197E+0000  0.00000000000000000000E+0000  2.34433159148802059510E+0002  0.00000000000000000000E+0000  4.57158537302322084135E-0040  4.59606377395264982849E-0003  1.26238160177993993250E-0034  0.00000000000000000000E+0000  2.32021340574614496094E+0002  0.00000000000000000000E+0000  0.00000000000000000000E+0000  2.32010447920114189505E+0002  0.00000000000000000000E+0000  0.00000000000000000000E+0000  0.00000000000000000000E+0000  0.00000000000000000000E+0000  0.00000000000000000000E+0000 -1.06283849390945146002E-0006 -2.17226415031785862701E+0000  0.00000000000000000000E+0000  0.00000000000000000000E+0000  0.00000000000000000000E+0000 -1.42373134418403758291E-0002
 4.49400000000000000010E-0007  0.00000000000000000000E+0000  2.54060348258401917716E-0002  6.24088293623650313461E-0004  2.54060348258401917716E-0002  1.04999999999999999996E+0000  1.39365385548896283561E+0000  1.46608060211621947348E+0000  1.31069170064052503981E+0000  0.00000000000000000000E+0000  2.34433159148802059510E+0002  0.00000000000000000000E+0000  4.57159404169788525524E-0040  4.59607997886903075953E-0003  1.26239557528880008525E-0034  0.00000000000000000000E+0000  2.32021363369451269140E+0002  0.00000000000000000000E+0000  0.00000000000000000000E+0000  2.32011820458123875735E+0002  0.00000000000000000000E+0000  0.00000000000000000000E+0000  0.00000000000000000000E+0000  0.00000000000000000000E+0000  0.00000000000000000000E+0000 -1.07005840669003401946E-0006 -2.17228686236021024882E+0000  0.00000000000000000000E+0000  0.00000000000000000000E+0000  0.00000000000000000000E+0000 -1.38971480104868468497E-0002
 4.58400000000000000002E-0007  0.00000000000000000000E+0000  2.47666636175793061843E-0002  6.11552468887921085221E-0004  2.47666636175793061843E-0002  1.04999999999999999996E+0000  1.39365393228432569864E+0000  1.46608075217621838598E+0000  1.31069189953741911951E+0000  0.00000000000000000000E+0000  2.34433159148802059510E+0002  0.00000000000000000000E+0000  4.57160051663518892295E-0040  4.59609353326358662798E-0003  1.26240865916056147550E-0034  0.00000000000000000000E+0000  2.32021385612296078091E+0002  0.00000000000000000000E+0000  0.00000000000000000000E+0000  2.32013043126003593947E+0002  0.00000000000000000000E+0000  0.00000000000000000000E+0000  0.00000000000000000000E+0000  0.00000000000000000000E+0000  0.00000000000000000000E+0000 -1.01726121455910663643E-0006 -2.17239102678424246692E+0000  0.00000000000000000000E+0000  0.00000000000000000000E+0000  0.00000000000000000000E+0000 -1.35553546092587821870E-0002
 4.67600000000000000001E-0007  0.00000000000000000000E+0000  2.41773804065798954554E-0002  5.95783740037637158034E-0004  2.41773804065798954554E-0002  1.04999999999999999996E+0000  1.39365399913690386031E+0000  1.46608088911410332277E+0000  1.31069208459375725027E+0000  0.00000000000000000000E+0000  2.34433159148802059510E+0002  0.00000000000000000000E+0000  4.57160519735495878064E-0040  4.59610492300514983667E-0003  1.26242102490260512595E-0034  0.00000000000000000000E+0000  2.32021406943405853515E+0002  0.00000000000000000000E+0000  0.00000000000000000000E+0000  2.32014141962694296129E+0002  0.00000000000000000000E+0000  0.00000000000000000000E+0000  0.00000000000000000000E+0000  0.00000000000000000000E+0000  0.00000000000000000000E+0000 -1.04246618087831615174E-0006 -2.17238981806410971884E+0000  0.00000000000000000000E+0000  0.00000000000000000000E+0000  0.00000000000000000000E+0000 -1.32124527399947079248E-0002
 4.76900000000000000017E-0007  0.00000000000000000000E+0000  2.35486326819621777171E-0002  5.83542323016054853608E-0004  2.35486326819621777171E-0002  1.04999999999999999996E+0000  1.39365405565391170691E+0000  1.46608101171211210130E+0000  1.31069225414161552460E+0000  0.00000000000000000000E+0000  2.34433159148802059510E+0002  0.00000000000000000000E+0000  4.57160807997135603549E-0040  4.59611405549849080054E-0003  1.26243252796862222887E-0034  0.00000000000000000000E+0000  2.32021429072896649928E+0002  0.00000000000000000000E+0000  0.00000000000000000000E+0000  2.32015106753440440046E+0002  0.00000000000000000000E+0000  0.00000000000000000000E+0000  0.00000000000000000000E+0000  0.00000000000000000000E+0000  0.00000000000000000000E+0000 -1.00095698942007200934E-0006 -2.17247866708209285400E+0000  0.00000000000000000000E+0000  0.00000000000000000000E+0000  0.00000000000000000000E+0000 -1.28729129264178271904E-0002
 4.86500000000000000005E-0007  0.00000000000000000000E+0000  2.29006999411915194501E-0002  5.69410052294266919655E-0004  2.29006999411915194501E-0002  1.04999999999999999996E+0000  1.39365410358668412761E+0000  1.46608112316749769925E+0000  1.31069241222038030108E+0000  0.00000000000000000000E+0000  2.34433159148802059510E+0002  0.00000000000000000000E+0000  4.57160936058319329645E-0040  4.59612127330788371141E-0003  1.26244344152073907598E-0034  0.00000000000000000000E+0000  2.32021447701674829275E+0002  0.00000000000000000000E+0000  0.00000000000000000000E+0000  2.32015965188897885216E+0002  0.00000000000000000000E+0000  0.00000000000000000000E+0000  0.00000000000000000000E+0000  0.00000000000000000000E+0000  0.00000000000000000000E+0000 -9.33407223236757598486E-0007 -2.17260297483764565525E+0000  0.00000000000000000000E+0000  0.00000000000000000000E+0000  0.00000000000000000000E+0000 -1.25322963962246701899E-0002
 4.96200000000000000009E-0007  0.00000000000000000000E+0000  2.23062159557637718271E-0002  5.54810325779707495005E-0004  2.23062159557637718271E-0002  1.04999999999999999996E+0000  1.39365414375047322619E+0000  1.46608122375767510896E+0000  1.31069255833390601999E+0000  0.00000000000000000000E+0000  2.34433159148802059510E+0002  0.00000000000000000000E+0000  4.57160934618720060279E-0040  4.59612685131531288304E-0003  1.26245369872033307759E-0034  0.00000000000000000000E+0000  2.32021468238010366791E+0002  0.00000000000000000000E+0000  0.00000000000000000000E+0000  2.32016723240162006672E+0002  0.00000000000000000000E+0000  0.00000000000000000000E+0000  0.00000000000000000000E+0000  0.00000000000000000000E+0000  0.00000000000000000000E+0000 -9.42619461436275378732E-0007 -2.17262328781841083372E+0000  0.00000000000000000000E+0000  0.00000000000000000000E+0000  0.00000000000000000000E+0000 -1.21930357993514609468E-0002
 5.06099999999999999995E-0007  0.00000000000000000000E+0000  2.16873968081195382414E-0002  5.40813870212541236178E-0004  2.16873968081195382414E-0002  1.04999999999999999996E+0000  1.39365417691762515247E+0000  1.46608131480342009686E+0000  1.31069269422480294107E+0000  0.00000000000000000000E+0000  2.34433159148802059510E+0002  0.00000000000000000000E+0000  4.57160809495046161378E-0040  4.59613089564389461230E-0003  1.26246339907781882804E-0034  0.00000000000000000000E+0000  2.32021486424483376801E+0002  0.00000000000000000000E+0000  0.00000000000000000000E+0000  2.32017390821757687219E+0002  0.00000000000000000000E+0000  0.00000000000000000000E+0000  0.00000000000000000000E+0000  0.00000000000000000000E+0000  0.00000000000000000000E+0000 -9.06794425324977757369E-0007 -2.17270435163136337335E+0000  0.00000000000000000000E+0000  0.00000000000000000000E+0000  0.00000000000000000000E+0000 -1.18571021902726751507E-0002
 5.16299999999999999979E-0007  0.00000000000000000000E+0000  2.10527792188252689562E-0002  5.27180711435175504883E-0004  2.10527792188252689562E-0002  1.04999999999999999996E+0000  1.39365420381146595168E+0000  1.46608139756761546573E+0000  1.31069282146981358494E+0000  0.00000000000000000000E+0000  2.34433159148802059510E+0002  0.00000000000000000000E+0000  4.57160569333536318390E-0040  4.59613354627872238230E-0003  1.26247264767920814203E-0034  0.00000000000000000000E+0000  2.32021503287810066912E+0002  0.00000000000000000000E+0000  0.00000000000000000000E+0000  2.32017978788222062267E+0002  0.00000000000000000000E+0000  0.00000000000000000000E+0000  0.00000000000000000000E+0000  0.00000000000000000000E+0000  0.00000000000000000000E+0000 -8.48163742455984468852E-0007 -2.17281638355049676065E+0000  0.00000000000000000000E+0000  0.00000000000000000000E+0000  0.00000000000000000000E+0000 -1.15209484273994782116E-0002
 5.26599999999999999979E-0007  0.00000000000000000000E+0000  2.04136444995474816160E-0002  5.14234739872748060313E-0004  2.04136444995474816160E-0002  1.04999999999999999996E+0000  1.39365422436609085778E+0000  1.46608147104662355550E+0000  1.31069293813274099570E+0000  0.00000000000000000000E+0000  2.34433159148802059510E+0002  0.00000000000000000000E+0000  4.57160229018390800336E-0040  4.59613486942796668175E-0003  1.26248128719596132756E-0034  0.00000000000000000000E+0000  2.32021522864310921069E+0002  0.00000000000000000000E+0000  0.00000000000000000000E+0000  2.32018481669706402387E+0002  0.00000000000000000000E+0000  0.00000000000000000000E+0000  0.00000000000000000000E+0000  0.00000000000000000000E+0000  0.00000000000000000000E+0000 -7.72875310751430060430E-0007 -2.17295057452248650842E+0000  0.00000000000000000000E+0000  0.00000000000000000000E+0000  0.00000000000000000000E+0000 -1.11893609125192163885E-0002
 5.37100000000000000013E-0007  0.00000000000000000000E+0000  1.98284017756578068827E-0002  4.99603184218088642108E-0004  1.98284017756578068827E-0002  1.04999999999999999996E+0000  1.39365424041189187379E+0000  1.46608153832379104039E+0000  1.31069304795654282896E+0000  0.00000000000000000000E+0000  2.34433159148802059510E+0002  0.00000000000000000000E+0000  4.57159813208813100109E-0040  4.59613524976528390126E-0003  1.26248956574016956382E-0034  0.00000000000000000000E+0000  2.32021538984023889221E+0002  0.00000000000000000000E+0000  0.00000000000000000000E+0000  2.32018927123077632432E+0002  0.00000000000000000000E+0000  0.00000000000000000000E+0000  0.00000000000000000000E+0000  0.00000000000000000000E+0000  0.00000000000000000000E+0000 -7.72113920057305111600E-0007 -2.17298381905337890160E+0000  0.00000000000000000000E+0000  0.00000000000000000000E+0000  0.00000000000000000000E+0000 -1.08589251513596609879E-0002
 5.47899999999999999993E-0007  0.00000000000000000000E+0000  1.92280534193227056636E-0002  4.84803793584899350539E-0004  1.92280534193227056636E-0002  1.04999999999999999996E+0000  1.39365425238824433758E+0000  1.46608160020134989897E+0000  1.31069315210885388814E+0000  0.00000000000000000000E+0000  2.34433159148802059510E+0002  0.00000000000000000000E+0000  4.57159323019239145091E-0040  4.59613472456807154961E-0003  1.26249754509672851104E-0034  0.00000000000000000000E+0000  2.32021553525521783551E+0002  0.00000000000000000000E+0000  0.00000000000000000000E+0000  2.32019319017315260076E+0002  0.00000000000000000000E+0000  0.00000000000000000000E+0000  0.00000000000000000000E+0000  0.00000000000000000000E+0000  0.00000000000000000000E+0000 -7.44557546729736107495E-0007 -2.17305325917941505602E+0000  0.00000000000000000000E+0000  0.00000000000000000000E+0000  0.00000000000000000000E+0000 -1.05304017971544106074E-0002
 5.58799999999999999989E-0007  0.00000000000000000000E+0000  1.86236464844915135541E-0002  4.72228775091456098228E-0004  1.86236464844915135541E-0002  1.04999999999999999996E+0000  1.39365426040948483296E+0000  1.46608165587856939722E+0000  1.31069324903564029725E+0000  0.00000000000000000000E+0000  2.34433159148802059510E+0002  0.00000000000000000000E+0000  4.57158776276706341640E-0040  4.59613339215122119190E-0003  1.26250508576599332019E-0034  0.00000000000000000000E+0000  2.32021570949441194462E+0002  0.00000000000000000000E+0000  0.00000000000000000000E+0000  2.32019653284098080079E+0002  0.00000000000000000000E+0000  0.00000000000000000000E+0000  0.00000000000000000000E+0000  0.00000000000000000000E+0000  0.00000000000000000000E+0000 -6.96510692126412274721E-0007 -2.17314988615451519386E+0000  0.00000000000000000000E+0000  0.00000000000000000000E+0000  0.00000000000000000000E+0000 -1.02081384836386215937E-0002
 5.69999999999999999983E-0007  0.00000000000000000000E+0000  1.80208400508393064321E-0002  4.58573623836235196608E-0004  1.80208400508393064321E-0002  1.04999999999999999996E+0000  1.39365426506719328279E+0000  1.46608170683079242359E+0000  1.31069334088127184849E+0000  0.00000000000000000000E+0000  2.34433159148802059510E+0002  0.00000000000000000000E+0000  4.57158172839136294568E-0040  4.59613133649040528907E-0003  1.26251234680599377922E-0034  0.00000000000000000000E+0000  2.32021585818300445786E+0002  0.00000000000000000000E+0000  0.00000000000000000000E+0000  2.32019942744850059813E+0002  0.00000000000000000000E+0000  0.00000000000000000000E+0000  0.00000000000000000000E+0000  0.00000000000000000000E+0000  0.00000000000000000000E+0000 -6.41018094797433782037E-0007 -2.17325635268545578195E+0000  0.00000000000000000000E+0000  0.00000000000000000000E+0000  0.00000000000000000000E+0000 -9.88931171589150235535E-0003
 5.81400000000000000011E-0007  0.00000000000000000000E+0000  1.74598110777331590234E-0002  4.46408982569560603425E-0004  1.74598110777331590234E-0002  1.04999999999999999996E+0000  1.39365426736960477559E+0000  1.46608175426522139607E+0000  1.31069342877409997813E+0000  0.00000000000000000000E+0000  2.34433159148802059510E+0002  0.00000000000000000000E+0000  4.57157533788009533414E-0040  4.59612879950440844967E-0003  1.26251938546678739423E-0034  0.00000000000000000000E+0000  2.32021600162284995811E+0002  0.00000000000000000000E+0000  0.00000000000000000000E+0000  2.32020198645216347094E+0002  0.00000000000000000000E+0000  0.00000000000000000000E+0000  0.00000000000000000000E+0000  0.00000000000000000000E+0000  0.00000000000000000000E+0000 -6.46028918689582368097E-0007 -2.17328092490352566511E+0000  0.00000000000000000000E+0000  0.00000000000000000000E+0000  0.00000000000000000000E+0000 -9.57026033073920087542E-0003
 5.93000000000000000020E-0007  0.00000000000000000000E+0000  1.68589964589763656038E-0002  4.30375246979228336258E-0004  1.68589964589763656038E-0002  1.04999999999999999996E+0000  1.39365426694658906329E+0000  1.46608179714188727638E+0000  1.31069351129601509992E+0000  0.00000000000000000000E+0000  2.34433159148802059510E+0002  0.00000000000000000000E+0000  4.57156858941674552307E-0040  4.59612570563818222919E-0003  1.26252608032782196739E-0034  0.00000000000000000000E+0000  2.32021616434665353207E+0002  0.00000000000000000000E+0000  0.00000000000000000000E+0000  2.32020411621647301870E+0002  0.00000000000000000000E+0000  0.00000000000000000000E+0000  0.00000000000000000000E+0000  0.00000000000000000000E+0000  0.00000000000000000000E+0000 -5.67697472874149097358E-0007 -2.17341741016825706033E+0000  0.00000000000000000000E+0000  0.00000000000000000000E+0000  0.00000000000000000000E+0000 -9.26262524595168692555E-0003
 6.04899999999999999975E-0007  0.00000000000000000000E+0000  1.63010835402278043734E-0002  4.20073205823869341194E-0004  1.63010835402278043734E-0002  1.04999999999999999996E+0000  1.39365426472119770219E+0000  1.46608183739179186124E+0000  1.31069359095284926299E+0000  0.00000000000000000000E+0000  2.34433159148802059510E+0002  0.00000000000000000000E+0000  4.57156155537567949635E-0040  4.59612223597437175566E-0003  1.26253262452629816347E-0034  0.00000000000000000000E+0000  2.32021629854092147280E+0002  0.00000000000000000000E+0000  0.00000000000000000000E+0000  2.32020599860454373592E+0002  0.00000000000000000000E+0000  0.00000000000000000000E+0000  0.00000000000000000000E+0000  0.00000000000000000000E+0000  0.00000000000000000000E+0000 -5.52896444192213653616E-0007 -2.17346803506995500644E+0000  0.00000000000000000000E+0000  0.00000000000000000000E+0000  0.00000000000000000000E+0000 -8.95280863394011291103E-0003
 6.17000000000000000016E-0007  0.00000000000000000000E+0000  1.57442589971956005934E-0002  4.05584550247431694963E-0004  1.57442589971956005934E-0002  1.04999999999999999996E+0000  1.39365426094616611018E+0000  1.46608187486968823707E+0000  1.31069366722547383380E+0000  0.00000000000000000000E+0000  2.34433159148802059510E+0002  0.00000000000000000000E+0000  4.57155434502520036605E-0040  4.59611846042018618650E-0003  1.26253895244755527523E-0034  0.00000000000000000000E+0000  2.32021644140332413422E+0002  0.00000000000000000000E+0000  0.00000000000000000000E+0000  2.32020761373223405946E+0002  0.00000000000000000000E+0000  0.00000000000000000000E+0000  0.00000000000000000000E+0000  0.00000000000000000000E+0000  0.00000000000000000000E+0000 -5.26694706854885449554E-0007 -2.17353361640081267484E+0000  0.00000000000000000000E+0000  0.00000000000000000000E+0000  0.00000000000000000000E+0000 -8.64909560018272147064E-0003
 6.29299999999999999985E-0007  0.00000000000000000000E+0000  1.51947450159494214561E-0002  3.92983808493281807546E-0004  1.51947450159494214561E-0002  1.04999999999999999996E+0000  1.39365425588821386467E+0000  1.46608190983032442279E+0000  1.31069374033151210025E+0000  0.00000000000000000000E+0000  2.34433159148802059510E+0002  0.00000000000000000000E+0000  4.57154702663975544939E-0040  4.59611445007548891266E-0003  1.26254507104011101676E-0034  0.00000000000000000000E+0000  2.32021658395475604580E+0002  0.00000000000000000000E+0000  0.00000000000000000000E+0000  2.32020899606891519165E+0002  0.00000000000000000000E+0000  0.00000000000000000000E+0000  0.00000000000000000000E+0000  0.00000000000000000000E+0000  0.00000000000000000000E+0000 -4.93763792339852983570E-0007 -2.17360772098880568174E+0000  0.00000000000000000000E+0000  0.00000000000000000000E+0000  0.00000000000000000000E+0000 -8.35210874201390645146E-0003
 6.41900000000000000005E-0007  0.00000000000000000000E+0000  1.46523409036687673483E-0002  3.80569643820209778781E-0004  1.46523409036687673483E-0002  1.04999999999999999996E+0000  1.39365424977555751472E+0000  1.46608194279354605541E+0000  1.31069381101766257124E+0000  0.00000000000000000000E+0000  2.34433159148802059510E+0002  0.00000000000000000000E+0000  4.57153960441367805055E-0040  4.59611023691390664899E-0003  1.26255103450776046293E-0034  0.00000000000000000000E+0000  2.32021671942845962758E+0002  0.00000000000000000000E+0000  0.00000000000000000000E+0000  2.32021018751061741683E+0002  0.00000000000000000000E+0000  0.00000000000000000000E+0000  0.00000000000000000000E+0000  0.00000000000000000000E+0000  0.00000000000000000000E+0000 -4.58180730381978325173E-0007 -2.17368500123785807080E+0000  0.00000000000000000000E+0000  0.00000000000000000000E+0000  0.00000000000000000000E+0000 -8.06009769604215754569E-0003
 6.54700000000000000006E-0007  0.00000000000000000000E+0000  1.41190261360718303944E-0002  3.68483528506059416893E-0004  1.41190261360718303944E-0002  1.04999999999999999996E+0000  1.39365424287027827731E+0000  1.46608197369717155160E+0000  1.31069387885468061517E+0000  0.00000000000000000000E+0000  2.34433159148802059510E+0002  0.00000000000000000000E+0000  4.57153218926207883839E-0040  4.59610590578290799359E-0003  1.26255679790403032511E-0034  0.00000000000000000000E+0000  2.32021687021848779547E+0002  0.00000000000000000000E+0000  0.00000000000000000000E+0000  2.32021119472997170860E+0002  0.00000000000000000000E+0000  0.00000000000000000000E+0000  0.00000000000000000000E+0000  0.00000000000000000000E+0000  0.00000000000000000000E+0000 -4.20866133471600463672E-0007 -2.17376406107247262885E+0000  0.00000000000000000000E+0000  0.00000000000000000000E+0000  0.00000000000000000000E+0000 -7.77431723664825740591E-0003
 6.67800000000000000005E-0007  0.00000000000000000000E+0000  1.35956179331242475512E-0002  3.56354946385900677302E-0004  1.35956179331242475512E-0002  1.04999999999999999996E+0000  1.39365423533372799708E+0000  1.46608200298795073513E+0000  1.31069394449441850277E+0000  0.00000000000000000000E+0000  2.34433159148802059510E+0002  0.00000000000000000000E+0000  4.57152476393392290859E-0040  4.59610146603252453002E-0003  1.26256241356264393508E-0034  0.00000000000000000000E+0000  2.32021701257923791129E+0002  0.00000000000000000000E+0000  0.00000000000000000000E+0000  2.32021205778606206191E+0002  0.00000000000000000000E+0000  0.00000000000000000000E+0000  0.00000000000000000000E+0000  0.00000000000000000000E+0000  0.00000000000000000000E+0000 -3.84520053478600904206E-0007 -2.17384136815127266976E+0000  0.00000000000000000000E+0000  0.00000000000000000000E+0000  0.00000000000000000000E+0000 -7.49357899221108748670E-0003
 6.81200000000000000002E-0007  0.00000000000000000000E+0000  1.30810098639706335019E-0002  3.44463462375598220360E-0004  1.30810098639706335019E-0002  1.04999999999999999996E+0000  1.39365422734571681456E+0000  1.46608203084768142876E+0000  1.31069400805252936609E+0000  0.00000000000000000000E+0000  2.34433159148802059510E+0002  0.00000000000000000000E+0000  4.57151736426131015363E-0040  4.59609695412562778353E-0003  1.26256788683163264924E-0034  0.00000000000000000000E+0000  2.32021715705468083157E+0002  0.00000000000000000000E+0000  0.00000000000000000000E+0000  2.32021279075292805719E+0002  0.00000000000000000000E+0000  0.00000000000000000000E+0000  0.00000000000000000000E+0000  0.00000000000000000000E+0000  0.00000000000000000000E+0000 -3.49700383769619078188E-0007 -2.17391621162871262929E+0000  0.00000000000000000000E+0000  0.00000000000000000000E+0000  0.00000000000000000000E+0000 -7.21728598103172636543E-0003
 6.94799999999999999981E-0007  0.00000000000000000000E+0000  1.25938047717119883645E-0002  3.34807939068619579059E-0004  1.25938047717119883645E-0002  1.04999999999999999996E+0000  1.39365421916150753303E+0000  1.46608205787203362317E+0000  1.31069407033051086556E+0000  0.00000000000000000000E+0000  2.34433159148802059510E+0002  0.00000000000000000000E+0000  4.57150999865187110940E-0040  4.59609241448497222288E-0003  1.26257327117888782556E-0034  0.00000000000000000000E+0000  2.32021727478553791535E+0002  0.00000000000000000000E+0000  0.00000000000000000000E+0000  2.32021344778006590986E+0002  0.00000000000000000000E+0000  0.00000000000000000000E+0000  0.00000000000000000000E+0000  0.00000000000000000000E+0000  0.00000000000000000000E+0000 -3.51172839086833079692E-0007 -2.17394186516350191793E+0000  0.00000000000000000000E+0000  0.00000000000000000000E+0000  0.00000000000000000000E+0000 -6.94137320611763996609E-0003
 7.08700000000000000009E-0007  0.00000000000000000000E+0000  1.21005540222874655910E-0002  3.18880138351955360707E-0004  1.21005540222874655910E-0002  1.04999999999999999996E+0000  1.39365421094586010449E+0000  1.46608208392959800718E+0000  1.31069413102965844856E+0000  0.00000000000000000000E+0000  2.34433159148802059510E+0002  0.00000000000000000000E+0000  4.57150276622706196604E-0040  4.59608791648567687884E-0003  1.26257852395803661332E-0034  0.00000000000000000000E+0000  2.32021740833523359857E+0002  0.00000000000000000000E+0000  0.00000000000000000000E+0000  2.32021400659138903433E+0002  0.00000000000000000000E+0000  0.00000000000000000000E+0000  0.00000000000000000000E+0000  0.00000000000000000000E+0000  0.00000000000000000000E+0000 -3.14378225897104548224E-0007 -2.17401826734110184937E+0000  0.00000000000000000000E+0000  0.00000000000000000000E+0000  0.00000000000000000000E+0000 -6.67820380027963181046E-0003
 7.22899999999999999983E-0007  0.00000000000000000000E+0000  1.16198599988327311231E-0002  3.10093720263621164118E-0004  1.16198599988327311231E-0002  1.04999999999999999996E+0000  1.39365420281349707205E+0000  1.46608210913197416149E+0000  1.31069419021758723682E+0000  0.00000000000000000000E+0000  2.34433159148802059510E+0002  0.00000000000000000000E+0000  4.57149569461572477532E-0040  4.59608349282822555548E-0003  1.26258365149436062849E-0034  0.00000000000000000000E+0000  2.32021755561241209490E+0002  0.00000000000000000000E+0000  0.00000000000000000000E+0000  2.32021449173325427867E+0002  0.00000000000000000000E+0000  0.00000000000000000000E+0000  0.00000000000000000000E+0000  0.00000000000000000000E+0000  0.00000000000000000000E+0000 -2.82274619429501118335E-0007 -2.17408780608798711141E+0000  0.00000000000000000000E+0000  0.00000000000000000000E+0000  0.00000000000000000000E+0000 -6.42055645116292315895E-0003
 7.37299999999999999991E-0007  0.00000000000000000000E+0000  1.11637826361057488921E-0002  3.00914719148469152846E-0004  1.11637826361057488921E-0002  1.04999999999999999996E+0000  1.39365419479785784124E+0000  1.46608213382562039542E+0000  1.31069424844603525876E+0000  0.00000000000000000000E+0000  2.34433159148802059510E+0002  0.00000000000000000000E+0000  4.57148873152795998103E-0040  4.59607912151373648645E-0003  1.26258869746685396632E-0034  0.00000000000000000000E+0000  2.32021767799358059628E+0002  0.00000000000000000000E+0000  0.00000000000000000000E+0000  2.32021493742988931183E+0002  0.00000000000000000000E+0000  0.00000000000000000000E+0000  0.00000000000000000000E+0000  0.00000000000000000000E+0000  0.00000000000000000000E+0000 -2.81279480673012239348E-0007 -2.17411512529935222935E+0000  0.00000000000000000000E+0000  0.00000000000000000000E+0000  0.00000000000000000000E+0000 -6.16355294529238825132E-0003
 7.52100000000000000013E-0007  0.00000000000000000000E+0000  1.07071102435990038886E-0002  2.86476116422560414147E-0004  1.07071102435990038886E-0002  1.04999999999999999996E+0000  1.39365418711510565236E+0000  1.46608215812728597384E+0000  1.31069430585763476457E+0000  0.00000000000000000000E+0000  2.34433159148802059510E+0002  0.00000000000000000000E+0000  4.57148195488038549384E-0040  4.59607486853320712537E-0003  1.26259365758232038991E-0034  0.00000000000000000000E+0000  2.32021781142304154830E+0002  0.00000000000000000000E+0000  0.00000000000000000000E+0000  2.32021533918927066895E+0002  0.00000000000000000000E+0000  0.00000000000000000000E+0000  0.00000000000000000000E+0000  0.00000000000000000000E+0000  0.00000000000000000000E+0000 -2.52132850720307758614E-0007 -2.17417959085138754794E+0000  0.00000000000000000000E+0000  0.00000000000000000000E+0000  0.00000000000000000000E+0000 -5.91814694286784925838E-0003
 7.67100000000000000017E-0007  0.00000000000000000000E+0000  1.02722739707429672307E-0002  2.79254071553401328493E-0004  1.02722739707429672307E-0002  1.04999999999999999996E+0000  1.39365417973429379993E+0000  1.46608218207854937027E+0000  1.31069436246229845903E+0000  0.00000000000000000000E+0000  2.34433159148802059510E+0002  0.00000000000000000000E+0000  4.57147533591524746655E-0040  4.59607071595475510451E-0003  1.26259853773778692811E-0034  0.00000000000000000000E+0000  2.32021793322110322741E+0002  0.00000000000000000000E+0000  0.00000000000000000000E+0000  2.32021571456572691369E+0002  0.00000000000000000000E+0000  0.00000000000000000000E+0000  0.00000000000000000000E+0000  0.00000000000000000000E+0000  0.00000000000000000000E+0000 -2.51294402690698628029E-0007 -2.17420562655676293667E+0000  0.00000000000000000000E+0000  0.00000000000000000000E+0000  0.00000000000000000000E+0000 -5.67340525845219152723E-0003
 7.82499999999999999983E-0007  0.00000000000000000000E+0000  9.84042249434079762830E-0003  2.66118998425342633355E-0004  9.84042249434079762830E-0003  1.04999999999999999996E+0000  1.39365417291989139006E+0000  1.46608220579318044685E+0000  1.31069441835478183551E+0000  0.00000000000000000000E+0000  2.34433159148802059510E+0002  0.00000000000000000000E+0000  4.57146896873237753726E-0040  4.59606674305095997187E-0003  1.26260332986524881881E-0034  0.00000000000000000000E+0000  2.32021807088326972965E+0002  0.00000000000000000000E+0000  0.00000000000000000000E+0000  2.32021606749043617202E+0002  0.00000000000000000000E+0000  0.00000000000000000000E+0000  0.00000000000000000000E+0000  0.00000000000000000000E+0000  0.00000000000000000000E+0000 -2.26179224936540747091E-0007 -2.17426350079797962292E+0000  0.00000000000000000000E+0000  0.00000000000000000000E+0000  0.00000000000000000000E+0000 -5.44061903401303340089E-0003
 7.98099999999999999983E-0007  0.00000000000000000000E+0000  9.42900130925054801401E-0003  2.58941846390269997587E-0004  9.42900130925054801401E-0003  1.04999999999999999996E+0000  1.39365416652015745901E+0000  1.46608222921465512138E+0000  1.31069447345243622258E+0000  0.00000000000000000000E+0000  2.34433159148802059510E+0002  0.00000000000000000000E+0000  4.57146278630856229271E-0040  4.59606289374709778245E-0003  1.26260803866025742517E-0034  0.00000000000000000000E+0000  2.32021819525857471128E+0002  0.00000000000000000000E+0000  0.00000000000000000000E+0000  2.32021640553074206995E+0002  0.00000000000000000000E+0000  0.00000000000000000000E+0000  0.00000000000000000000E+0000  0.00000000000000000000E+0000  0.00000000000000000000E+0000 -2.26697349183095715319E-0007 -2.17428653826239602501E+0000  0.00000000000000000000E+0000  0.00000000000000000000E+0000  0.00000000000000000000E+0000 -5.20875877892274802458E-0003
 8.14099999999999999997E-0007  0.00000000000000000000E+0000  9.02238931372413889779E-0003  2.46591919046133867881E-0004  9.02238931372413889779E-0003  1.04999999999999999996E+0000  1.39365416080987340448E+0000  1.46608225241796772829E+0000  1.31069452775722886833E+0000  0.00000000000000000000E+0000  2.34433159148802059510E+0002  0.00000000000000000000E+0000  4.57145688709215974720E-0040  4.59605924691222921399E-0003  1.26261265156839738673E-0034  0.00000000000000000000E+0000  2.32021833392956169304E+0002  0.00000000000000000000E+0000  0.00000000000000000000E+0000  2.32021673178350433003E+0002  0.00000000000000000000E+0000  0.00000000000000000000E+0000  0.00000000000000000000E+0000  0.00000000000000000000E+0000  0.00000000000000000000E+0000 -2.05409832500329685682E-0007 -2.17433805716535926474E+0000  0.00000000000000000000E+0000  0.00000000000000000000E+0000  0.00000000000000000000E+0000 -4.98875767048914567778E-0003
 8.30400000000000000010E-0007  0.00000000000000000000E+0000  8.63354440094538203325E-0003  2.39618960938443486960E-0004  8.63354440094538203325E-0003  1.04999999999999999996E+0000  1.39365415553588148747E+0000  1.46608227547271729140E+0000  1.31069458153777343684E+0000  0.00000000000000000000E+0000  2.34433159148802059510E+0002  0.00000000000000000000E+0000  4.57145114419386024571E-0040  4.59605570450158513147E-0003  1.26261720593223746437E-0034  0.00000000000000000000E+0000  2.32021845060531126351E+0002  0.00000000000000000000E+0000  0.00000000000000000000E+0000  2.32021705272581281215E+0002  0.00000000000000000000E+0000  0.00000000000000000000E+0000  0.00000000000000000000E+0000  0.00000000000000000000E+0000  0.00000000000000000000E+0000 -2.07652122386338664758E-0007 -2.17435767790943585364E+0000  0.00000000000000000000E+0000  0.00000000000000000000E+0000  0.00000000000000000000E+0000 -4.76882355356489207939E-0003
 8.47000000000000000020E-0007  0.00000000000000000000E+0000  8.25593073514025363091E-0003  2.29242028161746540155E-0004  8.25593073514025363091E-0003  1.04999999999999999996E+0000  1.39365415078367924290E+0000  1.46608229845953989747E+0000  1.31069463489092930821E+0000  0.00000000000000000000E+0000  2.34433159148802059510E+0002  0.00000000000000000000E+0000  4.57144558636672068114E-0040  4.59605229316035393065E-0003  1.26262170152028405131E-0034  0.00000000000000000000E+0000  2.32021855287261198508E+0002  0.00000000000000000000E+0000  0.00000000000000000000E+0000  2.32021736845743282218E+0002  0.00000000000000000000E+0000  0.00000000000000000000E+0000  0.00000000000000000000E+0000  0.00000000000000000000E+0000  0.00000000000000000000E+0000 -2.08811625132366652141E-0007 -2.17437819885324772713E+0000  0.00000000000000000000E+0000  0.00000000000000000000E+0000  0.00000000000000000000E+0000 -4.55526203666997233712E-0003
 8.63899999999999999976E-0007  0.00000000000000000000E+0000  7.88472065974976747705E-0003  2.18913283434472954406E-0004  7.88472065974976747705E-0003  1.04999999999999999996E+0000  1.39365414689680206645E+0000  1.46608232114992440714E+0000  1.31069468711453948194E+0000  0.00000000000000000000E+0000  2.34433159148802059510E+0002  0.00000000000000000000E+0000  4.57144039894946719224E-0040  4.59604915284028626229E-0003  1.26262606628871176129E-0034  0.00000000000000000000E+0000  2.32021869411930578384E+0002  0.00000000000000000000E+0000  0.00000000000000000000E+0000  2.32021767140628845369E+0002  0.00000000000000000000E+0000  0.00000000000000000000E+0000  0.00000000000000000000E+0000  0.00000000000000000000E+0000  0.00000000000000000000E+0000 -1.89477311333841895924E-0007 -2.17442528454125412517E+0000  0.00000000000000000000E+0000  0.00000000000000000000E+0000  0.00000000000000000000E+0000 -4.35503061699767053158E-0003
 8.81199999999999999999E-0007  0.00000000000000000000E+0000  7.53095473253407527982E-0003  2.12680327128380250630E-0004  7.53095473253407527982E-0003  1.04999999999999999996E+0000  1.39365414348806671149E+0000  1.46608234381117444420E+0000  1.31069473901830983438E+0000  0.00000000000000000000E+0000  2.34433159148802059510E+0002  0.00000000000000000000E+0000  4.57143536036997309205E-0040  4.59604611690886338340E-0003  1.26263038738430732836E-0034  0.00000000000000000000E+0000  2.32021880446183631760E+0002  0.00000000000000000000E+0000  0.00000000000000000000E+0000  2.32021798227861663938E+0002  0.00000000000000000000E+0000  0.00000000000000000000E+0000  0.00000000000000000000E+0000  0.00000000000000000000E+0000  0.00000000000000000000E+0000 -1.92546882037179796830E-0007 -2.17444200915199685031E+0000  0.00000000000000000000E+0000  0.00000000000000000000E+0000  0.00000000000000000000E+0000 -4.15458555046930457507E-0003
 8.98800000000000000020E-0007  0.00000000000000000000E+0000  7.18737097688620601066E-0003  2.03201305095571656846E-0004  7.18737097688620601066E-0003  1.04999999999999999996E+0000  1.39365414061427479633E+0000  1.46608236633834124749E+0000  1.31069479033239051494E+0000  0.00000000000000000000E+0000  2.34433159148802059510E+0002  0.00000000000000000000E+0000  4.57143052160169542267E-0040  4.59604322086578847504E-0003  1.26263463653761415061E-0034  0.00000000000000000000E+0000  2.32021890905080586970E+0002  0.00000000000000000000E+0000  0.00000000000000000000E+0000  2.32021828497077811745E+0002  0.00000000000000000000E+0000  0.00000000000000000000E+0000  0.00000000000000000000E+0000  0.00000000000000000000E+0000  0.00000000000000000000E+0000 -1.94194299552377632728E-0007 -2.17446010175398980464E+0000  0.00000000000000000000E+0000  0.00000000000000000000E+0000  0.00000000000000000000E+0000 -3.96026325075538052301E-0003
 9.16800000000000000004E-0007  0.00000000000000000000E+0000  6.84913666041146366567E-0003  1.93744211037457453692E-0004  6.84913666041146366567E-0003  1.04999999999999999996E+0000  1.39365413854006578551E+0000  1.46608238855982604763E+0000  1.31069484054141214776E+0000  0.00000000000000000000E+0000  2.34433159148802059510E+0002  0.00000000000000000000E+0000  4.57142602011174655467E-0040  4.59604056755521137939E-0003  1.26263876266239036551E-0034  0.00000000000000000000E+0000  2.32021904591524006450E+0002  0.00000000000000000000E+0000  0.00000000000000000000E+0000  2.32021857539941558618E+0002  0.00000000000000000000E+0000  0.00000000000000000000E+0000  0.00000000000000000000E+0000  0.00000000000000000000E+0000  0.00000000000000000000E+0000 -1.76584645113837843071E-0007 -2.17450320020538346395E+0000  0.00000000000000000000E+0000  0.00000000000000000000E+0000  0.00000000000000000000E+0000 -3.77789229743313958488E-0003
 9.35099999999999999985E-0007  0.00000000000000000000E+0000  6.53274770136925136790E-0003  1.90808494683401317931E-0004  6.53274770136925136790E-0003  1.04999999999999999996E+0000  1.39365413668571676026E+0000  1.46608241084315499975E+0000  1.31069489077728429524E+0000  0.00000000000000000000E+0000  2.34433159148802059510E+0002  0.00000000000000000000E+0000  4.57142155521715195265E-0040  4.59603793594467131343E-0003  1.26264288128674896083E-0034  0.00000000000000000000E+0000  2.32021911904166420651E+0002  0.00000000000000000000E+0000  0.00000000000000000000E+0000  2.32021888069548857317E+0002  0.00000000000000000000E+0000  0.00000000000000000000E+0000  0.00000000000000000000E+0000  0.00000000000000000000E+0000  0.00000000000000000000E+0000 -1.98340729340727936624E-0007 -2.17449337599814557492E+0000  0.00000000000000000000E+0000  0.00000000000000000000E+0000  0.00000000000000000000E+0000 -3.59206755574632612554E-0003
 9.53800000000000000033E-0007  0.00000000000000000000E+0000  6.21781902441800799436E-0003  1.75627398649459807731E-0004  6.21781902441800799436E-0003  1.04999999999999999996E+0000  1.39365413568289836206E+0000  1.46608243284874644765E+0000  1.31069493994443043809E+0000  0.00000000000000000000E+0000  2.34433159148802059510E+0002  0.00000000000000000000E+0000  4.57141746010990966434E-0040  4.59603557752739536025E-0003  1.26264686877387921662E-0034  0.00000000000000000000E+0000  2.32021924808827441411E+0002  0.00000000000000000000E+0000  0.00000000000000000000E+0000  2.32021916202422374492E+0002  0.00000000000000000000E+0000  0.00000000000000000000E+0000  0.00000000000000000000E+0000  0.00000000000000000000E+0000  0.00000000000000000000E+0000 -1.78441086368090280333E-0007 -2.17453843085921780199E+0000  0.00000000000000000000E+0000  0.00000000000000000000E+0000  0.00000000000000000000E+0000 -3.41979483458756974048E-0003
 9.72900000000000000044E-0007  0.00000000000000000000E+0000  5.91622699381179602394E-0003  1.72432881796555034113E-0004  5.91622699381179602394E-0003  1.04999999999999999996E+0000  1.39365413513892418137E+0000  1.46608245465130291544E+0000  1.31069498846219495631E+0000  0.00000000000000000000E+0000  2.34433159148802059510E+0002  0.00000000000000000000E+0000  4.57141354422167134255E-0040  4.59603334249838236754E-0003  1.26265078555226432807E-0034  0.00000000000000000000E+0000  2.32021935936800456815E+0002  0.00000000000000000000E+0000  0.00000000000000000000E+0000  2.32021944615621076927E+0002  0.00000000000000000000E+0000  0.00000000000000000000E+0000  0.00000000000000000000E+0000  0.00000000000000000000E+0000  0.00000000000000000000E+0000 -1.79630359263293678544E-0007 -2.17455482183937428664E+0000  0.00000000000000000000E+0000  0.00000000000000000000E+0000  0.00000000000000000000E+0000 -3.25198227652930603390E-0003
 9.92400000000000000018E-0007  0.00000000000000000000E+0000  5.62564706788073788033E-0003  1.64758313164496326551E-0004  5.62564706788073788033E-0003  1.04999999999999999996E+0000  1.39365413504122951933E+0000  1.46608247621755182768E+0000  1.31069503627415980560E+0000  0.00000000000000000000E+0000  2.34433159148802059510E+0002  0.00000000000000000000E+0000  4.57140980873045940339E-0040  4.59603122743433665280E-0003  1.26265462526157296763E-0034  0.00000000000000000000E+0000  2.32021946167030844912E+0002  0.00000000000000000000E+0000  0.00000000000000000000E+0000  2.32021972159325871821E+0002  0.00000000000000000000E+0000  0.00000000000000000000E+0000  0.00000000000000000000E+0000  0.00000000000000000000E+0000  0.00000000000000000000E+0000 -1.79693613652722254903E-0007 -2.17457222117585274152E+0000  0.00000000000000000000E+0000  0.00000000000000000000E+0000  0.00000000000000000000E+0000 -3.08830530543639517444E-0003
 1.01199999999999999996E-0006  0.00000000000000000000E+0000  5.34697269066974234377E-0003  1.57496783782839328921E-0004  5.34697269066974234377E-0003  1.04999999999999999996E+0000  1.39365413536108289087E+0000  1.46608249719155670941E+0000  1.31069508263427972241E+0000  0.00000000000000000000E+0000  2.34433159148802059510E+0002  0.00000000000000000000E+0000  4.57140631480169215218E-0040  4.59602926916605570767E-0003  1.26265832662262994604E-0034  0.00000000000000000000E+0000  2.32021956884576725400E+0002  0.00000000000000000000E+0000  0.00000000000000000000E+0000  2.32021997548698381719E+0002  0.00000000000000000000E+0000  0.00000000000000000000E+0000  0.00000000000000000000E+0000  0.00000000000000000000E+0000  0.00000000000000000000E+0000 -1.77872738922989379240E-0007 -2.17459142598922305109E+0000  0.00000000000000000000E+0000  0.00000000000000000000E+0000  0.00000000000000000000E+0000 -2.93254248110669194656E-0003
 1.03199999999999999996E-0006  0.00000000000000000000E+0000  5.08033811305866258815E-0003  1.50788253932091773087E-0004  5.08033811305866258815E-0003  1.04999999999999999996E+0000  1.39365413610363434935E+0000  1.46608251789392573779E+0000  1.31069512823962047547E+0000  0.00000000000000000000E+0000  2.34433159148802059510E+0002  0.00000000000000000000E+0000  4.57140300633223638460E-0040  4.59602743801297216232E-0003  1.26266194681202736054E-0034  0.00000000000000000000E+0000  2.32021966001323018319E+0002  0.00000000000000000000E+0000  0.00000000000000000000E+0000  2.32022023020988939407E+0002  0.00000000000000000000E+0000  0.00000000000000000000E+0000  0.00000000000000000000E+0000  0.00000000000000000000E+0000  0.00000000000000000000E+0000 -1.75960961178520770949E-0007 -2.17461015012507240490E+0000  0.00000000000000000000E+0000  0.00000000000000000000E+0000  0.00000000000000000000E+0000 -2.78323947956461352527E-0003
 1.05300000000000000003E-0006  0.00000000000000000000E+0000  4.81904789557060168060E-0003  1.44184893829324665252E-0004  4.81904789557060168060E-0003  1.04999999999999999996E+0000  1.39365413734289490539E+0000  1.46608253893392294755E+0000  1.31069517436487776479E+0000  0.00000000000000000000E+0000  2.34433159148802059510E+0002  0.00000000000000000000E+0000  4.57139979716625958582E-0040  4.59602568805506454346E-0003  1.26266558862132395652E-0034  0.00000000000000000000E+0000  2.32021973542343607669E+0002  0.00000000000000000000E+0000  0.00000000000000000000E+0000  2.32022049604542431281E+0002  0.00000000000000000000E+0000  0.00000000000000000000E+0000  0.00000000000000000000E+0000  0.00000000000000000000E+0000  0.00000000000000000000E+0000 -1.74922087374258357684E-0007 -2.17462752344643859355E+0000  0.00000000000000000000E+0000  0.00000000000000000000E+0000  0.00000000000000000000E+0000 -2.63628213769658792335E-0003
 1.07399999999999999999E-0006  0.00000000000000000000E+0000  4.56592335081502288874E-0003  1.37928846159114617395E-0004  4.56592335081502288874E-0003  1.04999999999999999996E+0000  1.39365413896316149708E+0000  1.46608255921571514389E+0000  1.31069521868838610159E+0000  0.00000000000000000000E+0000  2.34433159148802059510E+0002  0.00000000000000000000E+0000  4.57139685250941639442E-0040  4.59602410710941993409E-0003  1.26266906558722305376E-0034  0.00000000000000000000E+0000  2.32021984981185561733E+0002  0.00000000000000000000E+0000  0.00000000000000000000E+0000  2.32022071420470812356E+0002  0.00000000000000000000E+0000  0.00000000000000000000E+0000  0.00000000000000000000E+0000  0.00000000000000000000E+0000  0.00000000000000000000E+0000 -1.70626444240606074050E-0007 -2.17464861621035359155E+0000  0.00000000000000000000E+0000  0.00000000000000000000E+0000  0.00000000000000000000E+0000 -2.49626313084939514742E-0003
 1.09600000000000000002E-0006  0.00000000000000000000E+0000  4.32201320588923578887E-0003  1.31717585822531161876E-0004  4.32201320588923578887E-0003  1.04999999999999999996E+0000  1.39365414104691505599E+0000  1.46608257967529048878E+0000  1.31069526322704039717E+0000  0.00000000000000000000E+0000  2.34433159148802059510E+0002  0.00000000000000000000E+0000  4.57139401564732563240E-0040  4.59602260634104822540E-0003  1.26267254199507662471E-0034  0.00000000000000000000E+0000  2.32021993266997925795E+0002  0.00000000000000000000E+0000  0.00000000000000000000E+0000  2.32022095268081239391E+0002  0.00000000000000000000E+0000  0.00000000000000000000E+0000  0.00000000000000000000E+0000  0.00000000000000000000E+0000  0.00000000000000000000E+0000 -1.68067514374757118008E-0007 -2.17466704829031089413E+0000  0.00000000000000000000E+0000  0.00000000000000000000E+0000  0.00000000000000000000E+0000 -2.35994690877121127280E-0003
 1.11800000000000000004E-0006  0.00000000000000000000E+0000  4.08663753579128579223E-0003  1.25783066391219249134E-0004  4.08663753579128579223E-0003  1.04999999999999999996E+0000  1.39365414342028604835E+0000  1.46608259927896988721E+0000  1.31069530582154221822E+0000  0.00000000000000000000E+0000  2.34433159148802059510E+0002  0.00000000000000000000E+0000  4.57139142310432040500E-0040  4.59602125406603314367E-0003  1.26267584686737589320E-0034  0.00000000000000000000E+0000  2.32022004676865337636E+0002  0.00000000000000000000E+0000  0.00000000000000000000E+0000  2.32022114355988728851E+0002  0.00000000000000000000E+0000  0.00000000000000000000E+0000  0.00000000000000000000E+0000  0.00000000000000000000E+0000  0.00000000000000000000E+0000 -1.62515432386811247873E-0007 -2.17468884934178375667E+0000  0.00000000000000000000E+0000  0.00000000000000000000E+0000  0.00000000000000000000E+0000 -2.23044504793618352208E-0003
 1.13999999999999999997E-0006  0.00000000000000000000E+0000  3.87063686309365455175E-0003  1.22158649161237413468E-0004  3.87063686309365455175E-0003  1.04999999999999999996E+0000  1.39365414591931620152E+0000  1.46608261845910814805E+0000  1.31069534746711288610E+0000  0.00000000000000000000E+0000  2.34433159148802059510E+0002  0.00000000000000000000E+0000  4.57138893099306852462E-0040  4.59601995744339216957E-0003  1.26267906625030972833E-0034  0.00000000000000000000E+0000  2.32022011113084786552E+0002  0.00000000000000000000E+0000  0.00000000000000000000E+0000  2.32022134543588543623E+0002  0.00000000000000000000E+0000  0.00000000000000000000E+0000  0.00000000000000000000E+0000  0.00000000000000000000E+0000  0.00000000000000000000E+0000 -1.73960809797897302280E-0007 -2.17468728031603189348E+0000  0.00000000000000000000E+0000  0.00000000000000000000E+0000  0.00000000000000000000E+0000 -2.10511433337998793646E-0003
 1.16299999999999999995E-0006  0.00000000000000000000E+0000  3.65395218844111344539E-0003  1.12173661363888579526E-0004  3.65395218844111344539E-0003  1.04999999999999999996E+0000  1.39365414902263173923E+0000  1.46608263732363933466E+0000  1.31069538820283997861E+0000  0.00000000000000000000E+0000  2.34433159148802059510E+0002  0.00000000000000000000E+0000  4.57138671912259062688E-0040  4.59601886663786442964E-0003  1.26268218295257307691E-0034  0.00000000000000000000E+0000  2.32022021823115298905E+0002  0.00000000000000000000E+0000  0.00000000000000000000E+0000  2.32022152969425340077E+0002  0.00000000000000000000E+0000  0.00000000000000000000E+0000  0.00000000000000000000E+0000  0.00000000000000000000E+0000  0.00000000000000000000E+0000 -1.50767295926677585891E-0007 -2.17473140989314250534E+0000  0.00000000000000000000E+0000  0.00000000000000000000E+0000  0.00000000000000000000E+0000 -1.99078579440941949672E-0003
 1.18600000000000000004E-0006  0.00000000000000000000E+0000  3.45445888326418566857E-0003  1.11228545520840526940E-0004  3.45445888326418566857E-0003  1.04999999999999999996E+0000  1.39365415220443897022E+0000  1.46608265568962222000E+0000  1.31069542784608154080E+0000  0.00000000000000000000E+0000  2.34433159148802059510E+0002  0.00000000000000000000E+0000  4.57138460515199093059E-0040  4.59601782651477015483E-0003  1.26268520801017775619E-0034  0.00000000000000000000E+0000  2.32022030049551564942E+0002  0.00000000000000000000E+0000  0.00000000000000000000E+0000  2.32022170549457874333E+0002  0.00000000000000000000E+0000  0.00000000000000000000E+0000  0.00000000000000000000E+0000  0.00000000000000000000E+0000  0.00000000000000000000E+0000 -1.60626358659363098365E-0007 -2.17473092693754808881E+0000  0.00000000000000000000E+0000  0.00000000000000000000E+0000  0.00000000000000000000E+0000 -1.87717258144179802525E-0003
 1.20999999999999999998E-0006  0.00000000000000000000E+0000  3.26002563053738031505E-0003  1.03254776479381544250E-0004  3.26002563053738031505E-0003  1.04999999999999999996E+0000  1.39365415575323978311E+0000  1.46608267393563269985E+0000  1.31069546712014952424E+0000  0.00000000000000000000E+0000  2.34433159148802059510E+0002  0.00000000000000000000E+0000  4.57138261751845434009E-0040  4.59601686816925123698E-0003  1.26268818693221883068E-0034  0.00000000000000000000E+0000  2.32022037210708166111E+0002  0.00000000000000000000E+0000  0.00000000000000000000E+0000  2.32022188034363821885E+0002  0.00000000000000000000E+0000  0.00000000000000000000E+0000  0.00000000000000000000E+0000  0.00000000000000000000E+0000  0.00000000000000000000E+0000 -1.53773319606352237707E-0007 -2.17475241267284791690E+0000  0.00000000000000000000E+0000  0.00000000000000000000E+0000  0.00000000000000000000E+0000 -1.76782542506776640582E-0003
 1.23400000000000000003E-0006  0.00000000000000000000E+0000  3.07619259213648374651E-0003  1.00868895314040224008E-0004  3.07619259213648374651E-0003  1.04999999999999999996E+0000  1.39365415939694983923E+0000  1.46608269171661530054E+0000  1.31069550535307711536E+0000  0.00000000000000000000E+0000  2.34433159148802059510E+0002  0.00000000000000000000E+0000  4.57138073512014114155E-0040  4.59601596890399769413E-0003  1.26269107632842992226E-0034  0.00000000000000000000E+0000  2.32022043212379637481E+0002  0.00000000000000000000E+0000  0.00000000000000000000E+0000  2.32022203922172738019E+0002  0.00000000000000000000E+0000  0.00000000000000000000E+0000  0.00000000000000000000E+0000  0.00000000000000000000E+0000  0.00000000000000000000E+0000 -1.61532862553492263778E-0007 -2.17475391372925021586E+0000  0.00000000000000000000E+0000  0.00000000000000000000E+0000  0.00000000000000000000E+0000 -1.66333344787205731776E-0003
 1.25900000000000000004E-0006  0.00000000000000000000E+0000  2.89710114307752024154E-0003  9.35312812312210462465E-0005  2.89710114307752024154E-0003  1.04999999999999999996E+0000  1.39365416347255105457E+0000  1.46608270939647676893E+0000  1.31069554319956277247E+0000  0.00000000000000000000E+0000  2.34433159148802059510E+0002  0.00000000000000000000E+0000  4.57137901953475665294E-0040  4.59601519271165968342E-0003  1.26269391413707594769E-0034  0.00000000000000000000E+0000  2.32022050324678324823E+0002  0.00000000000000000000E+0000  0.00000000000000000000E+0000  2.32022219462842204066E+0002  0.00000000000000000000E+0000  0.00000000000000000000E+0000  0.00000000000000000000E+0000  0.00000000000000000000E+0000  0.00000000000000000000E+0000 -1.52643635253902183805E-0007 -2.17477722365423061738E+0000  0.00000000000000000000E+0000  0.00000000000000000000E+0000  0.00000000000000000000E+0000 -1.56412451513724817382E-0003
 1.28400000000000000004E-0006  0.00000000000000000000E+0000  2.72920168730377961662E-0003  9.16472347576027770425E-0005  2.72920168730377961662E-0003  1.04999999999999999996E+0000  1.39365416765929494604E+0000  1.46608272661353405898E+0000  1.31069557999001243894E+0000  0.00000000000000000000E+0000  2.34433159148802059510E+0002  0.00000000000000000000E+0000  4.57137742034336104954E-0040  4.59601448687811991577E-0003  1.26269665958297350358E-0034  0.00000000000000000000E+0000  2.32022056705157708995E+0002  0.00000000000000000000E+0000  0.00000000000000000000E+0000  2.32022233767613277181E+0002  0.00000000000000000000E+0000  0.00000000000000000000E+0000  0.00000000000000000000E+0000  0.00000000000000000000E+0000  0.00000000000000000000E+0000 -1.58673327020793783292E-0007 -2.17478012370688763926E+0000  0.00000000000000000000E+0000  0.00000000000000000000E+0000  0.00000000000000000000E+0000 -1.46936358114944161898E-0003
 1.30900000000000000005E-0006  0.00000000000000000000E+0000  2.56970037349213590547E-0003  8.50649539952478143653E-0005  2.56970037349213590547E-0003  1.04999999999999999996E+0000  1.39365417207313614417E+0000  1.46608274291090958329E+0000  1.31069561467497922112E+0000  0.00000000000000000000E+0000  2.34433159148802059510E+0002  0.00000000000000000000E+0000  4.57137607319459383563E-0040  4.59601394614658882708E-0003  1.26269922122813809110E-0034  0.00000000000000000000E+0000  2.32022066223027292831E+0002  0.00000000000000000000E+0000  0.00000000000000000000E+0000  2.32022245349957351820E+0002  0.00000000000000000000E+0000  0.00000000000000000000E+0000  0.00000000000000000000E+0000  0.00000000000000000000E+0000  0.00000000000000000000E+0000 -1.46868917415405076890E-0007 -2.17480606235117664561E+0000  0.00000000000000000000E+0000  0.00000000000000000000E+0000  0.00000000000000000000E+0000 -1.38317649207887727676E-0003
 1.33599999999999999997E-0006  0.00000000000000000000E+0000  2.41971988703815855704E-0003  8.33096613201379520026E-0005  2.41971988703815855704E-0003  1.04999999999999999996E+0000  1.39365417695818963393E+0000  1.46608275999091267484E+0000  1.31069565092249992971E+0000  0.00000000000000000000E+0000  2.34433159148802059510E+0002  0.00000000000000000000E+0000  4.57137472410476249751E-0040  4.59601342306970452713E-0003  1.26270188999460652741E-0034  0.00000000000000000000E+0000  2.32022069624924235337E+0002  0.00000000000000000000E+0000  0.00000000000000000000E+0000  2.32022263328803025381E+0002  0.00000000000000000000E+0000  0.00000000000000000000E+0000  0.00000000000000000000E+0000  0.00000000000000000000E+0000  0.00000000000000000000E+0000 -1.55251933056429322424E-0007 -2.17480498944421801071E+0000  0.00000000000000000000E+0000  0.00000000000000000000E+0000  0.00000000000000000000E+0000 -1.29663010378879566474E-0003
 1.36200000000000000004E-0006  0.00000000000000000000E+0000  2.27146012763487731995E-0003  7.68586038803876283032E-0005  2.27146012763487731995E-0003  1.04999999999999999996E+0000  1.39365418181696762759E+0000  1.46608277534390206290E+0000  1.31069568339335295487E+0000  0.00000000000000000000E+0000  2.34433159148802059510E+0002  0.00000000000000000000E+0000  4.57137367265685078648E-0040  4.59601306512082874381E-0003  1.26270425465483958491E-0034  0.00000000000000000000E+0000  2.32022081474837830337E+0002  0.00000000000000000000E+0000  0.00000000000000000000E+0000  2.32022270818026861150E+0002  0.00000000000000000000E+0000  0.00000000000000000000E+0000  0.00000000000000000000E+0000  0.00000000000000000000E+0000  0.00000000000000000000E+0000 -1.40873439335228259368E-0007 -2.17483359823049183157E+0000  0.00000000000000000000E+0000  0.00000000000000000000E+0000  0.00000000000000000000E+0000 -1.21855252315003241009E-0003
 1.39000000000000000003E-0006  0.00000000000000000000E+0000  2.13666280382105851444E-0003  7.53221775762152843087E-0005  2.13666280382105851444E-0003  1.04999999999999999996E+0000  1.39365418710152888526E+0000  1.46608279126234498002E+0000  1.31069571699823790405E+0000  0.00000000000000000000E+0000  2.34433159148802059510E+0002  0.00000000000000000000E+0000  4.57137262669980956322E-0040  4.59601271947561603213E-0003  1.26270669870445900431E-0034  0.00000000000000000000E+0000  2.32022085528547089131E+0002  0.00000000000000000000E+0000  0.00000000000000000000E+0000  2.32022286294292956574E+0002  0.00000000000000000000E+0000  0.00000000000000000000E+0000  0.00000000000000000000E+0000  0.00000000000000000000E+0000  0.00000000000000000000E+0000 -1.47277684404263806514E-0007 -2.17483423009015828511E+0000  0.00000000000000000000E+0000  0.00000000000000000000E+0000  0.00000000000000000000E+0000 -1.14128614140345104820E-0003
 1.41699999999999999995E-0006  0.00000000000000000000E+0000  2.00747518140927822083E-0003  7.08727760645094313321E-0005  2.00747518140927822083E-0003  1.04999999999999999996E+0000  1.39365419221847291120E+0000  1.46608280600900158300E+0000  1.31069574811125225892E+0000  0.00000000000000000000E+0000  2.34433159148802059510E+0002  0.00000000000000000000E+0000  4.57137171822424499501E-0040  4.59601243057218206295E-0003  1.26270894598206843982E-0034  0.00000000000000000000E+0000  2.32022092709108093508E+0002  0.00000000000000000000E+0000  0.00000000000000000000E+0000  2.32022294718409352293E+0002  0.00000000000000000000E+0000  0.00000000000000000000E+0000  0.00000000000000000000E+0000  0.00000000000000000000E+0000  0.00000000000000000000E+0000 -1.47848387978819089653E-0007 -2.17484216883407031700E+0000  0.00000000000000000000E+0000  0.00000000000000000000E+0000  0.00000000000000000000E+0000 -1.06776482991510657406E-0003
 1.44600000000000000000E-0006  0.00000000000000000000E+0000  1.88636746376153477331E-0003  6.76616558846930730564E-0005  1.88636746376153477331E-0003  1.04999999999999999996E+0000  1.39365419777021148375E+0000  1.46608282128106940159E+0000  1.31069578028392841199E+0000  0.00000000000000000000E+0000  2.34433159148802059510E+0002  0.00000000000000000000E+0000  4.57137083558006205128E-0040  4.59601216944484341924E-0003  1.26271126090145248221E-0034  0.00000000000000000000E+0000  2.32022094552817101612E+0002  0.00000000000000000000E+0000  0.00000000000000000000E+0000  2.32022309248713884913E+0002  0.00000000000000000000E+0000  0.00000000000000000000E+0000  0.00000000000000000000E+0000  0.00000000000000000000E+0000  0.00000000000000000000E+0000 -1.52386864944567377774E-0007 -2.17484459134885900369E+0000  0.00000000000000000000E+0000  0.00000000000000000000E+0000  0.00000000000000000000E+0000 -9.97028558284788807899E-0004
 1.47500000000000000005E-0006  0.00000000000000000000E+0000  1.76162566554990782747E-0003  6.26520804513201671926E-0005  1.76162566554990782747E-0003  1.04999999999999999996E+0000  1.39365420338430947937E+0000  1.46608283537848049533E+0000  1.31069580992687770066E+0000  0.00000000000000000000E+0000  2.34433159148802059510E+0002  0.00000000000000000000E+0000  4.57137018360281882513E-0040  4.59601204503614455540E-0003  1.26271337359566953594E-0034  0.00000000000000000000E+0000  2.32022104530444707324E+0002  0.00000000000000000000E+0000  0.00000000000000000000E+0000  2.32022314742573564431E+0002  0.00000000000000000000E+0000  0.00000000000000000000E+0000  0.00000000000000000000E+0000  0.00000000000000000000E+0000  0.00000000000000000000E+0000 -1.36127318796179398402E-0007 -2.17487433745166973713E+0000  0.00000000000000000000E+0000  0.00000000000000000000E+0000  0.00000000000000000000E+0000 -9.34008316170964063382E-0004
 1.50399999999999999999E-0006  0.00000000000000000000E+0000  1.65116653805172016501E-0003  6.14983871891652419446E-0005  1.65116653805172016501E-0003  1.04999999999999999996E+0000  1.39365420894141323776E+0000  1.46608284879532061069E+0000  1.31069583815615668221E+0000  0.00000000000000000000E+0000  2.34433159148802059510E+0002  0.00000000000000000000E+0000  4.57136961328419426934E-0040  4.59601195391573384291E-0003  1.26271537764254106988E-0034  0.00000000000000000000E+0000  2.32022111952907109295E+0002  0.00000000000000000000E+0000  0.00000000000000000000E+0000  2.32022321101118559408E+0002  0.00000000000000000000E+0000  0.00000000000000000000E+0000  0.00000000000000000000E+0000  0.00000000000000000000E+0000  0.00000000000000000000E+0000 -1.35251464600576199684E-0007 -2.17488299615283685491E+0000  0.00000000000000000000E+0000  0.00000000000000000000E+0000  0.00000000000000000000E+0000 -8.74028241527400294400E-0004
 1.53400000000000000000E-0006  0.00000000000000000000E+0000  1.54861142652079539748E-0003  5.82028117000082465533E-0005  1.54861142652079539748E-0003  1.04999999999999999996E+0000  1.39365421460327341778E+0000  1.46608286198591959910E+0000  1.31069586593691036515E+0000  0.00000000000000000000E+0000  2.34433159148802059510E+0002  0.00000000000000000000E+0000  4.57136909020651728427E-0040  4.59601187987250311645E-0003  1.26271734128517857959E-0034  0.00000000000000000000E+0000  2.32022116806831126129E+0002  0.00000000000000000000E+0000  0.00000000000000000000E+0000  2.32022328702789799912E+0002  0.00000000000000000000E+0000  0.00000000000000000000E+0000  0.00000000000000000000E+0000  0.00000000000000000000E+0000  0.00000000000000000000E+0000 -1.35062610968379692911E-0007 -2.17489045261576203843E+0000  0.00000000000000000000E+0000  0.00000000000000000000E+0000  0.00000000000000000000E+0000 -8.15467141559803712237E-0004
 1.56499999999999999997E-0006  0.00000000000000000000E+0000  1.44923013061433618694E-0003  5.49861266870625811872E-0005  1.44923013061433618694E-0003  1.04999999999999999996E+0000  1.39365422035084292112E+0000  1.46608287494177993288E+0000  1.31069589325498163065E+0000  0.00000000000000000000E+0000  2.34433159148802059510E+0002  0.00000000000000000000E+0000  4.57136861840620121770E-0040  4.59601182859160424203E-0003  1.26271926372524422051E-0034  0.00000000000000000000E+0000  2.32022121033629092110E+0002  0.00000000000000000000E+0000  0.00000000000000000000E+0000  2.32022335434958336411E+0002  0.00000000000000000000E+0000  0.00000000000000000000E+0000  0.00000000000000000000E+0000  0.00000000000000000000E+0000  0.00000000000000000000E+0000 -1.34126620047262745872E-0007 -2.17489870407733535654E+0000  0.00000000000000000000E+0000  0.00000000000000000000E+0000  0.00000000000000000000E+0000 -7.59739088688503052338E-0004
 1.59600000000000000004E-0006  0.00000000000000000000E+0000  1.35462134292679868090E-0003  5.21692231119447752961E-0005  1.35462134292679868090E-0003  1.04999999999999999996E+0000  1.39365422597806915938E+0000  1.46608288724665429548E+0000  1.31069591923786272483E+0000  0.00000000000000000000E+0000  2.34433159148802059510E+0002  0.00000000000000000000E+0000  4.57136821663855265223E-0040  4.59601180754620855355E-0003  1.26272108269050380020E-0034  0.00000000000000000000E+0000  2.32022125957659135623E+0002  0.00000000000000000000E+0000  0.00000000000000000000E+0000  2.32022339534550257570E+0002  0.00000000000000000000E+0000  0.00000000000000000000E+0000  0.00000000000000000000E+0000  0.00000000000000000000E+0000  0.00000000000000000000E+0000 -1.31154320949047860094E-0007 -2.17490931204065797043E+0000  0.00000000000000000000E+0000  0.00000000000000000000E+0000  0.00000000000000000000E+0000 -7.07761619938973685531E-0004
 1.62799999999999999996E-0006  0.00000000000000000000E+0000  1.26596844582450041462E-0003  4.97546111199575851904E-0005  1.26596844582450041462E-0003  1.04999999999999999996E+0000  1.39365423165935301746E+0000  1.46608289931237356835E+0000  1.31069594474249259859E+0000  0.00000000000000000000E+0000  2.34433159148802059510E+0002  0.00000000000000000000E+0000  4.57136787031050176776E-0040  4.59601181973041747353E-0003  1.26272286017572027002E-0034  0.00000000000000000000E+0000  2.32022129915506797729E+0002  0.00000000000000000000E+0000  0.00000000000000000000E+0000  2.32022344358828750244E+0002  0.00000000000000000000E+0000  0.00000000000000000000E+0000  0.00000000000000000000E+0000  0.00000000000000000000E+0000  0.00000000000000000000E+0000 -1.28682400207016677923E-0007 -2.17491894245430029769E+0000  0.00000000000000000000E+0000  0.00000000000000000000E+0000  0.00000000000000000000E+0000 -6.58773720697742081369E-0004
 1.66099999999999999995E-0006  0.00000000000000000000E+0000  1.18095352858795429704E-0003  4.72603003899206359121E-0005  1.18095352858795429704E-0003  1.04999999999999999996E+0000  1.39365423738102466099E+0000  1.46608291111679911640E+0000  1.31069596971130426083E+0000  0.00000000000000000000E+0000  2.34433159148802059510E+0002  0.00000000000000000000E+0000  4.57136758391088872576E-0040  4.59601186926908683022E-0003  1.26272459155512559633E-0034  0.00000000000000000000E+0000  2.32022134378165964627E+0002  0.00000000000000000000E+0000  0.00000000000000000000E+0000  2.32022348142162736576E+0002  0.00000000000000000000E+0000  0.00000000000000000000E+0000  0.00000000000000000000E+0000  0.00000000000000000000E+0000  0.00000000000000000000E+0000 -1.25520061952369255796E-0007 -2.17492925754720727353E+0000  0.00000000000000000000E+0000  0.00000000000000000000E+0000  0.00000000000000000000E+0000 -6.12290992967943205329E-0004
 1.69400000000000000004E-0006  0.00000000000000000000E+0000  1.10051372788066443367E-0003  4.48025557086963858814E-0005  1.10051372788066443367E-0003  1.04999999999999999996E+0000  1.39365424294572922543E+0000  1.46608292226618587312E+0000  1.31069599330667515842E+0000  0.00000000000000000000E+0000  2.34433159148802059510E+0002  0.00000000000000000000E+0000  4.57136736741761576087E-0040  4.59601195482846045226E-0003  1.26272621806236215963E-0034  0.00000000000000000000E+0000  2.32022140027296215267E+0002  0.00000000000000000000E+0000  0.00000000000000000000E+0000  2.32022349528754880124E+0002  0.00000000000000000000E+0000  0.00000000000000000000E+0000  0.00000000000000000000E+0000  0.00000000000000000000E+0000  0.00000000000000000000E+0000 -1.20679810959349400351E-0007 -2.17494145015599855118E+0000  0.00000000000000000000E+0000  0.00000000000000000000E+0000  0.00000000000000000000E+0000 -5.69355374461852046960E-0004
 1.72799999999999999999E-0006  0.00000000000000000000E+0000  1.02574880791069023553E-0003  4.25490681052867095611E-0005  1.02574880791069023553E-0003  1.04999999999999999996E+0000  1.39365424850451591939E+0000  1.46608293306865346576E+0000  1.31069601616935925762E+0000  0.00000000000000000000E+0000  2.34433159148802059510E+0002  0.00000000000000000000E+0000  4.57136720894576666414E-0040  4.59601207444652639252E-0003  1.26272778573524447091E-0034  0.00000000000000000000E+0000  2.32022145086800787070E+0002  0.00000000000000000000E+0000  0.00000000000000000000E+0000  2.32022351481397932541E+0002  0.00000000000000000000E+0000  0.00000000000000000000E+0000  0.00000000000000000000E+0000  0.00000000000000000000E+0000  0.00000000000000000000E+0000 -1.16388314029777563644E-0007 -2.17495259513022950321E+0000  0.00000000000000000000E+0000  0.00000000000000000000E+0000  0.00000000000000000000E+0000 -5.29263091269966303071E-0004
 1.76200000000000000004E-0006  0.00000000000000000000E+0000  9.55326832282174414908E-0004  4.02336767752288372296E-0005  9.55326832282174414908E-0004  1.04999999999999999996E+0000  1.39365425386422922245E+0000  1.46608294315816175776E+0000  1.31069603752083169753E+0000  0.00000000000000000000E+0000  2.34433159148802059510E+0002  0.00000000000000000000E+0000  4.57136711124026722918E-0040  4.59601221967861201609E-0003  1.26272924044124004812E-0034  0.00000000000000000000E+0000  2.32022150885801438411E+0002  0.00000000000000000000E+0000  0.00000000000000000000E+0000  2.32022351241520313300E+0002  0.00000000000000000000E+0000  0.00000000000000000000E+0000  0.00000000000000000000E+0000  0.00000000000000000000E+0000  0.00000000000000000000E+0000 -1.10675140341424582708E-0007 -2.17496529843625256294E+0000  0.00000000000000000000E+0000  0.00000000000000000000E+0000  0.00000000000000000000E+0000 -4.92340010433387831496E-0004
 1.79800000000000000000E-0006  0.00000000000000000000E+0000  8.89538842654678688455E-0004  3.81423042761869785605E-0005  8.89538842654678688455E-0004  1.04999999999999999996E+0000  1.39365425932075954194E+0000  1.46608295309315638238E+0000  1.31069605853573668385E+0000  0.00000000000000000000E+0000  2.34433159148802059510E+0002  0.00000000000000000000E+0000  4.57136705963256874092E-0040  4.59601239112931954483E-0003  1.26273066638895959039E-0034  0.00000000000000000000E+0000  2.32022155369191778226E+0002  0.00000000000000000000E+0000  0.00000000000000000000E+0000  2.32022352502022061738E+0002  0.00000000000000000000E+0000  0.00000000000000000000E+0000  0.00000000000000000000E+0000  0.00000000000000000000E+0000  0.00000000000000000000E+0000 -1.06330322454274081742E-0007 -2.17497597242657071930E+0000  0.00000000000000000000E+0000  0.00000000000000000000E+0000  0.00000000000000000000E+0000 -4.57130741578430459435E-0004
 1.83300000000000000001E-0006  0.00000000000000000000E+0000  8.26651642986434809653E-0004  3.59588365031046077747E-0005  8.26651642986434809653E-0004  1.04999999999999999996E+0000  1.39365426437939568614E+0000  1.46608296200202247426E+0000  1.31069607737767619194E+0000  0.00000000000000000000E+0000  2.34433159148802059510E+0002  0.00000000000000000000E+0000  4.57136705518407934810E-0040  4.59601256675573993904E-0003  1.26273193529894914282E-0034  0.00000000000000000000E+0000  2.32022161293195510745E+0002  0.00000000000000000000E+0000  0.00000000000000000000E+0000  2.32022349272831353018E+0002  0.00000000000000000000E+0000  0.00000000000000000000E+0000  0.00000000000000000000E+0000  0.00000000000000000000E+0000  0.00000000000000000000E+0000 -9.89905072908357201176E-0008 -2.17499031203752755275E+0000  0.00000000000000000000E+0000  0.00000000000000000000E+0000  0.00000000000000000000E+0000 -4.25065520031736730264E-0004
 1.87000000000000000004E-0006  0.00000000000000000000E+0000  7.69343607697364952811E-0004  3.41459375669235871235E-0005  7.69343607697364952811E-0004  1.04999999999999999996E+0000  1.39365426946148649107E+0000  1.46608297066825008946E+0000  1.31069609570421291924E+0000  0.00000000000000000000E+0000  2.34433159148802059510E+0002  0.00000000000000000000E+0000  4.57136708373666247649E-0040  4.59601275518961005563E-0003  1.26273316652669592345E-0034  0.00000000000000000000E+0000  2.32022165067580340356E+0002  0.00000000000000000000E+0000  0.00000000000000000000E+0000  2.32022348413000405618E+0002  0.00000000000000000000E+0000  0.00000000000000000000E+0000  0.00000000000000000000E+0000  0.00000000000000000000E+0000  0.00000000000000000000E+0000 -9.37230850821528536786E-0008 -2.17500164716883369049E+0000  0.00000000000000000000E+0000  0.00000000000000000000E+0000  0.00000000000000000000E+0000 -3.94777476232678637000E-0004
 1.90799999999999999993E-0006  0.00000000000000000000E+0000  7.13490292756126318446E-0004  3.21783733730302240574E-0005  7.13490292756126318446E-0004  1.04999999999999999996E+0000  1.39365427439530445940E+0000  1.46608297883980927539E+0000  1.31069611299348981177E+0000  0.00000000000000000000E+0000  2.34433159148802059510E+0002  0.00000000000000000000E+0000  4.57136713813092726874E-0040  4.59601294332326392150E-0003  1.26273432323485525965E-0034  0.00000000000000000000E+0000  2.32022169182465489295E+0002  0.00000000000000000000E+0000  0.00000000000000000000E+0000  2.32022345174718352970E+0002  0.00000000000000000000E+0000  0.00000000000000000000E+0000  0.00000000000000000000E+0000  0.00000000000000000000E+0000  0.00000000000000000000E+0000 -8.71714813419163090784E-0008 -2.17501455546718645666E+0000  0.00000000000000000000E+0000  0.00000000000000000000E+0000  0.00000000000000000000E+0000 -3.65910317706465531986E-0004
 1.94600000000000000002E-0006  0.00000000000000000000E+0000  6.60698848338970040010E-0004  3.04176398742096959099E-0005  6.60698848338970040010E-0004  1.04999999999999999996E+0000  1.39365427902558312509E+0000  1.46608298633079969038E+0000  1.31069612886585363804E+0000  0.00000000000000000000E+0000  2.34433159148802059510E+0002  0.00000000000000000000E+0000  4.57136720749854393772E-0040  4.59601312131725802025E-0003  1.26273538133932504407E-0034  0.00000000000000000000E+0000  2.32022173302991632921E+0002  0.00000000000000000000E+0000  0.00000000000000000000E+0000  2.32022339980010617225E+0002  0.00000000000000000000E+0000  0.00000000000000000000E+0000  0.00000000000000000000E+0000  0.00000000000000000000E+0000  0.00000000000000000000E+0000 -7.96383178078090745553E-0008 -2.17502852747298051016E+0000  0.00000000000000000000E+0000  0.00000000000000000000E+0000  0.00000000000000000000E+0000 -3.39172643562177079310E-0004
 1.98499999999999999997E-0006  0.00000000000000000000E+0000  6.11517176227131230166E-0004  2.87920416435692732711E-0005  6.11517176227131230166E-0004  1.04999999999999999996E+0000  1.39365428346212548265E+0000  1.46608299339724330694E+0000  1.31069614387206415313E+0000  0.00000000000000000000E+0000  2.34433159148802059510E+0002  0.00000000000000000000E+0000  4.57136728430520471590E-0040  4.59601329188103856244E-0003  1.26273638081074457658E-0034  0.00000000000000000000E+0000  2.32022176605857828408E+0002  0.00000000000000000000E+0000  0.00000000000000000000E+0000  2.32022334766124991662E+0002  0.00000000000000000000E+0000  0.00000000000000000000E+0000  0.00000000000000000000E+0000  0.00000000000000000000E+0000  0.00000000000000000000E+0000 -7.25756532870439419029E-0008 -2.17504165993855451823E+0000  0.00000000000000000000E+0000  0.00000000000000000000E+0000  0.00000000000000000000E+0000 -3.14131859917611687900E-0004
 2.02399999999999999991E-0006  0.00000000000000000000E+0000  5.64868260181817363008E-0004  2.71569912831854081298E-0005  5.64868260181817363008E-0004  1.04999999999999999996E+0000  1.39365428757641789830E+0000  1.46608299991346415197E+0000  1.31069615775099948638E+0000  0.00000000000000000000E+0000  2.34433159148802059510E+0002  0.00000000000000000000E+0000  4.57136735965400140836E-0040  4.59601344891174680713E-0003  1.26273730421017180788E-0034  0.00000000000000000000E+0000  2.32022180051170764839E+0002  0.00000000000000000000E+0000  0.00000000000000000000E+0000  2.32022327932658459324E+0002  0.00000000000000000000E+0000  0.00000000000000000000E+0000  0.00000000000000000000E+0000  0.00000000000000000000E+0000  0.00000000000000000000E+0000 -6.48429577817763612402E-0008 -2.17505547826372321171E+0000  0.00000000000000000000E+0000  0.00000000000000000000E+0000  0.00000000000000000000E+0000 -2.90885452558378943322E-0004
 2.06499999999999999998E-0006  0.00000000000000000000E+0000  5.21073905473153054330E-0004  2.56506870204800806045E-0005  5.21073905473153054330E-0004  1.04999999999999999996E+0000  1.39365429158129203581E+0000  1.46608300628299993706E+0000  1.31069617135715742878E+0000  0.00000000000000000000E+0000  2.34433159148802059510E+0002  0.00000000000000000000E+0000  4.57136743133280400105E-0040  4.59601360148618784970E-0003  1.26273821128810903375E-0034  0.00000000000000000000E+0000  2.32022182711892193424E+0002  0.00000000000000000000E+0000  0.00000000000000000000E+0000  2.32022321849835317251E+0002  0.00000000000000000000E+0000  0.00000000000000000000E+0000  0.00000000000000000000E+0000  0.00000000000000000000E+0000  0.00000000000000000000E+0000 -5.82045209371147222411E-0008 -2.17506770360671276192E+0000  0.00000000000000000000E+0000  0.00000000000000000000E+0000  0.00000000000000000000E+0000 -2.68674872426694075197E-0004
 2.10600000000000000006E-0006  0.00000000000000000000E+0000  4.78745099679281690379E-0004  2.41290298423907029613E-0005  4.78745099679281690379E-0004  1.04999999999999999996E+0000  1.39365429527155022609E+0000  1.46608301223893980466E+0000  1.31069618411406023937E+0000  0.00000000000000000000E+0000  2.34433159148802059510E+0002  0.00000000000000000000E+0000  4.57136749276580558059E-0040  4.59601374269295045716E-0003  1.26273906285430596710E-0034  0.00000000000000000000E+0000  2.32022186084512495208E+0002  0.00000000000000000000E+0000  0.00000000000000000000E+0000  2.32022313846465162240E+0002  0.00000000000000000000E+0000  0.00000000000000000000E+0000  0.00000000000000000000E+0000  0.00000000000000000000E+0000  0.00000000000000000000E+0000 -5.07061408392496541589E-0008 -2.17508092452188830706E+0000  0.00000000000000000000E+0000  0.00000000000000000000E+0000  0.00000000000000000000E+0000 -2.47873595641376369214E-0004
 2.14799999999999999998E-0006  0.00000000000000000000E+0000  4.39540792318871111836E-0004  2.27754256545670172277E-0005  4.39540792318871111836E-0004  1.04999999999999999996E+0000  1.39365429875172354109E+0000  1.46608301798697308047E+0000  1.31069619644111270431E+0000  0.00000000000000000000E+0000  2.34433159148802059510E+0002  0.00000000000000000000E+0000  4.57136754377341729453E-0040  4.59601387880670342481E-0003  1.26273988794328350718E-0034  0.00000000000000000000E+0000  2.32022189053305372922E+0002  0.00000000000000000000E+0000  0.00000000000000000000E+0000  2.32022306458584719094E+0002  0.00000000000000000000E+0000  0.00000000000000000000E+0000  0.00000000000000000000E+0000  0.00000000000000000000E+0000  0.00000000000000000000E+0000 -4.41470001561085158887E-0008 -2.17509271733244830818E+0000  0.00000000000000000000E+0000  0.00000000000000000000E+0000  0.00000000000000000000E+0000 -2.28425002290009794039E-0004
 2.19099999999999999997E-0006  0.00000000000000000000E+0000  4.02659971597876871657E-0004  2.14153147187659556044E-0005  4.02659971597876871657E-0004  1.04999999999999999996E+0000  1.39365430203675111115E+0000  1.46608302356905961729E+0000  1.31069620839974000626E+0000  0.00000000000000000000E+0000  2.34433159148802059510E+0002  0.00000000000000000000E+0000  4.57136758588975954324E-0040  4.59601401373595782753E-0003  1.26274069049522567708E-0034  0.00000000000000000000E+0000  2.32022192034408588898E+0002  0.00000000000000000000E+0000  0.00000000000000000000E+0000  2.32022299189059444294E+0002  0.00000000000000000000E+0000  0.00000000000000000000E+0000  0.00000000000000000000E+0000  0.00000000000000000000E+0000  0.00000000000000000000E+0000 -3.81350304190151206893E-0008 -2.17510363967646812907E+0000  0.00000000000000000000E+0000  0.00000000000000000000E+0000  0.00000000000000000000E+0000 -2.10141074970679351242E-0004
 2.23500000000000000003E-0006  0.00000000000000000000E+0000  3.68260882517785367294E-0004  2.01212177303757114301E-0005  3.68260882517785367294E-0004  1.04999999999999999996E+0000  1.39365430514893543889E+0000  1.46608302901678926435E+0000  1.31069622002305258745E+0000  0.00000000000000000000E+0000  2.34433159148802059510E+0002  0.00000000000000000000E+0000  4.57136762281749996973E-0040  4.59601415208752040066E-0003  1.26274147235712490832E-0034  0.00000000000000000000E+0000  2.32022194993020184975E+0002  0.00000000000000000000E+0000  0.00000000000000000000E+0000  2.32022292373583561481E+0002  0.00000000000000000000E+0000  0.00000000000000000000E+0000  0.00000000000000000000E+0000  0.00000000000000000000E+0000  0.00000000000000000000E+0000 -3.28477223784479171869E-0008 -2.17511345045205476962E+0000  0.00000000000000000000E+0000  0.00000000000000000000E+0000  0.00000000000000000000E+0000 -1.93016810434963943575E-0004
 2.27999999999999999993E-0006  0.00000000000000000000E+0000  3.36477270234932117171E-0004  1.88995810197104155136E-0005  3.36477270234932117171E-0004  1.04999999999999999996E+0000  1.39365430811646549521E+0000  1.46608303435045087449E+0000  1.31069623131737600027E+0000  0.00000000000000000000E+0000  2.34433159148802059510E+0002  0.00000000000000000000E+0000  4.57136766023321650232E-0040  4.59601429896121703306E-0003  1.26274223327800314905E-0034  0.00000000000000000000E+0000  2.32022197887084789550E+0002  0.00000000000000000000E+0000  0.00000000000000000000E+0000  2.32022286316901135292E+0002  0.00000000000000000000E+0000  0.00000000000000000000E+0000  0.00000000000000000000E+0000  0.00000000000000000000E+0000  0.00000000000000000000E+0000 -2.84241410550226983942E-0008 -2.17512195909464196961E+0000  0.00000000000000000000E+0000  0.00000000000000000000E+0000  0.00000000000000000000E+0000 -1.77055820448292741589E-0004
 2.32500000000000000005E-0006  0.00000000000000000000E+0000  3.07557161190645913233E-0004  1.77470712581595426536E-0005  3.07557161190645913233E-0004  1.04999999999999999996E+0000  1.39365431090294937218E+0000  1.46608303946033484281E+0000  1.31069624201832843856E+0000  0.00000000000000000000E+0000  2.34433159148802059510E+0002  0.00000000000000000000E+0000  4.57136770416105748036E-0040  4.59601445607390046993E-0003  1.26274295435281177631E-0034  0.00000000000000000000E+0000  2.32022200803706277278E+0002  0.00000000000000000000E+0000  0.00000000000000000000E+0000  2.32022280887470428057E+0002  0.00000000000000000000E+0000  0.00000000000000000000E+0000  0.00000000000000000000E+0000  0.00000000000000000000E+0000  0.00000000000000000000E+0000 -2.46576718527653393819E-0008 -2.17512940453495471661E+0000  0.00000000000000000000E+0000  0.00000000000000000000E+0000  0.00000000000000000000E+0000 -1.62494152787869722870E-0004
 2.37200000000000000008E-0006  0.00000000000000000000E+0000  2.81689696687461159125E-0004  1.66828945751438229194E-0005  2.81689696687461159125E-0004  1.04999999999999999996E+0000  1.39365431367253301827E+0000  1.46608304457920877854E+0000  1.31069625258407377016E+0000  0.00000000000000000000E+0000  2.34433159148802059510E+0002  0.00000000000000000000E+0000  4.57136776304829832013E-0040  4.59601463423363767837E-0003  1.26274366572678400539E-0034  0.00000000000000000000E+0000  2.32022203240367138541E+0002  0.00000000000000000000E+0000  0.00000000000000000000E+0000  2.32022277476922041281E+0002  0.00000000000000000000E+0000  0.00000000000000000000E+0000  0.00000000000000000000E+0000  0.00000000000000000000E+0000  0.00000000000000000000E+0000 -2.24858194012694130688E-0008 -2.17513457609763020983E+0000  0.00000000000000000000E+0000  0.00000000000000000000E+0000  0.00000000000000000000E+0000 -1.48935289133242194034E-0004
 2.41899999999999999991E-0006  0.00000000000000000000E+0000  2.58020533574655877733E-0004  1.56286479399261434195E-0005  2.58020533574655877733E-0004  1.04999999999999999996E+0000  1.39365431633363588660E+0000  1.46608304947339290259E+0000  1.31069626251591565380E+0000  0.00000000000000000000E+0000  2.34433159148802059510E+0002  0.00000000000000000000E+0000  4.57136784275430500622E-0040  4.59601483028307922010E-0003  1.26274433250671699041E-0034  0.00000000000000000000E+0000  2.32022205902545854778E+0002  0.00000000000000000000E+0000  0.00000000000000000000E+0000  2.32022274407062839091E+0002  0.00000000000000000000E+0000  0.00000000000000000000E+0000  0.00000000000000000000E+0000  0.00000000000000000000E+0000  0.00000000000000000000E+0000 -2.05940681636811119122E-0008 -2.17513921328438696902E+0000  0.00000000000000000000E+0000  0.00000000000000000000E+0000  0.00000000000000000000E+0000 -1.36579552271451205310E-0004
 2.46800000000000000006E-0006  0.00000000000000000000E+0000  2.37168726812323413486E-0004  1.47064755532387093231E-0005  2.37168726812323413486E-0004  1.04999999999999999996E+0000  1.39365431903051534225E+0000  1.46608305433683493082E+0000  1.31069627220693572106E+0000  0.00000000000000000000E+0000  2.34433159148802059510E+0002  0.00000000000000000000E+0000  4.57136795049306520028E-0040  4.59601505262145582148E-0003  1.26274498057390748810E-0034  0.00000000000000000000E+0000  2.32022208160447281508E+0002  0.00000000000000000000E+0000  0.00000000000000000000E+0000  2.32022273302027556022E+0002  0.00000000000000000000E+0000  0.00000000000000000000E+0000  0.00000000000000000000E+0000  0.00000000000000000000E+0000  0.00000000000000000000E+0000 -2.00869597732739239594E-0008 -2.17514185670313663881E+0000  0.00000000000000000000E+0000  0.00000000000000000000E+0000  0.00000000000000000000E+0000 -1.25170267158370328321E-0004
 2.51700000000000000001E-0006  0.00000000000000000000E+0000  2.18206836707548552558E-0004  1.37868264224233635705E-0005  2.18206836707548552558E-0004  1.04999999999999999996E+0000  1.39365432166832839617E+0000  1.46608305894163373556E+0000  1.31069628121766841122E+0000  0.00000000000000000000E+0000  2.34433159148802059510E+0002  0.00000000000000000000E+0000  4.57136808663697844328E-0040  4.59601529225215292196E-0003  1.26274557889405123200E-0034  0.00000000000000000000E+0000  2.32022210573106877102E+0002  0.00000000000000000000E+0000  0.00000000000000000000E+0000  2.32022272454189271568E+0002  0.00000000000000000000E+0000  0.00000000000000000000E+0000  0.00000000000000000000E+0000  0.00000000000000000000E+0000  0.00000000000000000000E+0000 -1.96579904865823423318E-0008 -2.17514424520229539273E+0000  0.00000000000000000000E+0000  0.00000000000000000000E+0000  0.00000000000000000000E+0000 -1.14842275256865490531E-0004
 2.56700000000000000002E-0006  0.00000000000000000000E+0000  2.01631024028971825337E-0004  1.29743553804291816173E-0005  2.01631024028971825337E-0004  1.04999999999999999996E+0000  1.39365432431139268119E+0000  1.46608306336027583881E+0000  1.31069628972465848269E+0000  0.00000000000000000000E+0000  2.34433159148802059510E+0002  0.00000000000000000000E+0000  4.57136825293875590295E-0040  4.59601555006752584748E-0003  1.26274613897493941792E-0034  0.00000000000000000000E+0000  2.32022212700772230032E+0002  0.00000000000000000000E+0000  0.00000000000000000000E+0000  2.32022272837906376866E+0002  0.00000000000000000000E+0000  0.00000000000000000000E+0000  0.00000000000000000000E+0000  0.00000000000000000000E+0000  0.00000000000000000000E+0000 -1.99636966702722198746E-0008 -2.17514549918246387610E+0000  0.00000000000000000000E+0000  0.00000000000000000000E+0000  0.00000000000000000000E+0000 -1.05494470517587414929E-0004
 2.61899999999999999995E-0006  0.00000000000000000000E+0000  1.86690172225869426318E-0004  1.21876111069554484622E-0005  1.86690172225869426318E-0004  1.04999999999999999996E+0000  1.39365432701218611503E+0000  1.46608306765067836468E+0000  1.31069629788454235046E+0000  0.00000000000000000000E+0000  2.34433159148802059510E+0002  0.00000000000000000000E+0000  4.57136845079564993153E-0040  4.59601582627685352155E-0003  1.26274667103931553861E-0034  0.00000000000000000000E+0000  2.32022214671678739653E+0002  0.00000000000000000000E+0000  0.00000000000000000000E+0000  2.32022274093718943302E+0002  0.00000000000000000000E+0000  0.00000000000000000000E+0000  0.00000000000000000000E+0000  0.00000000000000000000E+0000  0.00000000000000000000E+0000 -2.07374825240575827587E-0008 -2.17514602177379377497E+0000  0.00000000000000000000E+0000  0.00000000000000000000E+0000  0.00000000000000000000E+0000 -9.68397295763652375198E-0005
 2.67100000000000000009E-0006  0.00000000000000000000E+0000  1.72821804291163268116E-0004  1.14287249694116996579E-0005  1.72821804291163268116E-0004  1.04999999999999999996E+0000  1.39365432965519175739E+0000  1.46608307161983261030E+0000  1.31069630538552863743E+0000  0.00000000000000000000E+0000  2.34433159148802059510E+0002  0.00000000000000000000E+0000  4.57136866836504905421E-0040  4.59601610320336513006E-0003  1.26274715334988513798E-0034  0.00000000000000000000E+0000  2.32022216706767005392E+0002  0.00000000000000000000E+0000  0.00000000000000000000E+0000  2.32022274935177649821E+0002  0.00000000000000000000E+0000  0.00000000000000000000E+0000  0.00000000000000000000E+0000  0.00000000000000000000E+0000  0.00000000000000000000E+0000 -2.10410167410744277836E-0008 -2.17514705728029891698E+0000  0.00000000000000000000E+0000  0.00000000000000000000E+0000  0.00000000000000000000E+0000 -8.89906301821885925513E-0005
 2.72400000000000000008E-0006  0.00000000000000000000E+0000  1.60380307510728290709E-0004  1.07583767708302025231E-0005  1.60380307510728290709E-0004  1.04999999999999999996E+0000  1.39365433227363565995E+0000  1.46608307533273121638E+0000  1.31069631241070221517E+0000  0.00000000000000000000E+0000  2.34433159148802059510E+0002  0.00000000000000000000E+0000  4.57136890242966838159E-0040  4.59601637911727256577E-0003  1.26274759891177506784E-0034  0.00000000000000000000E+0000  2.32022218487388505334E+0002  0.00000000000000000000E+0000  0.00000000000000000000E+0000  2.32022276095745703189E+0002  0.00000000000000000000E+0000  0.00000000000000000000E+0000  0.00000000000000000000E+0000  0.00000000000000000000E+0000  0.00000000000000000000E+0000 -2.14203226374951385665E-0008 -2.17514787840779381749E+0000  0.00000000000000000000E+0000  0.00000000000000000000E+0000  0.00000000000000000000E+0000 -8.18471632559080232763E-0005
 2.77899999999999999999E-0006  0.00000000000000000000E+0000  1.48759910314801720093E-0004  1.01039118634385715424E-0005  1.48759910314801720093E-0004  1.04999999999999999996E+0000  1.39365433489059121163E+0000  1.46608307884519930913E+0000  1.31069631912418600695E+0000  0.00000000000000000000E+0000  2.34433159148802059510E+0002  0.00000000000000000000E+0000  4.57136914906300373004E-0040  4.59601665140999459623E-0003  1.26274801904498387369E-0034  0.00000000000000000000E+0000  2.32022220112661253427E+0002  0.00000000000000000000E+0000  0.00000000000000000000E+0000  2.32022277230242512755E+0002  0.00000000000000000000E+0000  0.00000000000000000000E+0000  0.00000000000000000000E+0000  0.00000000000000000000E+0000  0.00000000000000000000E+0000 -2.16732391296397361692E-0008 -2.17514879627842758073E+0000  0.00000000000000000000E+0000  0.00000000000000000000E+0000  0.00000000000000000000E+0000 -7.51783143953535275198E-0005
 2.83499999999999999997E-0006  0.00000000000000000000E+0000  1.37480284122974025250E-0004  9.47095237596814956061E-0006  1.37480284122974025250E-0004  1.04999999999999999996E+0000  1.39365433742792988240E+0000  1.46608308208475920551E+0000  1.31069632543832371812E+0000  0.00000000000000000000E+0000  2.34433159148802059510E+0002  0.00000000000000000000E+0000  4.57136939448058334652E-0040  4.59601690678784773379E-0003  1.26274840844240456132E-0034  0.00000000000000000000E+0000  2.32022221715120128965E+0002  0.00000000000000000000E+0000  0.00000000000000000000E+0000  2.32022277533620142856E+0002  0.00000000000000000000E+0000  0.00000000000000000000E+0000  0.00000000000000000000E+0000  0.00000000000000000000E+0000  0.00000000000000000000E+0000 -2.12670819022505299164E-0008 -2.17515053276398821758E+0000  0.00000000000000000000E+0000  0.00000000000000000000E+0000  0.00000000000000000000E+0000 -6.89637774882928634927E-0005
 2.89099999999999999994E-0006  0.00000000000000000000E+0000  1.26671720872237464520E-0004  8.89140351498683265661E-0006  1.26671720872237464520E-0004  1.04999999999999999996E+0000  1.39365433981382620145E+0000  1.46608308500506925279E+0000  1.31069633129315567472E+0000  0.00000000000000000000E+0000  2.34433159148802059510E+0002  0.00000000000000000000E+0000  4.57136962611775221271E-0040  4.59601713538807139792E-0003  1.26274876456031341284E-0034  0.00000000000000000000E+0000  2.32022223212792602712E+0002  0.00000000000000000000E+0000  0.00000000000000000000E+0000  2.32022276950602833856E+0002  0.00000000000000000000E+0000  0.00000000000000000000E+0000  0.00000000000000000000E+0000  0.00000000000000000000E+0000  0.00000000000000000000E+0000 -2.02080321063552949953E-0008 -2.17515306697178978129E+0000  0.00000000000000000000E+0000  0.00000000000000000000E+0000  0.00000000000000000000E+0000 -6.32624966178388212602E-0005
 2.94900000000000000003E-0006  0.00000000000000000000E+0000  1.16472896231234610012E-0004  8.34544738152615461457E-0006  1.16472896231234610012E-0004  1.04999999999999999996E+0000  1.39365434210819899054E+0000  1.46608308772922512112E+0000  1.31069633694396816019E+0000  0.00000000000000000000E+0000  2.34433159148802059510E+0002  0.00000000000000000000E+0000  4.57136984597314157099E-0040  4.59601734335474823432E-0003  1.26274910565575683183E-0034  0.00000000000000000000E+0000  2.32022224486191428500E+0002  0.00000000000000000000E+0000  0.00000000000000000000E+0000  2.32022276126499635118E+0002  0.00000000000000000000E+0000  0.00000000000000000000E+0000  0.00000000000000000000E+0000  0.00000000000000000000E+0000  0.00000000000000000000E+0000 -1.90193904050575058876E-0008 -2.17515571913287585363E+0000  0.00000000000000000000E+0000  0.00000000000000000000E+0000  0.00000000000000000000E+0000 -5.79170625436711905773E-0005
 3.00799999999999999999E-0006  0.00000000000000000000E+0000  1.06376587767065004994E-0004  7.79860302359311319560E-0006  1.06376587767065004994E-0004  1.04999999999999999996E+0000  1.39365434424725853125E+0000  1.46608309022756346787E+0000  1.31069634231915660666E+0000  0.00000000000000000000E+0000  2.34433159148802059510E+0002  0.00000000000000000000E+0000  4.57137004347201149430E-0040  4.59601752369856833878E-0003  1.26274942816967198788E-0034  0.00000000000000000000E+0000  2.32022225744712862996E+0002  0.00000000000000000000E+0000  0.00000000000000000000E+0000  2.32022274343178294853E+0002  0.00000000000000000000E+0000  0.00000000000000000000E+0000  0.00000000000000000000E+0000  0.00000000000000000000E+0000  0.00000000000000000000E+0000 -1.72357223154432612948E-0008 -2.17515912688636883473E+0000  0.00000000000000000000E+0000  0.00000000000000000000E+0000  0.00000000000000000000E+0000 -5.28874686328767903913E-0005
 3.06800000000000000000E-0006  0.00000000000000000000E+0000  9.66433270860525453632E-0005  7.29300528135870172386E-0006  9.66433270860525453632E-0005  1.04999999999999999996E+0000  1.39365434621631514031E+0000  1.46608309252696277696E+0000  1.31069634743864247965E+0000  0.00000000000000000000E+0000  2.34433159148802059510E+0002  0.00000000000000000000E+0000  4.57137021579610919046E-0040  4.59601767760582972489E-0003  1.26274973510217821123E-0034  0.00000000000000000000E+0000  2.32022226917265525170E+0002  0.00000000000000000000E+0000  0.00000000000000000000E+0000  2.32022271964075594120E+0002  0.00000000000000000000E+0000  0.00000000000000000000E+0000  0.00000000000000000000E+0000  0.00000000000000000000E+0000  0.00000000000000000000E+0000 -1.51524822653500735343E-0008 -2.17516288802040225940E+0000  0.00000000000000000000E+0000  0.00000000000000000000E+0000  0.00000000000000000000E+0000 -4.81860785715335708975E-0005
 3.12999999999999999993E-0006  0.00000000000000000000E+0000  8.73322670121837763621E-0005  6.80585921357638166705E-0006  8.73322670121837763621E-0005  1.04999999999999999996E+0000  1.39365434803924695439E+0000  1.46608309469244338700E+0000  1.31069635239028264818E+0000  0.00000000000000000000E+0000  2.34433159148802059510E+0002  0.00000000000000000000E+0000  4.57137036495872464229E-0040  4.59601781048504976769E-0003  1.26275003333675119245E-0034  0.00000000000000000000E+0000  2.32022227999701408693E+0002  0.00000000000000000000E+0000  0.00000000000000000000E+0000  2.32022269283965953776E+0002  0.00000000000000000000E+0000  0.00000000000000000000E+0000  0.00000000000000000000E+0000  0.00000000000000000000E+0000  0.00000000000000000000E+0000 -1.30093868919159436215E-0008 -2.17516669072385361496E+0000  0.00000000000000000000E+0000  0.00000000000000000000E+0000  0.00000000000000000000E+0000 -4.37537657947879131559E-0005
 3.19200000000000000007E-0006  0.00000000000000000000E+0000  7.83988222036850349467E-0005  6.33523508503887500447E-0006  7.83988222036850349467E-0005  1.04999999999999999996E+0000  1.39365434965523853972E+0000  1.46608309668033382010E+0000  1.31069635700390072441E+0000  0.00000000000000000000E+0000  2.34433159148802059510E+0002  0.00000000000000000000E+0000  4.57137048653169627949E-0040  4.59601792132800549906E-0003  1.26275031318136691183E-0034  0.00000000000000000000E+0000  2.32022229094989512810E+0002  0.00000000000000000000E+0000  0.00000000000000000000E+0000  2.32022266070827414830E+0002  0.00000000000000000000E+0000  0.00000000000000000000E+0000  0.00000000000000000000E+0000  0.00000000000000000000E+0000  0.00000000000000000000E+0000 -1.06406719708133448464E-0008 -2.17517074594774375944E+0000  0.00000000000000000000E+0000  0.00000000000000000000E+0000  0.00000000000000000000E+0000 -3.96609911815826870565E-0005
 3.25599999999999999992E-0006  0.00000000000000000000E+0000  7.02433975279610830223E-0005  5.89796809475348945375E-0006  7.02433975279610830223E-0005  1.04999999999999999996E+0000  1.39365435112639542441E+0000  1.46608309858245333928E+0000  1.31069636141534792879E+0000  0.00000000000000000000E+0000  2.34433159148802059510E+0002  0.00000000000000000000E+0000  4.57137058889003073509E-0040  4.59601802048388460937E-0003  1.26275058406274784835E-0034  0.00000000000000000000E+0000  2.32022230065994632273E+0002  0.00000000000000000000E+0000  0.00000000000000000000E+0000  2.32022263128475068159E+0002  0.00000000000000000000E+0000  0.00000000000000000000E+0000  0.00000000000000000000E+0000  0.00000000000000000000E+0000  0.00000000000000000000E+0000 -8.61812488574849839314E-0009 -2.17517428769090776495E+0000  0.00000000000000000000E+0000  0.00000000000000000000E+0000  0.00000000000000000000E+0000 -3.58693339823457216221E-0005
 3.32100000000000000004E-0006  0.00000000000000000000E+0000  6.26854531345088970971E-0005  5.46954010639806667772E-0006  6.26854531345088970971E-0005  1.04999999999999999996E+0000  1.39365435244004436620E+0000  1.46608310038777965654E+0000  1.31069636552770014872E+0000  0.00000000000000000000E+0000  2.34433159148802059510E+0002  0.00000000000000000000E+0000  4.57137067422101750887E-0040  4.59601811154798730702E-0003  1.26275084015906333732E-0034  0.00000000000000000000E+0000  2.32022231048128439929E+0002  0.00000000000000000000E+0000  0.00000000000000000000E+0000  2.32022260229981806198E+0002  0.00000000000000000000E+0000  0.00000000000000000000E+0000  0.00000000000000000000E+0000  0.00000000000000000000E+0000  0.00000000000000000000E+0000 -6.75762337187279294912E-0009 -2.17517756437457831934E+0000  0.00000000000000000000E+0000  0.00000000000000000000E+0000  0.00000000000000000000E+0000 -3.23817960021154252176E-0005
 3.38800000000000000008E-0006  0.00000000000000000000E+0000  5.59362413432514132507E-0005  5.07417045346945864870E-0006  5.59362413432514132507E-0005  1.04999999999999999996E+0000  1.39365435363389855239E+0000  1.46608310213866195821E+0000  1.31069636937943113269E+0000  0.00000000000000000000E+0000  2.34433159148802059510E+0002  0.00000000000000000000E+0000  4.57137074941686628596E-0040  4.59601820178210513878E-0003  1.26275108399230549182E-0034  0.00000000000000000000E+0000  2.32022231984969778990E+0002  0.00000000000000000000E+0000  0.00000000000000000000E+0000  2.32022257801917454731E+0002  0.00000000000000000000E+0000  0.00000000000000000000E+0000  0.00000000000000000000E+0000  0.00000000000000000000E+0000  0.00000000000000000000E+0000 -5.33434223055075186347E-0009 -2.17518020470291451453E+0000  0.00000000000000000000E+0000  0.00000000000000000000E+0000  0.00000000000000000000E+0000 -2.91874986679253777423E-0005
 3.45499999999999999991E-0006  0.00000000000000000000E+0000  4.99618853048833676935E-0005  4.70200996351862643126E-0006  4.99618853048833676935E-0005  1.04999999999999999996E+0000  1.39365435468981812412E+0000  1.46608310379043550720E+0000  1.31069637283345696312E+0000  0.00000000000000000000E+0000  2.34433159148802059510E+0002  0.00000000000000000000E+0000  4.57137081730433335299E-0040  4.59601829293221604767E-0003  1.26275130623486694656E-0034  0.00000000000000000000E+0000  2.32022232929778859586E+0002  0.00000000000000000000E+0000  0.00000000000000000000E+0000  2.32022255700343617874E+0002  0.00000000000000000000E+0000  0.00000000000000000000E+0000  0.00000000000000000000E+0000  0.00000000000000000000E+0000  0.00000000000000000000E+0000 -4.19907521368840798007E-0009 -2.17518239834892571321E+0000  0.00000000000000000000E+0000  0.00000000000000000000E+0000  0.00000000000000000000E+0000 -2.63371728296251084763E-0005
 3.52400000000000000007E-0006  0.00000000000000000000E+0000  4.49362689225268294165E-0005  4.36253596596628790225E-0006  4.49362689225268294165E-0005  1.04999999999999999996E+0000  1.39365435566242803719E+0000  1.46608310539651893177E+0000  1.31069637598977241962E+0000  0.00000000000000000000E+0000  2.34433159148802059510E+0002  0.00000000000000000000E+0000  4.57137088492859833495E-0040  4.59601839122921566637E-0003  1.26275151279529571378E-0034  0.00000000000000000000E+0000  2.32022233799387686395E+0002  0.00000000000000000000E+0000  0.00000000000000000000E+0000  2.32022254370018566894E+0002  0.00000000000000000000E+0000  0.00000000000000000000E+0000  0.00000000000000000000E+0000  0.00000000000000000000E+0000  0.00000000000000000000E+0000 -3.63274424255995590524E-0009 -2.17518377113828959750E+0000  0.00000000000000000000E+0000  0.00000000000000000000E+0000  0.00000000000000000000E+0000 -2.37896430836103120525E-0005
 3.59499999999999999994E-0006  0.00000000000000000000E+0000  4.06352063370114917573E-0005  4.03637441447441594704E-0006  4.06352063370114917573E-0005  1.04999999999999999996E+0000  1.39365435657045605943E+0000  1.46608310695209433116E+0000  1.31069637884517053170E+0000  0.00000000000000000000E+0000  2.34433159148802059510E+0002  0.00000000000000000000E+0000  4.57137095617724882738E-0040  4.59601849839847808890E-0003  1.26275170245300704792E-0034  0.00000000000000000000E+0000  2.32022234661266644390E+0002  0.00000000000000000000E+0000  0.00000000000000000000E+0000  2.32022253591878130960E+0002  0.00000000000000000000E+0000  0.00000000000000000000E+0000  0.00000000000000000000E+0000  0.00000000000000000000E+0000  0.00000000000000000000E+0000 -3.44384462506841507829E-0009 -2.17518458838276245674E+0000  0.00000000000000000000E+0000  0.00000000000000000000E+0000  0.00000000000000000000E+0000 -2.15052523805973854310E-0005
 3.66700000000000000008E-0006  0.00000000000000000000E+0000  3.70047512651103307355E-0005  3.73724581726996018492E-0006  3.70047512651103307355E-0005  1.04999999999999999996E+0000  1.39365435741781060858E+0000  1.46608310842698311442E+0000  1.31069638137252270755E+0000  0.00000000000000000000E+0000  2.34433159148802059510E+0002  0.00000000000000000000E+0000  4.57137103257471951860E-0040  4.59601861277921911045E-0003  1.26275187203270298604E-0034  0.00000000000000000000E+0000  2.32022235500860872587E+0002  0.00000000000000000000E+0000  0.00000000000000000000E+0000  2.32022253259019769087E+0002  0.00000000000000000000E+0000  0.00000000000000000000E+0000  0.00000000000000000000E+0000  0.00000000000000000000E+0000  0.00000000000000000000E+0000 -3.52084267426403350380E-0009 -2.17518499621427694921E+0000  0.00000000000000000000E+0000  0.00000000000000000000E+0000  0.00000000000000000000E+0000 -1.94889099821717517638E-0005
 3.74000000000000000008E-0006  0.00000000000000000000E+0000  3.40066851025645203107E-0005  3.46509639911583435744E-0006  3.40066851025645203107E-0005  1.04999999999999999996E+0000  1.39365435821943119252E+0000  1.46608310981245104773E+0000  1.31069638360489729059E+0000  0.00000000000000000000E+0000  2.34433159148802059510E+0002  0.00000000000000000000E+0000  4.57137111511347058611E-0040  4.59601873266597837653E-0003  1.26275202243518796576E-0034  0.00000000000000000000E+0000  2.32022236285621490201E+0002  0.00000000000000000000E+0000  0.00000000000000000000E+0000  2.32022253355920617682E+0002  0.00000000000000000000E+0000  0.00000000000000000000E+0000  0.00000000000000000000E+0000  0.00000000000000000000E+0000  0.00000000000000000000E+0000 -3.82896558094312493994E-0009 -2.17518504195800106596E+0000  0.00000000000000000000E+0000  0.00000000000000000000E+0000  0.00000000000000000000E+0000 -1.77218573590265653936E-0005
 3.81500000000000000000E-0006  0.00000000000000000000E+0000  3.15049114691992340785E-0005  3.21085256401696217411E-0006  3.15049114691992340785E-0005  1.04999999999999999996E+0000  1.39365435899750556730E+0000  1.46608311111693912269E+0000  1.31069638561526877879E+0000  0.00000000000000000000E+0000  2.34433159148802059510E+0002  0.00000000000000000000E+0000  4.57137120455431371041E-0040  4.59601885673524444077E-0003  1.26275215743322718604E-0034  0.00000000000000000000E+0000  2.32022237015849785574E+0002  0.00000000000000000000E+0000  0.00000000000000000000E+0000  2.32022253798642888442E+0002  0.00000000000000000000E+0000  0.00000000000000000000E+0000  0.00000000000000000000E+0000  0.00000000000000000000E+0000  0.00000000000000000000E+0000 -4.29949066917859467215E-0009 -2.17518482698528288532E+0000  0.00000000000000000000E+0000  0.00000000000000000000E+0000  0.00000000000000000000E+0000 -1.61517465364922312824E-0005
 3.89100000000000000018E-0006  0.00000000000000000000E+0000  2.92931206563120801744E-0005  2.97221920138030931632E-0006  2.92931206563120801744E-0005  1.04999999999999999996E+0000  1.39365435974906498129E+0000  1.46608311231374137255E+0000  1.31069638742585687079E+0000  0.00000000000000000000E+0000  2.34433159148802059510E+0002  0.00000000000000000000E+0000  4.57137129804696000394E-0040  4.59601897919493835817E-0003  1.26275227702399687285E-0034  0.00000000000000000000E+0000  2.32022237697645248591E+0002  0.00000000000000000000E+0000  0.00000000000000000000E+0000  2.32022254284905274535E+0002  0.00000000000000000000E+0000  0.00000000000000000000E+0000  0.00000000000000000000E+0000  0.00000000000000000000E+0000  0.00000000000000000000E+0000 -4.71646946379252984229E-0009 -2.17518464667193145478E+0000  0.00000000000000000000E+0000  0.00000000000000000000E+0000  0.00000000000000000000E+0000 -1.47506483834750086239E-0005
 3.96900000000000000008E-0006  0.00000000000000000000E+0000  2.73063114968523681389E-0005  2.75422399390135458069E-0006  2.73063114968523681389E-0005  1.04999999999999999996E+0000  1.39365436048785562074E+0000  1.46608311341199379395E+0000  1.31069638911362082174E+0000  0.00000000000000000000E+0000  2.34433159148802059510E+0002  0.00000000000000000000E+0000  4.57137139448439932365E-0040  4.59601909766968812050E-0003  1.26275238575389845741E-0034  0.00000000000000000000E+0000  2.32022238317951559644E+0002  0.00000000000000000000E+0000  0.00000000000000000000E+0000  2.32022254795892376014E+0002  0.00000000000000000000E+0000  0.00000000000000000000E+0000  0.00000000000000000000E+0000  0.00000000000000000000E+0000  0.00000000000000000000E+0000 -5.07808224464031929584E-0009 -2.17518450986919902328E+0000  0.00000000000000000000E+0000  0.00000000000000000000E+0000  0.00000000000000000000E+0000 -1.34779807925049225297E-0005
 4.04799999999999999983E-0006  0.00000000000000000000E+0000  2.53686084574149625440E-0005  2.54964005111133678860E-0006  2.53686084574149625440E-0005  1.04999999999999999996E+0000  1.39365436120566746662E+0000  1.46608311439513189862E+0000  1.31069639070821910155E+0000  0.00000000000000000000E+0000  2.34433159148802059510E+0002  0.00000000000000000000E+0000  4.57137148948231378803E-0040  4.59601920621676705380E-0003  1.26275248471905774278E-0034  0.00000000000000000000E+0000  2.32022238881701170138E+0002  0.00000000000000000000E+0000  0.00000000000000000000E+0000  2.32022255071415122854E+0002  0.00000000000000000000E+0000  0.00000000000000000000E+0000  0.00000000000000000000E+0000  0.00000000000000000000E+0000  0.00000000000000000000E+0000 -5.21741236332963964056E-0009 -2.17518464675428738891E+0000  0.00000000000000000000E+0000  0.00000000000000000000E+0000  0.00000000000000000000E+0000 -1.23078369398423316073E-0005
 4.12900000000000000011E-0006  0.00000000000000000000E+0000  2.34565411113952510971E-0005  2.36100288176642752019E-0006  2.34565411113952510971E-0005  1.04999999999999999996E+0000  1.39365436190982302958E+0000  1.46608311527747568379E+0000  1.31069639227327762964E+0000  0.00000000000000000000E+0000  2.34433159148802059510E+0002  0.00000000000000000000E+0000  4.57137158150904641744E-0040  4.59601930332001329049E-0003  1.26275257823625332383E-0034  0.00000000000000000000E+0000  2.32022239384591989264E+0002  0.00000000000000000000E+0000  0.00000000000000000000E+0000  2.32022255133817584510E+0002  0.00000000000000000000E+0000  0.00000000000000000000E+0000  0.00000000000000000000E+0000  0.00000000000000000000E+0000  0.00000000000000000000E+0000 -5.17495367479270005718E-0009 -2.17518500820755614732E+0000  0.00000000000000000000E+0000  0.00000000000000000000E+0000  0.00000000000000000000E+0000 -1.12111967987722830081E-0005
 4.21200000000000000011E-0006  0.00000000000000000000E+0000  2.14750278374370245338E-0005  2.18189488045535516979E-0006  2.14750278374370245338E-0005  1.04999999999999999996E+0000  1.39365436259636774985E+0000  1.46608311606386936302E+0000  1.31069639383996776295E+0000  0.00000000000000000000E+0000  2.34433159148802059510E+0002  0.00000000000000000000E+0000  4.57137166755897861584E-0040  4.59601938626363701619E-0003  1.26275266842802595162E-0034  0.00000000000000000000E+0000  2.32022239837818124053E+0002  0.00000000000000000000E+0000  0.00000000000000000000E+0000  2.32022254866787965386E+0002  0.00000000000000000000E+0000  0.00000000000000000000E+0000  0.00000000000000000000E+0000  0.00000000000000000000E+0000  0.00000000000000000000E+0000 -4.89418470090729435010E-0009 -2.17518567634673809269E+0000  0.00000000000000000000E+0000  0.00000000000000000000E+0000  0.00000000000000000000E+0000 -1.01648793553552323617E-0005
 4.29599999999999999997E-0006  0.00000000000000000000E+0000  1.94081972756250063875E-0005  2.01478745374603691510E-0006  1.94081972756250063875E-0005  1.04999999999999999996E+0000  1.39365436325288354329E+0000  1.46608311675526778808E+0000  1.31069639540832037826E+0000  0.00000000000000000000E+0000  2.34433159148802059510E+0002  0.00000000000000000000E+0000  4.57137174442485996200E-0040  4.59601945295391690794E-0003  1.26275275589004118596E-0034  0.00000000000000000000E+0000  2.32022240244356641972E+0002  0.00000000000000000000E+0000  0.00000000000000000000E+0000  2.32022254232403897525E+0002  0.00000000000000000000E+0000  0.00000000000000000000E+0000  0.00000000000000000000E+0000  0.00000000000000000000E+0000  0.00000000000000000000E+0000 -4.37097000701356238896E-0009 -2.17518665759479993475E+0000  0.00000000000000000000E+0000  0.00000000000000000000E+0000  0.00000000000000000000E+0000 -9.16740174153482564624E-0006
 4.38199999999999999995E-0006  0.00000000000000000000E+0000  1.73211598016492653948E-0005  1.85751182403649014864E-0006  1.73211598016492653948E-0005  1.04999999999999999996E+0000  1.39365436388192590826E+0000  1.46608311737319929136E+0000  1.31069639699833844350E+0000  0.00000000000000000000E+0000  2.34433159148802059510E+0002  0.00000000000000000000E+0000  4.57137181215460094473E-0040  4.59601950518514607085E-0003  1.26275284289828387415E-0034  0.00000000000000000000E+0000  2.32022240606868514687E+0002  0.00000000000000000000E+0000  0.00000000000000000000E+0000  2.32022253358141840637E+0002  0.00000000000000000000E+0000  0.00000000000000000000E+0000  0.00000000000000000000E+0000  0.00000000000000000000E+0000  0.00000000000000000000E+0000 -3.71570286664917690369E-0009 -2.17518780502786483484E+0000  0.00000000000000000000E+0000  0.00000000000000000000E+0000  0.00000000000000000000E+0000 -8.21468372922167582396E-0006
 4.47000000000000000005E-0006  0.00000000000000000000E+0000  1.52243780111095246131E-0005  1.70584588292112290994E-0006  1.52243780111095246131E-0005  1.04999999999999999996E+0000  1.39365436447773209043E+0000  1.46608311793140023776E+0000  1.31069639859563083918E+0000  0.00000000000000000000E+0000  2.34433159148802059510E+0002  0.00000000000000000000E+0000  4.57137187011282162945E-0040  4.59601954437190419462E-0003  1.26275292949216037740E-0034  0.00000000000000000000E+0000  2.32022240941759971211E+0002  0.00000000000000000000E+0000  0.00000000000000000000E+0000  2.32022252270709090069E+0002  0.00000000000000000000E+0000  0.00000000000000000000E+0000  0.00000000000000000000E+0000  0.00000000000000000000E+0000  0.00000000000000000000E+0000 -2.96051063927825567178E-0009 -2.17518907711428376075E+0000  0.00000000000000000000E+0000  0.00000000000000000000E+0000  0.00000000000000000000E+0000 -7.30637919532668121474E-0006
 4.55900000000000000001E-0006  0.00000000000000000000E+0000  1.31847692246595692293E-0005  1.56325603930586145921E-0006  1.31847692246595692293E-0005  1.04999999999999999996E+0000  1.39365436502865853031E+0000  1.46608311843805368883E+0000  1.31069640015554478654E+0000  0.00000000000000000000E+0000  2.34433159148802059510E+0002  0.00000000000000000000E+0000  4.57137191806152087281E-0040  4.59601957273102274584E-0003  1.26275301404310188922E-0034  0.00000000000000000000E+0000  2.32022241255472463722E+0002  0.00000000000000000000E+0000  0.00000000000000000000E+0000  2.32022251054488934982E+0002  0.00000000000000000000E+0000  0.00000000000000000000E+0000  0.00000000000000000000E+0000  0.00000000000000000000E+0000  0.00000000000000000000E+0000 -2.16886121905343738126E-0009 -2.17519038581184224329E+0000  0.00000000000000000000E+0000  0.00000000000000000000E+0000  0.00000000000000000000E+0000 -6.45761225065286571054E-0006
 4.65000000000000000010E-0006  0.00000000000000000000E+0000  1.12974942331044483129E-0005  1.42922714319693734813E-0006  1.12974942331044483129E-0005  1.04999999999999999996E+0000  1.39365436553680947286E+0000  1.46608311891221784328E+0000  1.31069640165948293677E+0000  0.00000000000000000000E+0000  2.34433159148802059510E+0002  0.00000000000000000000E+0000  4.57137195796690274720E-0040  4.59601959426637086948E-0003  1.26275309635848857565E-0034  0.00000000000000000000E+0000  2.32022241548692941357E+0002  0.00000000000000000000E+0000  0.00000000000000000000E+0000  2.32022249870241618341E+0002  0.00000000000000000000E+0000  0.00000000000000000000E+0000  0.00000000000000000000E+0000  0.00000000000000000000E+0000  0.00000000000000000000E+0000 -1.45246852993214224491E-0009 -2.17519157946564508461E+0000  0.00000000000000000000E+0000  0.00000000000000000000E+0000  0.00000000000000000000E+0000 -5.67689428876562285366E-0006
 4.74299999999999999989E-0006  0.00000000000000000000E+0000  9.60036988003981744620E-0006  1.30231721398080235398E-0006  9.60036988003981744620E-0006  1.04999999999999999996E+0000  1.39365436599850873480E+0000  1.46608311936411557399E+0000  1.31069640306600428386E+0000  0.00000000000000000000E+0000  2.34433159148802059510E+0002  0.00000000000000000000E+0000  4.57137199134442817886E-0040  4.59601961244590150765E-0003  1.26275317468873421534E-0034  0.00000000000000000000E+0000  2.32022241835218750422E+0002  0.00000000000000000000E+0000  0.00000000000000000000E+0000  2.32022248785088592724E+0002  0.00000000000000000000E+0000  0.00000000000000000000E+0000  0.00000000000000000000E+0000  0.00000000000000000000E+0000  0.00000000000000000000E+0000 -8.49787162261751944718E-0010 -2.17519260541331022323E+0000  0.00000000000000000000E+0000  0.00000000000000000000E+0000  0.00000000000000000000E+0000 -4.97128018136358512366E-0006
 4.83799999999999999981E-0006  0.00000000000000000000E+0000  8.14663975419593201132E-0006  1.18521049603798838595E-0006  8.14663975419593201132E-0006  1.04999999999999999996E+0000  1.39365436641122950143E+0000  1.46608311980068416636E+0000  1.31069640433458853648E+0000  0.00000000000000000000E+0000  2.34433159148802059510E+0002  0.00000000000000000000E+0000  4.57137202003364548432E-0040  4.59601963061410676516E-0003  1.26275324713337825803E-0034  0.00000000000000000000E+0000  2.32022242117090034361E+0002  0.00000000000000000000E+0000  0.00000000000000000000E+0000  2.32022247885795970326E+0002  0.00000000000000000000E+0000  0.00000000000000000000E+0000  0.00000000000000000000E+0000  0.00000000000000000000E+0000  0.00000000000000000000E+0000 -4.07671074353048282677E-0010 -2.17519339842790705437E+0000  0.00000000000000000000E+0000  0.00000000000000000000E+0000  0.00000000000000000000E+0000 -4.34926017198369756748E-0006
 4.93499999999999999986E-0006  0.00000000000000000000E+0000  6.96698526381158005412E-0006  1.07789547321412682167E-0006  6.96698526381158005412E-0006  1.04999999999999999996E+0000  1.39365436677372855347E+0000  1.46608312022524953512E+0000  1.31069640543115931055E+0000  0.00000000000000000000E+0000  2.34433159148802059510E+0002  0.00000000000000000000E+0000  4.57137204582889694204E-0040  4.59601965151014050502E-0003  1.26275331190480264098E-0034  0.00000000000000000000E+0000  2.32022242394550437250E+0002  0.00000000000000000000E+0000  0.00000000000000000000E+0000  2.32022247229854537934E+0002  0.00000000000000000000E+0000  0.00000000000000000000E+0000  0.00000000000000000000E+0000  0.00000000000000000000E+0000  0.00000000000000000000E+0000 -1.49309561981131090551E-0010 -2.17519392559000214167E+0000  0.00000000000000000000E+0000  0.00000000000000000000E+0000  0.00000000000000000000E+0000 -3.81528970065595952916E-0006
 5.03400000000000000002E-0006  0.00000000000000000000E+0000  6.06610865565696691667E-0006  9.79806323632402163490E-0007  6.06610865565696691667E-0006  1.04999999999999999996E+0000  1.39365436708614689315E+0000  1.46608312063765888495E+0000  1.31069640633277542544E+0000  0.00000000000000000000E+0000  2.34433159148802059510E+0002  0.00000000000000000000E+0000  4.57137207025158904304E-0040  4.59601967697797503041E-0003  1.26275336760156260776E-0034  0.00000000000000000000E+0000  2.32022242666557071980E+0002  0.00000000000000000000E+0000  0.00000000000000000000E+0000  2.32022246840192423095E+0002  0.00000000000000000000E+0000  0.00000000000000000000E+0000  0.00000000000000000000E+0000  0.00000000000000000000E+0000  0.00000000000000000000E+0000 -7.30474776826483177428E-0011 -2.17519418817695101898E+0000  0.00000000000000000000E+0000  0.00000000000000000000E+0000  0.00000000000000000000E+0000 -3.36855100576392472111E-0006
 5.13400000000000000005E-0006  0.00000000000000000000E+0000  5.42297725529431032247E-0006  8.90573735585819587316E-0007  5.42297725529431032247E-0006  1.04999999999999999996E+0000  1.39365436734691093264E+0000  1.46608312103094281468E+0000  1.31069640702264353707E+0000  0.00000000000000000000E+0000  2.34433159148802059510E+0002  0.00000000000000000000E+0000  4.57137209412431930249E-0040  4.59601970752855353451E-0003  1.26275341287037801477E-0034  0.00000000000000000000E+0000  2.32022242929080893759E+0002  0.00000000000000000000E+0000  0.00000000000000000000E+0000  2.32022246694555111357E+0002  0.00000000000000000000E+0000  0.00000000000000000000E+0000  0.00000000000000000000E+0000  0.00000000000000000000E+0000  0.00000000000000000000E+0000 -1.46504768604062968298E-0010 -2.17519422888393328640E+0000  0.00000000000000000000E+0000  0.00000000000000000000E+0000  0.00000000000000000000E+0000 -3.00579194721121961653E-0006
 5.23700000000000000005E-0006  0.00000000000000000000E+0000  5.00432439798051178714E-0006  8.08801689989249036974E-0007  5.00432439798051178714E-0006  1.04999999999999999996E+0000  1.39365436756484259375E+0000  1.46608312140788049030E+0000  1.31069640752364582122E+0000  0.00000000000000000000E+0000  2.34433159148802059510E+0002  0.00000000000000000000E+0000  4.57137211849387086044E-0040  4.59601974346852229840E-0003  1.26275344873624561620E-0034  0.00000000000000000000E+0000  2.32022243182028703651E+0002  0.00000000000000000000E+0000  0.00000000000000000000E+0000  2.32022246785170418712E+0002  0.00000000000000000000E+0000  0.00000000000000000000E+0000  0.00000000000000000000E+0000  0.00000000000000000000E+0000  0.00000000000000000000E+0000 -3.53512915651408822557E-0010 -2.17519407166233948734E+0000  0.00000000000000000000E+0000  0.00000000000000000000E+0000  0.00000000000000000000E+0000 -2.71110528702013844937E-0006
 5.34200000000000000018E-0006  0.00000000000000000000E+0000  4.73545923438548872238E-0006  7.32905378555915898418E-0007  4.73545923438548872238E-0006  1.04999999999999999996E+0000  1.39365436774184095101E+0000  1.46608312175866718611E+0000  1.31069640785213123793E+0000  0.00000000000000000000E+0000  2.34433159148802059510E+0002  0.00000000000000000000E+0000  4.57137214316685307880E-0040  4.59601978318031219406E-0003  1.26275347535588354756E-0034  0.00000000000000000000E+0000  2.32022243420194756058E+0002  0.00000000000000000000E+0000  0.00000000000000000000E+0000  2.32022247013359711187E+0002  0.00000000000000000000E+0000  0.00000000000000000000E+0000  0.00000000000000000000E+0000  0.00000000000000000000E+0000  0.00000000000000000000E+0000 -6.17363194189610493671E-0010 -2.17519382188796613097E+0000  0.00000000000000000000E+0000  0.00000000000000000000E+0000  0.00000000000000000000E+0000 -2.47064735218341045079E-0006
 5.44900000000000000002E-0006  0.00000000000000000000E+0000  4.56213651176488401674E-0006  6.63989819857000175828E-0007  4.56213651176488401674E-0006  1.04999999999999999996E+0000  1.39365436788362002528E+0000  1.46608312207766725553E+0000  1.31069640804446022476E+0000  0.00000000000000000000E+0000  2.34433159148802059510E+0002  0.00000000000000000000E+0000  4.57137216777224114457E-0040  4.59601982474883649349E-0003  1.26275349420390835050E-0034  0.00000000000000000000E+0000  2.32022243639644202715E+0002  0.00000000000000000000E+0000  0.00000000000000000000E+0000  2.32022247319201395430E+0002  0.00000000000000000000E+0000  0.00000000000000000000E+0000  0.00000000000000000000E+0000  0.00000000000000000000E+0000  0.00000000000000000000E+0000 -8.94071246158894478767E-0010 -2.17519354068859512930E+0000  0.00000000000000000000E+0000  0.00000000000000000000E+0000  0.00000000000000000000E+0000 -2.26963993654960178220E-0006
 5.55799999999999999999E-0006  0.00000000000000000000E+0000  4.42222043780804302678E-0006  6.01319574586830587059E-0007  4.42222043780804302678E-0006  1.04999999999999999996E+0000  1.39365436799685788621E+0000  1.46608312236048328068E+0000  1.31069640814609941282E+0000  0.00000000000000000000E+0000  2.34433159148802059510E+0002  0.00000000000000000000E+0000  4.57137219162606108003E-0040  4.59601986582873653761E-0003  1.26275350726035272169E-0034  0.00000000000000000000E+0000  2.32022243837381245163E+0002  0.00000000000000000000E+0000  0.00000000000000000000E+0000  2.32022247628502171851E+0002  0.00000000000000000000E+0000  0.00000000000000000000E+0000  0.00000000000000000000E+0000  0.00000000000000000000E+0000  0.00000000000000000000E+0000 -1.13502762997012068697E-0009 -2.17519329641117792015E+0000  0.00000000000000000000E+0000  0.00000000000000000000E+0000  0.00000000000000000000E+0000 -2.09257696693761612850E-0006
 5.66900000000000000008E-0006  0.00000000000000000000E+0000  4.26262605167551916457E-0006  5.44843439728655962912E-0007  4.26262605167551916457E-0006  1.04999999999999999996E+0000  1.39365436808887041683E+0000  1.46608312260470434875E+0000  1.31069640820650559060E+0000  0.00000000000000000000E+0000  2.34433159148802059510E+0002  0.00000000000000000000E+0000  4.57137221391517787397E-0040  4.59601990402481048238E-0003  1.26275351682307710910E-0034  0.00000000000000000000E+0000  2.32022244011487127555E+0002  0.00000000000000000000E+0000  0.00000000000000000000E+0000  2.32022247876120146989E+0002  0.00000000000000000000E+0000  0.00000000000000000000E+0000  0.00000000000000000000E+0000  0.00000000000000000000E+0000  0.00000000000000000000E+0000 -1.30219520679932572690E-0009 -2.17519314324412756925E+0000  0.00000000000000000000E+0000  0.00000000000000000000E+0000  0.00000000000000000000E+0000 -1.92592377701235619250E-0006
 5.78199999999999999988E-0006  0.00000000000000000000E+0000  4.04483658420791432152E-0006  4.94439730235340783326E-0007  4.04483658420791432152E-0006  1.04999999999999999996E+0000  1.39365436816720278780E+0000  1.46608312281030088897E+0000  1.31069640827351583257E+0000  0.00000000000000000000E+0000  2.34433159148802059510E+0002  0.00000000000000000000E+0000  4.57137223387515936729E-0040  4.59601993722418155465E-0003  1.26275352523609019676E-0034  0.00000000000000000000E+0000  2.32022244161504635401E+0002  0.00000000000000000000E+0000  0.00000000000000000000E+0000  2.32022248013422066115E+0002  0.00000000000000000000E+0000  0.00000000000000000000E+0000  0.00000000000000000000E+0000  0.00000000000000000000E+0000  0.00000000000000000000E+0000 -1.37192386592353697290E-0009 -2.17519311576932488131E+0000  0.00000000000000000000E+0000  0.00000000000000000000E+0000  0.00000000000000000000E+0000 -1.75955917723307832623E-0006
 5.89800000000000000007E-0006  0.00000000000000000000E+0000  3.75053740088311986233E-0006  4.49084133641571704298E-0007  3.75053740088311986233E-0006  1.04999999999999999996E+0000  1.39365436823957672820E+0000  1.46608312298089897574E+0000  1.31069640838813596334E+0000  0.00000000000000000000E+0000  2.34433159148802059510E+0002  0.00000000000000000000E+0000  4.57137225111476282193E-0040  4.59601996414547848092E-0003  1.26275353470413478539E-0034  0.00000000000000000000E+0000  2.32022244289710324078E+0002  0.00000000000000000000E+0000  0.00000000000000000000E+0000  2.32022248019900259028E+0002  0.00000000000000000000E+0000  0.00000000000000000000E+0000  0.00000000000000000000E+0000  0.00000000000000000000E+0000  0.00000000000000000000E+0000 -1.34166928934840565055E-0009 -2.17519321990295973722E+0000  0.00000000000000000000E+0000  0.00000000000000000000E+0000  0.00000000000000000000E+0000 -1.58680746992193617483E-0006
 6.01599999999999999997E-0006  0.00000000000000000000E+0000  3.36875458894591684100E-0006  4.08427375872977379058E-0007  3.36875458894591684100E-0006  1.04999999999999999996E+0000  1.39365436831204123915E+0000  1.46608312311933330918E+0000  1.31069640857980733504E+0000  0.00000000000000000000E+0000  2.34433159148802059510E+0002  0.00000000000000000000E+0000  4.57137226507203293771E-0040  4.59601998348847822339E-0003  1.26275354671263795423E-0034  0.00000000000000000000E+0000  2.32022244395971646999E+0002  0.00000000000000000000E+0000  0.00000000000000000000E+0000  2.32022247873389121126E+0002  0.00000000000000000000E+0000  0.00000000000000000000E+0000  0.00000000000000000000E+0000  0.00000000000000000000E+0000  0.00000000000000000000E+0000 -1.20690681769091316836E-0009 -2.17519346333080071496E+0000  0.00000000000000000000E+0000  0.00000000000000000000E+0000  0.00000000000000000000E+0000 -1.40618320263378076979E-0006
 6.13600000000000000000E-0006  0.00000000000000000000E+0000  2.91939856394315186204E-0006  3.71025031510219959183E-0007  2.91939856394315186204E-0006  1.04999999999999999996E+0000  1.39365436839011463347E+0000  1.46608312323164324917E+0000  1.31069640886379355424E+0000  0.00000000000000000000E+0000  2.34433159148802059510E+0002  0.00000000000000000000E+0000  4.57137227595595029679E-0040  4.59601999537201902514E-0003  1.26275356232318006945E-0034  0.00000000000000000000E+0000  2.32022244485574477932E+0002  0.00000000000000000000E+0000  0.00000000000000000000E+0000  2.32022247598616425682E+0002  0.00000000000000000000E+0000  0.00000000000000000000E+0000  0.00000000000000000000E+0000  0.00000000000000000000E+0000  0.00000000000000000000E+0000 -9.94223949939698691541E-0010 -2.17519381069675183152E+0000  0.00000000000000000000E+0000  0.00000000000000000000E+0000  0.00000000000000000000E+0000 -1.22125359491348820663E-0006
 6.25900000000000000001E-0006  0.00000000000000000000E+0000  2.43068582951692466305E-0006  3.35360279612617166830E-0007  2.43068582951692466305E-0006  1.04999999999999999996E+0000  1.39365436847820532175E+0000  1.46608312332528358316E+0000  1.31069640924175598025E+0000  0.00000000000000000000E+0000  2.34433159148802059510E+0002  0.00000000000000000000E+0000  4.57137228432484774294E-0040  4.59602000066076301623E-0003  1.26275358189382286997E-0034  0.00000000000000000000E+0000  2.32022244562039236762E+0002  0.00000000000000000000E+0000  0.00000000000000000000E+0000  2.32022247231655650040E+0002  0.00000000000000000000E+0000  0.00000000000000000000E+0000  0.00000000000000000000E+0000  0.00000000000000000000E+0000  0.00000000000000000000E+0000 -7.35559139894469577488E-0010 -2.17519421926237342116E+0000  0.00000000000000000000E+0000  0.00000000000000000000E+0000  0.00000000000000000000E+0000 -1.03702395270324379839E-0006
 6.38400000000000000015E-0006  0.00000000000000000000E+0000  1.93253022543908340227E-0006  3.01460975798351557904E-0007  1.93253022543908340227E-0006  1.04999999999999999996E+0000  1.39365436857778552434E+0000  1.46608312340609565482E+0000  1.31069640969615129925E+0000  0.00000000000000000000E+0000  2.34433159148802059510E+0002  0.00000000000000000000E+0000  4.57137229075696059725E-0040  4.59602000057876701880E-0003  1.26275360474550122715E-0034  0.00000000000000000000E+0000  2.32022244629417657383E+0002  0.00000000000000000000E+0000  0.00000000000000000000E+0000  2.32022246806374795772E+0002  0.00000000000000000000E+0000  0.00000000000000000000E+0000  0.00000000000000000000E+0000  0.00000000000000000000E+0000  0.00000000000000000000E+0000 -4.57417134866357858864E-0010 -2.17519465269770752281E+0000  0.00000000000000000000E+0000  0.00000000000000000000E+0000  0.00000000000000000000E+0000 -8.60996754953769641420E-0007
 6.51199999999999999985E-0006  0.00000000000000000000E+0000  1.46500104427389136673E-0006  2.69472651074450934054E-0007  1.46500104427389136673E-0006  1.04999999999999999996E+0000  1.39365436868967819818E+0000  1.46608312348066232363E+0000  1.31069641020302830013E+0000  0.00000000000000000000E+0000  2.34433159148802059510E+0002  0.00000000000000000000E+0000  4.57137229626895771567E-0040  4.59601999704556202072E-0003  1.26275362993464197756E-0034  0.00000000000000000000E+0000  2.32022244690922621241E+0002  0.00000000000000000000E+0000  0.00000000000000000000E+0000  2.32022246377252402430E+0002  0.00000000000000000000E+0000  0.00000000000000000000E+0000  0.00000000000000000000E+0000  0.00000000000000000000E+0000  0.00000000000000000000E+0000 -1.97616091400911563591E-0010 -2.17519505901961326391E+0000  0.00000000000000000000E+0000  0.00000000000000000000E+0000  0.00000000000000000000E+0000 -7.00852476777198067876E-0007
 6.64200000000000000008E-0006  0.00000000000000000000E+0000  1.05740481675555373698E-0006  2.39576554909560141864E-0007  1.05740481675555373698E-0006  1.04999999999999999996E+0000  1.39365436881117276606E+0000  1.46608312355292243862E+0000  1.31069641072306471998E+0000  0.00000000000000000000E+0000  2.34433159148802059510E+0002  0.00000000000000000000E+0000  4.57137230170633326474E-0040  4.59601999206434162300E-0003  1.26275365567346046409E-0034  0.00000000000000000000E+0000  2.32022244750916860068E+0002  0.00000000000000000000E+0000  0.00000000000000000000E+0000  2.32022245982499634664E+0002  0.00000000000000000000E+0000  0.00000000000000000000E+0000  0.00000000000000000000E+0000  0.00000000000000000000E+0000  0.00000000000000000000E+0000  2.08416524654563964925E-0011 -2.17519540589078833504E+0000  0.00000000000000000000E+0000  0.00000000000000000000E+0000  0.00000000000000000000E+0000 -5.63488310777963985928E-0007
 6.77499999999999999989E-0006  0.00000000000000000000E+0000  7.35825168923832992754E-0007  2.12699833202200790672E-0007  7.35825168923832992754E-0007  1.04999999999999999996E+0000  1.39365436893952222440E+0000  1.46608312362643833913E+0000  1.31069641122144546280E+0000  0.00000000000000000000E+0000  2.34433159148802059510E+0002  0.00000000000000000000E+0000  4.57137230791595770977E-0040  4.59601998754870321261E-0003  1.26275368034389777055E-0034  0.00000000000000000000E+0000  2.32022244809950809546E+0002  0.00000000000000000000E+0000  0.00000000000000000000E+0000  2.32022245662326001003E+0002  0.00000000000000000000E+0000  0.00000000000000000000E+0000  0.00000000000000000000E+0000  0.00000000000000000000E+0000  0.00000000000000000000E+0000  1.75419390332199242824E-0010 -2.17519566176632804435E+0000  0.00000000000000000000E+0000  0.00000000000000000000E+0000  0.00000000000000000000E+0000 -4.53091005298605388885E-0007
 6.90999999999999999982E-0006  0.00000000000000000000E+0000  5.10778925052795790556E-0007  1.88730383952473265347E-0007  5.10778925052795790556E-0007  1.04999999999999999996E+0000  1.39365436906865592498E+0000  1.46608312370176341148E+0000  1.31069641165741223568E+0000  0.00000000000000000000E+0000  2.34433159148802059510E+0002  0.00000000000000000000E+0000  4.57137231539831821147E-0040  4.59601998516690217815E-0003  1.26275370201497306096E-0034  0.00000000000000000000E+0000  2.32022244870786982576E+0002  0.00000000000000000000E+0000  0.00000000000000000000E+0000  2.32022245435885791365E+0002  0.00000000000000000000E+0000  0.00000000000000000000E+0000  0.00000000000000000000E+0000  0.00000000000000000000E+0000  0.00000000000000000000E+0000  2.59861619917583746107E-0010 -2.17519581711040929975E+0000  0.00000000000000000000E+0000  0.00000000000000000000E+0000  0.00000000000000000000E+0000 -3.71597840140527179757E-0007
 7.04800000000000000014E-0006  0.00000000000000000000E+0000  3.83904539720028076578E-0007  1.67997402486382125634E-0007  3.83904539720028076578E-0007  1.04999999999999999996E+0000  1.39365436919357888314E+0000  1.46608312377908857642E+0000  1.31069641200434398030E+0000  0.00000000000000000000E+0000  2.34433159148802059510E+0002  0.00000000000000000000E+0000  4.57137232438169752722E-0040  4.59601998598315766784E-0003  1.26275371938830613759E-0034  0.00000000000000000000E+0000  2.32022244932216705204E+0002  0.00000000000000000000E+0000  0.00000000000000000000E+0000  2.32022245315215217179E+0002  0.00000000000000000000E+0000  0.00000000000000000000E+0000  0.00000000000000000000E+0000  0.00000000000000000000E+0000  0.00000000000000000000E+0000  2.72700927762538656003E-0010 -2.17519586941045195861E+0000  0.00000000000000000000E+0000  0.00000000000000000000E+0000  0.00000000000000000000E+0000 -3.17269103160053612538E-0007
 7.18900000000000000003E-0006  0.00000000000000000000E+0000  3.42853784913963461756E-0007  1.49649226829564030822E-0007  3.42853784913963461756E-0007  1.04999999999999999996E+0000  1.39365436930800398448E+0000  1.46608312385673404243E+0000  1.31069641224206313217E+0000  0.00000000000000000000E+0000  2.34433159148802059510E+0002  0.00000000000000000000E+0000  4.57137233471663456182E-0040  4.59601999054951867142E-0003  1.26275373149718004666E-0034  0.00000000000000000000E+0000  2.32022244994569810980E+0002  0.00000000000000000000E+0000  0.00000000000000000000E+0000  2.32022245293567669050E+0002  0.00000000000000000000E+0000  0.00000000000000000000E+0000  0.00000000000000000000E+0000  0.00000000000000000000E+0000  0.00000000000000000000E+0000  2.24853978066332884403E-0010 -2.17519583332130261562E+0000  0.00000000000000000000E+0000  0.00000000000000000000E+0000  0.00000000000000000000E+0000 -2.86014219244040824345E-0007
 7.33299999999999999990E-0006  0.00000000000000000000E+0000  3.68699751996969145867E-0007  1.33223457087472346535E-0007  3.68699751996969145867E-0007  1.04999999999999999996E+0000  1.39365436940600083524E+0000  1.46608312393222095787E+0000  1.31069641236302812323E+0000  0.00000000000000000000E+0000  2.34433159148802059510E+0002  0.00000000000000000000E+0000  4.57137234588560540305E-0040  4.59601999876050297445E-0003  1.26275373797249013984E-0034  0.00000000000000000000E+0000  2.32022245055767227948E+0002  0.00000000000000000000E+0000  0.00000000000000000000E+0000  2.32022245355482076373E+0002  0.00000000000000000000E+0000  0.00000000000000000000E+0000  0.00000000000000000000E+0000  0.00000000000000000000E+0000  0.00000000000000000000E+0000  1.31823826291508480194E-0010 -2.17519573006917723646E+0000  0.00000000000000000000E+0000  0.00000000000000000000E+0000  0.00000000000000000000E+0000 -2.71892945569349235728E-0007
 7.48000000000000000016E-0006  0.00000000000000000000E+0000  4.36203282157616038398E-0007  1.18073904369397530409E-0007  4.36203282157616038398E-0007  1.04999999999999999996E+0000  1.39365436948265908139E+0000  1.46608312400278058664E+0000  1.31069641237288425065E+0000  0.00000000000000000000E+0000  2.34433159148802059510E+0002  0.00000000000000000000E+0000  4.57137235710423736826E-0040  4.59602000995183640817E-0003  1.26275373910723411435E-0034  0.00000000000000000000E+0000  2.32022245114049218195E+0002  0.00000000000000000000E+0000  0.00000000000000000000E+0000  2.32022245476088393890E+0002  0.00000000000000000000E+0000  0.00000000000000000000E+0000  0.00000000000000000000E+0000  0.00000000000000000000E+0000  0.00000000000000000000E+0000  1.36464492220648339988E-0011 -2.17519558745592985947E+0000  0.00000000000000000000E+0000  0.00000000000000000000E+0000  0.00000000000000000000E+0000 -2.67910134696819915324E-0007
 7.62900000000000000014E-0006  0.00000000000000000000E+0000  5.18138586896135598790E-0007  1.03963715053915300163E-0007  5.18138586896135598790E-0007  1.04999999999999999996E+0000  1.39365436953421105849E+0000  1.46608312406550556864E+0000  1.31069641228938480793E+0000  0.00000000000000000000E+0000  2.34433159148802059510E+0002  0.00000000000000000000E+0000  4.57137236737383825972E-0040  4.59602002295654830480E-0003  1.26275373578152709632E-0034  0.00000000000000000000E+0000  2.32022245166957128637E+0002  0.00000000000000000000E+0000  0.00000000000000000000E+0000  2.32022245624993937049E+0002  0.00000000000000000000E+0000  0.00000000000000000000E+0000  0.00000000000000000000E+0000  0.00000000000000000000E+0000  0.00000000000000000000E+0000 -1.07959832019565096509E-0010 -2.17519543584353660412E+0000  0.00000000000000000000E+0000  0.00000000000000000000E+0000  0.00000000000000000000E+0000 -2.67200054609920108948E-0007
 7.78200000000000000036E-0006  0.00000000000000000000E+0000  5.91601015049352346358E-0007  9.04710363131732774745E-0008  5.91601015049352346358E-0007  1.04999999999999999996E+0000  1.39365436956017389725E+0000  1.46608312411913194444E+0000  1.31069641213858243789E+0000  0.00000000000000000000E+0000  2.34433159148802059510E+0002  0.00000000000000000000E+0000  4.57137237593313205444E-0040  4.59602003662383929251E-0003  1.26275372936076108229E-0034  0.00000000000000000000E+0000  2.32022245214967440932E+0002  0.00000000000000000000E+0000  0.00000000000000000000E+0000  2.32022245776565333608E+0002  0.00000000000000000000E+0000  0.00000000000000000000E+0000  0.00000000000000000000E+0000  0.00000000000000000000E+0000  0.00000000000000000000E+0000 -2.16748984530125556132E-0010 -2.17519529848664806121E+0000  0.00000000000000000000E+0000  0.00000000000000000000E+0000  0.00000000000000000000E+0000 -2.63706249576909723644E-0007
 7.93800000000000000015E-0006  0.00000000000000000000E+0000  6.37518670485742072659E-0007  7.90980961889424715292E-0008  6.37518670485742072659E-0007  1.04999999999999999996E+0000  1.39365436956122477603E+0000  1.46608312416235000931E+0000  1.31069641195381981938E+0000  0.00000000000000000000E+0000  2.34433159148802059510E+0002  0.00000000000000000000E+0000  4.57137238192062897569E-0040  4.59602004942273394570E-0003  1.26275372142971100077E-0034  0.00000000000000000000E+0000  2.32022245253166869039E+0002  0.00000000000000000000E+0000  0.00000000000000000000E+0000  2.32022245904468676247E+0002  0.00000000000000000000E+0000  0.00000000000000000000E+0000  0.00000000000000000000E+0000  0.00000000000000000000E+0000  0.00000000000000000000E+0000 -2.97495634306730565254E-0010 -2.17519519730852650121E+0000  0.00000000000000000000E+0000  0.00000000000000000000E+0000  0.00000000000000000000E+0000 -2.53072279721206337190E-0007
 8.09599999999999999965E-0006  0.00000000000000000000E+0000  6.41196692627299728614E-0007  6.94401700560888788091E-0008  6.41196692627299728614E-0007  1.04999999999999999996E+0000  1.39365436954062886748E+0000  1.46608312419493101698E+0000  1.31069641176973244643E+0000  0.00000000000000000000E+0000  2.34433159148802059510E+0002  0.00000000000000000000E+0000  4.57137238486365118781E-0040  4.59602006012820570173E-0003  1.26275371374752026182E-0034  0.00000000000000000000E+0000  2.32022245284540197890E+0002  0.00000000000000000000E+0000  0.00000000000000000000E+0000  2.32022245986349865035E+0002  0.00000000000000000000E+0000  0.00000000000000000000E+0000  0.00000000000000000000E+0000  0.00000000000000000000E+0000  0.00000000000000000000E+0000 -3.38709758092571478183E-0010 -2.17519514892398572060E+0000  0.00000000000000000000E+0000  0.00000000000000000000E+0000  0.00000000000000000000E+0000 -2.33294717594313943472E-0007
 8.25800000000000000023E-0006  0.00000000000000000000E+0000  6.03540636702313964259E-0007  6.25153424497064246666E-0008  6.03540636702313964259E-0007  1.04999999999999999996E+0000  1.39365436950327092815E+0000  1.46608312421801348260E+0000  1.31069641161401430026E+0000  0.00000000000000000000E+0000  2.34433159148802059510E+0002  0.00000000000000000000E+0000  4.57137238474991300296E-0040  4.59602006801772539554E-0003  1.26275370768757694085E-0034  0.00000000000000000000E+0000  2.32022245308262817495E+0002  0.00000000000000000000E+0000  0.00000000000000000000E+0000  2.32022246018769461251E+0002  0.00000000000000000000E+0000  0.00000000000000000000E+0000  0.00000000000000000000E+0000  0.00000000000000000000E+0000  0.00000000000000000000E+0000 -3.42542201270197880899E-0010 -2.17519515129279596036E+0000  0.00000000000000000000E+0000  0.00000000000000000000E+0000  0.00000000000000000000E+0000 -2.04622505010041974408E-0007
 8.42400000000000000023E-0006  0.00000000000000000000E+0000  5.27322117061045006734E-0007  5.87588581308521290132E-0008  5.27322117061045006734E-0007  1.04999999999999999996E+0000  1.39365436945556142308E+0000  1.46608312423312103160E+0000  1.31069641151067013967E+0000  0.00000000000000000000E+0000  2.34433159148802059510E+0002  0.00000000000000000000E+0000  4.57137238180121847876E-0040  4.59602007252084123908E-0003  1.26275370433776931945E-0034  0.00000000000000000000E+0000  2.32022245323788056950E+0002  0.00000000000000000000E+0000  0.00000000000000000000E+0000  2.32022245998286888863E+0002  0.00000000000000000000E+0000  0.00000000000000000000E+0000  0.00000000000000000000E+0000  0.00000000000000000000E+0000  0.00000000000000000000E+0000 -3.10718481890302019610E-0010 -2.17519520272198936973E+0000  0.00000000000000000000E+0000  0.00000000000000000000E+0000  0.00000000000000000000E+0000 -1.68765250568082451327E-0007
 8.59199999999999999994E-0006  0.00000000000000000000E+0000  4.20459468387147602957E-0007  5.65791052756820157999E-0008  4.20459468387147602957E-0007  1.04999999999999999996E+0000  1.39365436940535607159E+0000  1.46608312424216544851E+0000  1.31069641147562568860E+0000  0.00000000000000000000E+0000  2.34433159148802059510E+0002  0.00000000000000000000E+0000  4.57137237669830494035E-0040  4.59602007356806514513E-0003  1.26275370439494619493E-0034  0.00000000000000000000E+0000  2.32022245334274849218E+0002  0.00000000000000000000E+0000  0.00000000000000000000E+0000  2.32022245927725161180E+0002  0.00000000000000000000E+0000  0.00000000000000000000E+0000  0.00000000000000000000E+0000  0.00000000000000000000E+0000  0.00000000000000000000E+0000 -2.48499972002774216799E-0010 -2.17519529625484966647E+0000  0.00000000000000000000E+0000  0.00000000000000000000E+0000  0.00000000000000000000E+0000 -1.29157670035870360984E-0007
 8.76399999999999999990E-0006  0.00000000000000000000E+0000  2.99766639957379423618E-0007  5.47944813051899017560E-0008  2.99766639957379423618E-0007  1.04999999999999999996E+0000  1.39365436935924531965E+0000  1.46608312424744856696E+0000  1.31069641151190799183E+0000  0.00000000000000000000E+0000  2.34433159148802059510E+0002  0.00000000000000000000E+0000  4.57137237037687179727E-0040  4.59602007165908372137E-0003  1.26275370791800234049E-0034  0.00000000000000000000E+0000  2.32022245340356601168E+0002  0.00000000000000000000E+0000  0.00000000000000000000E+0000  2.32022245824105224216E+0002  0.00000000000000000000E+0000  0.00000000000000000000E+0000  0.00000000000000000000E+0000  0.00000000000000000000E+0000  0.00000000000000000000E+0000 -1.70008335313718604838E-0010 -2.17519541264677183966E+0000  0.00000000000000000000E+0000  0.00000000000000000000E+0000  0.00000000000000000000E+0000 -8.98928116931409459902E-0008
 8.93900000000000000025E-0006  0.00000000000000000000E+0000  1.78746107380969045712E-0007  5.18159646241106971865E-0008  1.78746107380969045712E-0007  1.04999999999999999996E+0000  1.39365436932390512057E+0000  1.46608312425096304354E+0000  1.31069641161349101496E+0000  0.00000000000000000000E+0000  2.34433159148802059510E+0002  0.00000000000000000000E+0000  4.57137236391073209881E-0040  4.59602006751442241120E-0003  1.26275371445478245448E-0034  0.00000000000000000000E+0000  2.32022245344314885007E+0002  0.00000000000000000000E+0000  0.00000000000000000000E+0000  2.32022245700758027245E+0002  0.00000000000000000000E+0000  0.00000000000000000000E+0000  0.00000000000000000000E+0000  0.00000000000000000000E+0000  0.00000000000000000000E+0000 -8.53657127504930278601E-0011 -2.17519553783818537238E+0000  0.00000000000000000000E+0000  0.00000000000000000000E+0000  0.00000000000000000000E+0000 -5.46598366826320668974E-0008
 9.11800000000000000002E-0006  0.00000000000000000000E+0000  7.18354776423657874846E-0008  4.71609205434498901888E-0008  7.18354776423657874846E-0008  1.04999999999999999996E+0000  1.39365436930399258541E+0000  1.46608312425443208457E+0000  1.31069641176635255262E+0000  0.00000000000000000000E+0000  2.34433159148802059510E+0002  0.00000000000000000000E+0000  4.57137235834407253473E-0040  4.59602006209507075121E-0003  1.26275372317986195348E-0034  0.00000000000000000000E+0000  2.32022245347257098300E+0002  0.00000000000000000000E+0000  0.00000000000000000000E+0000  2.32022245575596139711E+0002  0.00000000000000000000E+0000  0.00000000000000000000E+0000  0.00000000000000000000E+0000  0.00000000000000000000E+0000  0.00000000000000000000E+0000 -6.70736859294813291802E-0012 -2.17519565487129637113E+0000  0.00000000000000000000E+0000  0.00000000000000000000E+0000  0.00000000000000000000E+0000 -2.65469402071179456891E-0008
 9.30000000000000000019E-0006  0.00000000000000000000E+0000 -1.13200627236602937818E-0008  4.07837609933007618379E-0008 -1.13200627236602937818E-0008  1.04999999999999999996E+0000  1.39365436930250034462E+0000  1.46608312425892818142E+0000  1.31069641194938901209E+0000  0.00000000000000000000E+0000  2.34433159148802059510E+0002  0.00000000000000000000E+0000  4.57137235461694785781E-0040  4.59602005646105565592E-0003  1.26275373293846451424E-0034  0.00000000000000000000E+0000  2.32022245351474499589E+0002  0.00000000000000000000E+0000  0.00000000000000000000E+0000  2.32022245462344341480E+0002  0.00000000000000000000E+0000  0.00000000000000000000E+0000  0.00000000000000000000E+0000  0.00000000000000000000E+0000  0.00000000000000000000E+0000  5.78475554437441398813E-0011 -2.17519575213594660613E+0000  0.00000000000000000000E+0000  0.00000000000000000000E+0000  0.00000000000000000000E+0000 -7.45440543136664433615E-0009
 9.48599999999999999978E-0006  0.00000000000000000000E+0000 -6.35919167317205744258E-0008  3.41672588743042136970E-0008 -6.35919167317205744258E-0008  1.04999999999999999996E+0000  1.39365436931993636035E+0000  1.46608312426511734811E+0000  1.31069641214073704402E+0000  0.00000000000000000000E+0000  2.34433159148802059510E+0002  0.00000000000000000000E+0000  4.57137235332440472333E-0040  4.59602005151626050656E-0003  1.26275374255398944033E-0034  0.00000000000000000000E+0000  2.32022245356557855936E+0002  0.00000000000000000000E+0000  0.00000000000000000000E+0000  2.32022245374515709418E+0002  0.00000000000000000000E+0000  0.00000000000000000000E+0000  0.00000000000000000000E+0000  0.00000000000000000000E+0000  0.00000000000000000000E+0000  1.00949705357320293801E-0010 -2.17519581916075534981E+0000  0.00000000000000000000E+0000  0.00000000000000000000E+0000  0.00000000000000000000E+0000  2.20587650058173044649E-0009
 9.67599999999999999962E-0006  0.00000000000000000000E+0000 -8.58104125040605524597E-0008  2.92078642252660999086E-0008 -8.58104125040605524597E-0008  1.04999999999999999996E+0000  1.39365436935459179708E+0000  1.46608312427299357025E+0000  1.31069641231800354606E+0000  0.00000000000000000000E+0000  2.34433159148802059510E+0002  0.00000000000000000000E+0000  4.57137235474046991547E-0040  4.59602004802652801761E-0003  1.26275375092056104948E-0034  0.00000000000000000000E+0000  2.32022245364592616779E+0002  0.00000000000000000000E+0000  0.00000000000000000000E+0000  2.32022245316352457148E+0002  0.00000000000000000000E+0000  0.00000000000000000000E+0000  0.00000000000000000000E+0000  0.00000000000000000000E+0000  0.00000000000000000000E+0000  1.22044937708518926385E-0010 -2.17519585479214354025E+0000  0.00000000000000000000E+0000  0.00000000000000000000E+0000  0.00000000000000000000E+0000  3.34959934336227668805E-0009
 9.86999999999999999971E-0006  0.00000000000000000000E+0000 -7.92692640741392172868E-0008  2.83083548152275436362E-0008 -7.92692640741392172868E-0008  1.04999999999999999996E+0000  1.39365436940272412560E+0000  1.46608312428221722909E+0000  1.31069641246256354231E+0000  0.00000000000000000000E+0000  2.34433159148802059510E+0002  0.00000000000000000000E+0000  4.57137235873115183381E-0040  4.59602004643123790505E-0003  1.26275375712985070945E-0034  0.00000000000000000000E+0000  2.32022245373886425779E+0002  0.00000000000000000000E+0000  0.00000000000000000000E+0000  2.32022245292890668858E+0002  0.00000000000000000000E+0000  0.00000000000000000000E+0000  0.00000000000000000000E+0000  0.00000000000000000000E+0000  0.00000000000000000000E+0000  1.19931142520105007864E-0010 -2.17519585717668628103E+0000  0.00000000000000000000E+0000  0.00000000000000000000E+0000  0.00000000000000000000E+0000 -2.06679167978913723463E-0009
 1.00699999999999999998E-0005  0.00000000000000000000E+0000 -5.28005510681717187284E-0008  3.06086625008263152633E-0008 -5.28005510681717187284E-0008  1.04999999999999999996E+0000  1.39365436945954413741E+0000  1.46608312429219896089E+0000  1.31069641256266555048E+0000  0.00000000000000000000E+0000  2.34433159148802059510E+0002  0.00000000000000000000E+0000  4.57137236484048950295E-0040  4.59602004686000062462E-0003  1.26275376071527547612E-0034  0.00000000000000000000E+0000  2.32022245385527443512E+0002  0.00000000000000000000E+0000  0.00000000000000000000E+0000  2.32022245298533509414E+0002  0.00000000000000000000E+0000  0.00000000000000000000E+0000  0.00000000000000000000E+0000  0.00000000000000000000E+0000  0.00000000000000000000E+0000  1.00434426101553989827E-0010 -2.17519583421626852213E+0000  0.00000000000000000000E+0000  0.00000000000000000000E+0000  0.00000000000000000000E+0000 -1.13272016999424448174E-0008
 1.02699999999999999998E-0005  0.00000000000000000000E+0000 -1.34967111610245077731E-0008  3.33359401496091588908E-0008 -1.34967111610245077731E-0008  1.04999999999999999996E+0000  1.39365436951728849900E+0000  1.46608312430190302082E+0000  1.31069641260913848373E+0000  0.00000000000000000000E+0000  2.34433159148802059510E+0002  0.00000000000000000000E+0000  4.57137237214116835711E-0040  4.59602004913704511090E-0003  1.26275376138630611775E-0034  0.00000000000000000000E+0000  2.32022245396761761668E+0002  0.00000000000000000000E+0000  0.00000000000000000000E+0000  2.32022245329707140882E+0002  0.00000000000000000000E+0000  0.00000000000000000000E+0000  0.00000000000000000000E+0000  0.00000000000000000000E+0000  0.00000000000000000000E+0000  6.74007301207898628471E-0011 -2.17519579125027560451E+0000  0.00000000000000000000E+0000  0.00000000000000000000E+0000  0.00000000000000000000E+0000 -2.17203350143107192938E-0008
 1.04699999999999999999E-0005  0.00000000000000000000E+0000  2.60839403032957371369E-0008  3.32864627910984203091E-0008  2.60839403032957371369E-0008  1.04999999999999999996E+0000  1.39365436956988514555E+0000  1.46608312431053569699E+0000  1.31069641260419582666E+0000  0.00000000000000000000E+0000  2.34433159148802059510E+0002  0.00000000000000000000E+0000  4.57137237964865502836E-0040  4.59602005277483189011E-0003  1.26275375947844654656E-0034  0.00000000000000000000E+0000  2.32022245409228147869E+0002  0.00000000000000000000E+0000  0.00000000000000000000E+0000  2.32022245372282636275E+0002  0.00000000000000000000E+0000  0.00000000000000000000E+0000  0.00000000000000000000E+0000  0.00000000000000000000E+0000  0.00000000000000000000E+0000  3.12434847261918081846E-0011 -2.17519574270521506452E+0000  0.00000000000000000000E+0000  0.00000000000000000000E+0000  0.00000000000000000000E+0000 -3.06168926249956855738E-0008
 1.06800000000000000001E-0005  0.00000000000000000000E+0000  6.35680924420906344140E-0008  3.16723384553910436731E-0008  6.35680924420906344140E-0008  1.04999999999999999996E+0000  1.39365436961455264962E+0000  1.46608312431794876802E+0000  1.31069641255606077906E+0000  0.00000000000000000000E+0000  2.34433159148802059510E+0002  0.00000000000000000000E+0000  4.57137238675872955064E-0040  4.59602005729891091945E-0003  1.26275375549941288945E-0034  0.00000000000000000000E+0000  2.32022245420105167779E+0002  0.00000000000000000000E+0000  0.00000000000000000000E+0000  2.32022245424517540163E+0002  0.00000000000000000000E+0000  0.00000000000000000000E+0000  0.00000000000000000000E+0000  0.00000000000000000000E+0000  0.00000000000000000000E+0000 -7.03377825808779987829E-0012 -2.17519569036874820130E+0000  0.00000000000000000000E+0000  0.00000000000000000000E+0000  0.00000000000000000000E+0000 -3.63836928829002491511E-0008
 1.08999999999999999998E-0005  0.00000000000000000000E+0000  9.07687270596182183194E-0008  2.74088633917780595322E-0008  9.07687270596182183194E-0008  1.04999999999999999996E+0000  1.39365436964666091380E+0000  1.46608312432382431698E+0000  1.31069641247608110253E+0000  0.00000000000000000000E+0000  2.34433159148802059510E+0002  0.00000000000000000000E+0000  4.57137239257493917477E-0040  4.59602006205062120018E-0003  1.26275375019581932819E-0034  0.00000000000000000000E+0000  2.32022245428420491251E+0002  0.00000000000000000000E+0000  0.00000000000000000000E+0000  2.32022245475166850104E+0002  0.00000000000000000000E+0000  0.00000000000000000000E+0000  0.00000000000000000000E+0000  0.00000000000000000000E+0000  0.00000000000000000000E+0000 -4.01992572719460087947E-0011 -2.17519564453479851188E+0000  0.00000000000000000000E+0000  0.00000000000000000000E+0000  0.00000000000000000000E+0000 -3.78555983377224833810E-0008
 1.11100000000000000000E-0005  0.00000000000000000000E+0000  1.00077464646470512658E-0007  2.07883994975073595892E-0008  1.00077464646470512658E-0007  1.04999999999999999996E+0000  1.39365436966090992636E+0000  1.46608312432802650636E+0000  1.31069641238554370898E+0000  0.00000000000000000000E+0000  2.34433159148802059510E+0002  0.00000000000000000000E+0000  4.57137239592251190113E-0040  4.59602006600929449921E-0003  1.26275374488529411191E-0034  0.00000000000000000000E+0000  2.32022245434103757913E+0002  0.00000000000000000000E+0000  0.00000000000000000000E+0000  2.32022245510198161692E+0002  0.00000000000000000000E+0000  0.00000000000000000000E+0000  0.00000000000000000000E+0000  0.00000000000000000000E+0000  0.00000000000000000000E+0000 -5.97813617675228527980E-0011 -2.17519561718551275717E+0000  0.00000000000000000000E+0000  0.00000000000000000000E+0000  0.00000000000000000000E+0000 -3.47072635624391467603E-0008
 1.13399999999999999999E-0005  0.00000000000000000000E+0000  9.38283273181129210319E-0008  1.48783398422317829133E-0008  9.38283273181129210319E-0008  1.04999999999999999996E+0000  1.39365436965966923261E+0000  1.46608312433058599999E+0000  1.31069641228620100098E+0000  0.00000000000000000000E+0000  2.34433159148802059510E+0002  0.00000000000000000000E+0000  4.57137239721529963656E-0040  4.59602006942067583407E-0003  1.26275373975583862842E-0034  0.00000000000000000000E+0000  2.32022245441532128582E+0002  0.00000000000000000000E+0000  0.00000000000000000000E+0000  2.32022245528541627341E+0002  0.00000000000000000000E+0000  0.00000000000000000000E+0000  0.00000000000000000000E+0000  0.00000000000000000000E+0000  0.00000000000000000000E+0000 -6.63842423922892696789E-0011 -2.17519560757966297099E+0000  0.00000000000000000000E+0000  0.00000000000000000000E+0000  0.00000000000000000000E+0000 -2.83015502546878956698E-0008
 1.15600000000000000003E-0005  0.00000000000000000000E+0000  8.82342776660243421888E-0008  1.51983184245199949672E-0008  8.82342776660243421888E-0008  1.04999999999999999996E+0000  1.39365436964377431008E+0000  1.46608312433256947306E+0000  1.31069641220606663916E+0000  0.00000000000000000000E+0000  2.34433159148802059510E+0002  0.00000000000000000000E+0000  4.57137239598305849629E-0040  4.59602007121131231615E-0003  1.26275373596703176429E-0034  0.00000000000000000000E+0000  2.32022245436602998880E+0002  0.00000000000000000000E+0000  0.00000000000000000000E+0000  2.32022245551312405701E+0002  0.00000000000000000000E+0000  0.00000000000000000000E+0000  0.00000000000000000000E+0000  0.00000000000000000000E+0000  0.00000000000000000000E+0000 -7.58633353799991637528E-0011 -2.17519559467325104135E+0000  0.00000000000000000000E+0000  0.00000000000000000000E+0000  0.00000000000000000000E+0000 -1.94708490900717464008E-0008
 1.17900000000000000002E-0005  0.00000000000000000000E+0000  5.11850935222246403550E-0008  2.26577911047951954157E-0008  5.11850935222246403550E-0008  1.04999999999999999996E+0000  1.39365436961575386973E+0000  1.46608312433323508624E+0000  1.31069641214332485192E+0000  0.00000000000000000000E+0000  2.34433159148802059510E+0002  0.00000000000000000000E+0000  4.57137239279128706664E-0040  4.59602007192677556413E-0003  1.26275373387172900439E-0034  0.00000000000000000000E+0000  2.32022245445157014501E+0002  0.00000000000000000000E+0000  0.00000000000000000000E+0000  2.32022245522233233991E+0002  0.00000000000000000000E+0000  0.00000000000000000000E+0000  0.00000000000000000000E+0000  0.00000000000000000000E+0000  0.00000000000000000000E+0000 -5.00658116024330208139E-0011 -2.17519563007883136589E+0000  0.00000000000000000000E+0000  0.00000000000000000000E+0000  0.00000000000000000000E+0000 -9.92194243828202208946E-0009
 1.20300000000000000002E-0005  0.00000000000000000000E+0000  4.79713538308606909195E-0008  2.20356944668360896415E-0008  4.79713538308606909195E-0008  1.04999999999999999996E+0000  1.39365436957958505212E+0000  1.46608312433457582972E+0000  1.31069641210843321796E+0000  0.00000000000000000000E+0000  2.34433159148802059510E+0002  0.00000000000000000000E+0000  4.57137238808719868799E-0040  4.59602007125763604617E-0003  1.26275373321126451673E-0034  0.00000000000000000000E+0000  2.32022245430029342261E+0002  0.00000000000000000000E+0000  0.00000000000000000000E+0000  2.32022245542405094187E+0002  0.00000000000000000000E+0000  0.00000000000000000000E+0000  0.00000000000000000000E+0000  0.00000000000000000000E+0000  0.00000000000000000000E+0000 -6.02816958731838156332E-0011 -2.17519561727888267031E+0000  0.00000000000000000000E+0000  0.00000000000000000000E+0000  0.00000000000000000000E+0000 -1.52169606853671769419E-0009
 1.22700000000000000003E-0005  0.00000000000000000000E+0000 -1.03003580640420376177E-0008  3.61691780752516554269E-0008 -1.03003580640420376177E-0008  1.04999999999999999996E+0000  1.39365436954161070417E+0000  1.46608312433438212844E+0000  1.31069641209811292896E+0000  0.00000000000000000000E+0000  2.34433159148802059510E+0002  0.00000000000000000000E+0000  4.57137238273892872118E-0040  4.59602006983430963633E-0003  1.26275373456231397215E-0034  0.00000000000000000000E+0000  2.32022245446415639178E+0002  0.00000000000000000000E+0000  0.00000000000000000000E+0000  2.32022245462486925022E+0002  0.00000000000000000000E+0000  0.00000000000000000000E+0000  0.00000000000000000000E+0000  0.00000000000000000000E+0000  0.00000000000000000000E+0000 -2.59054461389699022642E-0012 -2.17519569679275259874E+0000  0.00000000000000000000E+0000  0.00000000000000000000E+0000  0.00000000000000000000E+0000  5.57176624350480961966E-0009
 1.25199999999999999997E-0005  0.00000000000000000000E+0000  2.57984763922091238114E-0008  2.64726174367409662760E-0008  2.57984763922091238114E-0008  1.04999999999999999996E+0000  1.39365436950475452156E+0000  1.46608312433669367273E+0000  1.31069641211893088981E+0000  0.00000000000000000000E+0000  2.34433159148802059510E+0002  0.00000000000000000000E+0000  4.57137237742898648070E-0040  4.59602006750081257295E-0003  1.26275373670158851269E-0034  0.00000000000000000000E+0000  2.32022245413201635339E+0002  0.00000000000000000000E+0000  0.00000000000000000000E+0000  2.32022245529113314580E+0002  0.00000000000000000000E+0000  0.00000000000000000000E+0000  0.00000000000000000000E+0000  0.00000000000000000000E+0000  0.00000000000000000000E+0000 -4.90556537678669692836E-0011 -2.17519563555271685140E+0000  0.00000000000000000000E+0000  0.00000000000000000000E+0000  0.00000000000000000000E+0000  8.73611658303824291928E-0009
 1.27700000000000000000E-0005  0.00000000000000000000E+0000 -7.70612710484479547980E-0008  5.51678001158828404849E-0008 -7.70612710484479547980E-0008  1.04999999999999999996E+0000  1.39365436947530116482E+0000  1.46608312433538845096E+0000  1.31069641214824356287E+0000  0.00000000000000000000E+0000  2.34433159148802059510E+0002  0.00000000000000000000E+0000  4.57137237287171019287E-0040  4.59602006545873577459E-0003  1.26275374050068594818E-0034  0.00000000000000000000E+0000  2.32022245459094779263E+0002  0.00000000000000000000E+0000  0.00000000000000000000E+0000  2.32022245352567171875E+0002  0.00000000000000000000E+0000  0.00000000000000000000E+0000  0.00000000000000000000E+0000  0.00000000000000000000E+0000  0.00000000000000000000E+0000  7.23247455590728596789E-0011 -2.17519580152881278064E+0000  0.00000000000000000000E+0000  0.00000000000000000000E+0000  0.00000000000000000000E+0000  1.09270779453379067176E-0008
 1.30200000000000000003E-0005  0.00000000000000000000E+0000  6.80944037619057175154E-0008  6.34088174404836618357E-0008  6.80944037619057175154E-0008  1.04999999999999999996E+0000  1.39365436945479662014E+0000  1.46608312434029645910E+0000  1.31069641220542699046E+0000  0.00000000000000000000E+0000  2.34433159148802059510E+0002  0.00000000000000000000E+0000  4.57137236994452229994E-0040  4.59602006296398855310E-0003  1.26275374314361675253E-0034  0.00000000000000000000E+0000  2.32022245378630688956E+0002  0.00000000000000000000E+0000  0.00000000000000000000E+0000  2.32022245585365951545E+0002  0.00000000000000000000E+0000  0.00000000000000000000E+0000  0.00000000000000000000E+0000  0.00000000000000000000E+0000  0.00000000000000000000E+0000 -9.27246479429270954378E-0011 -2.17519557958270842528E+0000  0.00000000000000000000E+0000  0.00000000000000000000E+0000  0.00000000000000000000E+0000  7.47216845372675264572E-0009
 1.32799999999999999999E-0005  0.00000000000000000000E+0000 -1.83060794091792050089E-0007  1.23054871079448270260E-0007 -1.83060794091792050089E-0007  1.04999999999999999996E+0000  1.39365436944638500444E+0000  1.46608312433530279292E+0000  1.31069641223924194997E+0000  0.00000000000000000000E+0000  2.34433159148802059510E+0002  0.00000000000000000000E+0000  4.57137236812857697668E-0040  4.59602006196952956839E-0003  1.26275374793682608022E-0034  0.00000000000000000000E+0000  2.32022245508376797965E+0002  0.00000000000000000000E+0000  0.00000000000000000000E+0000  2.32022245143355613409E+0002  0.00000000000000000000E+0000  0.00000000000000000000E+0000  0.00000000000000000000E+0000  0.00000000000000000000E+0000  0.00000000000000000000E+0000  2.11619612408490682833E-0010 -2.17519599281327994105E+0000  0.00000000000000000000E+0000  0.00000000000000000000E+0000  0.00000000000000000000E+0000  7.66638080790303270057E-0009
 1.35499999999999999998E-0005  0.00000000000000000000E+0000  2.85714120845793002511E-0007  2.32069045785842027548E-0007  2.85714120845793002511E-0007  1.04999999999999999996E+0000  1.39365436944409487184E+0000  1.46608312434647951859E+0000  1.31069641231999204072E+0000  0.00000000000000000000E+0000  2.34433159148802059510E+0002  0.00000000000000000000E+0000  4.57137236885479239021E-0040  4.59602005994998370667E-0003  1.26275374830518989215E-0034  0.00000000000000000000E+0000  2.32022245284835067922E+0002  0.00000000000000000000E+0000  0.00000000000000000000E+0000  2.32022245936040731967E+0002  0.00000000000000000000E+0000  0.00000000000000000000E+0000  0.00000000000000000000E+0000  0.00000000000000000000E+0000  0.00000000000000000000E+0000 -3.42472928726767603931E-0010 -2.17519524365304539777E+0000  0.00000000000000000000E+0000  0.00000000000000000000E+0000  0.00000000000000000000E+0000 -2.21304708184918308040E-0009
 1.38199999999999999996E-0005  0.00000000000000000000E+0000 -5.59499718509877513638E-0007  4.06711392180163070912E-0007 -5.59499718509877513638E-0007  1.04999999999999999996E+0000  1.39365436946003174226E+0000  1.46608312432685286347E+0000  1.31069641229834848940E+0000  0.00000000000000000000E+0000  2.34433159148802059510E+0002  0.00000000000000000000E+0000  4.57137236884906975076E-0040  4.59602006089285404851E-0003  1.26275375433608542208E-0034  0.00000000000000000000E+0000  2.32022245691841627738E+0002  0.00000000000000000000E+0000  0.00000000000000000000E+0000  2.32022244452947294741E+0002  0.00000000000000000000E+0000  0.00000000000000000000E+0000  0.00000000000000000000E+0000  0.00000000000000000000E+0000  0.00000000000000000000E+0000  6.85991766524785389840E-0010 -2.17519663643385618036E+0000  0.00000000000000000000E+0000  0.00000000000000000000E+0000  0.00000000000000000000E+0000  5.30266246226534462936E-0009
 1.40999999999999999997E-0005  0.00000000000000000000E+0000  1.08917077814666911017E-0006  8.48873771714143902023E-0007  1.08917077814666911017E-0006  1.04999999999999999996E+0000  1.39365436946315186134E+0000  1.46608312436043876240E+0000  1.31069641243684379425E+0000  0.00000000000000000000E+0000  2.34433159148802059510E+0002  0.00000000000000000000E+0000  4.57137237438928027363E-0040  4.59602005864749377364E-0003  1.26275374713492648154E-0034  0.00000000000000000000E+0000  2.32022244939164908772E+0002  0.00000000000000000000E+0000  0.00000000000000000000E+0000  2.32022247333918979983E+0002  0.00000000000000000000E+0000  0.00000000000000000000E+0000  0.00000000000000000000E+0000  0.00000000000000000000E+0000  0.00000000000000000000E+0000 -1.31616898892894677046E-0009 -2.17519392638738514483E+0000  0.00000000000000000000E+0000  0.00000000000000000000E+0000  0.00000000000000000000E+0000 -1.86915095903676874731E-0008
 1.43799999999999999998E-0005  0.00000000000000000000E+0000 -2.11384959430669879890E-0006  1.59435979705960828354E-0006 -2.11384959430669879890E-0006  1.04999999999999999996E+0000  1.39365436951155737509E+0000  1.46608312429028235166E+0000  1.31069641222525068566E+0000  0.00000000000000000000E+0000  2.34433159148802059510E+0002  0.00000000000000000000E+0000  4.57137237069384616441E-0040  4.59602006253524695514E-0003  1.26275376161288841134E-0034  0.00000000000000000000E+0000  2.32022246386588294226E+0002  0.00000000000000000000E+0000  0.00000000000000000000E+0000  2.32022241683021336195E+0002  0.00000000000000000000E+0000  0.00000000000000000000E+0000  0.00000000000000000000E+0000  0.00000000000000000000E+0000  0.00000000000000000000E+0000  2.60698743750851657640E-0009 -2.17519923702789843992E+0000  0.00000000000000000000E+0000  0.00000000000000000000E+0000  0.00000000000000000000E+0000  2.17004445213907423517E-0008
 1.46700000000000000000E-0005  0.00000000000000000000E+0000  4.38820402779538168252E-0006  3.41908110413428973715E-0006  4.38820402779538168252E-0006  1.04999999999999999996E+0000  1.39365436946298556023E+0000  1.46608312441151372545E+0000  1.31069641266215728347E+0000  0.00000000000000000000E+0000  2.34433159148802059510E+0002  0.00000000000000000000E+0000  4.57137238768395223100E-0040  4.59602005724344629997E-0003  1.26275373131239816004E-0034  0.00000000000000000000E+0000  2.32022243549951011854E+0002  0.00000000000000000000E+0000  0.00000000000000000000E+0000  2.32022253246864398210E+0002  0.00000000000000000000E+0000  0.00000000000000000000E+0000  0.00000000000000000000E+0000  0.00000000000000000000E+0000  0.00000000000000000000E+0000 -5.41404624250985933536E-0009 -2.17518837919929591872E+0000  0.00000000000000000000E+0000  0.00000000000000000000E+0000  0.00000000000000000000E+0000 -6.13026280819176921976E-0008
 1.49600000000000000003E-0005  0.00000000000000000000E+0000 -8.98343363755823724807E-0006  6.87305538431204950089E-0006 -8.98343363755823724807E-0006  1.04999999999999999996E+0000  1.39365436962050523982E+0000  1.46608312414785745350E+0000  1.31069641173610213403E+0000  0.00000000000000000000E+0000  2.34433159148802059510E+0002  0.00000000000000000000E+0000  4.57137235734848594860E-0040  4.59602006475486740180E-0003  1.26275378658346254705E-0034  0.00000000000000000000E+0000  2.32022249269592325399E+0002  0.00000000000000000000E+0000  0.00000000000000000000E+0000  2.32022229362660420790E+0002  0.00000000000000000000E+0000  0.00000000000000000000E+0000  0.00000000000000000000E+0000  0.00000000000000000000E+0000  0.00000000000000000000E+0000  1.11559212879190578802E-0008 -2.17521080885318065287E+0000  0.00000000000000000000E+0000  0.00000000000000000000E+0000  0.00000000000000000000E+0000  1.12176018899567630307E-0007
 1.52600000000000000000E-0005  0.00000000000000000000E+0000  1.41062587964623318056E-0005  1.01196318780743167356E-0005  1.41062587964623318056E-0005  1.04999999999999999996E+0000  1.39365436961800570810E+0000  1.46608312468089436824E+0000  1.31069641347635049329E+0000  0.00000000000000000000E+0000  2.34433159148802059510E+0002  0.00000000000000000000E+0000  4.57137246068719253960E-0040  4.59602009499697773188E-0003  1.26275370968101172910E-0034  0.00000000000000000000E+0000  2.32022240037108079938E+0002  0.00000000000000000000E+0000  0.00000000000000000000E+0000  2.32022270597200363618E+0002  0.00000000000000000000E+0000  0.00000000000000000000E+0000  0.00000000000000000000E+0000  0.00000000000000000000E+0000  0.00000000000000000000E+0000 -1.75685485569992673670E-0008 -2.17517191601268156781E+0000  0.00000000000000000000E+0000  0.00000000000000000000E+0000  0.00000000000000000000E+0000 -2.33944971315042458064E-0007
 1.55599999999999999996E-0005  0.00000000000000000000E+0000  1.39095007968562906221E-0005  1.33347449428105617917E-0005  1.39095007968562906221E-0005  1.04999999999999999996E+0000  1.39365436892040999036E+0000  1.46608312435263935599E+0000  1.31069641273632414536E+0000  0.00000000000000000000E+0000  2.34433159148802059510E+0002  0.00000000000000000000E+0000  4.57137236742764399232E-0040  4.59602003778301524886E-0003  1.26275368545573643196E-0034  0.00000000000000000000E+0000  2.32022240356635332983E+0002  0.00000000000000000000E+0000  0.00000000000000000000E+0000  2.32022269707627566929E+0002  0.00000000000000000000E+0000  0.00000000000000000000E+0000  0.00000000000000000000E+0000  0.00000000000000000000E+0000  0.00000000000000000000E+0000 -1.74069192245003510146E-0008 -2.17517215030692810554E+0000  0.00000000000000000000E+0000  0.00000000000000000000E+0000  0.00000000000000000000E+0000  4.05823299648226255154E-0008
 1.58699999999999999995E-0005  0.00000000000000000000E+0000 -1.41864175327195560060E-0005  9.11556405178640345497E-0006 -1.41864175327195560060E-0005  1.04999999999999999996E+0000  1.39365436864455350698E+0000  1.46608312369307986476E+0000  1.31069641027612155163E+0000  0.00000000000000000000E+0000  2.34433159148802059510E+0002  0.00000000000000000000E+0000  4.57137218873281522819E-0040  4.59601996695794690330E-0003  1.26275374903519465748E-0034  0.00000000000000000000E+0000  2.32022250531734138990E+0002  0.00000000000000000000E+0000  0.00000000000000000000E+0000  2.32022219727474013712E+0002  0.00000000000000000000E+0000  0.00000000000000000000E+0000  0.00000000000000000000E+0000  0.00000000000000000000E+0000  0.00000000000000000000E+0000  1.78123044447341435064E-0008 -2.17521983945471102041E+0000  0.00000000000000000000E+0000  0.00000000000000000000E+0000  0.00000000000000000000E+0000  3.62632118693393606842E-0007
 1.61899999999999999996E-0005  0.00000000000000000000E+0000  1.38825462080168010312E-0005  8.76608804239730160739E-0006  1.38825462080168010312E-0005  1.04999999999999999996E+0000  1.39365436893761824515E+0000  1.46608312438565184109E+0000  1.31069641255606999099E+0000  0.00000000000000000000E+0000  2.34433159148802059510E+0002  0.00000000000000000000E+0000  4.57137238934489689376E-0040  4.59602007360620663895E-0003  1.26275369539080250639E-0034  0.00000000000000000000E+0000  2.32022240582012169011E+0002  0.00000000000000000000E+0000  0.00000000000000000000E+0000  2.32022270563438718138E+0002  0.00000000000000000000E+0000  0.00000000000000000000E+0000  0.00000000000000000000E+0000  0.00000000000000000000E+0000  0.00000000000000000000E+0000 -1.75701442362641086366E-0008 -2.17517191295704478016E+0000  0.00000000000000000000E+0000  0.00000000000000000000E+0000  0.00000000000000000000E+0000 -3.01018365356019364399E-0007
 1.65199999999999999999E-0005  0.00000000000000000000E+0000  1.40454491466001087199E-0005  1.29125229755900451557E-0005  1.40454491466001087199E-0005  1.04999999999999999996E+0000  1.39365436812739263610E+0000  1.46608312403954893618E+0000  1.31069641163422168713E+0000  0.00000000000000000000E+0000  2.34433159148802059510E+0002  0.00000000000000000000E+0000  4.57137228944775893358E-0040  4.59602002487710489457E-0003  1.26275367201928783484E-0034  0.00000000000000000000E+0000  2.32022241035064257189E+0002  0.00000000000000000000E+0000  0.00000000000000000000E+0000  2.32022270322414649046E+0002  0.00000000000000000000E+0000  0.00000000000000000000E+0000  0.00000000000000000000E+0000  0.00000000000000000000E+0000  0.00000000000000000000E+0000 -1.79577898099183741657E-0008 -2.17517140533094154010E+0000  0.00000000000000000000E+0000  0.00000000000000000000E+0000  0.00000000000000000000E+0000  3.08540648405825796398E-0008
 1.68500000000000000002E-0005  0.00000000000000000000E+0000 -1.14581282183983718586E-0005  7.12826465464328284871E-0006 -1.14581282183983718586E-0005  1.04999999999999999996E+0000  1.39365436778585959933E+0000  1.46608312359668902999E+0000  1.31069640957939763490E+0000  0.00000000000000000000E+0000  2.34433159148802059510E+0002  0.00000000000000000000E+0000  4.57137208814572111307E-0040  4.59601992534248220083E-0003  1.26275370617107101371E-0034  0.00000000000000000000E+0000  2.32022249060525174544E+0002  0.00000000000000000000E+0000  0.00000000000000000000E+0000  2.32022224206939953514E+0002  0.00000000000000000000E+0000  0.00000000000000000000E+0000  0.00000000000000000000E+0000  0.00000000000000000000E+0000  0.00000000000000000000E+0000  1.47092689125465789084E-0008 -2.17521563968256756417E+0000  0.00000000000000000000E+0000  0.00000000000000000000E+0000  0.00000000000000000000E+0000  2.84658194297684627980E-0007
 1.71800000000000000005E-0005  0.00000000000000000000E+0000  1.30787087285333133703E-0005  8.38067642316010911630E-0006  1.30787087285333133703E-0005  1.04999999999999999996E+0000  1.39365436802539177500E+0000  1.46608312414874913845E+0000  1.31069641143894761548E+0000  0.00000000000000000000E+0000  2.34433159148802059510E+0002  0.00000000000000000000E+0000  4.57137228137705421178E-0040  4.59602004612110550145E-0003  1.26275367280122031162E-0034  0.00000000000000000000E+0000  2.32022241125526307318E+0002  0.00000000000000000000E+0000  0.00000000000000000000E+0000  2.32022269067320464339E+0002  0.00000000000000000000E+0000  0.00000000000000000000E+0000  0.00000000000000000000E+0000  0.00000000000000000000E+0000  0.00000000000000000000E+0000 -1.66472071853159890171E-0008 -2.17517316678884205087E+0000  0.00000000000000000000E+0000  0.00000000000000000000E+0000  0.00000000000000000000E+0000 -2.68559819259668142393E-0007
 1.75299999999999999995E-0005  0.00000000000000000000E+0000 -1.29199019679850296936E-0005  1.04647024757226860714E-0005 -1.29199019679850296936E-0005  1.04999999999999999996E+0000  1.39365434293698804691E+0000  1.46608312467666512845E+0000  1.31069636356216714370E+0000  0.00000000000000000000E+0000  2.34433159148802059510E+0002  0.00000000000000000000E+0000  4.57136849844622507934E-0040  4.59602005911198612593E-0003  1.26275205797738874060E-0034  0.00000000000000000000E+0000  2.32022250093321716499E+0002  0.00000000000000000000E+0000  0.00000000000000000000E+0000  2.32022219840827924942E+0002  0.00000000000000000000E+0000  0.00000000000000000000E+0000  0.00000000000000000000E+0000  0.00000000000000000000E+0000  0.00000000000000000000E+0000  1.69596304241354010906E-0008 -2.17521864132919351062E+0000  0.00000000000000000000E+0000  0.00000000000000000000E+0000  0.00000000000000000000E+0000  1.18031699868549291206E-0007
 1.78800000000000000002E-0005  0.00000000000000000000E+0000 -1.04562471456551779455E-0005  1.13990975837145861352E-0005 -1.04562471456551779455E-0005  1.04999999999999999996E+0000  1.39365434554313724115E+0000  1.46608312514108366333E+0000  1.31069636798684241972E+0000  0.00000000000000000000E+0000  2.34433159148802059510E+0002  0.00000000000000000000E+0000  4.57136888488646558838E-0040  4.59602014410362144986E-0003  1.26275221074849115633E-0034  0.00000000000000000000E+0000  2.32022248979333027025E+0002  0.00000000000000000000E+0000  0.00000000000000000000E+0000  2.32022226221799091839E+0002  0.00000000000000000000E+0000  0.00000000000000000000E+0000  0.00000000000000000000E+0000  0.00000000000000000000E+0000  0.00000000000000000000E+0000  1.38210523265773810040E-0008 -2.17521438061629883496E+0000  0.00000000000000000000E+0000  0.00000000000000000000E+0000  0.00000000000000000000E+0000 -1.43832822301465400872E-0007
 1.82299999999999999993E-0005  0.00000000000000000000E+0000  1.02119478759577918154E-0005  5.01601962925835470014E-0006  1.02119478759577918154E-0005  1.04999999999999999996E+0000  1.39365434972309704142E+0000  1.46608312545141910069E+0000  1.31069637677357066663E+0000  0.00000000000000000000E+0000  2.34433159148802059510E+0002  0.00000000000000000000E+0000  4.57136958254800583864E-0040  4.59602025877803306666E-0003  1.26275243859750417090E-0034  0.00000000000000000000E+0000  2.32022243114900217353E+0002  0.00000000000000000000E+0000  0.00000000000000000000E+0000  2.32022264349065394623E+0002  0.00000000000000000000E+0000  0.00000000000000000000E+0000  0.00000000000000000000E+0000  0.00000000000000000000E+0000  0.00000000000000000000E+0000 -1.31138175972288422502E-0008 -2.17517791132516538481E+0000  0.00000000000000000000E+0000  0.00000000000000000000E+0000  0.00000000000000000000E+0000 -2.90543552060993211910E-0007
 1.86000000000000000004E-0005  0.00000000000000000000E+0000 -1.14423847197967819852E-0005  1.08242706207457635766E-0005 -1.14423847197967819852E-0005  1.04999999999999999996E+0000  1.39365432046050285813E+0000  1.46608312624227335767E+0000  1.31069632413658236528E+0000  0.00000000000000000000E+0000  2.34433159148802059510E+0002  0.00000000000000000000E+0000  4.57136526219361518380E-0040  4.59602026911427089087E-0003  1.26275065807866676684E-0034  0.00000000000000000000E+0000  2.32022249846338945056E+0002  0.00000000000000000000E+0000  0.00000000000000000000E+0000  2.32022221966153521538E+0002  0.00000000000000000000E+0000  0.00000000000000000000E+0000  0.00000000000000000000E+0000  0.00000000000000000000E+0000  0.00000000000000000000E+0000  1.53850859002889378671E-0008 -2.17521647149016840754E+0000  0.00000000000000000000E+0000  0.00000000000000000000E+0000  0.00000000000000000000E+0000  8.49872101516611364567E-0008
 1.89699999999999999999E-0005  0.00000000000000000000E+0000 -9.14086296706733146912E-0006  1.16034021857991491104E-0005 -9.14086296706733146912E-0006  1.04999999999999999996E+0000  1.39365432581362027589E+0000  1.46608312668294934783E+0000  1.31069633256586445965E+0000  0.00000000000000000000E+0000  2.34433159148802059510E+0002  0.00000000000000000000E+0000  4.57136601176914277482E-0040  4.59602035188438565047E-0003  1.26275094709853446868E-0034  0.00000000000000000000E+0000  2.32022248762852354942E+0002  0.00000000000000000000E+0000  0.00000000000000000000E+0000  2.32022228562231636662E+0002  0.00000000000000000000E+0000  0.00000000000000000000E+0000  0.00000000000000000000E+0000  0.00000000000000000000E+0000  0.00000000000000000000E+0000  1.23627219195805485932E-0008 -2.17521236696727248436E+0000  0.00000000000000000000E+0000  0.00000000000000000000E+0000  0.00000000000000000000E+0000 -1.28005110292875752174E-0007
 1.93499999999999999995E-0005  0.00000000000000000000E+0000  1.06410102578561549633E-0005  4.31927867134298933639E-0006  1.06410102578561549633E-0005  1.04999999999999999996E+0000  1.39365433458172166125E+0000  1.46608312673797307939E+0000  1.31069634848716726032E+0000  0.00000000000000000000E+0000  2.34433159148802059510E+0002  0.00000000000000000000E+0000  4.57136729164195255574E-0040  4.59602046748749461720E-0003  1.26275141251844882899E-0034  0.00000000000000000000E+0000  2.32022243677086068434E+0002  0.00000000000000000000E+0000  0.00000000000000000000E+0000  2.32022265858852980103E+0002  0.00000000000000000000E+0000  0.00000000000000000000E+0000  0.00000000000000000000E+0000  0.00000000000000000000E+0000  0.00000000000000000000E+0000 -1.39095064088133792669E-0008 -2.17517679748035076045E+0000  0.00000000000000000000E+0000  0.00000000000000000000E+0000  0.00000000000000000000E+0000 -2.10119973670570577462E-0007
 1.97399999999999999994E-0005  0.00000000000000000000E+0000 -9.30870405760186418807E-0006  1.17271224795893727163E-0005 -9.30870405760186418807E-0006  1.04999999999999999996E+0000  1.39365428407017540328E+0000  1.46608312837565493627E+0000  1.31069626170955692726E+0000  0.00000000000000000000E+0000  2.34433159148802059510E+0002  0.00000000000000000000E+0000  4.57136001436136075312E-0040  4.59602055660486225874E-0003  1.26274845056300208116E-0034  0.00000000000000000000E+0000  2.32022249787384819184E+0002  0.00000000000000000000E+0000  0.00000000000000000000E+0000  2.32022224070945947971E+0002  0.00000000000000000000E+0000  0.00000000000000000000E+0000  0.00000000000000000000E+0000  0.00000000000000000000E+0000  0.00000000000000000000E+0000  1.30169455171840619931E-0008 -2.17521320861010854057E+0000  0.00000000000000000000E+0000  0.00000000000000000000E+0000  0.00000000000000000000E+0000  3.35419904547071740551E-0008
 2.01299999999999999993E-0005  0.00000000000000000000E+0000 -7.20802276452246249940E-0006  1.23694276126168100839E-0005 -7.20802276452246249940E-0006  1.04999999999999999996E+0000  1.39365429253343991133E+0000  1.46608312897061343041E+0000  1.31069627503826533301E+0000  0.00000000000000000000E+0000  2.34433159148802059510E+0002  0.00000000000000000000E+0000  4.57136120024057123264E-0040  4.59602066877196045780E-0003  1.26274891319054883444E-0034  0.00000000000000000000E+0000  2.32022248666623937721E+0002  0.00000000000000000000E+0000  0.00000000000000000000E+0000  2.32022231538189989158E+0002  0.00000000000000000000E+0000  0.00000000000000000000E+0000  0.00000000000000000000E+0000  0.00000000000000000000E+0000  0.00000000000000000000E+0000  1.02357895294933704372E-0008 -2.17520942757802114532E+0000  0.00000000000000000000E+0000  0.00000000000000000000E+0000  0.00000000000000000000E+0000 -1.74162474606399875947E-0007
 2.05399999999999999996E-0005  0.00000000000000000000E+0000 -7.02055098569759641280E-0006  1.18820129177797460892E-0005 -7.02055098569759641280E-0006  1.04999999999999999996E+0000  1.39365431467855045938E+0000  1.46608312882753173104E+0000  1.31069631165680717015E+0000  0.00000000000000000000E+0000  2.34433159148802059510E+0002  0.00000000000000000000E+0000  4.57136408172408181705E-0040  4.59602066388744051771E-0003  1.26275011619927264434E-0034  0.00000000000000000000E+0000  2.32022248197350194940E+0002  0.00000000000000000000E+0000  0.00000000000000000000E+0000  2.32022232712850488029E+0002  0.00000000000000000000E+0000  0.00000000000000000000E+0000  0.00000000000000000000E+0000  0.00000000000000000000E+0000  0.00000000000000000000E+0000  9.86360667307788012836E-0009 -2.17520893067812817615E+0000  0.00000000000000000000E+0000  0.00000000000000000000E+0000  0.00000000000000000000E+0000 -3.62043366424662824727E-0008
 2.09499999999999999999E-0005  0.00000000000000000000E+0000 -3.12505386268063159070E-0006  1.26136499557218557077E-0005 -3.12505386268063159070E-0006  1.04999999999999999996E+0000  1.39365424751213270668E+0000  1.46608313157945080712E+0000  1.31069620034928331187E+0000  0.00000000000000000000E+0000  2.34433159148802059510E+0002  0.00000000000000000000E+0000  4.57135475527328419809E-0040  4.59602104134589788141E-0003  1.26274630035006137145E-0034  0.00000000000000000000E+0000  2.32022248721513943012E+0002  0.00000000000000000000E+0000  0.00000000000000000000E+0000  2.32022234775017851982E+0002  0.00000000000000000000E+0000  0.00000000000000000000E+0000  0.00000000000000000000E+0000  0.00000000000000000000E+0000  0.00000000000000000000E+0000  5.33657548527088130639E-0009 -2.17520272483511847589E+0000  0.00000000000000000000E+0000  0.00000000000000000000E+0000  0.00000000000000000000E+0000 -2.84263282728988671497E-0007
 2.13600000000000000002E-0005  0.00000000000000000000E+0000 -1.85409745265285963049E-0006  1.02470499075080419406E-0005 -1.85409745265285963049E-0006  1.04999999999999999996E+0000  1.39365425874114709341E+0000  1.46608313209352784880E+0000  1.31069621801575115420E+0000  0.00000000000000000000E+0000  2.34433159148802059510E+0002  0.00000000000000000000E+0000  4.57135631845111246186E-0040  4.59602113857572456546E-0003  1.26274691332192976276E-0034  0.00000000000000000000E+0000  2.32022247864398878353E+0002  0.00000000000000000000E+0000  0.00000000000000000000E+0000  2.32022240967384199659E+0002  0.00000000000000000000E+0000  0.00000000000000000000E+0000  0.00000000000000000000E+0000  0.00000000000000000000E+0000  0.00000000000000000000E+0000  3.49463735264632644084E-0009 -2.17520023212807975602E+0000  0.00000000000000000000E+0000  0.00000000000000000000E+0000  0.00000000000000000000E+0000 -2.00297806753393446074E-0007
 2.17899999999999999993E-0005  0.00000000000000000000E+0000 -4.44258408532792680853E-0006  1.10809501109063055658E-0005 -4.44258408532792680853E-0006  1.04999999999999999996E+0000  1.39365429043219165423E+0000  1.46608313167897454771E+0000  1.31069626974335473797E+0000  0.00000000000000000000E+0000  2.34433159148802059510E+0002  0.00000000000000000000E+0000  4.57136037907779501113E-0040  4.59602108493951224632E-0003  1.26274858571652460608E-0034  0.00000000000000000000E+0000  2.32022247843796369501E+0002  0.00000000000000000000E+0000  0.00000000000000000000E+0000  2.32022237630664858565E+0002  0.00000000000000000000E+0000  0.00000000000000000000E+0000  0.00000000000000000000E+0000  0.00000000000000000000E+0000  0.00000000000000000000E+0000  6.66294257062954968335E-0009 -2.17520453714119550758E+0000  0.00000000000000000000E+0000  0.00000000000000000000E+0000  0.00000000000000000000E+0000  9.41259780006632212867E-0010
 2.22300000000000000002E-0005  0.00000000000000000000E+0000  3.68053637718751779034E-0006  4.84141253933233449830E-0006  3.68053637718751779034E-0006  1.04999999999999999996E+0000  1.39365427545747540467E+0000  1.46608313221290770105E+0000  1.31069624982250767739E+0000  0.00000000000000000000E+0000  2.34433159148802059510E+0002  0.00000000000000000000E+0000  4.57135875330351035612E-0040  4.59602121144153884824E-0003  1.26274809659975636210E-0034  0.00000000000000000000E+0000  2.32022246188763365204E+0002  0.00000000000000000000E+0000  0.00000000000000000000E+0000  2.32022251755280372362E+0002  0.00000000000000000000E+0000  0.00000000000000000000E+0000  0.00000000000000000000E+0000  0.00000000000000000000E+0000  0.00000000000000000000E+0000 -4.32409160197026367441E-0009 -2.17518964218185198748E+0000  0.00000000000000000000E+0000  0.00000000000000000000E+0000  0.00000000000000000000E+0000 -9.75098814386706695716E-0008
 2.26699999999999999995E-0005  0.00000000000000000000E+0000 -5.59573798963793940698E-0006  1.21671667828325972354E-0005 -5.59573798963793940698E-0006  1.04999999999999999996E+0000  1.39365427288329899022E+0000  1.46608313271401066659E+0000  1.31069624801271028753E+0000  0.00000000000000000000E+0000  2.34433159148802059510E+0002  0.00000000000000000000E+0000  4.57135777515605126459E-0040  4.59602123293548925726E-0003  1.26274790955459102904E-0034  0.00000000000000000000E+0000  2.32022248222629818529E+0002  0.00000000000000000000E+0000  0.00000000000000000000E+0000  2.32022233008092458401E+0002  0.00000000000000000000E+0000  0.00000000000000000000E+0000  0.00000000000000000000E+0000  0.00000000000000000000E+0000  0.00000000000000000000E+0000  8.72352306849260376546E-0009 -2.17520728662782785573E+0000  0.00000000000000000000E+0000  0.00000000000000000000E+0000  0.00000000000000000000E+0000 -1.82727871215474269413E-0008
 2.31299999999999999992E-0005  0.00000000000000000000E+0000  4.01513418544838655503E-0006  5.36151724367227713485E-0006  4.01513418544838655503E-0006  1.04999999999999999996E+0000  1.39365427106037333756E+0000  1.46608313332370008956E+0000  1.31069624398163187711E+0000  0.00000000000000000000E+0000  2.34433159148802059510E+0002  0.00000000000000000000E+0000  4.57135808581667976082E-0040  4.59602138653132156065E-0003  1.26274792576293682938E-0034  0.00000000000000000000E+0000  2.32022246085872869942E+0002  0.00000000000000000000E+0000  0.00000000000000000000E+0000  2.32022252579665629116E+0002  0.00000000000000000000E+0000  0.00000000000000000000E+0000  0.00000000000000000000E+0000  0.00000000000000000000E+0000  0.00000000000000000000E+0000 -4.85247774677633415950E-0009 -2.17518891636691716297E+0000  0.00000000000000000000E+0000  0.00000000000000000000E+0000  0.00000000000000000000E+0000 -1.07162868752838627778E-0007
 2.35900000000000000006E-0005  0.00000000000000000000E+0000  3.72524250126589266795E-0006  3.47016310858316657991E-0006  3.72524250126589266795E-0006  1.04999999999999999996E+0000  1.39365428009761086327E+0000  1.46608313333793441899E+0000  1.31069625753438237222E+0000  0.00000000000000000000E+0000  2.34433159148802059510E+0002  0.00000000000000000000E+0000  4.57135931372623408959E-0040  4.59602139648649002979E-0003  1.26274837799655047877E-0034  0.00000000000000000000E+0000  2.32022246049188711939E+0002  0.00000000000000000000E+0000  0.00000000000000000000E+0000  2.32022252289367551095E+0002  0.00000000000000000000E+0000  0.00000000000000000000E+0000  0.00000000000000000000E+0000  0.00000000000000000000E+0000  0.00000000000000000000E+0000 -4.52370504259076187686E-0009 -2.17518936037733814828E+0000  0.00000000000000000000E+0000  0.00000000000000000000E+0000  0.00000000000000000000E+0000  2.93102146137314469624E-0008
 2.40600000000000000005E-0005  0.00000000000000000000E+0000  4.65489139223872768801E-0006  1.88375464112880560008E-0006  4.65489139223872768801E-0006  1.04999999999999999996E+0000  1.39365429869752789432E+0000  1.46608313293129417993E+0000  1.31069628663199476003E+0000  0.00000000000000000000E+0000  2.34433159148802059510E+0002  0.00000000000000000000E+0000  4.57136148146337302044E-0040  4.59602137688814547569E-0003  1.26274919670878469140E-0034  0.00000000000000000000E+0000  2.32022245625302520680E+0002  0.00000000000000000000E+0000  0.00000000000000000000E+0000  2.32022254787340931725E+0002  0.00000000000000000000E+0000  0.00000000000000000000E+0000  0.00000000000000000000E+0000  0.00000000000000000000E+0000  0.00000000000000000000E+0000 -5.87204097717475196003E-0009 -2.17518753380839114883E+0000  0.00000000000000000000E+0000  0.00000000000000000000E+0000  0.00000000000000000000E+0000  5.82019084509477170102E-0008
 2.45400000000000000006E-0005  0.00000000000000000000E+0000 -1.36210310071951845425E-0007  4.09625303561923657396E-0006 -1.36210310071951845425E-0007  1.04999999999999999996E+0000  1.39365432487570551094E+0000  1.46608313237847774440E+0000  1.31069632738989566827E+0000  0.00000000000000000000E+0000  2.34433159148802059510E+0002  0.00000000000000000000E+0000  4.57136517747100357438E-0040  4.59602126359338332397E-0003  1.26275063269660412518E-0034  0.00000000000000000000E+0000  2.32022246255908625709E+0002  0.00000000000000000000E+0000  0.00000000000000000000E+0000  2.32022245523496751185E+0002  0.00000000000000000000E+0000  0.00000000000000000000E+0000  0.00000000000000000000E+0000  0.00000000000000000000E+0000  0.00000000000000000000E+0000  7.62776130351866079494E-0010 -2.17519651747284870113E+0000  0.00000000000000000000E+0000  0.00000000000000000000E+0000  0.00000000000000000000E+0000  1.35896136894331636202E-0007
 2.50299999999999999993E-0005  0.00000000000000000000E+0000  3.69694564899081624509E-0006  4.03145660870846947825E-0006  3.69694564899081624509E-0006  1.04999999999999999996E+0000  1.39365427408620883183E+0000  1.46608313388801311989E+0000  1.31069625616174549783E+0000  0.00000000000000000000E+0000  2.34433159148802059510E+0002  0.00000000000000000000E+0000  4.57135849826805375397E-0040  4.59602149976104769937E-0003  1.26274839237429684624E-0034  0.00000000000000000000E+0000  2.32022246200527860138E+0002  0.00000000000000000000E+0000  0.00000000000000000000E+0000  2.32022250104638573326E+0002  0.00000000000000000000E+0000  0.00000000000000000000E+0000  0.00000000000000000000E+0000  0.00000000000000000000E+0000  0.00000000000000000000E+0000 -4.45615644800901932446E-0009 -2.17518945679609257914E+0000  0.00000000000000000000E+0000  0.00000000000000000000E+0000  0.00000000000000000000E+0000 -4.07249214709621744445E-0008
 2.55299999999999999998E-0005  0.00000000000000000000E+0000  3.57458997587408681274E-0006  3.64565864773378569027E-0006  3.57458997587408681274E-0006  1.04999999999999999996E+0000  1.39365427270183161600E+0000  1.46608313432064382709E+0000  1.31069625964341403680E+0000  0.00000000000000000000E+0000  2.34433159148802059510E+0002  0.00000000000000000000E+0000  4.57135833131155271712E-0040  4.59602157402898536584E-0003  1.26274852239302319031E-0034  0.00000000000000000000E+0000  2.32022246002232506751E+0002  0.00000000000000000000E+0000  0.00000000000000000000E+0000  2.32022251404916890233E+0002  0.00000000000000000000E+0000  0.00000000000000000000E+0000  0.00000000000000000000E+0000  0.00000000000000000000E+0000  0.00000000000000000000E+0000 -4.26264869223414285650E-0009 -2.17518973586994743274E+0000  0.00000000000000000000E+0000  0.00000000000000000000E+0000  0.00000000000000000000E+0000 -3.27762175037918605059E-0008
 2.60400000000000000005E-0005  0.00000000000000000000E+0000  3.27682302919542005117E-0006  3.48265039413789176171E-0006  3.27682302919542005117E-0006  1.04999999999999999996E+0000  1.39365428290310450611E+0000  1.46608313434229419435E+0000  1.31069627962001743519E+0000  0.00000000000000000000E+0000  2.34433159148802059510E+0002  0.00000000000000000000E+0000  4.57135920373359613971E-0040  4.59602161883930008275E-0003  1.26274901203170484861E-0034  0.00000000000000000000E+0000  2.32022245971102480055E+0002  0.00000000000000000000E+0000  0.00000000000000000000E+0000  2.32022251554197762896E+0002  0.00000000000000000000E+0000  0.00000000000000000000E+0000  0.00000000000000000000E+0000  0.00000000000000000000E+0000  0.00000000000000000000E+0000 -4.03964410997170332125E-0009 -2.17519005184681304705E+0000  0.00000000000000000000E+0000  0.00000000000000000000E+0000  0.00000000000000000000E+0000  2.29391556394830535517E-0008
 2.65599999999999999998E-0005  0.00000000000000000000E+0000  4.86711600644553059236E-0006  1.44038901265900500303E-0006  4.86711600644553059236E-0006  1.04999999999999999996E+0000  1.39365430276812155572E+0000  1.46608313382376581580E+0000  1.31069631311213483896E+0000  0.00000000000000000000E+0000  2.34433159148802059510E+0002  0.00000000000000000000E+0000  4.57136209956634684830E-0040  4.59602158671107383255E-0003  1.26275018178127928588E-0034  0.00000000000000000000E+0000  2.32022245431858011144E+0002  0.00000000000000000000E+0000  0.00000000000000000000E+0000  2.32022255660773367922E+0002  0.00000000000000000000E+0000  0.00000000000000000000E+0000  0.00000000000000000000E+0000  0.00000000000000000000E+0000  0.00000000000000000000E+0000 -6.55919328248943011199E-0009 -2.17518665417119732284E+0000  0.00000000000000000000E+0000  0.00000000000000000000E+0000  0.00000000000000000000E+0000  7.05069806847128065836E-0008
 2.70999999999999999996E-0005  0.00000000000000000000E+0000 -2.27581997064373421465E-0006  5.06352171500006323440E-0006 -2.27581997064373421465E-0006  1.04999999999999999996E+0000  1.39365433084455537746E+0000  1.46608313336189349872E+0000  1.31069635671167470401E+0000  0.00000000000000000000E+0000  2.34433159148802059510E+0002  0.00000000000000000000E+0000  4.57136600960141202923E-0040  4.59602142846227545808E-0003  1.26275169271877046674E-0034  0.00000000000000000000E+0000  2.32022246268366083705E+0002  0.00000000000000000000E+0000  0.00000000000000000000E+0000  2.32022241229947352850E+0002  0.00000000000000000000E+0000  0.00000000000000000000E+0000  0.00000000000000000000E+0000  0.00000000000000000000E+0000  0.00000000000000000000E+0000  3.61380441692837258882E-0009 -2.17520042271431947789E+0000  0.00000000000000000000E+0000  0.00000000000000000000E+0000  0.00000000000000000000E+0000  1.66917110137438969210E-0007
 2.76399999999999999993E-0005  0.00000000000000000000E+0000  1.96277413709071660416E-0006  4.27455441023972383834E-0006  1.96277413709071660416E-0006  1.04999999999999999996E+0000  1.39365428918931416981E+0000  1.46608313426224252832E+0000  1.31069634085300110724E+0000  0.00000000000000000000E+0000  2.34433159148802059510E+0002  0.00000000000000000000E+0000  4.57135975600866693501E-0040  4.59602165527190934807E-0003  1.26275098162135518419E-0034  0.00000000000000000000E+0000  2.32022245886880551069E+0002  0.00000000000000000000E+0000  0.00000000000000000000E+0000  2.32022247770919787510E+0002  0.00000000000000000000E+0000  0.00000000000000000000E+0000  0.00000000000000000000E+0000  0.00000000000000000000E+0000  0.00000000000000000000E+0000 -2.89147367532187644362E-0009 -2.17519211035788275323E+0000  0.00000000000000000000E+0000  0.00000000000000000000E+0000  0.00000000000000000000E+0000  4.61839711486311148433E-0008
 2.81899999999999999992E-0005  0.00000000000000000000E+0000  1.33568237803586012507E-0006  3.46994738714073062651E-0006  1.33568237803586012507E-0006  1.04999999999999999996E+0000  1.39365430547987018248E+0000  1.46608313405583605459E+0000  1.31069637489576294720E+0000  0.00000000000000000000E+0000  2.34433159148802059510E+0002  0.00000000000000000000E+0000  4.57136167238824710864E-0040  4.59602165753461234894E-0003  1.26275200497837946649E-0034  0.00000000000000000000E+0000  2.32022245426104582841E+0002  0.00000000000000000000E+0000  0.00000000000000000000E+0000  2.32022248301737920237E+0002  0.00000000000000000000E+0000  0.00000000000000000000E+0000  0.00000000000000000000E+0000  0.00000000000000000000E+0000  0.00000000000000000000E+0000 -2.31897903499244819927E-0009 -2.17519294038013214659E+0000  0.00000000000000000000E+0000  0.00000000000000000000E+0000  0.00000000000000000000E+0000  1.60068963063626054171E-0007
 2.87499999999999999993E-0005  0.00000000000000000000E+0000  2.14377428228944153530E-0006  2.42729966523168480840E-0006  2.14377428228944153530E-0006  1.04999999999999999996E+0000  1.39365432948708441337E+0000  1.46608313350818114727E+0000  1.31069641306155807142E+0000  0.00000000000000000000E+0000  2.34433159148802059510E+0002  0.00000000000000000000E+0000  4.57136433703070077793E-0040  4.59602164353691885696E-0003  1.26275314073870307518E-0034  0.00000000000000000000E+0000  2.32022245051042212236E+0002  0.00000000000000000000E+0000  0.00000000000000000000E+0000  2.32022250467182797856E+0002  0.00000000000000000000E+0000  0.00000000000000000000E+0000  0.00000000000000000000E+0000  0.00000000000000000000E+0000  0.00000000000000000000E+0000 -3.66702855159707197105E-0009 -2.17519113889437082886E+0000  0.00000000000000000000E+0000  0.00000000000000000000E+0000  0.00000000000000000000E+0000  1.67481687399428757859E-0007
 2.93299999999999999999E-0005  0.00000000000000000000E+0000  3.78981173703895999456E-0007  2.22969437941074281600E-0006  3.78981173703895999456E-0007  1.04999999999999999996E+0000  1.39365435902340389375E+0000  1.46608313281391975736E+0000  1.31069645221758056047E+0000  0.00000000000000000000E+0000  2.34433159148802059510E+0002  0.00000000000000000000E+0000  4.57136844531452509114E-0040  4.59602152586322166683E-0003  1.26275444674714340733E-0034  0.00000000000000000000E+0000  2.32022244986724776067E+0002  0.00000000000000000000E+0000  0.00000000000000000000E+0000  2.32022246962664033768E+0002  0.00000000000000000000E+0000  0.00000000000000000000E+0000  0.00000000000000000000E+0000  0.00000000000000000000E+0000  0.00000000000000000000E+0000 -1.00568356121676746117E-0009 -2.17519466772128681207E+0000  0.00000000000000000000E+0000  0.00000000000000000000E+0000  0.00000000000000000000E+0000  1.73062416272063557965E-0007
 2.99200000000000000007E-0005  0.00000000000000000000E+0000  4.71288951652556135413E-0006  3.84437846808016886428E-0006  4.71288951652556135413E-0006  1.04999999999999999996E+0000  1.39365438998357670365E+0000  1.46608313156136359711E+0000  1.31069648785742241392E+0000  0.00000000000000000000E+0000  2.34433159148802059510E+0002  0.00000000000000000000E+0000  4.57137301542737366684E-0040  4.59602142373180853032E-0003  1.26275567751067584607E-0034  0.00000000000000000000E+0000  2.32022244119406903795E+0002  0.00000000000000000000E+0000  0.00000000000000000000E+0000  2.32022255989288491609E+0002  0.00000000000000000000E+0000  0.00000000000000000000E+0000  0.00000000000000000000E+0000  0.00000000000000000000E+0000  0.00000000000000000000E+0000 -6.97692861772862578332E-0009 -2.17518646202830697486E+0000  0.00000000000000000000E+0000  0.00000000000000000000E+0000  0.00000000000000000000E+0000  1.20195530944872838644E-0007
 3.05099999999999999998E-0005  0.00000000000000000000E+0000  6.58696603208236783324E-0007  2.34884199959747839625E-0006  6.58696603208236783324E-0007  1.04999999999999999996E+0000  1.39365435531856089355E+0000  1.46608313289361492980E+0000  1.31069644896625135319E+0000  0.00000000000000000000E+0000  2.34433159148802059510E+0002  0.00000000000000000000E+0000  4.57136744636052780720E-0040  4.59602152766081885096E-0003  1.26275401468231930839E-0034  0.00000000000000000000E+0000  2.32022245350112585605E+0002  0.00000000000000000000E+0000  0.00000000000000000000E+0000  2.32022244621174774132E+0002  0.00000000000000000000E+0000  0.00000000000000000000E+0000  0.00000000000000000000E+0000  0.00000000000000000000E+0000  0.00000000000000000000E+0000 -1.33623030810249329216E-0009 -2.17519429827033231885E+0000  0.00000000000000000000E+0000  0.00000000000000000000E+0000  0.00000000000000000000E+0000  1.55691665754068375387E-0007
 3.11199999999999999993E-0005  0.00000000000000000000E+0000  4.34457376617383029988E-0007  2.89472552128554266083E-0006  4.34457376617383029988E-0007  1.04999999999999999996E+0000  1.39365437881214904712E+0000  1.46608313298983231195E+0000  1.31069647487875714066E+0000  0.00000000000000000000E+0000  2.34433159148802059510E+0002  0.00000000000000000000E+0000  4.57137020683659059720E-0040  4.59602155115857744308E-0003  1.26275471066476032717E-0034  0.00000000000000000000E+0000  2.32022245033572427325E+0002  0.00000000000000000000E+0000  0.00000000000000000000E+0000  2.32022246096859493636E+0002  0.00000000000000000000E+0000  0.00000000000000000000E+0000  0.00000000000000000000E+0000  0.00000000000000000000E+0000  0.00000000000000000000E+0000 -9.95347816570103002167E-0010 -2.17519471035160497324E+0000  0.00000000000000000000E+0000  0.00000000000000000000E+0000  0.00000000000000000000E+0000  4.04701481586013709516E-0008
 3.17499999999999999992E-0005  0.00000000000000000000E+0000 -3.56768608041869187470E-0007  3.38008495360631026591E-0006 -3.56768608041869187470E-0007  1.04999999999999999996E+0000  1.39365440359354872564E+0000  1.46608313300864740098E+0000  1.31069649700390090344E+0000  0.00000000000000000000E+0000  2.34433159148802059510E+0002  0.00000000000000000000E+0000  4.57137323404344974044E-0040  4.59602156875549394235E-0003  1.26275539620566360862E-0034  0.00000000000000000000E+0000  2.32022245141304954294E+0002  0.00000000000000000000E+0000  0.00000000000000000000E+0000  2.32022244798156037512E+0002  0.00000000000000000000E+0000  0.00000000000000000000E+0000  0.00000000000000000000E+0000  0.00000000000000000000E+0000  0.00000000000000000000E+0000 -6.09096596644776601529E-0012 -2.17519597236956435150E+0000  0.00000000000000000000E+0000  0.00000000000000000000E+0000  0.00000000000000000000E+0000  3.86924017557060779278E-0008
 3.23799999999999999992E-0005  0.00000000000000000000E+0000  2.71403413095457127111E-0007  2.97424668688195068007E-0006  2.71403413095457127111E-0007  1.04999999999999999996E+0000  1.39365440248593847863E+0000  1.46608313318002972739E+0000  1.31069650057618270400E+0000  0.00000000000000000000E+0000  2.34433159148802059510E+0002  0.00000000000000000000E+0000  4.57137281863588119848E-0040  4.59602158969825903751E-0003  1.26275532183508995269E-0034  0.00000000000000000000E+0000  2.32022245059619603477E+0002  0.00000000000000000000E+0000  0.00000000000000000000E+0000  2.32022245659495924358E+0002  0.00000000000000000000E+0000  0.00000000000000000000E+0000  0.00000000000000000000E+0000  0.00000000000000000000E+0000  0.00000000000000000000E+0000 -7.68229102103229391372E-0010 -2.17519497999979653422E+0000  0.00000000000000000000E+0000  0.00000000000000000000E+0000  0.00000000000000000000E+0000  2.53827450545866095205E-0008
 3.30299999999999999995E-0005  0.00000000000000000000E+0000  3.83227452602693858832E-0008  2.70000662537774949688E-0006  3.83227452602693858832E-0008  1.04999999999999999996E+0000  1.39365442540975371813E+0000  1.46608313304840338995E+0000  1.31069652811701828170E+0000  0.00000000000000000000E+0000  2.34433159148802059510E+0002  0.00000000000000000000E+0000  4.57137540973839017081E-0040  4.59602157658507371768E-0003  1.26275597918790249994E-0034  0.00000000000000000000E+0000  2.32022245015220340281E+0002  0.00000000000000000000E+0000  0.00000000000000000000E+0000  2.32022245568516753148E+0002  0.00000000000000000000E+0000  0.00000000000000000000E+0000  0.00000000000000000000E+0000  0.00000000000000000000E+0000  0.00000000000000000000E+0000 -5.27763466618309326745E-0010 -2.17519527953294194143E+0000  0.00000000000000000000E+0000  0.00000000000000000000E+0000  0.00000000000000000000E+0000  7.10304307938162692336E-0008
 3.36900000000000000001E-0005  0.00000000000000000000E+0000  7.76632757561278704982E-0007  2.03070706658949433405E-0006  7.76632757561278704982E-0007  1.04999999999999999996E+0000  1.39365444511605668474E+0000  1.46608313276086580496E+0000  1.31069654671868744884E+0000  0.00000000000000000000E+0000  2.34433159148802059510E+0002  0.00000000000000000000E+0000  4.57137799373166984693E-0040  4.59602155979546756077E-0003  1.26275656294508907857E-0034  0.00000000000000000000E+0000  2.32022244891324680063E+0002  0.00000000000000000000E+0000  0.00000000000000000000E+0000  2.32022247280832551022E+0002  0.00000000000000000000E+0000  0.00000000000000000000E+0000  0.00000000000000000000E+0000  0.00000000000000000000E+0000  0.00000000000000000000E+0000 -1.60942786605993522723E-0009 -2.17519374677841062873E+0000  0.00000000000000000000E+0000  0.00000000000000000000E+0000  0.00000000000000000000E+0000  5.45288986354451469725E-0008
 3.43600000000000000009E-0005  0.00000000000000000000E+0000  5.54975149698489220233E-0007  1.39929914985695864715E-0006  5.54975149698489220233E-0007  1.04999999999999999996E+0000  1.39365446011289493536E+0000  1.46608313242175809137E+0000  1.31069655543266177979E+0000  0.00000000000000000000E+0000  2.34433159148802059510E+0002  0.00000000000000000000E+0000  4.57138033385669220928E-0040  4.59602148114766499287E-0003  1.26275688411669532336E-0034  0.00000000000000000000E+0000  2.32022244808255072968E+0002  0.00000000000000000000E+0000  0.00000000000000000000E+0000  2.32022246548785136433E+0002  0.00000000000000000000E+0000  0.00000000000000000000E+0000  0.00000000000000000000E+0000  0.00000000000000000000E+0000  0.00000000000000000000E+0000 -8.21224591606241004936E-0010 -2.17519463711588387374E+0000  0.00000000000000000000E+0000  0.00000000000000000000E+0000  0.00000000000000000000E+0000  1.78126624744855232914E-0008
 3.50499999999999999988E-0005  0.00000000000000000000E+0000  8.90693265244479642751E-0007  1.11405640289515325951E-0006  8.90693265244479642751E-0007  1.04999999999999999996E+0000  1.39365446953833031361E+0000  1.46608313204636595255E+0000  1.31069655430249166735E+0000  0.00000000000000000000E+0000  2.34433159148802059510E+0002  0.00000000000000000000E+0000  4.57138222954716937891E-0040  4.59602140588715196677E-0003  1.26275699902846545381E-0034  0.00000000000000000000E+0000  2.32022244727662559236E+0002  0.00000000000000000000E+0000  0.00000000000000000000E+0000  2.32022246781172585134E+0002  0.00000000000000000000E+0000  0.00000000000000000000E+0000  0.00000000000000000000E+0000  0.00000000000000000000E+0000  0.00000000000000000000E+0000 -7.11567941758874460303E-0010 -2.17519457214740944188E+0000  0.00000000000000000000E+0000  0.00000000000000000000E+0000  0.00000000000000000000E+0000 -3.87685143823850231248E-0008
 3.57500000000000000002E-0005  0.00000000000000000000E+0000  4.18697654938738892938E-0008  6.37485372132788880532E-0007  4.18697654938738892938E-0008  1.04999999999999999996E+0000  1.39365447284858752399E+0000  1.46608313183769912568E+0000  1.31069654411917420670E+0000  0.00000000000000000000E+0000  2.34433159148802059510E+0002  0.00000000000000000000E+0000  4.57138348151381899597E-0040  4.59602132321524551051E-0003  1.26275690345159227351E-0034  0.00000000000000000000E+0000  2.32022244816708411927E+0002  0.00000000000000000000E+0000  0.00000000000000000000E+0000  2.32022244512308403505E+0002  0.00000000000000000000E+0000  0.00000000000000000000E+0000  0.00000000000000000000E+0000  0.00000000000000000000E+0000  0.00000000000000000000E+0000  1.08178637147270369252E-0009 -2.17519678384984286581E+0000  0.00000000000000000000E+0000  0.00000000000000000000E+0000  0.00000000000000000000E+0000 -8.52999274753463822138E-0008
 3.64699999999999999987E-0005  0.00000000000000000000E+0000  1.83398030836273214556E-0006  2.39262175621677689315E-0006  1.83398030836273214556E-0006  1.04999999999999999996E+0000  1.39365446987362819249E+0000  1.46608313150811009513E+0000  1.31069652612406407823E+0000  0.00000000000000000000E+0000  2.34433159148802059510E+0002  0.00000000000000000000E+0000  4.57138409500973815846E-0040  4.59602130714741551187E-0003  1.26275663217570662154E-0034  0.00000000000000000000E+0000  2.32022244733133039762E+0002  0.00000000000000000000E+0000  0.00000000000000000000E+0000  2.32022248302348820026E+0002  0.00000000000000000000E+0000  0.00000000000000000000E+0000  0.00000000000000000000E+0000  0.00000000000000000000E+0000  0.00000000000000000000E+0000 -1.38799316606534410667E-0009 -2.17519324981433901560E+0000  0.00000000000000000000E+0000  0.00000000000000000000E+0000  0.00000000000000000000E+0000 -1.31479774963399102141E-0007
 3.72000000000000000008E-0005  0.00000000000000000000E+0000 -2.12648417776274470716E-0006  1.17136074243882210265E-0006 -2.12648417776274470716E-0006  1.04999999999999999996E+0000  1.39365446189447932557E+0000  1.46608313177956123806E+0000  1.31069650310098438552E+0000  0.00000000000000000000E+0000  2.34433159148802059510E+0002  0.00000000000000000000E+0000  4.57138389194267396877E-0040  4.59602120752465264614E-0003  1.26275619771583561874E-0034  0.00000000000000000000E+0000  2.32022245181184733634E+0002  0.00000000000000000000E+0000  0.00000000000000000000E+0000  2.32022239701916268256E+0002  0.00000000000000000000E+0000  0.00000000000000000000E+0000  0.00000000000000000000E+0000  0.00000000000000000000E+0000  0.00000000000000000000E+0000  4.67780186844988842821E-0009 -2.17520130827275209699E+0000  0.00000000000000000000E+0000  0.00000000000000000000E+0000  0.00000000000000000000E+0000 -1.30165248892324795063E-0007
 3.79399999999999999997E-0005  0.00000000000000000000E+0000  3.47188386547677127085E-0006  4.01207103894166800939E-0006  3.47188386547677127085E-0006  1.04999999999999999996E+0000  1.39365444891623630050E+0000  1.46608313152802299177E+0000  1.31069647674198233459E+0000  0.00000000000000000000E+0000  2.34433159148802059510E+0002  0.00000000000000000000E+0000  4.57138324995567139802E-0040  4.59602135953966109245E-0003  1.26275571506038247288E-0034  0.00000000000000000000E+0000  2.32022244948823607461E+0002  0.00000000000000000000E+0000  0.00000000000000000000E+0000  2.32022252524292849241E+0002  0.00000000000000000000E+0000  0.00000000000000000000E+0000  0.00000000000000000000E+0000  0.00000000000000000000E+0000  0.00000000000000000000E+0000 -4.29890507134975232510E-0009 -2.17518907029888755350E+0000  0.00000000000000000000E+0000  0.00000000000000000000E+0000  0.00000000000000000000E+0000 -1.68330361516297016402E-0007
 3.86999999999999999991E-0005  0.00000000000000000000E+0000 -3.71143994469786402322E-0006  1.86305254833447313231E-0006 -3.71143994469786402322E-0006  1.04999999999999999996E+0000  1.39365443354337620286E+0000  1.46608313217013750264E+0000  1.31069645034198938862E+0000  0.00000000000000000000E+0000  2.34433159148802059510E+0002  0.00000000000000000000E+0000  4.57138172837588056337E-0040  4.59602118955428915279E-0003  1.26275511795096308948E-0034  0.00000000000000000000E+0000  2.32022245583593068316E+0002  0.00000000000000000000E+0000  0.00000000000000000000E+0000  2.32022237046138024102E+0002  0.00000000000000000000E+0000  0.00000000000000000000E+0000  0.00000000000000000000E+0000  0.00000000000000000000E+0000  0.00000000000000000000E+0000  6.56134024342167331549E-0009 -2.17520373273889824689E+0000  0.00000000000000000000E+0000  0.00000000000000000000E+0000  0.00000000000000000000E+0000 -1.22260378980706255662E-0007
 3.94699999999999999986E-0005  0.00000000000000000000E+0000 -8.23425949398212734956E-0008  1.35233188983448016672E-0006 -8.23425949398212734956E-0008  1.04999999999999999996E+0000  1.39365441674518187850E+0000  1.46608313274128386169E+0000  1.31069642590529134897E+0000  0.00000000000000000000E+0000  2.34433159148802059510E+0002  0.00000000000000000000E+0000  4.57138021650673373085E-0040  4.59602145686488460088E-0003  1.26275462961701350675E-0034  0.00000000000000000000E+0000  2.32022245742939870264E+0002  0.00000000000000000000E+0000  0.00000000000000000000E+0000  2.32022245628827597438E+0002  0.00000000000000000000E+0000  0.00000000000000000000E+0000  0.00000000000000000000E+0000  0.00000000000000000000E+0000  0.00000000000000000000E+0000  1.60737448755329835285E-0010 -2.17519508877671281528E+0000  0.00000000000000000000E+0000  0.00000000000000000000E+0000  0.00000000000000000000E+0000 -1.40934705671390661603E-0007
 4.02599999999999999986E-0005  0.00000000000000000000E+0000  2.57751114264542105419E-0007  9.77460190692956100590E-0007  2.57751114264542105419E-0007  1.04999999999999999996E+0000  1.39365440184784592198E+0000  1.46608313340694921948E+0000  1.31069642000175411785E+0000  0.00000000000000000000E+0000  2.34433159148802059510E+0002  0.00000000000000000000E+0000  4.57137776565267178098E-0040  4.59602156162692974596E-0003  1.26275439360657396480E-0034  0.00000000000000000000E+0000  2.32022245996437062862E+0002  0.00000000000000000000E+0000  0.00000000000000000000E+0000  2.32022245642645023461E+0002  0.00000000000000000000E+0000  0.00000000000000000000E+0000  0.00000000000000000000E+0000  0.00000000000000000000E+0000  0.00000000000000000000E+0000 -1.72609707965649283380E-0010 -2.17519490061965591618E+0000  0.00000000000000000000E+0000  0.00000000000000000000E+0000  0.00000000000000000000E+0000 -1.16975772928747904215E-0007
 4.10699999999999999990E-0005  0.00000000000000000000E+0000 -1.57488330037375534947E-0006  2.71761277600662948333E-0006 -1.57488330037375534947E-0006  1.04999999999999999996E+0000  1.39365438870509617518E+0000  1.46608313423164356376E+0000  1.31069641747912141248E+0000  0.00000000000000000000E+0000  2.34433159148802059510E+0002  0.00000000000000000000E+0000  4.57137537268354287341E-0040  4.59602164191962681203E-0003  1.26275420680736905487E-0034  0.00000000000000000000E+0000  2.32022246226780997178E+0002  0.00000000000000000000E+0000  0.00000000000000000000E+0000  2.32022242187458519552E+0002  0.00000000000000000000E+0000  0.00000000000000000000E+0000  0.00000000000000000000E+0000  0.00000000000000000000E+0000  0.00000000000000000000E+0000  1.93181796078496271967E-0009 -2.17519799872916779274E+0000  0.00000000000000000000E+0000  0.00000000000000000000E+0000  0.00000000000000000000E+0000 -4.78873778341737870145E-0009
 4.18899999999999999996E-0005  0.00000000000000000000E+0000  4.32670786181819270930E-0006  2.62198076122341264918E-0006  4.32670786181819270930E-0006  1.04999999999999999996E+0000  1.39365437745854070083E+0000  1.46608313387270387427E+0000  1.31069641754607349004E+0000  0.00000000000000000000E+0000  2.34433159148802059510E+0002  0.00000000000000000000E+0000  4.57137341801083614347E-0040  4.59602181534172532191E-0003  1.26275411492609648438E-0034  0.00000000000000000000E+0000  2.32022245737647219890E+0002  0.00000000000000000000E+0000  0.00000000000000000000E+0000  2.32022255981713073580E+0002  0.00000000000000000000E+0000  0.00000000000000000000E+0000  0.00000000000000000000E+0000  0.00000000000000000000E+0000  0.00000000000000000000E+0000 -7.72941203369713525036E-0009 -2.17518514256696859476E+0000  0.00000000000000000000E+0000  0.00000000000000000000E+0000  0.00000000000000000000E+0000  7.49091817828844087774E-0008
 4.27300000000000000007E-0005  0.00000000000000000000E+0000  6.79767207057346477866E-0007  1.77750578158481635438E-0006  6.79767207057346477866E-0007  1.04999999999999999996E+0000  1.39365436973480270487E+0000  1.46608313347023890201E+0000  1.31069642085832881975E+0000  0.00000000000000000000E+0000  2.34433159148802059510E+0002  0.00000000000000000000E+0000  4.57137151909769525413E-0040  4.59602151767946548184E-0003  1.26275400516689051308E-0034  0.00000000000000000000E+0000  2.32022245521185243367E+0002  0.00000000000000000000E+0000  0.00000000000000000000E+0000  2.32022246916008318254E+0002  0.00000000000000000000E+0000  0.00000000000000000000E+0000  0.00000000000000000000E+0000  0.00000000000000000000E+0000  0.00000000000000000000E+0000 -1.03489047818653547845E-0009 -2.17519435773836948772E+0000  0.00000000000000000000E+0000  0.00000000000000000000E+0000  0.00000000000000000000E+0000  1.68870640020215560383E-0007
 4.35799999999999999986E-0005  0.00000000000000000000E+0000 -4.72294597847352683040E-0007  1.79923032674501758256E-0006 -4.72294597847352683040E-0007  1.04999999999999999996E+0000  1.39365461407862266038E+0000  1.46608313221975850298E+0000  1.31069673219056802695E+0000  0.00000000000000000000E+0000  2.34433159148802059510E+0002  0.00000000000000000000E+0000  4.57139516257449176690E-0040  4.59602142929348445091E-0003  1.26276058008890719390E-0034  0.00000000000000000000E+0000  2.32022246046053871649E+0002  0.00000000000000000000E+0000  0.00000000000000000000E+0000  2.32022243635887080115E+0002  0.00000000000000000000E+0000  0.00000000000000000000E+0000  0.00000000000000000000E+0000  0.00000000000000000000E+0000  0.00000000000000000000E+0000  2.84165623286055317728E-0010 -2.17519664404708089681E+0000  0.00000000000000000000E+0000  0.00000000000000000000E+0000  0.00000000000000000000E+0000  2.32964060389666089542E-0007
 4.44500000000000000003E-0005  0.00000000000000000000E+0000 -7.46834585460148360928E-0007  2.10980390431743728727E-0006 -7.46834585460148360928E-0007  1.04999999999999999996E+0000  1.39365461257453950722E+0000  1.46608313171793587862E+0000  1.31069672907372286445E+0000  0.00000000000000000000E+0000  2.34433159148802059510E+0002  0.00000000000000000000E+0000  4.57139495564591690647E-0040  4.59602134913959473967E-0003  1.26276039970786016805E-0034  0.00000000000000000000E+0000  2.32022245437852131067E+0002  0.00000000000000000000E+0000  0.00000000000000000000E+0000  2.32022243950086500541E+0002  0.00000000000000000000E+0000  0.00000000000000000000E+0000  0.00000000000000000000E+0000  0.00000000000000000000E+0000  0.00000000000000000000E+0000  1.89425291346963959709E-0010 -2.17519630771660538540E+0000  0.00000000000000000000E+0000  0.00000000000000000000E+0000  0.00000000000000000000E+0000  2.53468332507571762899E-0007
 4.53399999999999999990E-0005  0.00000000000000000000E+0000 -7.15130914831110776428E-0007  1.87693944183014418647E-0006 -7.15130914831110776428E-0007  1.04999999999999999996E+0000  1.39365472742319980643E+0000  1.46608313129521659088E+0000  1.31069684806082343035E+0000  0.00000000000000000000E+0000  2.34433159148802059510E+0002  0.00000000000000000000E+0000  4.57140490674616941171E-0040  4.59602129465824002794E-0003  1.26276252106032360913E-0034  0.00000000000000000000E+0000  2.32022245112461362959E+0002  0.00000000000000000000E+0000  0.00000000000000000000E+0000  2.32022243968558130739E+0002  0.00000000000000000000E+0000  0.00000000000000000000E+0000  0.00000000000000000000E+0000  0.00000000000000000000E+0000  0.00000000000000000000E+0000  3.32979710725806581093E-0010 -2.17519640309928500460E+0000  0.00000000000000000000E+0000  0.00000000000000000000E+0000  0.00000000000000000000E+0000  1.76761960251311810639E-0007
 4.62500000000000000015E-0005  0.00000000000000000000E+0000 -1.31711482660847538136E-0006  4.32647536659060667770E-0006 -1.31711482660847538136E-0006  1.04999999999999999996E+0000  1.39365473868413187585E+0000  1.46608313273570047214E+0000  1.31069684296211234561E+0000  0.00000000000000000000E+0000  2.34433159148802059510E+0002  0.00000000000000000000E+0000  4.57140771865131203844E-0040  4.59602158698639178695E-0003  1.26276278317578181518E-0034  0.00000000000000000000E+0000  2.32022245322647960197E+0002  0.00000000000000000000E+0000  0.00000000000000000000E+0000  2.32022241945994889309E+0002  0.00000000000000000000E+0000  0.00000000000000000000E+0000  0.00000000000000000000E+0000  0.00000000000000000000E+0000  0.00000000000000000000E+0000  1.07153713559321835866E-0009 -2.17519712757599961456E+0000  0.00000000000000000000E+0000  0.00000000000000000000E+0000  0.00000000000000000000E+0000  5.21836600111456399713E-0008
 4.71700000000000000009E-0005  0.00000000000000000000E+0000 -2.08900625701134000164E-0007  3.01177705520348121741E-0006 -2.08900625701134000164E-0007  1.04999999999999999996E+0000  1.39365473350013912505E+0000  1.46608313259227306699E+0000  1.31069686321741467870E+0000  0.00000000000000000000E+0000  2.34433159148802059510E+0002  0.00000000000000000000E+0000  4.57140455531865566255E-0040  4.59602151447452210336E-0003  1.26276266597451553436E-0034  0.00000000000000000000E+0000  2.32022244896615255208E+0002  0.00000000000000000000E+0000  0.00000000000000000000E+0000  2.32022244602651626200E+0002  0.00000000000000000000E+0000  0.00000000000000000000E+0000  0.00000000000000000000E+0000  0.00000000000000000000E+0000  0.00000000000000000000E+0000  1.10676012554480955537E-0010 -2.17519600788776785397E+0000  0.00000000000000000000E+0000  0.00000000000000000000E+0000  0.00000000000000000000E+0000 -9.36583882759711804226E-0008
 4.81200000000000000009E-0005  0.00000000000000000000E+0000 -9.58208569942654755610E-0007  1.54552973783570151286E-0006 -9.58208569942654755610E-0007  1.04999999999999999996E+0000  1.39365507416354522544E+0000  1.46608313129853425408E+0000  1.31069723506059791860E+0000  0.00000000000000000000E+0000  2.34433159148802059510E+0002  0.00000000000000000000E+0000  4.57143258316362337792E-0040  4.59602136787336760523E-0003  1.26276927800017509333E-0034  0.00000000000000000000E+0000  2.32022244670934490604E+0002  0.00000000000000000000E+0000  0.00000000000000000000E+0000  2.32022243425988727458E+0002  0.00000000000000000000E+0000  0.00000000000000000000E+0000  0.00000000000000000000E+0000  0.00000000000000000000E+0000  0.00000000000000000000E+0000  6.35238487462829171917E-0010 -2.17519689111782904946E+0000  0.00000000000000000000E+0000  0.00000000000000000000E+0000  0.00000000000000000000E+0000  1.74463709929690498688E-0007
 4.90800000000000000012E-0005  0.00000000000000000000E+0000 -1.64728484763542836801E-0006  2.05110879491907754590E-0006 -1.64728484763542836801E-0006  1.04999999999999999996E+0000  1.39365530411458162115E+0000  1.46608312967709931431E+0000  1.31069748829308871168E+0000  0.00000000000000000000E+0000  2.34433159148802059510E+0002  0.00000000000000000000E+0000  4.57145378930282559606E-0040  4.59602116087954030786E-0003  1.26277420790564378060E-0034  0.00000000000000000000E+0000  2.32022244522980219603E+0002  0.00000000000000000000E+0000  0.00000000000000000000E+0000  2.32022242357775532060E+0002  0.00000000000000000000E+0000  0.00000000000000000000E+0000  0.00000000000000000000E+0000  0.00000000000000000000E+0000  0.00000000000000000000E+0000  1.34179680614732543953E-0009 -2.17519785920508984360E+0000  0.00000000000000000000E+0000  0.00000000000000000000E+0000  0.00000000000000000000E+0000  2.46162583254281898415E-0007
 5.00599999999999999985E-0005  0.00000000000000000000E+0000 -1.93890071848175261224E-0006  2.55800402981051233468E-0006 -1.93890071848175261224E-0006  1.04999999999999999996E+0000  1.39365558216984093080E+0000  1.46608312831991072472E+0000  1.31069781466271755054E+0000  0.00000000000000000000E+0000  2.34433159148802059510E+0002  0.00000000000000000000E+0000  4.57147539942026484189E-0040  4.59602100701542120576E-0003  1.26277981286377733962E-0034  0.00000000000000000000E+0000  2.32022244065011689823E+0002  0.00000000000000000000E+0000  0.00000000000000000000E+0000  2.32022241283563808417E+0002  0.00000000000000000000E+0000  0.00000000000000000000E+0000  0.00000000000000000000E+0000  0.00000000000000000000E+0000  0.00000000000000000000E+0000  1.62605467809274241530E-0009 -2.17519832566987781665E+0000  0.00000000000000000000E+0000  0.00000000000000000000E+0000  0.00000000000000000000E+0000  2.25423037737875488803E-0007
 5.10599999999999999996E-0005  0.00000000000000000000E+0000 -1.62211885029852252251E-0006  2.43059081318310745227E-0006 -1.62211885029852252251E-0006  1.04999999999999999996E+0000  1.39365545943222593744E+0000  1.46608312804679891833E+0000  1.31069766426685388298E+0000  0.00000000000000000000E+0000  2.34433159148802059510E+0002  0.00000000000000000000E+0000  4.57146602252583219349E-0040  4.59602095064499904059E-0003  1.26277715129016016260E-0034  0.00000000000000000000E+0000  2.32022243890903147462E+0002  0.00000000000000000000E+0000  0.00000000000000000000E+0000  2.32022241719281038685E+0002  0.00000000000000000000E+0000  0.00000000000000000000E+0000  0.00000000000000000000E+0000  0.00000000000000000000E+0000  0.00000000000000000000E+0000  1.49770677425711918208E-0009 -2.17519793110581956936E+0000  0.00000000000000000000E+0000  0.00000000000000000000E+0000  0.00000000000000000000E+0000  9.66884658773314218431E-0008
 5.20800000000000000011E-0005  0.00000000000000000000E+0000 -1.56215492214357656149E-0006  2.55038579997154785151E-0006 -1.56215492214357656149E-0006  1.04999999999999999996E+0000  1.39365539978745996477E+0000  1.46608312764448536043E+0000  1.31069760584668081136E+0000  0.00000000000000000000E+0000  2.34433159148802059510E+0002  0.00000000000000000000E+0000  4.57146173856037669439E-0040  4.59602089274757299630E-0003  1.26277629252250618075E-0034  0.00000000000000000000E+0000  2.32022243750163959602E+0002  0.00000000000000000000E+0000  0.00000000000000000000E+0000  2.32022241947505354853E+0002  0.00000000000000000000E+0000  0.00000000000000000000E+0000  0.00000000000000000000E+0000  0.00000000000000000000E+0000  0.00000000000000000000E+0000  1.49966386478604162286E-0009 -2.17519789493355015153E+0000  0.00000000000000000000E+0000  0.00000000000000000000E+0000  0.00000000000000000000E+0000  3.66196364847257086264E-0008
 5.31299999999999999999E-0005  0.00000000000000000000E+0000 -1.39961613346108887253E-0006  2.51405156707604872521E-0006 -1.39961613346108887253E-0006  1.04999999999999999996E+0000  1.39365558628074621050E+0000  1.46608312727859361395E+0000  1.31069780099344378643E+0000  0.00000000000000000000E+0000  2.34433159148802059510E+0002  0.00000000000000000000E+0000  4.57147358750709649066E-0040  4.59602084024541114093E-0003  1.26277878883892813846E-0034  0.00000000000000000000E+0000  2.32022243661608909462E+0002  0.00000000000000000000E+0000  0.00000000000000000000E+0000  2.32022241757687653199E+0002  0.00000000000000000000E+0000  0.00000000000000000000E+0000  0.00000000000000000000E+0000  0.00000000000000000000E+0000  0.00000000000000000000E+0000  1.43394654912522536844E-0009 -2.17519784957190213254E+0000  0.00000000000000000000E+0000  0.00000000000000000000E+0000  0.00000000000000000000E+0000  4.49419572506485409915E-0009
 5.41899999999999999989E-0005  0.00000000000000000000E+0000  1.04766014165899098986E-0006  3.04254734153055341621E-0006  1.04766014165899098986E-0006  1.04999999999999999996E+0000  1.39365553876565522243E+0000  1.46608312755875104863E+0000  1.31069773068278453830E+0000  0.00000000000000000000E+0000  2.34433159148802059510E+0002  0.00000000000000000000E+0000  4.57147392615255171508E-0040  4.59602097406283610452E-0003  1.26277845718410123733E-0034  0.00000000000000000000E+0000  2.32022243551316619398E+0002  0.00000000000000000000E+0000  0.00000000000000000000E+0000  2.32022246913665622703E+0002  0.00000000000000000000E+0000  0.00000000000000000000E+0000  0.00000000000000000000E+0000  0.00000000000000000000E+0000  0.00000000000000000000E+0000 -2.42751067003401551880E-0009 -2.17519251509445752648E+0000  0.00000000000000000000E+0000  0.00000000000000000000E+0000  0.00000000000000000000E+0000 -9.09040019705471559436E-0008
 5.52700000000000000016E-0005  0.00000000000000000000E+0000  3.03981700355593413614E-0006  6.09089744462665041641E-0006  3.03981700355593413614E-0006  1.04999999999999999996E+0000  1.39365443233654259618E+0000  1.46608313436744762490E+0000  1.31069646809317095137E+0000  0.00000000000000000000E+0000  2.34433159148802059510E+0002  0.00000000000000000000E+0000  4.57137187711643638404E-0040  4.59602165985290999689E-0003  1.26275293050856895694E-0034  0.00000000000000000000E+0000  2.32022243903717790378E+0002  0.00000000000000000000E+0000  0.00000000000000000000E+0000  2.32022246871049071887E+0002  0.00000000000000000000E+0000  0.00000000000000000000E+0000  0.00000000000000000000E+0000  0.00000000000000000000E+0000  0.00000000000000000000E+0000 -2.17191157463250381166E-0009 -2.17519199629907041449E+0000  0.00000000000000000000E+0000  0.00000000000000000000E+0000  0.00000000000000000000E+0000 -5.75797168808249426510E-0007
