 t Vext Jext errJ Jint  G_frac QLFSL1 QLFSL2 QLFSL3 JphotoL1 JphotoL2 JphotoL3 JdirL1 JdirL2 JdirL3 JbulkElecL1 JbulkElecL2 JbulkElecL3 JbulkHolesL1 JbulkHolesL2 JbulkHolesL3 JintElecL1L2 JintElecL2L3 JintHolesL1L2 JintHolesL2L3 JminLeft JminRight JShunt Jnion Jpion JD
 0.00000000000000000000E+0000  0.00000000000000000000E+0000  1.36906968176636457028E-0005  7.25915432863789728022E-0006  1.36906968176636457028E-0005  1.00000000000000000000E+0000  1.49265604452387016350E+0000  1.56956032767936651934E+0000  1.44383497510916192620E+0000  0.00000000000000000000E+0000  2.23269675379811485205E+0002  0.00000000000000000000E+0000  1.83703722082930777114E-0038  2.14665863263571724952E-0001  2.21639009536419122337E-0032  0.00000000000000000000E+0000  2.19821395498268392948E+0002  0.00000000000000000000E+0000  0.00000000000000000000E+0000  2.19821407996077239189E+0002  0.00000000000000000000E+0000  0.00000000000000000000E+0000  0.00000000000000000000E+0000  0.00000000000000000000E+0000  0.00000000000000000000E+0000  3.36906626448475567423E-0014 -3.07681849965597390274E+0000  0.00000000000000000000E+0000  0.00000000000000000000E+0000  0.00000000000000000000E+0000  0.00000000000000000000E+0000
 9.99999999999999999990E-0014  0.00000000000000000000E+0000  5.16870680379349865417E-0001  1.09119589380823067985E+0000  5.16870680379349865417E-0001  1.04999999999999999996E+0000  1.49265604453426728286E+0000  1.56956032779272664835E+0000  1.44383497510967518892E+0000  0.00000000000000000000E+0000  2.34433159148802059510E+0002  0.00000000000000000000E+0000  1.83703712127372113735E-0038  2.14665866414484680322E-0001  2.21639006669590841823E-0032  0.00000000000000000000E+0000  2.19821395412134967834E+0002  0.00000000000000000000E+0000  0.00000000000000000000E+0000  2.19821397527656588383E+0002  0.00000000000000000000E+0000  0.00000000000000000000E+0000  0.00000000000000000000E+0000  0.00000000000000000000E+0000  0.00000000000000000000E+0000  8.14129801624101185523E-0003 -1.32457183726342987923E+0001  0.00000000000000000000E+0000  0.00000000000000000000E+0000  0.00000000000000000000E+0000  5.19499601010850023928E-0001
 2.02000000000000000006E-0013  0.00000000000000000000E+0000  1.78553660083109032812E-0001  4.30454243845054711931E-0001  1.78553660083109032812E-0001  1.04999999999999999996E+0000  1.49265604455515333486E+0000  1.56956032801357964679E+0000  1.44383497511072987000E+0000  0.00000000000000000000E+0000  2.34433159148802059510E+0002  0.00000000000000000000E+0000  1.83703712122110031399E-0038  2.14665868609032774067E-0001  2.21639006755522769132E-0032  0.00000000000000000000E+0000  2.19821396101411892093E+0002  0.00000000000000000000E+0000  0.00000000000000000000E+0000  2.19821398866946168510E+0002  0.00000000000000000000E+0000  0.00000000000000000000E+0000  0.00000000000000000000E+0000  0.00000000000000000000E+0000  0.00000000000000000000E+0000  7.40890587312411130202E-0003 -1.23309221736997371276E+0001  0.00000000000000000000E+0000  0.00000000000000000000E+0000  0.00000000000000000000E+0000  1.81003822665273283394E-0001
 3.05999999999999999989E-0013  0.00000000000000000000E+0000 -2.87829646214554260300E-0002  2.03464741652375459438E-0001 -2.87829646214554260300E-0002  1.04999999999999999996E+0000  1.49265604458708959622E+0000  1.56956032833640063363E+0000  1.44383497511239222916E+0000  0.00000000000000000000E+0000  2.34433159148802059510E+0002  0.00000000000000000000E+0000  1.83703712117846841741E-0038  2.14665871775569589295E-0001  2.21639006884276475464E-0032  0.00000000000000000000E+0000  2.19821397095977793840E+0002  0.00000000000000000000E+0000  0.00000000000000000000E+0000  2.19821400799422339428E+0002  0.00000000000000000000E+0000  0.00000000000000000000E+0000  0.00000000000000000000E+0000  0.00000000000000000000E+0000  0.00000000000000000000E+0000  6.74239927036397509178E-0003 -1.14984200452227218097E+0001  0.00000000000000000000E+0000  0.00000000000000000000E+0000  0.00000000000000000000E+0000 -2.64954427886614185168E-0002
 4.12200000000000000012E-0013  0.00000000000000000000E+0000 -3.89236049340295700408E-0002  9.87314913330878773286E-0002 -3.89236049340295700408E-0002  1.04999999999999999996E+0000  1.49265604463110617382E+0000  1.56956032875678469507E+0000  1.44383497511476637497E+0000  0.00000000000000000000E+0000  2.34433159148802059510E+0002  0.00000000000000000000E+0000  1.83703712118977079252E-0038  2.14665875870544933611E-0001  2.21639007059771138202E-0032  0.00000000000000000000E+0000  2.19821398382155885398E+0002  0.00000000000000000000E+0000  0.00000000000000000000E+0000  2.19821403298508118176E+0002  0.00000000000000000000E+0000  0.00000000000000000000E+0000  0.00000000000000000000E+0000  0.00000000000000000000E+0000  0.00000000000000000000E+0000  6.13585116623740615211E-0003 -1.07408086463986723949E+0001  0.00000000000000000000E+0000  0.00000000000000000000E+0000  0.00000000000000000000E+0000 -3.67839463644735986366E-0002
 5.20400000000000000019E-0013  0.00000000000000000000E+0000 -1.00227403298764452869E-0002  3.79934348286930256019E-0002 -1.00227403298764452869E-0002  1.04999999999999999996E+0000  1.49265604468835895967E+0000  1.56956032926921299701E+0000  1.44383497511797321818E+0000  0.00000000000000000000E+0000  2.34433159148802059510E+0002  0.00000000000000000000E+0000  1.83703712131158608248E-0038  2.14665880844777644428E-0001  2.21639007286742680558E-0032  0.00000000000000000000E+0000  2.19821399944501365192E+0002  0.00000000000000000000E+0000  0.00000000000000000000E+0000  2.19821406334190105572E+0002  0.00000000000000000000E+0000  0.00000000000000000000E+0000  0.00000000000000000000E+0000  0.00000000000000000000E+0000  0.00000000000000000000E+0000  5.58386771163569928935E-0003 -1.00513506634946571368E+0001  0.00000000000000000000E+0000  0.00000000000000000000E+0000  0.00000000000000000000E+0000 -8.01747876788795518297E-0003
 6.30799999999999999979E-0013  0.00000000000000000000E+0000  4.48222857536593364642E-0004  8.15321879337855852775E-0002  4.48222857536593364642E-0004  1.04999999999999999996E+0000  1.49265604476037431407E+0000  1.56956032987017712768E+0000  1.44383497512216154234E+0000  0.00000000000000000000E+0000  2.34433159148802059510E+0002  0.00000000000000000000E+0000  1.83703712161117261768E-0038  2.14665886661761397481E-0001  2.21639007570924342788E-0032  0.00000000000000000000E+0000  2.19821401771550832438E+0002  0.00000000000000000000E+0000  0.00000000000000000000E+0000  2.19821409884190238110E+0002  0.00000000000000000000E+0000  0.00000000000000000000E+0000  0.00000000000000000000E+0000  0.00000000000000000000E+0000  0.00000000000000000000E+0000  5.08154028138059695344E-0003 -9.42391487067419054632E+0000  0.00000000000000000000E+0000  0.00000000000000000000E+0000  0.00000000000000000000E+0000  2.33140064372185184398E-0003
 7.43399999999999999992E-0013  0.00000000000000000000E+0000 -6.18270073884066386183E-0004  7.57032974024470991934E-0002 -6.18270073884066386183E-0004  1.04999999999999999996E+0000  1.49265604484867141211E+0000  1.56956033055562396456E+0000  1.44383497512748462514E+0000  0.00000000000000000000E+0000  2.34433159148802059510E+0002  0.00000000000000000000E+0000  1.83703712216863780240E-0038  2.14665893284509834242E-0001  2.21639007918324685115E-0032  0.00000000000000000000E+0000  2.19821403851690513900E+0002  0.00000000000000000000E+0000  0.00000000000000000000E+0000  2.19821413925937704598E+0002  0.00000000000000000000E+0000  0.00000000000000000000E+0000  0.00000000000000000000E+0000  0.00000000000000000000E+0000  0.00000000000000000000E+0000  4.62440183192243512554E-0003 -8.85292162306958026804E+0000  0.00000000000000000000E+0000  0.00000000000000000000E+0000  0.00000000000000000000E+0000  1.15411279480790332071E-0003
 8.58300000000000000006E-0013  0.00000000000000000000E+0000 -2.11182935387323277746E-0003  4.20155146247688394104E-0002 -2.11182935387323277746E-0003  1.04999999999999999996E+0000  1.49265604495484340464E+0000  1.56956033132240507994E+0000  1.44383497513410318717E+0000  0.00000000000000000000E+0000  2.34433159148802059510E+0002  0.00000000000000000000E+0000  1.83703712307567294224E-0038  2.14665900682496837840E-0001  2.21639008335064278309E-0032  0.00000000000000000000E+0000  2.19821406175336015412E+0002  0.00000000000000000000E+0000  0.00000000000000000000E+0000  2.19821418440804474667E+0002  0.00000000000000000000E+0000  0.00000000000000000000E+0000  0.00000000000000000000E+0000  0.00000000000000000000E+0000  0.00000000000000000000E+0000  4.20838717354554719355E-0003 -8.33329322722820226618E+0000  0.00000000000000000000E+0000  0.00000000000000000000E+0000  0.00000000000000000000E+0000 -4.39883940892246966702E-0004
 9.75499999999999999972E-0013  0.00000000000000000000E+0000 -1.86421071361157303411E-0003  5.54233107935158722739E-0003 -1.86421071361157303411E-0003  1.04999999999999999996E+0000  1.49265604508031689995E+0000  1.56956033216703881605E+0000  1.44383497514216959561E+0000  0.00000000000000000000E+0000  2.34433159148802059510E+0002  0.00000000000000000000E+0000  1.83703712443579665180E-0038  2.14665908823216053733E-0001  2.21639008826709801994E-0032  0.00000000000000000000E+0000  2.19821408732281287635E+0002  0.00000000000000000000E+0000  0.00000000000000000000E+0000  2.19821423408954220502E+0002  0.00000000000000000000E+0000  0.00000000000000000000E+0000  0.00000000000000000000E+0000  0.00000000000000000000E+0000  0.00000000000000000000E+0000  3.82979682275167015101E-0003 -7.86040879304290905248E+0000  0.00000000000000000000E+0000  0.00000000000000000000E+0000  0.00000000000000000000E+0000 -2.83197553177524598111E-0004
 1.09499999999999999999E-0012  0.00000000000000000000E+0000 -1.15864459779051913683E-0003  1.81739027229173049774E-0002 -1.15864459779051913683E-0003  1.04999999999999999996E+0000  1.49265604522634772193E+0000  1.56956033308624654855E+0000  1.44383497515182645013E+0000  0.00000000000000000000E+0000  2.34433159148802059510E+0002  0.00000000000000000000E+0000  1.83703712636328589019E-0038  2.14665917675419818162E-0001  2.21639009398113031733E-0032  0.00000000000000000000E+0000  2.19821411512715892370E+0002  0.00000000000000000000E+0000  0.00000000000000000000E+0000  2.19821428811318941771E+0002  0.00000000000000000000E+0000  0.00000000000000000000E+0000  0.00000000000000000000E+0000  0.00000000000000000000E+0000  0.00000000000000000000E+0000  3.48526410171185360778E-0003 -7.43006313685730739992E+0000  0.00000000000000000000E+0000  0.00000000000000000000E+0000  0.00000000000000000000E+0000  3.40163913868335895824E-0004
 1.21700000000000000000E-0012  0.00000000000000000000E+0000 -8.12387867844566919524E-0004  2.48346913049282838674E-0002 -8.12387867844566919524E-0004  1.04999999999999999996E+0000  1.49265604539424343521E+0000  1.56956033407857111048E+0000  1.44383497516322151959E+0000  0.00000000000000000000E+0000  2.34433159148802059510E+0002  0.00000000000000000000E+0000  1.83703712898638946424E-0038  2.14665927224460320453E-0001  2.21639010054237258076E-0032  0.00000000000000000000E+0000  2.19821414512043591769E+0002  0.00000000000000000000E+0000  0.00000000000000000000E+0000  2.19821434638961423574E+0002  0.00000000000000000000E+0000  0.00000000000000000000E+0000  0.00000000000000000000E+0000  0.00000000000000000000E+0000  0.00000000000000000000E+0000  3.17172519180037051491E-0003 -7.03842937177781004460E+0000  0.00000000000000000000E+0000  0.00000000000000000000E+0000  0.00000000000000000000E+0000  6.12234800419645159680E-0004
 1.34099999999999999997E-0012  0.00000000000000000000E+0000 -8.26540501171445197830E-0004  1.88470437948942436432E-0002 -8.26540501171445197830E-0004  1.04999999999999999996E+0000  1.49265604558408615304E+0000  1.56956033513700767121E+0000  1.44383497517642023548E+0000  0.00000000000000000000E+0000  2.34433159148802059510E+0002  0.00000000000000000000E+0000  1.83703713243284047185E-0038  2.14665937406287428383E-0001  2.21639010795772032403E-0032  0.00000000000000000000E+0000  2.19821417710151451916E+0002  0.00000000000000000000E+0000  0.00000000000000000000E+0000  2.19821440852795074325E+0002  0.00000000000000000000E+0000  0.00000000000000000000E+0000  0.00000000000000000000E+0000  0.00000000000000000000E+0000  0.00000000000000000000E+0000  2.88639191850798211688E-0003 -6.68202492784343443080E+0000  0.00000000000000000000E+0000  0.00000000000000000000E+0000  0.00000000000000000000E+0000  5.31275107254595674256E-0004
 1.46799999999999999998E-0012  0.00000000000000000000E+0000 -9.71789333786325040699E-0004  7.80643344660987493031E-0003 -9.71789333786325040699E-0004  1.04999999999999999996E+0000  1.49265604579797390549E+0000  1.56956033626751106078E+0000  1.44383497519163075474E+0000  0.00000000000000000000E+0000  2.34433159148802059510E+0002  0.00000000000000000000E+0000  1.83703713686771287901E-0038  2.14665948272313504764E-0001  2.21639011630159050332E-0032  0.00000000000000000000E+0000  2.19821421123192999564E+0002  0.00000000000000000000E+0000  0.00000000000000000000E+0000  2.19821447484198517333E+0002  0.00000000000000000000E+0000  0.00000000000000000000E+0000  0.00000000000000000000E+0000  0.00000000000000000000E+0000  0.00000000000000000000E+0000  2.62672687932092803798E-0003 -6.35768045251776343441E+0000  0.00000000000000000000E+0000  0.00000000000000000000E+0000  0.00000000000000000000E+0000  3.26004906871329608372E-0004
 1.59700000000000000005E-0012  0.00000000000000000000E+0000 -1.08907012904530078049E-0003  1.83738194306079598356E-0003 -1.08907012904530078049E-0003  1.04999999999999999996E+0000  1.49265604603455490215E+0000  1.56956033745876524191E+0000  1.44383497520882011036E+0000  0.00000000000000000000E+0000  2.34433159148802059510E+0002  0.00000000000000000000E+0000  1.83703714242743097401E-0038  2.14665959721585956563E-0001  2.21639012553269791937E-0032  0.00000000000000000000E+0000  2.19821424719465012471E+0002  0.00000000000000000000E+0000  0.00000000000000000000E+0000  2.19821454471564293243E+0002  0.00000000000000000000E+0000  0.00000000000000000000E+0000  0.00000000000000000000E+0000  0.00000000000000000000E+0000  0.00000000000000000000E+0000  2.39042100515915188984E-0003 -6.06251182665866548190E+0000  0.00000000000000000000E+0000  0.00000000000000000000E+0000  0.00000000000000000000E+0000  1.54966165560270133281E-0004
 1.72900000000000000005E-0012  0.00000000000000000000E+0000 -1.11944643817020092609E-0003  6.75868705800345911424E-0003 -1.11944643817020092609E-0003  1.04999999999999999996E+0000  1.49265604629574805422E+0000  1.56956033871771783274E+0000  1.44383497522819397615E+0000  0.00000000000000000000E+0000  2.34433159148802059510E+0002  0.00000000000000000000E+0000  1.83703714930352567687E-0038  2.14665971814083442402E-0001  2.21639013571730865976E-0032  0.00000000000000000000E+0000  2.19821428517812379480E+0002  0.00000000000000000000E+0000  0.00000000000000000000E+0000  2.19821461851499265150E+0002  0.00000000000000000000E+0000  0.00000000000000000000E+0000  0.00000000000000000000E+0000  0.00000000000000000000E+0000  0.00000000000000000000E+0000  2.17537287937982956644E-0003 -5.79389428814008678468E+0000  0.00000000000000000000E+0000  0.00000000000000000000E+0000  0.00000000000000000000E+0000  7.66034901168233310516E-0005
 1.86400000000000000009E-0012  0.00000000000000000000E+0000 -1.06941626283369094787E-0003  6.94332003681522986399E-0003 -1.06941626283369094787E-0003  1.04999999999999999996E+0000  1.49265604658160214700E+0000  1.56956034004250903776E+0000  1.44383497524982838732E+0000  0.00000000000000000000E+0000  2.34433159148802059510E+0002  0.00000000000000000000E+0000  1.83703715768737302083E-0038  2.14665984535549551410E-0001  2.21639014686489783949E-0032  0.00000000000000000000E+0000  2.19821432513763932601E+0002  0.00000000000000000000E+0000  0.00000000000000000000E+0000  2.19821469615305891479E+0002  0.00000000000000000000E+0000  0.00000000000000000000E+0000  0.00000000000000000000E+0000  0.00000000000000000000E+0000  0.00000000000000000000E+0000  1.97967016005785405530E-0003 -5.54943925159231087356E+0000  0.00000000000000000000E+0000  0.00000000000000000000E+0000  0.00000000000000000000E+0000  8.39833433192709979558E-0005
 2.00100000000000000008E-0012  0.00000000000000000000E+0000 -9.74359152177958451571E-0004  4.27416380566216268555E-0003 -9.74359152177958451571E-0004  1.04999999999999999996E+0000  1.49265604688978917791E+0000  1.56956034142130788185E+0000  1.44383497527361901445E+0000  0.00000000000000000000E+0000  2.34433159148802059510E+0002  0.00000000000000000000E+0000  1.83703716770733235905E-0038  2.14665997775076778972E-0001  2.21639015889306697360E-0032  0.00000000000000000000E+0000  2.19821436672489409020E+0002  0.00000000000000000000E+0000  0.00000000000000000000E+0000  2.19821477695301266186E+0002  0.00000000000000000000E+0000  0.00000000000000000000E+0000  0.00000000000000000000E+0000  0.00000000000000000000E+0000  0.00000000000000000000E+0000  1.80157258641252737002E-0003 -5.32697309246778150918E+0000  0.00000000000000000000E+0000  0.00000000000000000000E+0000  0.00000000000000000000E+0000  1.41341776366262973057E-0004
 2.14099999999999999992E-0012  0.00000000000000000000E+0000 -8.73520732335369489979E-0004  9.94011019966634930289E-0004 -8.73520732335369489979E-0004  1.04999999999999999996E+0000  1.49265604722227043604E+0000  1.56956034286227481378E+0000  1.44383497529979276869E+0000  0.00000000000000000000E+0000  2.34433159148802059510E+0002  0.00000000000000000000E+0000  1.83703717959884271543E-0038  2.14666011605897364561E-0001  2.21639017187224975534E-0032  0.00000000000000000000E+0000  2.19821441016998003481E+0002  0.00000000000000000000E+0000  0.00000000000000000000E+0000  2.19821486136181386037E+0002  0.00000000000000000000E+0000  0.00000000000000000000E+0000  0.00000000000000000000E+0000  0.00000000000000000000E+0000  0.00000000000000000000E+0000  1.63949636788215787343E-0003 -5.12451761703628740985E+0000  0.00000000000000000000E+0000  0.00000000000000000000E+0000  0.00000000000000000000E+0000  2.09062168227083399578E-0004
 2.28399999999999999999E-0012  0.00000000000000000000E+0000 -7.93920775487947562377E-0004  1.33603026766696449881E-0003 -7.93920775487947562377E-0004  1.04999999999999999996E+0000  1.49265604757888811153E+0000  1.56956034436384421786E+0000  1.44383497532841889685E+0000  0.00000000000000000000E+0000  2.34433159148802059510E+0002  0.00000000000000000000E+0000  1.83703719357433707912E-0038  2.14666026015702208080E-0001  2.21639018580574348925E-0032  0.00000000000000000000E+0000  2.19821445543431114283E+0002  0.00000000000000000000E+0000  0.00000000000000000000E+0000  2.19821494930437467949E+0002  0.00000000000000000000E+0000  0.00000000000000000000E+0000  0.00000000000000000000E+0000  0.00000000000000000000E+0000  0.00000000000000000000E+0000  1.49200022757556550939E-0003 -4.94027264631390420268E+0000  0.00000000000000000000E+0000  0.00000000000000000000E+0000  0.00000000000000000000E+0000  2.59802307294581519696E-0004
 2.43000000000000000009E-0012  0.00000000000000000000E+0000 -7.44764053407057464875E-0004  2.17725131496704178135E-0003 -7.44764053407057464875E-0004  1.04999999999999999996E+0000  1.49265604795955011865E+0000  1.56956034592453536286E+0000  1.44383497535957354603E+0000  0.00000000000000000000E+0000  2.34433159148802059510E+0002  0.00000000000000000000E+0000  1.83703720984038151341E-0038  2.14666040990352060554E-0001  2.21639020069488453860E-0032  0.00000000000000000000E+0000  2.19821450247355091145E+0002  0.00000000000000000000E+0000  0.00000000000000000000E+0000  2.19821504069443807938E+0002  0.00000000000000000000E+0000  0.00000000000000000000E+0000  0.00000000000000000000E+0000  0.00000000000000000000E+0000  0.00000000000000000000E+0000  1.35777254878672299933E-0003 -4.77259996022944861646E+0000  0.00000000000000000000E+0000  0.00000000000000000000E+0000  0.00000000000000000000E+0000  2.84068674561941728749E-0004
 2.57799999999999999995E-0012  0.00000000000000000000E+0000 -7.20789186933242140894E-0004  1.81134634196359698982E-0003 -7.20789186933242140894E-0004  1.04999999999999999996E+0000  1.49265604836156216253E+0000  1.56956034753208795260E+0000  1.44383497539311509664E+0000  0.00000000000000000000E+0000  2.34433159148802059510E+0002  0.00000000000000000000E+0000  1.83703722849450245931E-0038  2.14666056414065602894E-0001  2.21639021644416343986E-0032  0.00000000000000000000E+0000  2.19821455092408273441E+0002  0.00000000000000000000E+0000  0.00000000000000000000E+0000  2.19821513482542699375E+0002  0.00000000000000000000E+0000  0.00000000000000000000E+0000  0.00000000000000000000E+0000  0.00000000000000000000E+0000  0.00000000000000000000E+0000  1.23561975553362078912E-0003 -4.62000879420286510255E+0000  0.00000000000000000000E+0000  0.00000000000000000000E+0000  0.00000000000000000000E+0000  2.86871102133161883317E-0004
 2.72999999999999999993E-0012  0.00000000000000000000E+0000 -7.10295411903913548270E-0004  8.80855314197241722842E-0004 -7.10295411903913548270E-0004  1.04999999999999999996E+0000  1.49265604879058484276E+0000  1.56956034920690668043E+0000  1.44383497542959821395E+0000  0.00000000000000000000E+0000  2.34433159148802059510E+0002  0.00000000000000000000E+0000  1.83703724995552529393E-0038  2.14666072477456094895E-0001  2.21639023326498990985E-0032  0.00000000000000000000E+0000  2.19821460138474401136E+0002  0.00000000000000000000E+0000  0.00000000000000000000E+0000  2.19821523286068709141E+0002  0.00000000000000000000E+0000  0.00000000000000000000E+0000  0.00000000000000000000E+0000  0.00000000000000000000E+0000  0.00000000000000000000E+0000  1.12445550486413958007E-0003 -4.48114230966043409219E+0000  0.00000000000000000000E+0000  0.00000000000000000000E+0000  0.00000000000000000000E+0000  2.79650316068774224239E-0004
 2.88400000000000000007E-0012  0.00000000000000000000E+0000 -7.02307294981267114388E-0004  3.44080337732488159380E-0005 -7.02307294981267114388E-0004  1.04999999999999999996E+0000  1.49265604924139609795E+0000  1.56956035092572602173E+0000  1.44383497546865696237E+0000  0.00000000000000000000E+0000  2.34433159148802059510E+0002  0.00000000000000000000E+0000  1.83703727421395642676E-0038  2.14666088963951051487E-0001  2.21639025097611724401E-0032  0.00000000000000000000E+0000  2.19821465317531935177E+0002  0.00000000000000000000E+0000  0.00000000000000000000E+0000  2.19821533347851350557E+0002  0.00000000000000000000E+0000  0.00000000000000000000E+0000  0.00000000000000000000E+0000  0.00000000000000000000E+0000  0.00000000000000000000E+0000  1.02329136474049997290E-0003 -4.35476598268076144907E+0000  0.00000000000000000000E+0000  0.00000000000000000000E+0000  0.00000000000000000000E+0000  2.73197461601198889333E-0004
 3.04199999999999999992E-0012  0.00000000000000000000E+0000 -6.90357640806517361412E-0004  5.25559262306102161709E-0004 -6.90357640806517361412E-0004  1.04999999999999999996E+0000  1.49265604972056195739E+0000  1.56956035270969917605E+0000  1.44383497551093316867E+0000  0.00000000000000000000E+0000  2.34433159148802059510E+0002  0.00000000000000000000E+0000  1.83703730173442514660E-0038  2.14666106070524351852E-0001  2.21639026981817242858E-0032  0.00000000000000000000E+0000  2.19821470691464103314E+0002  0.00000000000000000000E+0000  0.00000000000000000000E+0000  2.19821543788107893122E+0002  0.00000000000000000000E+0000  0.00000000000000000000E+0000  0.00000000000000000000E+0000  0.00000000000000000000E+0000  0.00000000000000000000E+0000  9.31227638493722300347E-0004 -4.23975611853625602207E+0000  0.00000000000000000000E+0000  0.00000000000000000000E+0000  0.00000000000000000000E+0000  2.73767956891671694780E-0004
 3.20300000000000000000E-0012  0.00000000000000000000E+0000 -6.73486525055103335158E-0004  6.06341481896186669234E-0004 -6.73486525055103335158E-0004  1.04999999999999999996E+0000  1.49265605022611615475E+0000  1.56956035454656608148E+0000  1.44383497555632356996E+0000  0.00000000000000000000E+0000  2.34433159148802059510E+0002  0.00000000000000000000E+0000  1.83703733262340065843E-0038  2.14666123683834814541E-0001  2.21639028972955781806E-0032  0.00000000000000000000E+0000  2.19821476224677545525E+0002  0.00000000000000000000E+0000  0.00000000000000000000E+0000  2.19821554537669985402E+0002  0.00000000000000000000E+0000  0.00000000000000000000E+0000  0.00000000000000000000E+0000  0.00000000000000000000E+0000  0.00000000000000000000E+0000  8.47445701493474875459E-0004 -4.13509029034668055321E+0000  0.00000000000000000000E+0000  0.00000000000000000000E+0000  0.00000000000000000000E+0000  2.82172358480039567694E-0004
 3.36699999999999999993E-0012  0.00000000000000000000E+0000 -6.54106819160583972752E-0004  4.02335739504998013058E-0004 -6.54106819160583972752E-0004  1.04999999999999999996E+0000  1.49265605075927932895E+0000  1.56956035643529488721E+0000  1.44383497560499392081E+0000  0.00000000000000000000E+0000  2.34433159148802059510E+0002  0.00000000000000000000E+0000  1.83703736707881159471E-0038  2.14666141792663170819E-0001  2.21639031075224675132E-0032  0.00000000000000000000E+0000  2.19821481913656486262E+0002  0.00000000000000000000E+0000  0.00000000000000000000E+0000  2.19821565589694211409E+0002  0.00000000000000000000E+0000  0.00000000000000000000E+0000  0.00000000000000000000E+0000  0.00000000000000000000E+0000  0.00000000000000000000E+0000  7.71200532497519069691E-0004 -4.03983801393176882770E+0000  0.00000000000000000000E+0000  0.00000000000000000000E+0000  0.00000000000000000000E+0000  2.95851951545151947480E-0004
 3.53400000000000000009E-0012  0.00000000000000000000E+0000 -6.35609703832110860257E-0004  1.16345528971116355198E-0004 -6.35609703832110860257E-0004  1.04999999999999999996E+0000  1.49265605132151203173E+0000  1.56956035837491760659E+0000  1.44383497565712303238E+0000  0.00000000000000000000E+0000  2.34433159148802059510E+0002  0.00000000000000000000E+0000  1.83703740531343043133E-0038  2.14666160387763773362E-0001  2.21639033293995509002E-0032  0.00000000000000000000E+0000  2.19821487755506134454E+0002  0.00000000000000000000E+0000  0.00000000000000000000E+0000  2.19821576938541840648E+0002  0.00000000000000000000E+0000  0.00000000000000000000E+0000  0.00000000000000000000E+0000  0.00000000000000000000E+0000  0.00000000000000000000E+0000  7.01814128825345775856E-0004 -3.95315251782224078882E+0000  0.00000000000000000000E+0000  0.00000000000000000000E+0000  0.00000000000000000000E+0000  3.11284390647682716517E-0004
 3.70499999999999999996E-0012  0.00000000000000000000E+0000 -6.20587452810399972995E-0004  1.28009920707441790575E-0004 -6.20587452810399972995E-0004  1.04999999999999999996E+0000  1.49265605191799594206E+0000  1.56956036037623055627E+0000  1.44383497571322995932E+0000  0.00000000000000000000E+0000  2.34433159148802059510E+0002  0.00000000000000000000E+0000  1.83703744776845460149E-0038  2.14666179571743862516E-0001  2.21639035648485126302E-0032  0.00000000000000000000E+0000  2.19821493782471400882E+0002  0.00000000000000000000E+0000  0.00000000000000000000E+0000  2.19821588646839657002E+0002  0.00000000000000000000E+0000  0.00000000000000000000E+0000  0.00000000000000000000E+0000  0.00000000000000000000E+0000  0.00000000000000000000E+0000  6.38669428271494756380E-0004 -3.87426314782251200275E+0000  0.00000000000000000000E+0000  0.00000000000000000000E+0000  0.00000000000000000000E+0000  3.25754955491993731157E-0004
 3.87900000000000000007E-0012  0.00000000000000000000E+0000 -6.10047565976938857394E-0004  2.24848106582675640138E-0004 -6.10047565976938857394E-0004  1.04999999999999999996E+0000  1.49265605254721274312E+0000  1.56956036242676157772E+0000  1.44383497577319944941E+0000  0.00000000000000000000E+0000  2.34433159148802059510E+0002  0.00000000000000000000E+0000  1.83703749446644069675E-0038  2.14666199226913942990E-0001  2.21639038132768134478E-0032  0.00000000000000000000E+0000  2.19821499957591306840E+0002  0.00000000000000000000E+0000  0.00000000000000000000E+0000  2.19821600642764593450E+0002  0.00000000000000000000E+0000  0.00000000000000000000E+0000  0.00000000000000000000E+0000  0.00000000000000000000E+0000  0.00000000000000000000E+0000  5.81204980290081242198E-0004 -3.80246871210321313620E+0000  0.00000000000000000000E+0000  0.00000000000000000000E+0000  0.00000000000000000000E+0000  3.38174989261644115383E-0004
 4.05700000000000000010E-0012  0.00000000000000000000E+0000 -6.03664364959972720322E-0004  2.11888101751292857127E-0004 -6.03664364959972720322E-0004  1.04999999999999999996E+0000  1.49265605321489305097E+0000  1.56956036453756677068E+0000  1.44383497583759372166E+0000  0.00000000000000000000E+0000  2.34433159148802059510E+0002  0.00000000000000000000E+0000  1.83703754586846475576E-0038  2.14666219457571754841E-0001  2.21639040767082282545E-0032  0.00000000000000000000E+0000  2.19821506313642696370E+0002  0.00000000000000000000E+0000  0.00000000000000000000E+0000  2.19821612989975698357E+0002  0.00000000000000000000E+0000  0.00000000000000000000E+0000  0.00000000000000000000E+0000  0.00000000000000000000E+0000  0.00000000000000000000E+0000  5.28909743655938351938E-0004 -3.73713099014566861697E+0000  0.00000000000000000000E+0000  0.00000000000000000000E+0000  0.00000000000000000000E+0000  3.48777524422081626043E-0004
 4.23799999999999999997E-0012  0.00000000000000000000E+0000 -6.00401048138608810526E-0004  1.42277548744200557454E-0004 -6.00401048138608810526E-0004  1.04999999999999999996E+0000  1.49265605391945122005E+0000  1.56956036669610476855E+0000  1.44383497590626631510E+0000  0.00000000000000000000E+0000  2.34433159148802059510E+0002  0.00000000000000000000E+0000  1.83703760195860256607E-0038  2.14666240145059311839E-0001  2.21639043544624999198E-0032  0.00000000000000000000E+0000  2.19821512813359728131E+0002  0.00000000000000000000E+0000  0.00000000000000000000E+0000  2.19821625616058334313E+0002  0.00000000000000000000E+0000  0.00000000000000000000E+0000  0.00000000000000000000E+0000  0.00000000000000000000E+0000  0.00000000000000000000E+0000  4.81318749569972268472E-0004 -3.67766930473951788824E+0000  0.00000000000000000000E+0000  0.00000000000000000000E+0000  0.00000000000000000000E+0000  3.58542712961259620086E-0004
 4.42300000000000000014E-0012  0.00000000000000000000E+0000 -5.99190846476613144194E-0004  7.91685067336685273884E-0005 -5.99190846476613144194E-0004  1.04999999999999999996E+0000  1.49265605466696835157E+0000  1.56956036891365556508E+0000  1.44383497597980740531E+0000  0.00000000000000000000E+0000  2.34433159148802059510E+0002  0.00000000000000000000E+0000  1.83703766323672074669E-0038  2.14666261396091974831E-0001  2.21639046486333718790E-0032  0.00000000000000000000E+0000  2.19821519490280622947E+0002  0.00000000000000000000E+0000  0.00000000000000000000E+0000  2.19821638586147765193E+0002  0.00000000000000000000E+0000  0.00000000000000000000E+0000  0.00000000000000000000E+0000  0.00000000000000000000E+0000  0.00000000000000000000E+0000  4.38008757543554425568E-0004 -3.62355510908182307066E+0000  0.00000000000000000000E+0000  0.00000000000000000000E+0000  0.00000000000000000000E+0000  3.68467578516616911111E-0004
 4.61100000000000000016E-0012  0.00000000000000000000E+0000 -5.99367420491209789915E-0004  6.36566079459296587739E-0005 -5.99367420491209789915E-0004  1.04999999999999999996E+0000  1.49265605545553605024E+0000  1.56956037117762834776E+0000  1.44383497605802037017E+0000  0.00000000000000000000E+0000  2.34433159148802059510E+0002  0.00000000000000000000E+0000  1.83703772964558768291E-0038  2.14666283091285820889E-0001  2.21639049583589266439E-0032  0.00000000000000000000E+0000  2.19821526306910732293E+0002  0.00000000000000000000E+0000  0.00000000000000000000E+0000  2.19821651827385739289E+0002  0.00000000000000000000E+0000  0.00000000000000000000E+0000  0.00000000000000000000E+0000  0.00000000000000000000E+0000  0.00000000000000000000E+0000  3.98594702356777871606E-0004 -3.57430753185829189265E+0000  0.00000000000000000000E+0000  0.00000000000000000000E+0000  0.00000000000000000000E+0000  3.79182006675416611339E-0004
 4.80300000000000000009E-0012  0.00000000000000000000E+0000 -6.00728920801920450420E-0004  6.76213008670729752026E-0005 -6.00728920801920450420E-0004  1.04999999999999999996E+0000  1.49265605629139186199E+0000  1.56956037349949577579E+0000  1.44383497614150993189E+0000  0.00000000000000000000E+0000  2.34433159148802059510E+0002  0.00000000000000000000E+0000  1.83703780172532539341E-0038  2.14666305339426178483E-0001  2.21639052857318505728E-0032  0.00000000000000000000E+0000  2.19821533297440570631E+0002  0.00000000000000000000E+0000  0.00000000000000000000E+0000  2.19821665406171593157E+0002  0.00000000000000000000E+0000  0.00000000000000000000E+0000  0.00000000000000000000E+0000  0.00000000000000000000E+0000  0.00000000000000000000E+0000  3.62726057727372466296E-0004 -3.52948885422994318244E+0000  0.00000000000000000000E+0000  0.00000000000000000000E+0000  0.00000000000000000000E+0000  3.90837072423020120790E-0004
 4.99899999999999999994E-0012  0.00000000000000000000E+0000 -6.03417218050916569558E-0004  7.11081648359034423336E-0005 -6.03417218050916569558E-0004  1.04999999999999999996E+0000  1.49265605717660937272E+0000  1.56956037587877176003E+0000  1.44383497623046950619E+0000  0.00000000000000000000E+0000  2.34433159148802059510E+0002  0.00000000000000000000E+0000  1.83703787975102525329E-0038  2.14666328136429995587E-0001  2.21639056313439091649E-0032  0.00000000000000000000E+0000  2.19821540460602564970E+0002  0.00000000000000000000E+0000  0.00000000000000000000E+0000  2.19821679320018610188E+0002  0.00000000000000000000E+0000  0.00000000000000000000E+0000  0.00000000000000000000E+0000  0.00000000000000000000E+0000  0.00000000000000000000E+0000  3.30083877803016572571E-0004 -3.48870079613060584214E+0000  0.00000000000000000000E+0000  0.00000000000000000000E+0000  0.00000000000000000000E+0000  4.03266717104309973428E-0004
 5.19900000000000000009E-0012  0.00000000000000000000E+0000 -6.07732053224047371373E-0004  8.27263899712499124031E-0005 -6.07732053224047371373E-0004  1.04999999999999999996E+0000  1.49265605811310658356E+0000  1.56956037831499732203E+0000  1.44383497632507696272E+0000  0.00000000000000000000E+0000  2.34433159148802059510E+0002  0.00000000000000000000E+0000  1.83703796397717208604E-0038  2.14666351477890576680E-0001  2.21639059956521417431E-0032  0.00000000000000000000E+0000  2.19821547795026563679E+0002  0.00000000000000000000E+0000  0.00000000000000000000E+0000  2.19821693566242427273E+0002  0.00000000000000000000E+0000  0.00000000000000000000E+0000  0.00000000000000000000E+0000  0.00000000000000000000E+0000  0.00000000000000000000E+0000  3.00377912266620046611E-0004 -3.45158092108013968410E+0000  0.00000000000000000000E+0000  0.00000000000000000000E+0000  0.00000000000000000000E+0000  4.16156376622546841584E-0004
 5.40300000000000000017E-0012  0.00000000000000000000E+0000 -6.13911378740471290014E-0004  9.87330863611012259319E-0005 -6.13911378740471290014E-0004  1.04999999999999999996E+0000  1.49265605910262570905E+0000  1.56956038080773963266E+0000  1.44383497642549382255E+0000  0.00000000000000000000E+0000  2.34433159148802059510E+0002  0.00000000000000000000E+0000  1.83703805465830480573E-0038  2.14666375359651078597E-0001  2.21639063790279058900E-0032  0.00000000000000000000E+0000  2.19821555299421306492E+0002  0.00000000000000000000E+0000  0.00000000000000000000E+0000  2.19821708142311225076E+0002  0.00000000000000000000E+0000  0.00000000000000000000E+0000  0.00000000000000000000E+0000  0.00000000000000000000E+0000  0.00000000000000000000E+0000  2.73344021591214608200E-0004 -3.41779940710287165892E+0000  0.00000000000000000000E+0000  0.00000000000000000000E+0000  0.00000000000000000000E+0000  4.29259343942974650703E-0004
 5.61100000000000000016E-0012  0.00000000000000000000E+0000 -6.22077090550143449435E-0004  1.10078384435222143877E-0004 -6.22077090550143449435E-0004  1.04999999999999999996E+0000  1.49265606014672562278E+0000  1.56956038335659100037E+0000  1.44383497653186540521E+0000  0.00000000000000000000E+0000  2.34433159148802059510E+0002  0.00000000000000000000E+0000  1.83703815204851102044E-0038  2.14666399777794790593E-0001  2.21639067817581668789E-0032  0.00000000000000000000E+0000  2.19821562972571370453E+0002  0.00000000000000000000E+0000  0.00000000000000000000E+0000  2.19821723045839791486E+0002  0.00000000000000000000E+0000  0.00000000000000000000E+0000  0.00000000000000000000E+0000  0.00000000000000000000E+0000  0.00000000000000000000E+0000  2.48741828110135240953E-0004 -3.38705611227930597799E+0000  0.00000000000000000000E+0000  0.00000000000000000000E+0000  0.00000000000000000000E+0000  4.42450310863117527202E-0004
 5.82400000000000000014E-0012  0.00000000000000000000E+0000 -6.32211856943730211919E-0004  1.14536592409264409318E-0004 -6.32211856943730211919E-0004  1.04999999999999999996E+0000  1.49265606125197965127E+0000  1.56956038597345356360E+0000  1.44383497664485285989E+0000  0.00000000000000000000E+0000  2.34433159148802059510E+0002  0.00000000000000000000E+0000  1.83703825686984917660E-0038  2.14666424846004175742E-0001  2.21639072059878333396E-0032  0.00000000000000000000E+0000  2.19821570850215478404E+0002  0.00000000000000000000E+0000  0.00000000000000000000E+0000  2.19821738346219406932E+0002  0.00000000000000000000E+0000  0.00000000000000000000E+0000  0.00000000000000000000E+0000  0.00000000000000000000E+0000  0.00000000000000000000E+0000  2.26352523019598500424E-0004 -3.35907784340858695362E+0000  0.00000000000000000000E+0000  0.00000000000000000000E+0000  0.00000000000000000000E+0000  4.55745524033074924158E-0004
 6.03999999999999999997E-0012  0.00000000000000000000E+0000 -6.44264508376270643111E-0004  1.14728899495609636909E-0004 -6.44264508376270643111E-0004  1.04999999999999999996E+0000  1.49265606240923850328E+0000  1.56956038863339529554E+0000  1.44383497676351299011E+0000  0.00000000000000000000E+0000  2.34433159148802059510E+0002  0.00000000000000000000E+0000  1.83703836846373192830E-0038  2.14666450326373864404E-0001  2.21639076480376263761E-0032  0.00000000000000000000E+0000  2.19821578857613595143E+0002  0.00000000000000000000E+0000  0.00000000000000000000E+0000  2.19821753898250602327E+0002  0.00000000000000000000E+0000  0.00000000000000000000E+0000  0.00000000000000000000E+0000  0.00000000000000000000E+0000  0.00000000000000000000E+0000  2.05977144279700538452E-0004 -3.33361616991449182423E+0000  0.00000000000000000000E+0000  0.00000000000000000000E+0000  0.00000000000000000000E+0000  4.69223876242908386160E-0004
 6.26100000000000000018E-0012  0.00000000000000000000E+0000 -6.58133444628904606615E-0004  1.14467095194526255244E-0004 -6.58133444628904606615E-0004  1.04999999999999999996E+0000  1.49265606363030151678E+0000  1.56956039136070411117E+0000  1.44383497688905054160E+0000  0.00000000000000000000E+0000  2.34433159148802059510E+0002  0.00000000000000000000E+0000  1.83703848801614385583E-0038  2.14666476450358261198E-0001  2.21639081118723942678E-0032  0.00000000000000000000E+0000  2.19821587067511638250E+0002  0.00000000000000000000E+0000  0.00000000000000000000E+0000  2.19821769843207073483E+0002  0.00000000000000000000E+0000  0.00000000000000000000E+0000  0.00000000000000000000E+0000  0.00000000000000000000E+0000  0.00000000000000000000E+0000  1.87434416500857219418E-0004 -3.31044478946218917958E+0000  0.00000000000000000000E+0000  0.00000000000000000000E+0000  0.00000000000000000000E+0000  4.82974866769895615950E-0004
 6.48599999999999999992E-0012  0.00000000000000000000E+0000 -6.73772693824421268719E-0004  1.15725106866337737497E-0004 -6.73772693824421268719E-0004  1.04999999999999999996E+0000  1.49265606491079883520E+0000  1.56956039414274544817E+0000  1.44383497702101463317E+0000  0.00000000000000000000E+0000  2.34433159148802059510E+0002  0.00000000000000000000E+0000  1.83703861533227304691E-0038  2.14666503097753482115E-0001  2.21639085956434422349E-0032  0.00000000000000000000E+0000  2.19821595442157157810E+0002  0.00000000000000000000E+0000  0.00000000000000000000E+0000  2.19821786107728084386E+0002  0.00000000000000000000E+0000  0.00000000000000000000E+0000  0.00000000000000000000E+0000  0.00000000000000000000E+0000  0.00000000000000000000E+0000  1.70559525014207249160E-0004 -3.28935792917259131737E+0000  0.00000000000000000000E+0000  0.00000000000000000000E+0000  0.00000000000000000000E+0000  4.97074058560042194883E-0004
 6.71600000000000000004E-0012  0.00000000000000000000E+0000 -6.91177427638468826060E-0004  1.19015987132669225671E-0004 -6.91177427638468826060E-0004  1.04999999999999999996E+0000  1.49265606625751135253E+0000  1.56956039699160571565E+0000  1.44383497716010369180E+0000  0.00000000000000000000E+0000  2.34433159148802059510E+0002  0.00000000000000000000E+0000  1.83703875119948842245E-0038  2.14666530383813413017E-0001  2.21639091014670546572E-0032  0.00000000000000000000E+0000  2.19821604017786758137E+0002  0.00000000000000000000E+0000  0.00000000000000000000E+0000  2.19821802762165726244E+0002  0.00000000000000000000E+0000  0.00000000000000000000E+0000  0.00000000000000000000E+0000  0.00000000000000000000E+0000  0.00000000000000000000E+0000  1.55202380322389426898E-0004 -3.27016822825853630203E+0000  0.00000000000000000000E+0000  0.00000000000000000000E+0000  0.00000000000000000000E+0000  5.11540634444138479646E-0004
 6.95000000000000000008E-0012  0.00000000000000000000E+0000 -7.10389779948714146517E-0004  1.23749745679424943819E-0004 -7.10389779948714146517E-0004  1.04999999999999999996E+0000  1.49265606766564549264E+0000  1.56956039989463743637E+0000  1.44383497730582238433E+0000  0.00000000000000000000E+0000  2.34433159148802059510E+0002  0.00000000000000000000E+0000  1.83703889534508876294E-0038  2.14666558187825382031E-0001  2.21639096272990502137E-0032  0.00000000000000000000E+0000  2.19821612756485339379E+0002  0.00000000000000000000E+0000  0.00000000000000000000E+0000  2.19821819732847781356E+0002  0.00000000000000000000E+0000  0.00000000000000000000E+0000  0.00000000000000000000E+0000  0.00000000000000000000E+0000  0.00000000000000000000E+0000  1.41226499930643566229E-0004 -3.25270529781293335210E+0000  0.00000000000000000000E+0000  0.00000000000000000000E+0000  0.00000000000000000000E+0000  5.26367260266635734385E-0004
 7.18900000000000000011E-0012  0.00000000000000000000E+0000 -7.31452942925266809193E-0004  1.29170610380854467982E-0004 -7.31452942925266809193E-0004  1.04999999999999999996E+0000  1.49265606914229063788E+0000  1.56956040286400005566E+0000  1.44383497745890307471E+0000  0.00000000000000000000E+0000  2.34433159148802059510E+0002  0.00000000000000000000E+0000  1.83703904859877804123E-0038  2.14666586625817539771E-0001  2.21639101753453879652E-0032  0.00000000000000000000E+0000  2.19821621694735899258E+0002  0.00000000000000000000E+0000  0.00000000000000000000E+0000  2.19821837090599915207E+0002  0.00000000000000000000E+0000  0.00000000000000000000E+0000  0.00000000000000000000E+0000  0.00000000000000000000E+0000  0.00000000000000000000E+0000  1.28507573975082263492E-0004 -3.23681397325387013985E+0000  0.00000000000000000000E+0000  0.00000000000000000000E+0000  0.00000000000000000000E+0000  5.41527325861005642399E-0004
 7.43299999999999999974E-0012  0.00000000000000000000E+0000 -7.54413507111840120659E-0004  1.34495081648164778749E-0004 -7.54413507111840120659E-0004  1.04999999999999999996E+0000  1.49265607068872562435E+0000  1.56956040589947884239E+0000  1.44383497761947599838E+0000  0.00000000000000000000E+0000  2.34433159148802059510E+0002  0.00000000000000000000E+0000  1.83703921127156598888E-0038  2.14666615695907727829E-0001  2.21639107457685574850E-0032  0.00000000000000000000E+0000  2.19821630831970600342E+0002  0.00000000000000000000E+0000  0.00000000000000000000E+0000  2.19821854834280184937E+0002  0.00000000000000000000E+0000  0.00000000000000000000E+0000  0.00000000000000000000E+0000  0.00000000000000000000E+0000  0.00000000000000000000E+0000  1.16932524688068384370E-0004 -3.22235310718009724629E+0000  0.00000000000000000000E+0000  0.00000000000000000000E+0000  0.00000000000000000000E+0000  5.57010196421381936215E-0004
 7.68199999999999999977E-0012  0.00000000000000000000E+0000 -7.79322596840676758753E-0004  1.39259515233913643763E-0004 -7.79322596840676758753E-0004  1.04999999999999999996E+0000  1.49265607230629921396E+0000  1.56956040900087085831E+0000  1.44383497778767556387E+0000  0.00000000000000000000E+0000  2.34433159148802059510E+0002  0.00000000000000000000E+0000  1.83703938364619964292E-0038  2.14666645396121485203E-0001  2.21639113387034998650E-0032  0.00000000000000000000E+0000  2.19821640167591208351E+0002  0.00000000000000000000E+0000  0.00000000000000000000E+0000  2.19821872962690215231E+0002  0.00000000000000000000E+0000  0.00000000000000000000E+0000  0.00000000000000000000E+0000  0.00000000000000000000E+0000  0.00000000000000000000E+0000  1.06398450048073644678E-0004 -3.20919425925716561674E+0000  0.00000000000000000000E+0000  0.00000000000000000000E+0000  0.00000000000000000000E+0000  5.72802452495289310764E-0004
 7.93500000000000000010E-0012  0.00000000000000000000E+0000 -8.06216653128897274751E-0004  1.43345161896066656237E-0004 -8.06216653128897274751E-0004  1.04999999999999999996E+0000  1.49265607398977908846E+0000  1.56956041215551559938E+0000  1.44383497796294725795E+0000  0.00000000000000000000E+0000  2.34433159148802059510E+0002  0.00000000000000000000E+0000  1.83703956530805078400E-0038  2.14666675605325732849E-0001  2.21639119519289952463E-0032  0.00000000000000000000E+0000  2.19821649663546006548E+0002  0.00000000000000000000E+0000  0.00000000000000000000E+0000  2.19821891401899387003E+0002  0.00000000000000000000E+0000  0.00000000000000000000E+0000  0.00000000000000000000E+0000  0.00000000000000000000E+0000  0.00000000000000000000E+0000  9.68117613761563527890E-0005 -3.19722060268115063704E+0000  0.00000000000000000000E+0000  0.00000000000000000000E+0000  0.00000000000000000000E+0000  5.88902890268628518611E-0004
 8.19400000000000000011E-0012  0.00000000000000000000E+0000 -8.35095206616541549493E-0004  1.47131162502705325970E-0004 -8.35095206616541549493E-0004  1.04999999999999999996E+0000  1.49265607575400730586E+0000  1.56956041538817035372E+0000  1.44383497814682167928E+0000  0.00000000000000000000E+0000  2.34433159148802059510E+0002  0.00000000000000000000E+0000  1.83703975788707617396E-0038  2.14666706560166805620E-0001  2.21639125903449803834E-0032  0.00000000000000000000E+0000  2.19821659394238807475E+0002  0.00000000000000000000E+0000  0.00000000000000000000E+0000  2.19821910296359154288E+0002  0.00000000000000000000E+0000  0.00000000000000000000E+0000  0.00000000000000000000E+0000  0.00000000000000000000E+0000  0.00000000000000000000E+0000  8.80871235082703193387E-0005 -3.18632565651868057319E+0000  0.00000000000000000000E+0000  0.00000000000000000000E+0000  0.00000000000000000000E+0000  6.05327178366107954762E-0004
 8.45800000000000000011E-0012  0.00000000000000000000E+0000 -8.65995958625672362525E-0004  1.50793775903055920567E-0004 -8.65995958625672362525E-0004  1.04999999999999999996E+0000  1.49265607759395852914E+0000  1.56956041868619606248E+0000  1.44383497833875652468E+0000  0.00000000000000000000E+0000  2.34433159148802059510E+0002  0.00000000000000000000E+0000  1.83703996101021582692E-0038  2.14666738139967915860E-0001  2.21639132518700258642E-0032  0.00000000000000000000E+0000  2.19821669321767489233E+0002  0.00000000000000000000E+0000  0.00000000000000000000E+0000  2.19821929572417876911E+0002  0.00000000000000000000E+0000  0.00000000000000000000E+0000  0.00000000000000000000E+0000  0.00000000000000000000E+0000  0.00000000000000000000E+0000  8.01470369605635456395E-0005 -3.17641268787634355642E+0000  0.00000000000000000000E+0000  0.00000000000000000000E+0000  0.00000000000000000000E+0000  6.22090661621505090789E-0004
 8.72700000000000000011E-0012  0.00000000000000000000E+0000 -8.98949953773821563516E-0004  1.54538586883395324526E-0004 -8.98949953773821563516E-0004  1.04999999999999999996E+0000  1.49265607951134789773E+0000  1.56956042204943266511E+0000  1.44383497853890681046E+0000  0.00000000000000000000E+0000  2.34433159148802059510E+0002  0.00000000000000000000E+0000  1.83704017491490037371E-0038  2.14666770343036054935E-0001  2.21639139366937485058E-0032  0.00000000000000000000E+0000  2.19821679445622317234E+0002  0.00000000000000000000E+0000  0.00000000000000000000E+0000  2.19821949229049085239E+0002  0.00000000000000000000E+0000  0.00000000000000000000E+0000  0.00000000000000000000E+0000  0.00000000000000000000E+0000  0.00000000000000000000E+0000  7.29209277356221714172E-0005 -3.16739361820819512834E+0000  0.00000000000000000000E+0000  0.00000000000000000000E+0000  0.00000000000000000000E+0000  6.39195111199670076914E-0004
 9.00199999999999999978E-0012  0.00000000000000000000E+0000 -9.33973377770984575833E-0004  1.58525379740433583781E-0004 -9.33973377770984575833E-0004  1.04999999999999999996E+0000  1.49265608151526151925E+0000  1.56956042549024171533E+0000  1.44383497874819326083E+0000  0.00000000000000000000E+0000  2.34433159148802059510E+0002  0.00000000000000000000E+0000  1.83704040065336622738E-0038  2.14666803287601851949E-0001  2.21639146476080713414E-0032  0.00000000000000000000E+0000  2.19821689802996543164E+0002  0.00000000000000000000E+0000  0.00000000000000000000E+0000  2.19821969338427806118E+0002  0.00000000000000000000E+0000  0.00000000000000000000E+0000  0.00000000000000000000E+0000  0.00000000000000000000E+0000  0.00000000000000000000E+0000  6.63445107298063335447E-0005 -3.15918823633095826155E+0000  0.00000000000000000000E+0000  0.00000000000000000000E+0000  0.00000000000000000000E+0000  6.56654095383828037554E-0004
 9.28200000000000000024E-0012  0.00000000000000000000E+0000 -9.71105810344203396536E-0004  1.62652533994737002723E-0004 -9.71105810344203396536E-0004  1.04999999999999999996E+0000  1.49265608360041697662E+0000  1.56956042899597829181E+0000  1.44383497896603350829E+0000  0.00000000000000000000E+0000  2.34433159148802059510E+0002  0.00000000000000000000E+0000  1.83704063773538714007E-0038  2.14666836852740012154E-0001  2.21639153824029436560E-0032  0.00000000000000000000E+0000  2.19821700355905801552E+0002  0.00000000000000000000E+0000  0.00000000000000000000E+0000  2.19821989826749274080E+0002  0.00000000000000000000E+0000  0.00000000000000000000E+0000  0.00000000000000000000E+0000  0.00000000000000000000E+0000  0.00000000000000000000E+0000  6.03593935997117618000E-0005 -3.15172365916205288422E+0000  0.00000000000000000000E+0000  0.00000000000000000000E+0000  0.00000000000000000000E+0000  6.74474150821834418934E-0004
 9.56699999999999999991E-0012  0.00000000000000000000E+0000 -1.01037667838990079828E-0003  1.66888920617169062577E-0004 -1.01037667838990079828E-0003  1.04999999999999999996E+0000  1.49265608576867825623E+0000  1.56956043256650896599E+0000  1.44383497919258956227E+0000  0.00000000000000000000E+0000  2.34433159148802059510E+0002  0.00000000000000000000E+0000  1.83704088638262664788E-0038  2.14666871037041949560E-0001  2.21639161412889464299E-0032  0.00000000000000000000E+0000  2.19821711103931456951E+0002  0.00000000000000000000E+0000  0.00000000000000000000E+0000  2.19822010693160862158E+0002  0.00000000000000000000E+0000  0.00000000000000000000E+0000  0.00000000000000000000E+0000  0.00000000000000000000E+0000  0.00000000000000000000E+0000  5.49123871076306941666E-0005 -3.14493350461547076583E+0000  0.00000000000000000000E+0000  0.00000000000000000000E+0000  0.00000000000000000000E+0000  6.92647872821106655139E-0004
 9.85899999999999999972E-0012  0.00000000000000000000E+0000 -1.05179639452972561030E-0003  1.71327426384500266557E-0004 -1.05179639452972561030E-0003  1.04999999999999999996E+0000  1.49265608803746197919E+0000  1.56956043622677893061E+0000  1.44383497942964819020E+0000  0.00000000000000000000E+0000  2.34433159148802059510E+0002  0.00000000000000000000E+0000  1.83704114858151770909E-0038  2.14666906079149908399E-0001  2.21639169298301824411E-0032  0.00000000000000000000E+0000  2.19821722122131125610E+0002  0.00000000000000000000E+0000  0.00000000000000000000E+0000  2.19822032083340136804E+0002  0.00000000000000000000E+0000  0.00000000000000000000E+0000  0.00000000000000000000E+0000  0.00000000000000000000E+0000  0.00000000000000000000E+0000  4.99549701999062352804E-0005 -3.13875725277474100353E+0000  0.00000000000000000000E+0000  0.00000000000000000000E+0000  0.00000000000000000000E+0000  7.11186489195366421982E-0004
 1.01599999999999999998E-0011  0.00000000000000000000E+0000 -1.09541140504455232962E-0003  1.75997553011446153516E-0004 -1.09541140504455232962E-0003  1.04999999999999999996E+0000  1.49265609042516779839E+0000  1.56956044000177935853E+0000  1.44383497967909982522E+0000  0.00000000000000000000E+0000  2.34433159148802059510E+0002  0.00000000000000000000E+0000  1.83704142652427236705E-0038  2.14666942218285016020E-0001  2.21639177538807739116E-0032  0.00000000000000000000E+0000  2.19821733485761184018E+0002  0.00000000000000000000E+0000  0.00000000000000000000E+0000  2.19822054143321713490E+0002  0.00000000000000000000E+0000  0.00000000000000000000E+0000  0.00000000000000000000E+0000  0.00000000000000000000E+0000  0.00000000000000000000E+0000  4.54429798703053417987E-0005 -3.13313984398038729382E+0000  0.00000000000000000000E+0000  0.00000000000000000000E+0000  0.00000000000000000000E+0000  7.30111731027017365845E-0004
 1.04600000000000000003E-0011  0.00000000000000000000E+0000 -1.14132187275825816446E-0003  1.80221336534751619917E-0004 -1.14132187275825816446E-0003  1.04999999999999999996E+0000  1.49265609285391216883E+0000  1.56956044376597242949E+0000  1.44383497993277970669E+0000  0.00000000000000000000E+0000  2.34433159148802059510E+0002  0.00000000000000000000E+0000  1.83704171147266928988E-0038  2.14666978253292884936E-0001  2.21639185866377430327E-0032  0.00000000000000000000E+0000  2.19821744817191098764E+0002  0.00000000000000000000E+0000  0.00000000000000000000E+0000  2.19822076139907527551E+0002  0.00000000000000000000E+0000  0.00000000000000000000E+0000  0.00000000000000000000E+0000  0.00000000000000000000E+0000  0.00000000000000000000E+0000  4.13369065520741299322E-0005 -3.12803181392111654172E+0000  0.00000000000000000000E+0000  0.00000000000000000000E+0000  0.00000000000000000000E+0000  7.49404292572346833498E-0004
 1.07699999999999999999E-0011  0.00000000000000000000E+0000 -1.18942744038644323432E-0003  1.84994944774568131235E-0004 -1.18942744038644323432E-0003  1.04999999999999999996E+0000  1.49265609541428363261E+0000  1.56956044765726725979E+0000  1.44383498020012738649E+0000  0.00000000000000000000E+0000  2.34433159148802059510E+0002  0.00000000000000000000E+0000  1.83704201352837937061E-0038  2.14667015503161356403E-0001  2.21639194579768208460E-0032  0.00000000000000000000E+0000  2.19821756531147501981E+0002  0.00000000000000000000E+0000  0.00000000000000000000E+0000  2.19822098878242021408E+0002  0.00000000000000000000E+0000  0.00000000000000000000E+0000  0.00000000000000000000E+0000  0.00000000000000000000E+0000  0.00000000000000000000E+0000  3.75996439793873309374E-0005 -3.12338698121762131567E+0000  0.00000000000000000000E+0000  0.00000000000000000000E+0000  0.00000000000000000000E+0000  7.69048749110213491153E-0004
 1.10800000000000000003E-0011  0.00000000000000000000E+0000 -1.23976799191213516733E-0003  1.89640248093179802576E-0004 -1.23976799191213516733E-0003  1.04999999999999999996E+0000  1.49265609802526380025E+0000  1.56956045155004202108E+0000  1.44383498047266608860E+0000  0.00000000000000000000E+0000  2.34433159148802059510E+0002  0.00000000000000000000E+0000  1.83704232370461088139E-0038  2.14667052766389000187E-0001  2.21639203406792567633E-0032  0.00000000000000000000E+0000  2.19821768249889952007E+0002  0.00000000000000000000E+0000  0.00000000000000000000E+0000  2.19822121624906170245E+0002  0.00000000000000000000E+0000  0.00000000000000000000E+0000  0.00000000000000000000E+0000  0.00000000000000000000E+0000  0.00000000000000000000E+0000  3.41985452998884499018E-0005 -3.11916445281337407830E+0000  0.00000000000000000000E+0000  0.00000000000000000000E+0000  0.00000000000000000000E+0000  7.89089779765153310236E-0004
 1.14099999999999999999E-0011  0.00000000000000000000E+0000 -1.29229299762973795771E-0003  1.95491353666534881034E-0004 -1.29229299762973795771E-0003  1.04999999999999999996E+0000  1.49265610085847548287E+0000  1.56956045569539447398E+0000  1.44383498076830259259E+0000  0.00000000000000000000E+0000  2.34433159148802059510E+0002  0.00000000000000000000E+0000  1.83704266171070053934E-0038  2.14667092445156465114E-0001  2.21639212910694346897E-0032  0.00000000000000000000E+0000  2.19821780728820684730E+0002  0.00000000000000000000E+0000  0.00000000000000000000E+0000  2.19822145846277784781E+0002  0.00000000000000000000E+0000  0.00000000000000000000E+0000  0.00000000000000000000E+0000  0.00000000000000000000E+0000  0.00000000000000000000E+0000  3.11022674257897303231E-0005 -3.11532542387810396653E+0000  0.00000000000000000000E+0000  0.00000000000000000000E+0000  0.00000000000000000000E+0000  8.09512147101882303222E-0004
 1.17300000000000000003E-0011  0.00000000000000000000E+0000 -1.34722937352859707841E-0003  2.00398237217467810675E-0004 -1.34722937352859707841E-0003  1.04999999999999999996E+0000  1.49265610365775444645E+0000  1.56956045971639033306E+0000  1.44383498106030361014E+0000  0.00000000000000000000E+0000  2.34433159148802059510E+0002  0.00000000000000000000E+0000  1.83704299828888559491E-0038  2.14667130933416805722E-0001  2.21639222245291446372E-0032  0.00000000000000000000E+0000  2.19821792834036782008E+0002  0.00000000000000000000E+0000  0.00000000000000000000E+0000  2.19822169341107169549E+0002  0.00000000000000000000E+0000  0.00000000000000000000E+0000  0.00000000000000000000E+0000  0.00000000000000000000E+0000  0.00000000000000000000E+0000  2.82850263051705041577E-0005 -3.11183729570718725231E+0000  0.00000000000000000000E+0000  0.00000000000000000000E+0000  0.00000000000000000000E+0000  8.30368901831254182968E-0004
 1.20699999999999999999E-0011  0.00000000000000000000E+0000 -1.40438655343889440221E-0003  2.06646831050465466146E-0004 -1.40438655343889440221E-0003  1.04999999999999999996E+0000  1.49265610668681631171E+0000  1.56956046398991367588E+0000  1.44383498137619493116E+0000  0.00000000000000000000E+0000  2.34433159148802059510E+0002  0.00000000000000000000E+0000  1.83704336364266709750E-0038  2.14667171836307428103E-0001  2.21639232265302596825E-0032  0.00000000000000000000E+0000  2.19821805699238576659E+0002  0.00000000000000000000E+0000  0.00000000000000000000E+0000  2.19822194310121761390E+0002  0.00000000000000000000E+0000  0.00000000000000000000E+0000  0.00000000000000000000E+0000  0.00000000000000000000E+0000  0.00000000000000000000E+0000  2.57201159588667937059E-0005 -3.10866709336108007814E+0000  0.00000000000000000000E+0000  0.00000000000000000000E+0000  0.00000000000000000000E+0000  8.51546693218091896336E-0004
 1.24100000000000000003E-0011  0.00000000000000000000E+0000 -1.46386745110703426547E-0003  2.12657264284211092656E-0004 -1.46386745110703426547E-0003  1.04999999999999999996E+0000  1.49265610977032633835E+0000  1.56956046826453966586E+0000  1.44383498169770947272E+0000  0.00000000000000000000E+0000  2.34433159148802059510E+0002  0.00000000000000000000E+0000  1.83704373799094428782E-0038  2.14667212748970720869E-0001  2.21639242401476340583E-0032  0.00000000000000000000E+0000  2.19821818568250735904E+0002  0.00000000000000000000E+0000  0.00000000000000000000E+0000  2.19822219285303721500E+0002  0.00000000000000000000E+0000  0.00000000000000000000E+0000  0.00000000000000000000E+0000  0.00000000000000000000E+0000  0.00000000000000000000E+0000  2.33858735576935993948E-0005 -3.10578756293886519796E+0000  0.00000000000000000000E+0000  0.00000000000000000000E+0000  0.00000000000000000000E+0000  8.73229231648551093538E-0004
 1.27599999999999999999E-0011  0.00000000000000000000E+0000 -1.52571332606762528242E-0003  2.19291268801912630919E-0004 -1.52571332606762528242E-0003  1.04999999999999999996E+0000  1.49265611300011399778E+0000  1.56956047266591926606E+0000  1.44383498203445760719E+0000  0.00000000000000000000E+0000  2.34433159148802059510E+0002  0.00000000000000000000E+0000  1.83704413179977354168E-0038  2.14667254873030242433E-0001  2.21639252942516614534E-0032  0.00000000000000000000E+0000  2.19821831818969500125E+0002  0.00000000000000000000E+0000  0.00000000000000000000E+0000  2.19822245000191730080E+0002  0.00000000000000000000E+0000  0.00000000000000000000E+0000  0.00000000000000000000E+0000  0.00000000000000000000E+0000  0.00000000000000000000E+0000  2.12610468989792216251E-0005 -3.10317226102971290718E+0000  0.00000000000000000000E+0000  0.00000000000000000000E+0000  0.00000000000000000000E+0000  8.95263078094477193974E-0004
 1.31100000000000000003E-0011  0.00000000000000000000E+0000 -1.58988741984795993625E-0003  2.25954736356152972692E-0004 -1.58988741984795993625E-0003  1.04999999999999999996E+0000  1.49265611628495311974E+0000  1.56956047706823184097E+0000  1.44383498237696901272E+0000  0.00000000000000000000E+0000  2.34433159148802059510E+0002  0.00000000000000000000E+0000  1.83704453452142023507E-0038  2.14667297004781418616E-0001  2.21639263594082471075E-0032  0.00000000000000000000E+0000  2.19821845072861134340E+0002  0.00000000000000000000E+0000  0.00000000000000000000E+0000  2.19822270719986840107E+0002  0.00000000000000000000E+0000  0.00000000000000000000E+0000  0.00000000000000000000E+0000  0.00000000000000000000E+0000  0.00000000000000000000E+0000  1.93273325998373881738E-0005 -3.10079816958724015382E+0000  0.00000000000000000000E+0000  0.00000000000000000000E+0000  0.00000000000000000000E+0000  9.17737652321256596298E-0004
 1.34699999999999999999E-0011  0.00000000000000000000E+0000 -1.65630381743857665826E-0003  2.33418235486192527750E-0004 -1.65630381743857665826E-0003  1.04999999999999999996E+0000  1.49265611971970760783E+0000  1.56956048159719393749E+0000  1.44383498273519115889E+0000  0.00000000000000000000E+0000  2.34433159148802059510E+0002  0.00000000000000000000E+0000  1.83704495735469001404E-0038  2.14667340346849629598E-0001  2.21639274654695565151E-0032  0.00000000000000000000E+0000  2.19821858708208877964E+0002  0.00000000000000000000E+0000  0.00000000000000000000E+0000  2.19822297178852284621E+0002  0.00000000000000000000E+0000  0.00000000000000000000E+0000  0.00000000000000000000E+0000  0.00000000000000000000E+0000  0.00000000000000000000E+0000  1.75670032085463519213E-0005 -3.09864323144383015563E+0000  0.00000000000000000000E+0000  0.00000000000000000000E+0000  0.00000000000000000000E+0000  9.40594596534165406203E-0004
 1.38400000000000000002E-0011  0.00000000000000000000E+0000 -1.72496481576955277265E-0003  2.41490001970179635882E-0004 -1.72496481576955277265E-0003  1.04999999999999999996E+0000  1.49265612330697656541E+0000  1.56956048625276896845E+0000  1.44383498310946401931E+0000  0.00000000000000000000E+0000  2.34433159148802059510E+0002  0.00000000000000000000E+0000  1.83704540099211765558E-0038  2.14667384899028579150E-0001  2.21639286131308069483E-0032  0.00000000000000000000E+0000  2.19821872725044473354E+0002  0.00000000000000000000E+0000  0.00000000000000000000E+0000  2.19822324376677313937E+0002  0.00000000000000000000E+0000  0.00000000000000000000E+0000  0.00000000000000000000E+0000  0.00000000000000000000E+0000  0.00000000000000000000E+0000  1.59644279805332714709E-0005 -3.09668796106034998066E+0000  0.00000000000000000000E+0000  0.00000000000000000000E+0000  0.00000000000000000000E+0000  9.63912796629721816239E-0004
 1.42199999999999999998E-0011  0.00000000000000000000E+0000 -1.79597380106952816543E-0003  2.50074696941366663501E-0004 -1.79597380106952816543E-0003  1.04999999999999999996E+0000  1.49265612704939565770E+0000  1.56956049103492103808E+0000  1.44383498350014330858E+0000  0.00000000000000000000E+0000  2.34433159148802059510E+0002  0.00000000000000000000E+0000  1.83704586588521989507E-0038  2.14667430660875290115E-0001  2.21639298028126450731E-0032  0.00000000000000000000E+0000  2.19821887123289837596E+0002  0.00000000000000000000E+0000  0.00000000000000000000E+0000  2.19822352313206756086E+0002  0.00000000000000000000E+0000  0.00000000000000000000E+0000  0.00000000000000000000E+0000  0.00000000000000000000E+0000  0.00000000000000000000E+0000  1.45054156334354693854E-0005 -3.09491466176861090213E+0000  0.00000000000000000000E+0000  0.00000000000000000000E+0000  0.00000000000000000000E+0000  9.87682069388843419015E-0004
 1.46100000000000000001E-0011  0.00000000000000000000E+0000 -1.86938744908084185743E-0003  2.59112302673107407067E-0004 -1.86938744908084185743E-0003  1.04999999999999999996E+0000  1.49265613094965740408E+0000  1.56956049594361503991E+0000  1.44383498390760203506E+0000  0.00000000000000000000E+0000  2.34433159148802059510E+0002  0.00000000000000000000E+0000  1.83704635248691853570E-0038  2.14667477631951933114E-0001  2.21639310349758069788E-0032  0.00000000000000000000E+0000  2.19821901902870618983E+0002  0.00000000000000000000E+0000  0.00000000000000000000E+0000  2.19822380988188988429E+0002  0.00000000000000000000E+0000  0.00000000000000000000E+0000  0.00000000000000000000E+0000  0.00000000000000000000E+0000  0.00000000000000000000E+0000  1.31770515317064768297E-0005 -3.09330722189431716164E+0000  0.00000000000000000000E+0000  0.00000000000000000000E+0000  0.00000000000000000000E+0000  1.01192566695459167068E-0003
 1.49999999999999999996E-0011  0.00000000000000000000E+0000 -1.94526279124960958392E-0003  2.68269390195054061872E-0004 -1.94526279124960958392E-0003  1.04999999999999999996E+0000  1.49265613490889442012E+0000  1.56956050085293685541E+0000  1.44383498432159911343E+0000  0.00000000000000000000E+0000  2.34433159148802059510E+0002  0.00000000000000000000E+0000  1.83704684876896390638E-0038  2.14667524607454148584E-0001  2.21639322785282947673E-0032  0.00000000000000000000E+0000  2.19821916684775443301E+0002  0.00000000000000000000E+0000  0.00000000000000000000E+0000  2.19822409666122783711E+0002  0.00000000000000000000E+0000  0.00000000000000000000E+0000  0.00000000000000000000E+0000  0.00000000000000000000E+0000  0.00000000000000000000E+0000  1.19681519328301393973E-0005 -3.09185148486168363737E+0000  0.00000000000000000000E+0000  0.00000000000000000000E+0000  0.00000000000000000000E+0000  1.03662880526079504785E-0003
 1.54000000000000000008E-0011  0.00000000000000000000E+0000 -2.02343230993386171599E-0003  2.78225044210272511490E-0004 -2.02343230993386171599E-0003  1.04999999999999999996E+0000  1.49265613902984628459E+0000  1.56956050588871882749E+0000  1.44383498475297514046E+0000  0.00000000000000000000E+0000  2.34433159148802059510E+0002  0.00000000000000000000E+0000  1.83704736715382758742E-0038  2.14667572791117408691E-0001  2.21639335649942472058E-0032  0.00000000000000000000E+0000  2.19821931847740661303E+0002  0.00000000000000000000E+0000  0.00000000000000000000E+0000  2.19822439081882211681E+0002  0.00000000000000000000E+0000  0.00000000000000000000E+0000  0.00000000000000000000E+0000  0.00000000000000000000E+0000  0.00000000000000000000E+0000  1.08674342849609158287E-0005 -3.09053339345425550732E+0000  0.00000000000000000000E+0000  0.00000000000000000000E+0000  0.00000000000000000000E+0000  1.06176700596372877847E-0003
 1.58100000000000000003E-0011  0.00000000000000000000E+0000 -2.10386466730939352703E-0003  2.88844092554454056380E-0004 -2.10386466730939352703E-0003  1.04999999999999999996E+0000  1.49265614331534471684E+0000  1.56956051105093014877E+0000  1.44383498520214248874E+0000  0.00000000000000000000E+0000  2.34433159148802059510E+0002  0.00000000000000000000E+0000  1.83704790831649023085E-0038  2.14667622182670769416E-0001  2.21639348952473625023E-0032  0.00000000000000000000E+0000  2.19821947391790409404E+0002  0.00000000000000000000E+0000  0.00000000000000000000E+0000  2.19822469235317799294E+0002  0.00000000000000000000E+0000  0.00000000000000000000E+0000  0.00000000000000000000E+0000  0.00000000000000000000E+0000  0.00000000000000000000E+0000  9.86513353584229279042E-0006 -3.08934075768342796941E+0000  0.00000000000000000000E+0000  0.00000000000000000000E+0000  0.00000000000000000000E+0000  1.08741835560770512702E-0003
 1.62199999999999999998E-0011  0.00000000000000000000E+0000 -2.18665118408866578872E-0003  2.99806111591387884769E-0004 -2.18665118408866578872E-0003  1.04999999999999999996E+0000  1.49265614766217911372E+0000  1.56956051621362172889E+0000  1.44383498565838663927E+0000  0.00000000000000000000E+0000  2.34433159148802059510E+0002  0.00000000000000000000E+0000  1.83704845949231127408E-0038  2.14667671577060158630E-0001  2.21639362374657284354E-0032  0.00000000000000000000E+0000  2.19821962937770168114E+0002  0.00000000000000000000E+0000  0.00000000000000000000E+0000  2.19822499390756330412E+0002  0.00000000000000000000E+0000  0.00000000000000000000E+0000  0.00000000000000000000E+0000  0.00000000000000000000E+0000  0.00000000000000000000E+0000  8.95296558820005322374E-0006 -3.08826303646816914582E+0000  0.00000000000000000000E+0000  0.00000000000000000000E+0000  0.00000000000000000000E+0000  1.11353094723921876081E-0003
 1.66499999999999999993E-0011  0.00000000000000000000E+0000 -2.27161103302790782910E-0003  3.11848325954129156401E-0004 -2.27161103302790782910E-0003  1.04999999999999999996E+0000  1.49265615228542508240E+0000  1.56956052162860299577E+0000  1.44383498614441534711E+0000  0.00000000000000000000E+0000  2.34433159148802059510E+0002  0.00000000000000000000E+0000  1.83704904726039380988E-0038  2.14667723383163700881E-0001  2.21639376568808867116E-0032  0.00000000000000000000E+0000  2.19821979243757467379E+0002  0.00000000000000000000E+0000  0.00000000000000000000E+0000  2.19822531018843079637E+0002  0.00000000000000000000E+0000  0.00000000000000000000E+0000  0.00000000000000000000E+0000  0.00000000000000000000E+0000  0.00000000000000000000E+0000  8.12171709396573535199E-0006 -3.08728893295674792444E+0000  0.00000000000000000000E+0000  0.00000000000000000000E+0000  0.00000000000000000000E+0000  1.14010459420998950808E-0003
 1.70800000000000000003E-0011  0.00000000000000000000E+0000 -2.35892034493991320378E-0003  3.24022383185609834031E-0004 -2.35892034493991320378E-0003  1.04999999999999999996E+0000  1.49265615697306047803E+0000  1.56956052704398737660E+0000  1.44383498663807058511E+0000  0.00000000000000000000E+0000  2.34433159148802059510E+0002  0.00000000000000000000E+0000  1.83704964566421083118E-0038  2.14667775191283776990E-0001  2.21639390893479406823E-0032  0.00000000000000000000E+0000  2.19821995551557771389E+0002  0.00000000000000000000E+0000  0.00000000000000000000E+0000  2.19822562648451623274E+0002  0.00000000000000000000E+0000  0.00000000000000000000E+0000  0.00000000000000000000E+0000  0.00000000000000000000E+0000  0.00000000000000000000E+0000  7.36518088713132206318E-0006 -3.08641047950247193938E+0000  0.00000000000000000000E+0000  0.00000000000000000000E+0000  0.00000000000000000000E+0000  1.16724034750218955456E-0003
 1.75199999999999999998E-0011  0.00000000000000000000E+0000 -2.44851828994498426912E-0003  3.36944267618938034304E-0004 -2.44851828994498426912E-0003  1.04999999999999999996E+0000  1.49265616183569858259E+0000  1.56956053258567838915E+0000  1.44383498715112070865E+0000  0.00000000000000000000E+0000  2.34433159148802059510E+0002  0.00000000000000000000E+0000  1.83705026809104966783E-0038  2.14667828205684915442E-0001  2.21639405677118345143E-0032  0.00000000000000000000E+0000  2.19822012240141581349E+0002  0.00000000000000000000E+0000  0.00000000000000000000E+0000  2.19822595014814850464E+0002  0.00000000000000000000E+0000  0.00000000000000000000E+0000  0.00000000000000000000E+0000  0.00000000000000000000E+0000  0.00000000000000000000E+0000  6.67613321769247255251E-0006 -3.08561865531867920748E+0000  0.00000000000000000000E+0000  0.00000000000000000000E+0000  0.00000000000000000000E+0000  1.19480062465341184525E-0003
 1.79699999999999999993E-0011  0.00000000000000000000E+0000 -2.54031237937079186435E-0003  3.50415505782523413404E-0004 -2.54031237937079186435E-0003  1.04999999999999999996E+0000  1.49265616687651752822E+0000  1.56956053825365048873E+0000  1.44383498768404668197E+0000  0.00000000000000000000E+0000  2.34433159148802059510E+0002  0.00000000000000000000E+0000  1.83705091520277752505E-0038  2.14667882426068496588E-0001  2.21639420930166564378E-0032  0.00000000000000000000E+0000  2.19822029309537023023E+0002  0.00000000000000000000E+0000  0.00000000000000000000E+0000  2.19822628117766947053E+0002  0.00000000000000000000E+0000  0.00000000000000000000E+0000  0.00000000000000000000E+0000  0.00000000000000000000E+0000  0.00000000000000000000E+0000  6.04846985872555648263E-0006 -3.08490582479089320376E+0000  0.00000000000000000000E+0000  0.00000000000000000000E+0000  0.00000000000000000000E+0000  1.22290280021428585802E-0003
 1.84300000000000000003E-0011  0.00000000000000000000E+0000 -2.63436812993363260994E-0003  3.64467286976401984769E-0004 -2.63436812993363260994E-0003  1.04999999999999999996E+0000  1.49265617209876642879E+0000  1.56956054404787884713E+0000  1.44383498823734370833E+0000  0.00000000000000000000E+0000  2.34433159148802059510E+0002  0.00000000000000000000E+0000  1.83705158743203113055E-0038  2.14667937852085447076E-0001  2.21639436660373863033E-0032  0.00000000000000000000E+0000  2.19822046759710274674E+0002  0.00000000000000000000E+0000  0.00000000000000000000E+0000  2.19822661957112483883E+0002  0.00000000000000000000E+0000  0.00000000000000000000E+0000  0.00000000000000000000E+0000  0.00000000000000000000E+0000  0.00000000000000000000E+0000  5.47666891350006555866E-0006 -3.08426507557989396449E+0000  0.00000000000000000000E+0000  0.00000000000000000000E+0000  0.00000000000000000000E+0000  1.25152375471291636793E-0003
 1.88999999999999999998E-0011  0.00000000000000000000E+0000 -2.73070365446058600750E-0003  3.79086087560680787475E-0004 -2.73070365446058600750E-0003  1.04999999999999999996E+0000  1.49265617750575437439E+0000  1.56956054996833933076E+0000  1.44383498881151987327E+0000  0.00000000000000000000E+0000  2.34433159148802059510E+0002  0.00000000000000000000E+0000  1.83705228521472705555E-0038  2.14667994483391617286E-0001  2.21639452875649436858E-0032  0.00000000000000000000E+0000  2.19822064590631050515E+0002  0.00000000000000000000E+0000  0.00000000000000000000E+0000  2.19822696532659403568E+0002  0.00000000000000000000E+0000  0.00000000000000000000E+0000  0.00000000000000000000E+0000  0.00000000000000000000E+0000  0.00000000000000000000E+0000  4.95570523214391822422E-0006 -3.08369011156610253201E+0000  0.00000000000000000000E+0000  0.00000000000000000000E+0000  0.00000000000000000000E+0000  1.28068011972535375688E-0003
 1.93800000000000000008E-0011  0.00000000000000000000E+0000 -2.82933228426971164815E-0003  3.94267714361710373375E-0004 -2.82933228426971164815E-0003  1.04999999999999999996E+0000  1.49265618310084076793E+0000  1.56956055601500847987E+0000  1.44383498940709486852E+0000  0.00000000000000000000E+0000  2.34433159148802059510E+0002  0.00000000000000000000E+0000  1.83705300899026657870E-0038  2.14668052319647630280E-0001  2.21639469584003445532E-0032  0.00000000000000000000E+0000  2.19822082802272529625E+0002  0.00000000000000000000E+0000  0.00000000000000000000E+0000  2.19822731844218918776E+0002  0.00000000000000000000E+0000  0.00000000000000000000E+0000  0.00000000000000000000E+0000  0.00000000000000000000E+0000  0.00000000000000000000E+0000  4.48100572698067237587E-0006 -3.08317519784230141609E+0000  0.00000000000000000000E+0000  0.00000000000000000000E+0000  0.00000000000000000000E+0000  1.31038660623964061220E-0003
 1.98600000000000000002E-0011  0.00000000000000000000E+0000 -2.93027887605936144594E-0003  4.09863107121429671528E-0004 -2.93027887605936144594E-0003  1.04999999999999999996E+0000  1.49265618876921324115E+0000  1.56956056206188709337E+0000  1.44383499001197822796E+0000  0.00000000000000000000E+0000  2.34433159148802059510E+0002  0.00000000000000000000E+0000  1.83705374411873928155E-0038  2.14668110155602901638E-0001  2.21639486445304156121E-0032  0.00000000000000000000E+0000  2.19822101015229313295E+0002  0.00000000000000000000E+0000  0.00000000000000000000E+0000  2.19822767155943130754E+0002  0.00000000000000000000E+0000  0.00000000000000000000E+0000  0.00000000000000000000E+0000  0.00000000000000000000E+0000  0.00000000000000000000E+0000  4.04897802610788399616E-0006 -3.08271563839749647537E+0000  0.00000000000000000000E+0000  0.00000000000000000000E+0000  0.00000000000000000000E+0000  1.34062694920858205341E-0003
 2.03599999999999999996E-0011  0.00000000000000000000E+0000 -3.03333143501776338332E-0003  4.26291760717689330645E-0004 -3.03333143501776338332E-0003  1.04999999999999999996E+0000  1.49265619475048139304E+0000  1.56956056836090619754E+0000  1.44383499065191277222E+0000  0.00000000000000000000E+0000  2.34433159148802059510E+0002  0.00000000000000000000E+0000  1.83705452094793763929E-0038  2.14668170400777731115E-0001  2.21639504160356075575E-0032  0.00000000000000000000E+0000  2.19822119988187565556E+0002  0.00000000000000000000E+0000  0.00000000000000000000E+0000  2.19822803938986484712E+0002  0.00000000000000000000E+0000  0.00000000000000000000E+0000  0.00000000000000000000E+0000  0.00000000000000000000E+0000  0.00000000000000000000E+0000  3.65467802936860042485E-0006 -3.08230542574094135881E+0000  0.00000000000000000000E+0000  0.00000000000000000000E+0000  0.00000000000000000000E+0000  1.37138262639007517297E-0003
 2.08700000000000000006E-0011  0.00000000000000000000E+0000 -3.13862794566831024117E-0003  4.43099912238138660414E-0004 -3.13862794566831024117E-0003  1.04999999999999999996E+0000  1.49265620093003960442E+0000  1.56956057478606752402E+0000  1.44383499131484611543E+0000  0.00000000000000000000E+0000  2.34433159148802059510E+0002  0.00000000000000000000E+0000  1.83705532532005091824E-0038  2.14668231849910822251E-0001  2.21639522395460434922E-0032  0.00000000000000000000E+0000  2.19822139341859806014E+0002  0.00000000000000000000E+0000  0.00000000000000000000E+0000  2.19822841457491783362E+0002  0.00000000000000000000E+0000  0.00000000000000000000E+0000  0.00000000000000000000E+0000  0.00000000000000000000E+0000  0.00000000000000000000E+0000  3.29521513800970081936E-0006 -3.08194092307119737822E+0000  0.00000000000000000000E+0000  0.00000000000000000000E+0000  0.00000000000000000000E+0000  1.40279097795824776941E-0003
 2.13900000000000000000E-0011  0.00000000000000000000E+0000 -3.24629934749418031534E-0003  4.60498898330706428119E-0004 -3.24629934749418031534E-0003  1.04999999999999999996E+0000  1.49265620731141346561E+0000  1.56956058133734998922E+0000  1.44383499200133567735E+0000  0.00000000000000000000E+0000  2.34433159148802059510E+0002  0.00000000000000000000E+0000  1.83705615746337228447E-0038  2.14668294502685663499E-0001  2.21639541155587688578E-0032  0.00000000000000000000E+0000  2.19822159076177660500E+0002  0.00000000000000000000E+0000  0.00000000000000000000E+0000  2.19822879711287385338E+0002  0.00000000000000000000E+0000  0.00000000000000000000E+0000  0.00000000000000000000E+0000  0.00000000000000000000E+0000  0.00000000000000000000E+0000  2.96748871639348877662E-0006 -3.08161822761901481272E+0000  0.00000000000000000000E+0000  0.00000000000000000000E+0000  0.00000000000000000000E+0000  1.43475395123344283987E-0003
 2.19099999999999999994E-0011  0.00000000000000000000E+0000 -3.35631658599569019712E-0003  4.78337287571844145594E-0004 -3.35631658599569019712E-0003  1.04999999999999999996E+0000  1.49265621377376683278E+0000  1.56956058788874494190E+0000  1.44383499269851956815E+0000  0.00000000000000000000E+0000  2.34433159148802059510E+0002  0.00000000000000000000E+0000  1.83705700183064262936E-0038  2.14668357153926820814E-0001  2.21639560087866547529E-0032  0.00000000000000000000E+0000  2.19822178811653895003E+0002  0.00000000000000000000E+0000  0.00000000000000000000E+0000  2.19822917964541992689E+0002  0.00000000000000000000E+0000  0.00000000000000000000E+0000  0.00000000000000000000E+0000  0.00000000000000000000E+0000  0.00000000000000000000E+0000  2.66921325463296067915E-0006 -3.08133427390808392935E+0000  0.00000000000000000000E+0000  0.00000000000000000000E+0000  0.00000000000000000000E+0000  1.46729415686861258503E-0003
 2.24500000000000000003E-0011  0.00000000000000000000E+0000 -3.46845804598352213051E-0003  4.96889824420996639193E-0004 -3.46845804598352213051E-0003  1.04999999999999999996E+0000  1.49265622056926883145E+0000  1.56956059469220897754E+0000  1.44383499343378429605E+0000  0.00000000000000000000E+0000  2.34433159148802059510E+0002  0.00000000000000000000E+0000  1.83705789063457334907E-0038  2.14668422213074082020E-0001  2.21639579918211688164E-0032  0.00000000000000000000E+0000  2.19822199307177285066E+0002  0.00000000000000000000E+0000  0.00000000000000000000E+0000  2.19822957688423975556E+0002  0.00000000000000000000E+0000  0.00000000000000000000E+0000  0.00000000000000000000E+0000  0.00000000000000000000E+0000  0.00000000000000000000E+0000  2.39663401435366359765E-0006 -3.08108453084705048047E+0000  0.00000000000000000000E+0000  0.00000000000000000000E+0000  0.00000000000000000000E+0000  1.50038264818841517768E-0003
 2.29999999999999999997E-0011  0.00000000000000000000E+0000 -3.58284836340783106832E-0003  5.15797189446354725537E-0004 -3.58284836340783106832E-0003  1.04999999999999999996E+0000  1.49265622757734233383E+0000  1.56956060162173407797E+0000  1.44383499419430291278E+0000  0.00000000000000000000E+0000  2.34433159148802059510E+0002  0.00000000000000000000E+0000  1.83705880880962988996E-0038  2.14668488474892942268E-0001  2.21639600300317210419E-0032  0.00000000000000000000E+0000  2.19822220183374027178E+0002  0.00000000000000000000E+0000  0.00000000000000000000E+0000  2.19822998147061804089E+0002  0.00000000000000000000E+0000  0.00000000000000000000E+0000  0.00000000000000000000E+0000  0.00000000000000000000E+0000  0.00000000000000000000E+0000  2.14794284007620562212E-0006 -3.08086671462635929269E+0000  0.00000000000000000000E+0000  0.00000000000000000000E+0000  0.00000000000000000000E+0000  1.53415803557794104348E-0003
 2.35600000000000000006E-0011  0.00000000000000000000E+0000 -3.69961228639811677827E-0003  5.35289373681745205239E-0004 -3.69961228639811677827E-0003  1.04999999999999999996E+0000  1.49265623480176358776E+0000  1.56956060867730100197E+0000  1.44383499498066259869E+0000  0.00000000000000000000E+0000  2.34433159148802059510E+0002  0.00000000000000000000E+0000  1.83705975660149275508E-0038  2.14668555939102274603E-0001  2.21639621238879299685E-0032  0.00000000000000000000E+0000  2.19822241440188931472E+0002  0.00000000000000000000E+0000  0.00000000000000000000E+0000  2.19823039340307269024E+0002  0.00000000000000000000E+0000  0.00000000000000000000E+0000  0.00000000000000000000E+0000  0.00000000000000000000E+0000  0.00000000000000000000E+0000  1.92102399671075844713E-0006 -3.08067815311618371310E+0000  0.00000000000000000000E+0000  0.00000000000000000000E+0000  0.00000000000000000000E+0000  1.56851716982448966742E-0003
 2.41299999999999999999E-0011  0.00000000000000000000E+0000 -3.81869935860128138679E-0003  5.55299027317575796995E-0004 -3.81869935860128138679E-0003  1.04999999999999999996E+0000  1.49265624224639869243E+0000  1.56956061585889088919E+0000  1.44383499579345702995E+0000  0.00000000000000000000E+0000  2.34433159148802059510E+0002  0.00000000000000000000E+0000  1.83706073448631916251E-0038  2.14668624605394362472E-0001  2.21639642741732740632E-0032  0.00000000000000000000E+0000  2.19822263077621953442E+0002  0.00000000000000000000E+0000  0.00000000000000000000E+0000  2.19823081267993694632E+0002  0.00000000000000000000E+0000  0.00000000000000000000E+0000  0.00000000000000000000E+0000  0.00000000000000000000E+0000  0.00000000000000000000E+0000  1.71391906588673906180E-0006 -3.08051637094385047507E+0000  0.00000000000000000000E+0000  0.00000000000000000000E+0000  0.00000000000000000000E+0000  1.60350503789152193518E-0003
 2.47199999999999999992E-0011  0.00000000000000000000E+0000 -3.94008132268777719911E-0003  5.75856482724306633932E-0004 -3.94008132268777719911E-0003  1.04999999999999999996E+0000  1.49265625004759245383E+0000  1.56956062329247790900E+0000  1.44383499664778676386E+0000  0.00000000000000000000E+0000  2.34433159148802059510E+0002  0.00000000000000000000E+0000  1.83706176010384288414E-0038  2.14668695678132137957E-0001  2.21639665193990938038E-0032  0.00000000000000000000E+0000  2.19822285475246156680E+0002  0.00000000000000000000E+0000  0.00000000000000000000E+0000  2.19823124665538204833E+0002  0.00000000000000000000E+0000  0.00000000000000000000E+0000  0.00000000000000000000E+0000  0.00000000000000000000E+0000  0.00000000000000000000E+0000  1.52427664238161564218E-0006 -3.08037857982607737612E+0000  0.00000000000000000000E+0000  0.00000000000000000000E+0000  0.00000000000000000000E+0000  1.63915074923811639242E-0003
 2.53100000000000000001E-0011  0.00000000000000000000E+0000 -4.06396422411375306002E-0003  5.96828382234729029813E-0004 -4.06396422411375306002E-0003  1.04999999999999999996E+0000  1.49265625794497263387E+0000  1.56956063072605790881E+0000  1.44383499751529768384E+0000  0.00000000000000000000E+0000  2.34433159148802059510E+0002  0.00000000000000000000E+0000  1.83706279988398337427E-0038  2.14668766747610144469E-0001  2.21639687852630530799E-0032  0.00000000000000000000E+0000  2.19822307873981617976E+0002  0.00000000000000000000E+0000  0.00000000000000000000E+0000  2.19823168061570610787E+0002  0.00000000000000000000E+0000  0.00000000000000000000E+0000  0.00000000000000000000E+0000  0.00000000000000000000E+0000  0.00000000000000000000E+0000  1.35163143992214921580E-0006 -3.08026398659832052447E+0000  0.00000000000000000000E+0000  0.00000000000000000000E+0000  0.00000000000000000000E+0000  1.67549688122151385818E-0003
 2.59199999999999999994E-0011  0.00000000000000000000E+0000 -4.19019647251798551479E-0003  6.18485263259505969938E-0004 -4.19019647251798551479E-0003  1.04999999999999999996E+0000  1.49265626621061944031E+0000  1.56956063841159812315E+0000  1.44383499842603048975E+0000  0.00000000000000000000E+0000  2.34433159148802059510E+0002  0.00000000000000000000E+0000  1.83706388861881162898E-0038  2.14668840222868967255E-0001  2.21639711479805617720E-0032  0.00000000000000000000E+0000  2.19822331032900500219E+0002  0.00000000000000000000E+0000  0.00000000000000000000E+0000  2.19823212927119741131E+0002  0.00000000000000000000E+0000  0.00000000000000000000E+0000  0.00000000000000000000E+0000  0.00000000000000000000E+0000  0.00000000000000000000E+0000  1.19338216992360216834E-0006 -3.08016948724369105930E+0000  0.00000000000000000000E+0000  0.00000000000000000000E+0000  0.00000000000000000000E+0000  1.71242935627032349943E-0003
 2.65300000000000000002E-0011  0.00000000000000000000E+0000 -4.31884542906176697277E-0003  6.40480730539012141831E-0004 -4.31884542906176697277E-0003  1.04999999999999999996E+0000  1.49265627457783798171E+0000  1.56956064609709602931E+0000  1.44383499935074019612E+0000  0.00000000000000000000E+0000  2.34433159148802059510E+0002  0.00000000000000000000E+0000  1.83706499204496092980E-0038  2.14668913694355292712E-0001  2.21639735322161199733E-0032  0.00000000000000000000E+0000  2.19822354192915399101E+0002  0.00000000000000000000E+0000  0.00000000000000000000E+0000  2.19823257790871145548E+0002  0.00000000000000000000E+0000  0.00000000000000000000E+0000  0.00000000000000000000E+0000  0.00000000000000000000E+0000  0.00000000000000000000E+0000  1.04930641668248968817E-0006 -3.08009459606488378357E+0000  0.00000000000000000000E+0000  0.00000000000000000000E+0000  0.00000000000000000000E+0000  1.75010591680597369560E-0003
 2.71699999999999999995E-0011  0.00000000000000000000E+0000 -4.44979015822435491379E-0003  6.63105685009033327945E-0004 -4.44979015822435491379E-0003  1.04999999999999999996E+0000  1.49265628346461968080E+0000  1.56956065416050760859E+0000  1.44383500033579901872E+0000  0.00000000000000000000E+0000  2.34433159148802059510E+0002  0.00000000000000000000E+0000  1.83706616397445752262E-0038  2.14668990775356191008E-0001  2.21639760545988539858E-0032  0.00000000000000000000E+0000  2.19822378492799523048E+0002  0.00000000000000000000E+0000  0.00000000000000000000E+0000  2.19823304859247681320E+0002  0.00000000000000000000E+0000  0.00000000000000000000E+0000  0.00000000000000000000E+0000  0.00000000000000000000E+0000  0.00000000000000000000E+0000  9.16487916934053200413E-0007 -3.08003599272741426644E+0000  0.00000000000000000000E+0000  0.00000000000000000000E+0000  0.00000000000000000000E+0000  1.78838643807343536937E-0003
 2.78100000000000000003E-0011  0.00000000000000000000E+0000 -4.58328851912064782404E-0003  6.86029592963336879532E-0004 -4.58328851912064782404E-0003  1.04999999999999999996E+0000  1.49265629246082484464E+0000  1.56956066222384176554E+0000  1.44383500133591073807E+0000  0.00000000000000000000E+0000  2.34433159148802059510E+0002  0.00000000000000000000E+0000  1.83706735163314770607E-0038  2.14669067851949389215E-0001  2.21639786000534917418E-0032  0.00000000000000000000E+0000  2.19822402793848696079E+0002  0.00000000000000000000E+0000  0.00000000000000000000E+0000  2.19823351925471949200E+0002  0.00000000000000000000E+0000  0.00000000000000000000E+0000  0.00000000000000000000E+0000  0.00000000000000000000E+0000  0.00000000000000000000E+0000  7.95522806627633902378E-0007 -3.07999420891916988411E+0000  0.00000000000000000000E+0000  0.00000000000000000000E+0000  0.00000000000000000000E+0000  1.82750272310485189909E-0003
 2.84599999999999999995E-0011  0.00000000000000000000E+0000 -4.71933198068141595393E-0003  7.09707875465651687212E-0004 -4.71933198068141595393E-0003  1.04999999999999999996E+0000  1.49265630171017078668E+0000  1.56956067041307175877E+0000  1.44383500236711200676E+0000  0.00000000000000000000E+0000  2.34433159148802059510E+0002  0.00000000000000000000E+0000  1.83706857290882690150E-0038  2.14669146128472847719E-0001  2.21639812073701529624E-0032  0.00000000000000000000E+0000  2.19822427475545143560E+0002  0.00000000000000000000E+0000  0.00000000000000000000E+0000  2.19823399724994165777E+0002  0.00000000000000000000E+0000  0.00000000000000000000E+0000  0.00000000000000000000E+0000  0.00000000000000000000E+0000  0.00000000000000000000E+0000  6.84874469616462305627E-0007 -3.07996728658712111610E+0000  0.00000000000000000000E+0000  0.00000000000000000000E+0000  0.00000000000000000000E+0000  1.86719158817092573043E-0003
 2.91299999999999999987E-0011  0.00000000000000000000E+0000 -4.85769986411967521618E-0003  7.33762849192381697222E-0004 -4.85769986411967521618E-0003  1.04999999999999999996E+0000  1.49265631136186759955E+0000  1.56956067885416631778E+0000  1.44383500344617533081E+0000  0.00000000000000000000E+0000  2.34433159148802059510E+0002  0.00000000000000000000E+0000  1.83706984733453649800E-0038  2.14669226808809830581E-0001  2.21639839177112297346E-0032  0.00000000000000000000E+0000  2.19822452917640116118E+0002  0.00000000000000000000E+0000  0.00000000000000000000E+0000  2.19823448992997276169E+0002  0.00000000000000000000E+0000  0.00000000000000000000E+0000  0.00000000000000000000E+0000  0.00000000000000000000E+0000  0.00000000000000000000E+0000  5.83013268373242257031E-0007 -3.07995345550667580861E+0000  0.00000000000000000000E+0000  0.00000000000000000000E+0000  0.00000000000000000000E+0000  1.90762107299431111832E-0003
 2.98199999999999999995E-0011  0.00000000000000000000E+0000 -4.99857795187039733713E-0003  7.58220748750891039522E-0004 -4.99857795187039733713E-0003  1.04999999999999999996E+0000  1.49265632142492075062E+0000  1.56956068754710370875E+0000  1.44383500457427808449E+0000  0.00000000000000000000E+0000  2.34433159148802059510E+0002  0.00000000000000000000E+0000  1.83707117616434799376E-0038  2.14669309892425635880E-0001  2.21639867328366185884E-0032  0.00000000000000000000E+0000  2.19822479120242540385E+0002  0.00000000000000000000E+0000  0.00000000000000000000E+0000  2.19823499729192752258E+0002  0.00000000000000000000E+0000  0.00000000000000000000E+0000  0.00000000000000000000E+0000  0.00000000000000000000E+0000  0.00000000000000000000E+0000  4.89116252901726135517E-0007 -3.07995182035881646596E+0000  0.00000000000000000000E+0000  0.00000000000000000000E+0000  0.00000000000000000000E+0000  1.94884120382060181810E-0003
 3.05100000000000000003E-0011  0.00000000000000000000E+0000 -5.14222585805300713694E-0003  7.83302919382310645132E-0004 -5.14222585805300713694E-0003  1.04999999999999999996E+0000  1.49265633161300769979E+0000  1.56956069623989712526E+0000  1.44383500571939187116E+0000  0.00000000000000000000E+0000  2.34433159148802059510E+0002  0.00000000000000000000E+0000  1.83707252191017978911E-0038  2.14669392970622190843E-0001  2.21639895725458204220E-0032  0.00000000000000000000E+0000  2.19822505323993318563E+0002  0.00000000000000000000E+0000  0.00000000000000000000E+0000  2.19823550462691503005E+0002  0.00000000000000000000E+0000  0.00000000000000000000E+0000  0.00000000000000000000E+0000  0.00000000000000000000E+0000  0.00000000000000000000E+0000  4.03605029714050354290E-0007 -3.07996268331366070451E+0000  0.00000000000000000000E+0000  0.00000000000000000000E+0000  0.00000000000000000000E+0000  1.99082384589536276319E-0003
 3.12200000000000000010E-0011  0.00000000000000000000E+0000 -5.28842889138947241593E-0003  8.09020306205947137020E-0004 -5.28842889138947241593E-0003  1.04999999999999999996E+0000  1.49265634222708964648E+0000  1.56956070518449347141E+0000  1.44383500691539822642E+0000  0.00000000000000000000E+0000  2.34433159148802059510E+0002  0.00000000000000000000E+0000  1.83707392314079876613E-0038  2.14669478451455992543E-0001  2.21639925183974507208E-0032  0.00000000000000000000E+0000  2.19822532288209635420E+0002  0.00000000000000000000E+0000  0.00000000000000000000E+0000  2.19823602664069350454E+0002  0.00000000000000000000E+0000  0.00000000000000000000E+0000  0.00000000000000000000E+0000  0.00000000000000000000E+0000  0.00000000000000000000E+0000  3.24653249042269329555E-0007 -3.07998388481488583599E+0000  0.00000000000000000000E+0000  0.00000000000000000000E+0000  0.00000000000000000000E+0000  2.03346750842653108092E-0003
 3.19499999999999999986E-0011  0.00000000000000000000E+0000 -5.43717356554961341153E-0003  8.35039676155000934050E-0004 -5.43717356554961341153E-0003  1.04999999999999999996E+0000  1.49265635327678770450E+0000  1.56956071438086958516E+0000  1.44383500816350967655E+0000  0.00000000000000000000E+0000  2.34433159148802059510E+0002  0.00000000000000000000E+0000  1.83707538136352378407E-0038  2.14669566334287039688E-0001  2.21639955723977900334E-0032  0.00000000000000000000E+0000  2.19822560013066441623E+0002  0.00000000000000000000E+0000  0.00000000000000000000E+0000  2.19823656332969335644E+0002  0.00000000000000000000E+0000  0.00000000000000000000E+0000  0.00000000000000000000E+0000  0.00000000000000000000E+0000  0.00000000000000000000E+0000  2.51605696082374021353E-0007 -3.08001472584644725634E+0000  0.00000000000000000000E+0000  0.00000000000000000000E+0000  0.00000000000000000000E+0000  2.07697487770070164233E-0003
 3.26900000000000000008E-0011  0.00000000000000000000E+0000 -5.58872536985248415022E-0003  8.61635222150715908712E-0004 -5.58872536985248415022E-0003  1.04999999999999999996E+0000  1.49265636461859612077E+0000  1.56956072370302677490E+0000  1.44383500944759255271E+0000  0.00000000000000000000E+0000  2.34433159148802059510E+0002  0.00000000000000000000E+0000  1.83707687765370947726E-0038  2.14669655414737580983E-0001  2.21639986940199039337E-0032  0.00000000000000000000E+0000  2.19822588118875556107E+0002  0.00000000000000000000E+0000  0.00000000000000000000E+0000  2.19823710733924498270E+0002  0.00000000000000000000E+0000  0.00000000000000000000E+0000  0.00000000000000000000E+0000  0.00000000000000000000E+0000  0.00000000000000000000E+0000  1.84500330021834302412E-0007 -3.08005519098083047655E+0000  0.00000000000000000000E+0000  0.00000000000000000000E+0000  0.00000000000000000000E+0000  2.12129594552264460532E-0003
 3.34400000000000000015E-0011  0.00000000000000000000E+0000 -5.74306743466217001654E-0003  8.88882913081160377019E-0004 -5.74306743466217001654E-0003  1.04999999999999999996E+0000  1.49265637625854085313E+0000  1.56956073315094666405E+0000  1.44383501076835354016E+0000  0.00000000000000000000E+0000  2.34433159148802059510E+0002  0.00000000000000000000E+0000  1.83707841232547382065E-0038  2.14669745692555290271E-0001  2.21640018834929458493E-0032  0.00000000000000000000E+0000  2.19822616605605605081E+0002  0.00000000000000000000E+0000  0.00000000000000000000E+0000  2.19823765866812926073E+0002  0.00000000000000000000E+0000  0.00000000000000000000E+0000  0.00000000000000000000E+0000  0.00000000000000000000E+0000  0.00000000000000000000E+0000  1.22835544650254687462E-0007 -3.08010458558577444594E+0000  0.00000000000000000000E+0000  0.00000000000000000000E+0000  0.00000000000000000000E+0000  2.16637682132236837231E-0003
 3.42099999999999999991E-0011  0.00000000000000000000E+0000 -5.90006235170974870250E-0003  9.16571346254549658111E-0004 -5.90006235170974870250E-0003  1.04999999999999999996E+0000  1.49265638836003652445E+0000  1.56956074285057974960E+0000  1.44383501214438878630E+0000  0.00000000000000000000E+0000  2.34433159148802059510E+0002  0.00000000000000000000E+0000  1.83708000638623512383E-0038  2.14669838371112398179E-0001  2.21640051838669747983E-0032  0.00000000000000000000E+0000  2.19822645853063127833E+0002  0.00000000000000000000E+0000  0.00000000000000000000E+0000  2.19823822466578783955E+0002  0.00000000000000000000E+0000  0.00000000000000000000E+0000  0.00000000000000000000E+0000  0.00000000000000000000E+0000  0.00000000000000000000E+0000  6.55535285345226660289E-0008 -3.08016168867721242637E+0000  0.00000000000000000000E+0000  0.00000000000000000000E+0000  0.00000000000000000000E+0000  2.21226144099628076354E-0003
 3.49900000000000000013E-0011  0.00000000000000000000E+0000 -6.05982309049038567556E-0003  9.44717357122353508254E-0004 -6.05982309049038567556E-0003  1.04999999999999999996E+0000  1.49265640077419231200E+0000  1.56956075267593491839E+0000  1.44383501355881458381E+0000  0.00000000000000000000E+0000  2.34433159148802059510E+0002  0.00000000000000000000E+0000  1.83708164042479717102E-0038  2.14669932246182434483E-0001  2.21640085538097436196E-0032  0.00000000000000000000E+0000  2.19822675481586288032E+0002  0.00000000000000000000E+0000  0.00000000000000000000E+0000  2.19823879797813388673E+0002  0.00000000000000000000E+0000  0.00000000000000000000E+0000  0.00000000000000000000E+0000  0.00000000000000000000E+0000  0.00000000000000000000E+0000  1.27963255728594759090E-0008 -3.08022660580982274889E+0000  0.00000000000000000000E+0000  0.00000000000000000000E+0000  0.00000000000000000000E+0000  2.25901486465813874064E-0003
 3.57900000000000000003E-0011  0.00000000000000000000E+0000 -6.22234478010908870626E-0003  9.73400096707406072278E-0004 -6.22234478010908870626E-0003  1.04999999999999999996E+0000  1.49265641366871293870E+0000  1.56956076275295565469E+0000  1.44383501503077710888E+0000  0.00000000000000000000E+0000  2.34433159148802059510E+0002  0.00000000000000000000E+0000  1.83708333569885831709E-0038  2.14670028521037413788E-0001  2.21640120366648492110E-0032  0.00000000000000000000E+0000  2.19822705870948979609E+0002  0.00000000000000000000E+0000  0.00000000000000000000E+0000  2.19823938595426785561E+0002  0.00000000000000000000E+0000  0.00000000000000000000E+0000  0.00000000000000000000E+0000  0.00000000000000000000E+0000  0.00000000000000000000E+0000 -3.63787524914722695882E-0008 -3.08029824684195670638E+0000  0.00000000000000000000E+0000  0.00000000000000000000E+0000  0.00000000000000000000E+0000  2.30655463117278238548E-0003
 3.66099999999999999994E-0011  0.00000000000000000000E+0000 -6.38766284403402013283E-0003  1.00250251491994667509E-0003 -6.38766284403402013283E-0003  1.04999999999999999996E+0000  1.49265642705445429476E+0000  1.56956077308161527889E+0000  1.44383501656158364402E+0000  0.00000000000000000000E+0000  2.34433159148802059510E+0002  0.00000000000000000000E+0000  1.83708509351019097708E-0038  2.14670127195043731409E-0001  2.21640156339078158227E-0032  0.00000000000000000000E+0000  2.19822737021285662395E+0002  0.00000000000000000000E+0000  0.00000000000000000000E+0000  2.19823998859073218556E+0002  0.00000000000000000000E+0000  0.00000000000000000000E+0000  0.00000000000000000000E+0000  0.00000000000000000000E+0000  0.00000000000000000000E+0000 -8.23261508453180872360E-0008 -3.08037625011343494264E+0000  0.00000000000000000000E+0000  0.00000000000000000000E+0000  0.00000000000000000000E+0000  2.35500195773587563766E-0003
 3.74400000000000000000E-0011  0.00000000000000000000E+0000 -6.55596147191807328366E-0003  1.03225466830469123582E-0003 -6.55596147191807328366E-0003  1.04999999999999999996E+0000  1.49265644077704086041E+0000  1.56956078353593109741E+0000  1.44383501813360881052E+0000  0.00000000000000000000E+0000  2.34433159148802059510E+0002  0.00000000000000000000E+0000  1.83708689348762769390E-0038  2.14670227064302685790E-0001  2.21640193027983872869E-0032  0.00000000000000000000E+0000  2.19822768552836843498E+0002  0.00000000000000000000E+0000  0.00000000000000000000E+0000  2.19824059853522148333E+0002  0.00000000000000000000E+0000  0.00000000000000000000E+0000  0.00000000000000000000E+0000  0.00000000000000000000E+0000  0.00000000000000000000E+0000 -1.24767381919278615110E-0007 -3.08046086954283014170E+0000  0.00000000000000000000E+0000  0.00000000000000000000E+0000  0.00000000000000000000E+0000  2.40433967432575449237E-0003
 3.82900000000000000005E-0011  0.00000000000000000000E+0000 -6.72716812077415144885E-0003  1.06260361854016504697E-0003 -6.72716812077415144885E-0003  1.04999999999999999996E+0000  1.49265645501094175560E+0000  1.56956079424183450426E+0000  1.44383501976686461890E+0000  0.00000000000000000000E+0000  2.34433159148802059510E+0002  0.00000000000000000000E+0000  1.83708875762427005035E-0038  2.14670329331792220619E-0001  2.21640230876377876559E-0032  0.00000000000000000000E+0000  2.19822800845419828800E+0002  0.00000000000000000000E+0000  0.00000000000000000000E+0000  2.19824122313537080139E+0002  0.00000000000000000000E+0000  0.00000000000000000000E+0000  0.00000000000000000000E+0000  0.00000000000000000000E+0000  0.00000000000000000000E+0000 -1.64553399663652057849E-0007 -3.08055110312534196704E+0000  0.00000000000000000000E+0000  0.00000000000000000000E+0000  0.00000000000000000000E+0000  2.45451574102736036103E-0003
 3.91600000000000000011E-0011  0.00000000000000000000E+0000 -6.90128704613514800438E-0003  1.09337791291535212647E-0003 -6.90128704613514800438E-0003  1.04999999999999999996E+0000  1.49265646976769799357E+0000  1.56956080519929671506E+0000  1.44383502146272986498E+0000  0.00000000000000000000E+0000  2.34433159148802059510E+0002  0.00000000000000000000E+0000  1.83709068722474963058E-0038  2.14670433996841261709E-0001  2.21640269898462297428E-0032  0.00000000000000000000E+0000  2.19822833899179196665E+0002  0.00000000000000000000E+0000  0.00000000000000000000E+0000  2.19824186238750543559E+0002  0.00000000000000000000E+0000  0.00000000000000000000E+0000  0.00000000000000000000E+0000  0.00000000000000000000E+0000  0.00000000000000000000E+0000 -2.01955166905742307106E-0007 -3.08064666979640274500E+0000  0.00000000000000000000E+0000  0.00000000000000000000E+0000  0.00000000000000000000E+0000  2.50564889291048551218E-0003
 4.00400000000000000001E-0011  0.00000000000000000000E+0000 -7.07847781955947067303E-0003  1.12478956859120146560E-0003 -7.07847781955947067303E-0003  1.04999999999999999996E+0000  1.49265648488712971581E+0000  1.56956081628234482561E+0000  1.44383502320281905578E+0000  0.00000000000000000000E+0000  2.34433159148802059510E+0002  0.00000000000000000000E+0000  1.83709266117051444006E-0038  2.14670539855815327765E-0001  2.21640309656615025624E-0032  0.00000000000000000000E+0000  2.19822867334319310487E+0002  0.00000000000000000000E+0000  0.00000000000000000000E+0000  2.19824250894063886241E+0002  0.00000000000000000000E+0000  0.00000000000000000000E+0000  0.00000000000000000000E+0000  0.00000000000000000000E+0000  0.00000000000000000000E+0000 -2.36618459584698758546E-0007 -3.08074789993516534050E+0000  0.00000000000000000000E+0000  0.00000000000000000000E+0000  0.00000000000000000000E+0000  2.55771880446580349833E-0003
 4.09399999999999999990E-0011  0.00000000000000000000E+0000 -7.25864525763854541219E-0003  1.15675101377505088209E-0003 -7.25864525763854541219E-0003  1.04999999999999999996E+0000  1.49265650055075952698E+0000  1.56956082761689669734E+0000  1.44383502500804617201E+0000  0.00000000000000000000E+0000  2.34433159148802059510E+0002  0.00000000000000000000E+0000  1.83709470218216404302E-0038  2.14670648111380602715E-0001  2.21640350603538039805E-0032  0.00000000000000000000E+0000  2.19822901530701056760E+0002  0.00000000000000000000E+0000  0.00000000000000000000E+0000  2.19824317014084100269E+0002  0.00000000000000000000E+0000  0.00000000000000000000E+0000  0.00000000000000000000E+0000  0.00000000000000000000E+0000  0.00000000000000000000E+0000 -2.69325068420273960840E-0007 -3.08085385594082777167E+0000  0.00000000000000000000E+0000  0.00000000000000000000E+0000  0.00000000000000000000E+0000  2.61066681392118368879E-0003
 4.18600000000000000011E-0011  0.00000000000000000000E+0000 -7.44177288742331872519E-0003  1.18909637346161115312E-0003 -7.44177288742331872519E-0003  1.04999999999999999996E+0000  1.49265651677080660284E+0000  1.56956083920292141715E+0000  1.44383502687987136956E+0000  0.00000000000000000000E+0000  2.34433159148802059510E+0002  0.00000000000000000000E+0000  1.83709681155001355288E-0038  2.14670758762830306342E-0001  2.21640392753218312570E-0032  0.00000000000000000000E+0000  2.19822936488479379710E+0002  0.00000000000000000000E+0000  0.00000000000000000000E+0000  2.19824384598422723505E+0002  0.00000000000000000000E+0000  0.00000000000000000000E+0000  0.00000000000000000000E+0000  0.00000000000000000000E+0000  0.00000000000000000000E+0000 -3.00283017193392939244E-0007 -3.08096431626937530693E+0000  0.00000000000000000000E+0000  0.00000000000000000000E+0000  0.00000000000000000000E+0000  2.66460629101946941581E-0003
 4.28000000000000000000E-0011  0.00000000000000000000E+0000 -7.62797694718318536585E-0003  1.22196108963836772253E-0003 -7.62797694718318536585E-0003  1.04999999999999999996E+0000  1.49265653355980235290E+0000  1.56956085104038713888E+0000  1.44383502881979454880E+0000  0.00000000000000000000E+0000  2.34433159148802059510E+0002  0.00000000000000000000E+0000  1.83709899031945654658E-0038  2.14670871809544996337E-0001  2.21640436116552776994E-0032  0.00000000000000000000E+0000  2.19822972207738842304E+0002  0.00000000000000000000E+0000  0.00000000000000000000E+0000  2.19824453646753991243E+0002  0.00000000000000000000E+0000  0.00000000000000000000E+0000  0.00000000000000000000E+0000  0.00000000000000000000E+0000  0.00000000000000000000E+0000 -3.29649144891744820357E-0007 -3.08107911343840521899E+0000  0.00000000000000000000E+0000  0.00000000000000000000E+0000  0.00000000000000000000E+0000  2.71952625264007014648E-0003
 4.37500000000000000004E-0011  0.00000000000000000000E+0000 -7.81735133983415890921E-0003  1.25550644233037698326E-0003 -7.81735133983415890921E-0003  1.04999999999999999996E+0000  1.49265655074940870712E+0000  1.56956086300333589039E+0000  1.44383503080839440715E+0000  0.00000000000000000000E+0000  2.34433159148802059510E+0002  0.00000000000000000000E+0000  1.83710121634782158050E-0038  2.14670986048269314732E-0001  2.21640480243181776450E-0032  0.00000000000000000000E+0000  2.19823008308633877417E+0002  0.00000000000000000000E+0000  0.00000000000000000000E+0000  2.19824523424169757643E+0002  0.00000000000000000000E+0000  0.00000000000000000000E+0000  0.00000000000000000000E+0000  0.00000000000000000000E+0000  0.00000000000000000000E+0000 -3.56998138989450873225E-0007 -3.08119864492916335145E+0000  0.00000000000000000000E+0000  0.00000000000000000000E+0000  0.00000000000000000000E+0000  2.77543731252648084382E-0003
 4.47299999999999999993E-0011  0.00000000000000000000E+0000 -8.00974839319116238869E-0003  1.28949449208208979806E-0003 -8.00974839319116238869E-0003  1.04999999999999999996E+0000  1.49265656871466113344E+0000  1.56956087534358547288E+0000  1.44383503288911813100E+0000  0.00000000000000000000E+0000  2.34433159148802059510E+0002  0.00000000000000000000E+0000  1.83710353675353466833E-0038  2.14671103883735072654E-0001  2.21640526063364895029E-0032  0.00000000000000000000E+0000  2.19823045551032681760E+0002  0.00000000000000000000E+0000  0.00000000000000000000E+0000  2.19824595399570023160E+0002  0.00000000000000000000E+0000  0.00000000000000000000E+0000  0.00000000000000000000E+0000  0.00000000000000000000E+0000  0.00000000000000000000E+0000 -3.83614722399439497695E-0007 -3.08132146949381157145E+0000  0.00000000000000000000E+0000  0.00000000000000000000E+0000  0.00000000000000000000E+0000  2.83228106459687966681E-0003
 4.57199999999999999997E-0011  0.00000000000000000000E+0000 -8.20532341686230324292E-0003  1.32400414893512177164E-0003 -8.20532341686230324292E-0003  1.04999999999999999996E+0000  1.49265658710210001982E+0000  1.56956088780926015776E+0000  1.44383503502109214998E+0000  0.00000000000000000000E+0000  2.34433159148802059510E+0002  0.00000000000000000000E+0000  1.83710590620462527841E-0038  2.14671222910027105417E-0001  2.21640572665765971208E-0032  0.00000000000000000000E+0000  2.19823083175297799272E+0002  0.00000000000000000000E+0000  0.00000000000000000000E+0000  2.19824668103407615011E+0002  0.00000000000000000000E+0000  0.00000000000000000000E+0000  0.00000000000000000000E+0000  0.00000000000000000000E+0000  0.00000000000000000000E+0000 -4.08492985347404288045E-0007 -3.08144870762097009670E+0000  0.00000000000000000000E+0000  0.00000000000000000000E+0000  0.00000000000000000000E+0000  2.89025019252186900891E-0003
 4.67399999999999999985E-0011  0.00000000000000000000E+0000 -8.40405760824488692137E-0003  1.35907041398486963530E-0003 -8.40405760824488692137E-0003  1.04999999999999999996E+0000  1.49265660629694638518E+0000  1.56956090065215613676E+0000  1.44383503724905360723E+0000  0.00000000000000000000E+0000  2.34433159148802059510E+0002  0.00000000000000000000E+0000  1.83710837256119994800E-0038  2.14671345531520888175E-0001  2.21640620990364809383E-0032  0.00000000000000000000E+0000  2.19823121941278675079E+0002  0.00000000000000000000E+0000  0.00000000000000000000E+0000  2.19824743004422373097E+0002  0.00000000000000000000E+0000  0.00000000000000000000E+0000  0.00000000000000000000E+0000  0.00000000000000000000E+0000  0.00000000000000000000E+0000 -4.32860037574860947768E-0007 -3.08157897125335242857E+0000  0.00000000000000000000E+0000  0.00000000000000000000E+0000  0.00000000000000000000E+0000  2.94915363372952654736E-0003
 4.77699999999999999988E-0011  0.00000000000000000000E+0000 -8.60604857599544673438E-0003  1.39469355536097417270E-0003 -8.60604857599544673438E-0003  1.04999999999999999996E+0000  1.49265662593659826339E+0000  1.56956091362041619014E+0000  1.44383503953099089187E+0000  0.00000000000000000000E+0000  2.34433159148802059510E+0002  0.00000000000000000000E+0000  1.83711088946781609625E-0038  2.14671469342720930480E-0001  2.21640670113511032504E-0032  0.00000000000000000000E+0000  2.19823161089288248257E+0002  0.00000000000000000000E+0000  0.00000000000000000000E+0000  2.19824818633277918392E+0002  0.00000000000000000000E+0000  0.00000000000000000000E+0000  0.00000000000000000000E+0000  0.00000000000000000000E+0000  0.00000000000000000000E+0000 -4.55690183739591653330E-0007 -3.08171339453963715480E+0000  0.00000000000000000000E+0000  0.00000000000000000000E+0000  0.00000000000000000000E+0000  3.00922060021134846859E-0003
 4.88300000000000000007E-0011  0.00000000000000000000E+0000 -8.81126002230076298237E-0003  1.43086570226703785017E-0003 -8.81126002230076298237E-0003  1.04999999999999999996E+0000  1.49265664641675390909E+0000  1.56956092696581373240E+0000  1.44383504191296605120E+0000  0.00000000000000000000E+0000  2.34433159148802059510E+0002  0.00000000000000000000E+0000  1.83711350576543678516E-0038  2.14671596747523957117E-0001  2.21640720987863395628E-0032  0.00000000000000000000E+0000  2.19823201379236006933E+0002  0.00000000000000000000E+0000  0.00000000000000000000E+0000  2.19824896458470566737E+0002  0.00000000000000000000E+0000  0.00000000000000000000E+0000  0.00000000000000000000E+0000  0.00000000000000000000E+0000  0.00000000000000000000E+0000 -4.78192259835797788970E-0007 -3.08185059618510881051E+0000  0.00000000000000000000E+0000  0.00000000000000000000E+0000  0.00000000000000000000E+0000  3.07025356180839220456E-0003
 4.99000000000000000010E-0011  0.00000000000000000000E+0000 -9.01977160404815592792E-0003  1.46758241412984458707E-0003 -9.01977160404815592792E-0003  1.04999999999999999996E+0000  1.49265666736533305324E+0000  1.56956094043651127649E+0000  1.44383504435179403896E+0000  0.00000000000000000000E+0000  2.34433159148802059510E+0002  0.00000000000000000000E+0000  1.83711617406775335371E-0038  2.14671725340871475773E-0001  2.21640772677497026979E-0032  0.00000000000000000000E+0000  2.19823242051383714743E+0002  0.00000000000000000000E+0000  0.00000000000000000000E+0000  2.19824975010884073462E+0002  0.00000000000000000000E+0000  0.00000000000000000000E+0000  0.00000000000000000000E+0000  0.00000000000000000000E+0000  0.00000000000000000000E+0000 -4.99324215441897839051E-0007 -3.08199172274349611250E+0000  0.00000000000000000000E+0000  0.00000000000000000000E+0000  0.00000000000000000000E+0000  3.13248283353959622247E-0003
 5.09999999999999999997E-0011  0.00000000000000000000E+0000 -9.23153734972639161061E-0003  1.50481943974437919635E-0003 -9.23153734972639161061E-0003  1.04999999999999999996E+0000  1.49265668918881476022E+0000  1.56956095428425829272E+0000  1.44383504689489831181E+0000  0.00000000000000000000E+0000  2.34433159148802059510E+0002  0.00000000000000000000E+0000  1.83711894419089162961E-0038  2.14671857526166149521E-0001  2.21640826147576413465E-0032  0.00000000000000000000E+0000  2.19823283865702336776E+0002  0.00000000000000000000E+0000  0.00000000000000000000E+0000  2.19825055758762749475E+0002  0.00000000000000000000E+0000  0.00000000000000000000E+0000  0.00000000000000000000E+0000  0.00000000000000000000E+0000  0.00000000000000000000E+0000 -5.20279722498040522437E-0007 -3.08213539896627997496E+0000  0.00000000000000000000E+0000  0.00000000000000000000E+0000  0.00000000000000000000E+0000  3.19570074550154821704E-0003
 5.21200000000000000016E-0011  0.00000000000000000000E+0000 -9.44659123868226805180E-0003  1.54245429348857068434E-0003 -9.44659123868226805180E-0003  1.04999999999999999996E+0000  1.49265671170661911444E+0000  1.56956096838312027806E+0000  1.44383504952136600195E+0000  0.00000000000000000000E+0000  2.34433159148802059510E+0002  0.00000000000000000000E+0000  1.83712179290254465036E-0038  2.14671992100485294140E-0001  2.21640880936051865211E-0032  0.00000000000000000000E+0000  2.19823326442460263777E+0002  0.00000000000000000000E+0000  0.00000000000000000000E+0000  2.19825137967313030019E+0002  0.00000000000000000000E+0000  0.00000000000000000000E+0000  0.00000000000000000000E+0000  0.00000000000000000000E+0000  0.00000000000000000000E+0000 -5.40570738135767674044E-0007 -3.08228221544803709475E+0000  0.00000000000000000000E+0000  0.00000000000000000000E+0000  0.00000000000000000000E+0000  3.26014665918963614499E-0003
 5.32600000000000000002E-0011  0.00000000000000000000E+0000 -9.66507663403351350511E-0003  1.58076991504065833341E-0003 -9.66507663403351350511E-0003  1.04999999999999999996E+0000  1.49265673493422052582E+0000  1.56956098273305623512E+0000  1.44383505223311807409E+0000  0.00000000000000000000E+0000  2.34433159148802059510E+0002  0.00000000000000000000E+0000  1.83712472089049893764E-0038  2.14672129063206718584E-0001  2.21640937051575233424E-0032  0.00000000000000000000E+0000  2.19823369781674716403E+0002  0.00000000000000000000E+0000  0.00000000000000000000E+0000  2.19825221636226820640E+0002  0.00000000000000000000E+0000  0.00000000000000000000E+0000  0.00000000000000000000E+0000  0.00000000000000000000E+0000  0.00000000000000000000E+0000 -5.60224324669562979191E-0007 -3.08243210333519864798E+0000  0.00000000000000000000E+0000  0.00000000000000000000E+0000  0.00000000000000000000E+0000  3.32569924360833362585E-0003
 5.44300000000000000004E-0011  0.00000000000000000000E+0000 -9.88691347942718837771E-0003  1.61952480214821027021E-0003 -9.88691347942718837771E-0003  1.04999999999999999996E+0000  1.49265675909413838771E+0000  1.56956099745989400857E+0000  1.44383505505628072674E+0000  0.00000000000000000000E+0000  2.34433159148802059510E+0002  0.00000000000000000000E+0000  1.83712775475571905577E-0038  2.14672269614999216124E-0001  2.21640994998060385068E-0032  0.00000000000000000000E+0000  2.19823414263550522274E+0002  0.00000000000000000000E+0000  0.00000000000000000000E+0000  2.19825307499063026986E+0002  0.00000000000000000000E+0000  0.00000000000000000000E+0000  0.00000000000000000000E+0000  0.00000000000000000000E+0000  0.00000000000000000000E+0000 -5.79864632770214701864E-0007 -3.08258438375873744454E+0000  0.00000000000000000000E+0000  0.00000000000000000000E+0000  0.00000000000000000000E+0000  3.39240549585049294372E-0003
 5.56200000000000000006E-0011  0.00000000000000000000E+0000 -1.01122484381788160833E-0002  1.65885030931971495775E-0003 -1.01122484381788160833E-0002  1.04999999999999999996E+0000  1.49265678399896639845E+0000  1.56956101243771343166E+0000  1.44383505796910849251E+0000  0.00000000000000000000E+0000  2.34433159148802059510E+0002  0.00000000000000000000E+0000  1.83713087023176688492E-0038  2.14672412553381015173E-0001  2.21641054301294434035E-0032  0.00000000000000000000E+0000  2.19823459508231331419E+0002  0.00000000000000000000E+0000  0.00000000000000000000E+0000  2.19825394821274471738E+0002  0.00000000000000000000E+0000  0.00000000000000000000E+0000  0.00000000000000000000E+0000  0.00000000000000000000E+0000  0.00000000000000000000E+0000 -5.98956834446447512527E-0007 -3.08273968467877537052E+0000  0.00000000000000000000E+0000  0.00000000000000000000E+0000  0.00000000000000000000E+0000  3.46037465930981400861E-0003
 5.68300000000000000007E-0011  0.00000000000000000000E+0000 -1.03411590097939695403E-0002  1.69890012873407055895E-0003 -1.03411590097939695403E-0002  1.04999999999999999996E+0000  1.49265680966531898469E+0000  1.56956102766647015369E+0000  1.44383506097368182700E+0000  0.00000000000000000000E+0000  2.34433159148802059510E+0002  0.00000000000000000000E+0000  1.83713406796691032737E-0038  2.14672557877689485585E-0001  2.21641114969939440490E-0032  0.00000000000000000000E+0000  2.19823505515736980567E+0002  0.00000000000000000000E+0000  0.00000000000000000000E+0000  2.19825483602531961569E+0002  0.00000000000000000000E+0000  0.00000000000000000000E+0000  0.00000000000000000000E+0000  0.00000000000000000000E+0000  0.00000000000000000000E+0000 -6.17517578927376082275E-0007 -3.08289793049918647134E+0000  0.00000000000000000000E+0000  0.00000000000000000000E+0000  0.00000000000000000000E+0000  3.52951288364541780814E-0003
 5.80699999999999999993E-0011  0.00000000000000000000E+0000 -1.05735330872531328539E-0002  1.73936408950326422976E-0003 -1.05735330872531328539E-0002  1.04999999999999999996E+0000  1.49265683632537950025E+0000  1.56956104327196905917E+0000  1.44383506409734714451E+0000  0.00000000000000000000E+0000  2.34433159148802059510E+0002  0.00000000000000000000E+0000  1.83713737526090528830E-0038  2.14672706788148029888E-0001  2.21641177516937501173E-0032  0.00000000000000000000E+0000  2.19823552666334279759E+0002  0.00000000000000000000E+0000  0.00000000000000000000E+0000  2.19825574576162033766E+0002  0.00000000000000000000E+0000  0.00000000000000000000E+0000  0.00000000000000000000E+0000  0.00000000000000000000E+0000  0.00000000000000000000E+0000 -6.36161232796448376835E-0007 -3.08305843317693589007E+0000  0.00000000000000000000E+0000  0.00000000000000000000E+0000  0.00000000000000000000E+0000  3.59986132562194022942E-0003
 5.93300000000000000009E-0011  0.00000000000000000000E+0000 -1.08094896816445148324E-0002  1.78035546766002323978E-0003 -1.08094896816445148324E-0002  1.04999999999999999996E+0000  1.49265686378453866134E+0000  1.56956105912830581591E+0000  1.44383506731747179625E+0000  0.00000000000000000000E+0000  2.34433159148802059510E+0002  0.00000000000000000000E+0000  1.83714076705204839407E-0038  2.14672858082616394341E-0001  2.21641241458654849894E-0032  0.00000000000000000000E+0000  2.19823600580129381990E+0002  0.00000000000000000000E+0000  0.00000000000000000000E+0000  2.19825667007789263677E+0002  0.00000000000000000000E+0000  0.00000000000000000000E+0000  0.00000000000000000000E+0000  0.00000000000000000000E+0000  0.00000000000000000000E+0000 -6.54344397096993829270E-0007 -3.08322181604791207242E+0000  0.00000000000000000000E+0000  0.00000000000000000000E+0000  0.00000000000000000000E+0000  3.67152554800807738903E-0003
 6.06099999999999999994E-0011  0.00000000000000000000E+0000 -1.10490849271445478164E-0002  1.82202590325860792881E-0003 -1.10490849271445478164E-0002  1.04999999999999999996E+0000  1.49265689206058514054E+0000  1.56956107523543281234E+0000  1.44383507063629025371E+0000  0.00000000000000000000E+0000  2.34433159148802059510E+0002  0.00000000000000000000E+0000  1.83714424394101408364E-0038  2.14673011760394983585E-0001  2.21641306803427174975E-0032  0.00000000000000000000E+0000  2.19823649257144025052E+0002  0.00000000000000000000E+0000  0.00000000000000000000E+0000  2.19825760897064990868E+0002  0.00000000000000000000E+0000  0.00000000000000000000E+0000  0.00000000000000000000E+0000  0.00000000000000000000E+0000  0.00000000000000000000E+0000 -6.72075903965438239127E-0007 -3.08338799951926276796E+0000  0.00000000000000000000E+0000  0.00000000000000000000E+0000  0.00000000000000000000E+0000  3.74440460279762475094E-0003
 6.19299999999999999979E-0011  0.00000000000000000000E+0000 -1.12921538447155763775E-0002  1.86392912924843624093E-0003 -1.12921538447155763775E-0002  1.04999999999999999996E+0000  1.49265692162008737286E+0000  1.56956109184495958670E+0000  1.44383507410876320818E+0000  0.00000000000000000000E+0000  2.34433159148802059510E+0002  0.00000000000000000000E+0000  1.83714786107725301199E-0038  2.14673170221851484927E-0001  2.21641374583397269593E-0032  0.00000000000000000000E+0000  2.19823699457913136535E+0002  0.00000000000000000000E+0000  0.00000000000000000000E+0000  2.19825857710611015441E+0002  0.00000000000000000000E+0000  0.00000000000000000000E+0000  0.00000000000000000000E+0000  0.00000000000000000000E+0000  0.00000000000000000000E+0000 -6.90529617515318299134E-0007 -3.08355571199116529671E+0000  0.00000000000000000000E+0000  0.00000000000000000000E+0000  0.00000000000000000000E+0000  3.81853170918108280986E-0003
 6.32599999999999999979E-0011  0.00000000000000000000E+0000 -1.15389876478057765228E-0002  1.90654093348402144713E-0003 -1.15389876478057765228E-0002  1.04999999999999999996E+0000  1.49265695181298026803E+0000  1.56956110857933970888E+0000  1.44383507765869669793E+0000  0.00000000000000000000E+0000  2.34433159148802059510E+0002  0.00000000000000000000E+0000  1.83715153854500755613E-0038  2.14673329863824470653E-0001  2.21641443287526519703E-0032  0.00000000000000000000E+0000  2.19823750042216108688E+0002  0.00000000000000000000E+0000  0.00000000000000000000E+0000  2.19825955247039307297E+0002  0.00000000000000000000E+0000  0.00000000000000000000E+0000  0.00000000000000000000E+0000  0.00000000000000000000E+0000  0.00000000000000000000E+0000 -7.08002658415944405172E-0007 -3.08372688481980454359E+0000  0.00000000000000000000E+0000  0.00000000000000000000E+0000  0.00000000000000000000E+0000  3.89411788273905079159E-0003
 6.46299999999999999978E-0011  0.00000000000000000000E+0000 -1.17895026659056013499E-0002  1.94972025560213830396E-0003 -1.17895026659056013499E-0002  1.04999999999999999996E+0000  1.49265698334314054151E+0000  1.56956112581598033714E+0000  1.44383508136902267906E+0000  0.00000000000000000000E+0000  2.34433159148802059510E+0002  0.00000000000000000000E+0000  1.83715535886925628707E-0038  2.14673494287122576768E-0001  2.21641514461082205873E-0032  0.00000000000000000000E+0000  2.19823802150533244806E+0002  0.00000000000000000000E+0000  0.00000000000000000000E+0000  2.19826055706513604326E+0002  0.00000000000000000000E+0000  0.00000000000000000000E+0000  0.00000000000000000000E+0000  0.00000000000000000000E+0000  0.00000000000000000000E+0000 -7.26187568444884669450E-0007 -3.08389956997742068650E+0000  0.00000000000000000000E+0000  0.00000000000000000000E+0000  0.00000000000000000000E+0000  3.97084430861182936938E-0003
 6.60200000000000000009E-0011  0.00000000000000000000E+0000 -1.20437419338098136917E-0002  1.99336494622627973590E-0003 -1.20437419338098136917E-0002  1.04999999999999999996E+0000  1.49265701577657467804E+0000  1.56956114330318329323E+0000  1.44383508518886267838E+0000  0.00000000000000000000E+0000  2.34433159148802059510E+0002  0.00000000000000000000E+0000  1.83715926876748980757E-0038  2.14673661089432687055E-0001  2.21641587096871302629E-0032  0.00000000000000000000E+0000  2.19823855022918846422E+0002  0.00000000000000000000E+0000  0.00000000000000000000E+0000  2.19826157621272999451E+0002  0.00000000000000000000E+0000  0.00000000000000000000E+0000  0.00000000000000000000E+0000  0.00000000000000000000E+0000  0.00000000000000000000E+0000 -7.43981230894069552756E-0007 -3.08407507028539266524E+0000  0.00000000000000000000E+0000  0.00000000000000000000E+0000  0.00000000000000000000E+0000  4.04909465468694568330E-0003
 6.74400000000000000024E-0011  0.00000000000000000000E+0000 -1.23018345502533617093E-0002  2.03771240014842015375E-0003 -1.23018345502533617093E-0002  1.04999999999999999996E+0000  1.49265704937051137808E+0000  1.56956116116669306792E+0000  1.44383508914867689590E+0000  0.00000000000000000000E+0000  2.34433159148802059510E+0002  0.00000000000000000000E+0000  1.83716329666830063259E-0038  2.14673831470143303672E-0001  2.21641661721874730932E-0032  0.00000000000000000000E+0000  2.19823909039567218643E+0002  0.00000000000000000000E+0000  0.00000000000000000000E+0000  2.19826261724266604644E+0002  0.00000000000000000000E+0000  0.00000000000000000000E+0000  0.00000000000000000000E+0000  0.00000000000000000000E+0000  0.00000000000000000000E+0000 -7.61921177262651179160E-0007 -3.08425274186327822725E+0000  0.00000000000000000000E+0000  0.00000000000000000000E+0000  0.00000000000000000000E+0000  4.12862064809530499717E-0003
 6.88900000000000000023E-0011  0.00000000000000000000E+0000 -1.25637198506197001933E-0002  2.08250749747874029175E-0003 -1.25637198506197001933E-0002  1.04999999999999999996E+0000  1.49265708415281887224E+0000  1.56956117940643724996E+0000  1.44383509325193336032E+0000  0.00000000000000000000E+0000  2.34433159148802059510E+0002  0.00000000000000000000E+0000  1.83716744405775142745E-0038  2.14674005427836064785E-0001  2.21641738355217204285E-0032  0.00000000000000000000E+0000  2.19823964200794206306E+0002  0.00000000000000000000E+0000  0.00000000000000000000E+0000  2.19826368014702764234E+0002  0.00000000000000000000E+0000  0.00000000000000000000E+0000  0.00000000000000000000E+0000  0.00000000000000000000E+0000  0.00000000000000000000E+0000 -7.80025048889529602065E-0007 -3.08443259230042921546E+0000  0.00000000000000000000E+0000  0.00000000000000000000E+0000  0.00000000000000000000E+0000  4.20958905055024823348E-0003
 7.03700000000000000005E-0011  0.00000000000000000000E+0000 -1.28295116335453813493E-0002  2.12786008560445109163E-0003 -1.28295116335453813493E-0002  1.04999999999999999996E+0000  1.49265712015215146061E+0000  1.56956119802234144215E+0000  1.44383509750218953511E+0000  0.00000000000000000000E+0000  2.34433159148802059510E+0002  0.00000000000000000000E+0000  1.83717171217414102794E-0038  2.14674182961215469443E-0001  2.21641817012776281128E-0032  0.00000000000000000000E+0000  2.19824020506802792083E+0002  0.00000000000000000000E+0000  0.00000000000000000000E+0000  2.19826476491884382103E+0002  0.00000000000000000000E+0000  0.00000000000000000000E+0000  0.00000000000000000000E+0000  0.00000000000000000000E+0000  0.00000000000000000000E+0000 -7.98277123448600577909E-0007 -3.08461466110357953999E+0000  0.00000000000000000000E+0000  0.00000000000000000000E+0000  0.00000000000000000000E+0000  4.29199706154110144902E-0003
 7.18799999999999999972E-0011  0.00000000000000000000E+0000 -1.30992783300014722884E-0002  2.17380520319000441642E-0003 -1.30992783300014722884E-0002  1.04999999999999999996E+0000  1.49265715739794582392E+0000  1.56956121701432926906E+0000  1.44383510190309118039E+0000  0.00000000000000000000E+0000  2.34433159148802059510E+0002  0.00000000000000000000E+0000  1.83717610224153885680E-0038  2.14674364068959487256E-0001  2.21641897710067741778E-0032  0.00000000000000000000E+0000  2.19824077957800788727E+0002  0.00000000000000000000E+0000  0.00000000000000000000E+0000  2.19826587155099093362E+0002  0.00000000000000000000E+0000  0.00000000000000000000E+0000  0.00000000000000000000E+0000  0.00000000000000000000E+0000  0.00000000000000000000E+0000 -8.16663072934239053459E-0007 -3.08479897632985524151E+0000  0.00000000000000000000E+0000  0.00000000000000000000E+0000  0.00000000000000000000E+0000  4.37586958671355245532E-0003
 7.34099999999999999969E-0011  0.00000000000000000000E+0000 -1.33731111430561085763E-0002  2.22050464018118309960E-0003 -1.33731111430561085763E-0002  1.04999999999999999996E+0000  1.49265719566990268834E+0000  1.56956123625655713462E+0000  1.44383510642874674293E+0000  0.00000000000000000000E+0000  2.34433159148802059510E+0002  0.00000000000000000000E+0000  1.83718058639181554771E-0038  2.14674547550333545039E-0001  2.21641979927740730148E-0032  0.00000000000000000000E+0000  2.19824136173631643890E+0002  0.00000000000000000000E+0000  0.00000000000000000000E+0000  2.19826699270718676993E+0002  0.00000000000000000000E+0000  0.00000000000000000000E+0000  0.00000000000000000000E+0000  0.00000000000000000000E+0000  0.00000000000000000000E+0000 -8.34603567013659508365E-0007 -3.08498614164145825594E+0000  0.00000000000000000000E+0000  0.00000000000000000000E+0000  0.00000000000000000000E+0000  4.46123313304307805704E-0003
 7.49800000000000000030E-0011  0.00000000000000000000E+0000 -1.36508609021903585105E-0002  2.26758031379088948638E-0003 -1.36508609021903585105E-0002  1.04999999999999999996E+0000  1.49265723549930239499E+0000  1.56956125600047710752E+0000  1.44383511114213515026E+0000  0.00000000000000000000E+0000  2.34433159148802059510E+0002  0.00000000000000000000E+0000  1.83718522370914665610E-0038  2.14674735802933497718E-0001  2.21642064746138202109E-0032  0.00000000000000000000E+0000  2.19824195915108513089E+0002  0.00000000000000000000E+0000  0.00000000000000000000E+0000  2.19826814303943638654E+0002  0.00000000000000000000E+0000  0.00000000000000000000E+0000  0.00000000000000000000E+0000  0.00000000000000000000E+0000  0.00000000000000000000E+0000 -8.53238673287793095535E-0007 -3.08517484452414391793E+0000  0.00000000000000000000E+0000  0.00000000000000000000E+0000  0.00000000000000000000E+0000  4.54798943579190254070E-0003
 7.65800000000000000011E-0011  0.00000000000000000000E+0000 -1.39326011791833450384E-0002  2.31503532465234576544E-0003 -1.39326011791833450384E-0002  1.04999999999999999996E+0000  1.49265727666774631298E+0000  1.56956127612024074662E+0000  1.44383511601758235843E+0000  0.00000000000000000000E+0000  2.34433159148802059510E+0002  0.00000000000000000000E+0000  1.83718998676252169945E-0038  2.14674927625629815932E-0001  2.21642151650870923556E-0032  0.00000000000000000000E+0000  2.19824256802358058469E+0002  0.00000000000000000000E+0000  0.00000000000000000000E+0000  2.19826931520861112185E+0002  0.00000000000000000000E+0000  0.00000000000000000000E+0000  0.00000000000000000000E+0000  0.00000000000000000000E+0000  0.00000000000000000000E+0000 -8.72001647232481166588E-0007 -3.08536579201801988031E+0000  0.00000000000000000000E+0000  0.00000000000000000000E+0000  0.00000000000000000000E+0000  4.63638234000217748648E-0003
 7.82099999999999999976E-0011  0.00000000000000000000E+0000 -1.42185143451546117953E-0002  2.36321032942519062693E-0003 -1.42185143451546117953E-0002  1.04999999999999999996E+0000  1.49265731920770902447E+0000  1.56956129661576390785E+0000  1.44383512105907662790E+0000  0.00000000000000000000E+0000  2.34433159148802059510E+0002  0.00000000000000000000E+0000  1.83719487648120906988E-0038  2.14675123017164070258E-0001  2.21642240652812884856E-0032  0.00000000000000000000E+0000  2.19824318835473691780E+0002  0.00000000000000000000E+0000  0.00000000000000000000E+0000  2.19827050920822513178E+0002  0.00000000000000000000E+0000  0.00000000000000000000E+0000  0.00000000000000000000E+0000  0.00000000000000000000E+0000  0.00000000000000000000E+0000 -8.90848379906625846676E-0007 -3.08555901795923086185E+0000  0.00000000000000000000E+0000  0.00000000000000000000E+0000  0.00000000000000000000E+0000  4.72628819637929143159E-0003
 7.98800000000000000003E-0011  0.00000000000000000000E+0000 -1.45085385321163885459E-0002  2.41186011480050020397E-0003 -1.45085385321163885459E-0002  1.04999999999999999996E+0000  1.49265736341749154768E+0000  1.56956131761268966106E+0000  1.44383512630213088537E+0000  0.00000000000000000000E+0000  2.34433159148802059510E+0002  0.00000000000000000000E+0000  1.83719992400276212131E-0038  2.14675323174808935944E-0001  2.21642332311214982272E-0032  0.00000000000000000000E+0000  2.19824382395147744973E+0002  0.00000000000000000000E+0000  0.00000000000000000000E+0000  2.19827173235592906869E+0002  0.00000000000000000000E+0000  0.00000000000000000000E+0000  0.00000000000000000000E+0000  0.00000000000000000000E+0000  0.00000000000000000000E+0000 -9.10336159654320771065E-0007 -3.08575391415625390422E+0000  0.00000000000000000000E+0000  0.00000000000000000000E+0000  0.00000000000000000000E+0000  4.81774776751641245475E-0003
 8.15800000000000000015E-0011  0.00000000000000000000E+0000 -1.48028188257398067241E-0002  2.46114357777398441783E-0003 -1.48028188257398067241E-0002  1.04999999999999999996E+0000  1.49265740907042180079E+0000  1.56956133898518956221E+0000  1.44383513172002020278E+0000  0.00000000000000000000E+0000  2.34433159148802059510E+0002  0.00000000000000000000E+0000  1.83720510092329782134E-0038  2.14675526897995381864E-0001  2.21642426098665010967E-0032  0.00000000000000000000E+0000  2.19824447101333541335E+0002  0.00000000000000000000E+0000  0.00000000000000000000E+0000  2.19827297731581114706E+0002  0.00000000000000000000E+0000  0.00000000000000000000E+0000  0.00000000000000000000E+0000  0.00000000000000000000E+0000  0.00000000000000000000E+0000 -9.29871571621991518035E-0007 -3.08595119023377669224E+0000  0.00000000000000000000E+0000  0.00000000000000000000E+0000  0.00000000000000000000E+0000  4.91089821663083249898E-0003
 8.33100000000000000010E-0011  0.00000000000000000000E+0000 -1.51014588944346598868E-0002  2.51121445737193879875E-0003 -1.51014588944346598868E-0002  1.04999999999999999996E+0000  1.49265745620143936052E+0000  1.56956136073317277849E+0000  1.44383513731702482069E+0000  0.00000000000000000000E+0000  2.34433159148802059510E+0002  0.00000000000000000000E+0000  1.83721040812633479958E-0038  2.14675734185385177425E-0001  2.21642522024681201676E-0032  0.00000000000000000000E+0000  2.19824512954132239531E+0002  0.00000000000000000000E+0000  0.00000000000000000000E+0000  2.19827424408094170602E+0002  0.00000000000000000000E+0000  0.00000000000000000000E+0000  0.00000000000000000000E+0000  0.00000000000000000000E+0000  0.00000000000000000000E+0000 -9.49417776302090273932E-0007 -3.08615084221688814898E+0000  0.00000000000000000000E+0000  0.00000000000000000000E+0000  0.00000000000000000000E+0000  5.00564070988726408447E-0003
 8.50699999999999999990E-0011  0.00000000000000000000E+0000 -1.54043925222352509610E-0002  2.56188116183802964438E-0003 -1.54043925222352509610E-0002  1.04999999999999999996E+0000  1.49265750484607695990E+0000  1.56956138285654671436E+0000  1.44383514309749866854E+0000  0.00000000000000000000E+0000  2.34433159148802059510E+0002  0.00000000000000000000E+0000  1.83721584669271735668E-0038  2.14675945035447279121E-0001  2.21642620100995291932E-0032  0.00000000000000000000E+0000  2.19824579953791118106E+0002  0.00000000000000000000E+0000  0.00000000000000000000E+0000  2.19827553264297097510E+0002  0.00000000000000000000E+0000  0.00000000000000000000E+0000  0.00000000000000000000E+0000  0.00000000000000000000E+0000  0.00000000000000000000E+0000 -9.68972653969760886960E-0007 -3.08635281857512539633E+0000  0.00000000000000000000E+0000  0.00000000000000000000E+0000  0.00000000000000000000E+0000  5.10201632928312492648E-0003
 8.68700000000000000031E-0011  0.00000000000000000000E+0000 -1.57115393981156413490E-0002  2.61288084060407532662E-0003 -1.57115393981156413490E-0002  1.04999999999999999996E+0000  1.49265755532124504200E+0000  1.56956140548090685111E+0000  1.44383514909926083413E+0000  0.00000000000000000000E+0000  2.34433159148802059510E+0002  0.00000000000000000000E+0000  1.83722144857924516843E-0038  2.14676160644640175388E-0001  2.21642720896049005841E-0032  0.00000000000000000000E+0000  2.19824648481121429064E+0002  0.00000000000000000000E+0000  0.00000000000000000000E+0000  2.19827685031518421238E+0002  0.00000000000000000000E+0000  0.00000000000000000000E+0000  0.00000000000000000000E+0000  0.00000000000000000000E+0000  0.00000000000000000000E+0000 -9.89099784381215160253E-0007 -3.08655646908878349968E+0000  0.00000000000000000000E+0000  0.00000000000000000000E+0000  0.00000000000000000000E+0000  5.20002538251965389098E-0003
 8.87100000000000000010E-0011  0.00000000000000000000E+0000 -1.60229604513180696030E-0002  2.66422415108666347230E-0003 -1.60229604513180696030E-0002  1.04999999999999999996E+0000  1.49265760767254556610E+0000  1.56956142860613440723E+0000  1.44383515532792301684E+0000  0.00000000000000000000E+0000  2.34433159148802059510E+0002  0.00000000000000000000E+0000  1.83722721550129053159E-0038  2.14676381010804993765E-0001  2.21642824428925703329E-0032  0.00000000000000000000E+0000  2.19824718536598027921E+0002  0.00000000000000000000E+0000  0.00000000000000000000E+0000  2.19827819708542097105E+0002  0.00000000000000000000E+0000  0.00000000000000000000E+0000  0.00000000000000000000E+0000  0.00000000000000000000E+0000  0.00000000000000000000E+0000 -1.00977750653204326594E-0006 -3.08676187324562906157E+0000  0.00000000000000000000E+0000  0.00000000000000000000E+0000  0.00000000000000000000E+0000  5.29978940403497076303E-0003
 9.05899999999999999987E-0011  0.00000000000000000000E+0000 -1.63388273278520511422E-0002  2.71616254354550554435E-0003 -1.63388273278520511422E-0002  1.04999999999999999996E+0000  1.49265766194664158671E+0000  1.56956145223210726013E+0000  1.44383516178923814431E+0000  0.00000000000000000000E+0000  2.34433159148802059510E+0002  0.00000000000000000000E+0000  1.83723314893506450397E-0038  2.14676606131917611277E-0001  2.21642930715541735770E-0032  0.00000000000000000000E+0000  2.19824790120553264061E+0002  0.00000000000000000000E+0000  0.00000000000000000000E+0000  2.19827957294262130925E+0002  0.00000000000000000000E+0000  0.00000000000000000000E+0000  0.00000000000000000000E+0000  0.00000000000000000000E+0000  0.00000000000000000000E+0000 -1.03095477467315741836E-0006 -3.08696913290769285533E+0000  0.00000000000000000000E+0000  0.00000000000000000000E+0000  0.00000000000000000000E+0000  5.40131395647281971965E-0003
 9.25000000000000000012E-0011  0.00000000000000000000E+0000 -1.66592983901237177864E-0002  2.76896310129096383398E-0003 -1.66592983901237177864E-0002  1.04999999999999999996E+0000  1.49265771789782275244E+0000  1.56956147623304178532E+0000  1.44383516845414754180E+0000  0.00000000000000000000E+0000  2.34433159148802059510E+0002  0.00000000000000000000E+0000  1.83723921876904054217E-0038  2.14676834808459848859E-0001  2.21643039205952385937E-0032  0.00000000000000000000E+0000  2.19824862852689227793E+0002  0.00000000000000000000E+0000  0.00000000000000000000E+0000  2.19828097055667348272E+0002  0.00000000000000000000E+0000  0.00000000000000000000E+0000  0.00000000000000000000E+0000  0.00000000000000000000E+0000  0.00000000000000000000E+0000 -1.05201988287247405965E-0006 -3.08717892954312102217E+0000  0.00000000000000000000E+0000  0.00000000000000000000E+0000  0.00000000000000000000E+0000  5.50464419429926249915E-0003
 9.44499999999999999973E-0011  0.00000000000000000000E+0000 -1.69843254429111030453E-0002  2.82242742365105378241E-0003 -1.69843254429111030453E-0002  1.04999999999999999996E+0000  1.49265777586283887590E+0000  1.56956150073448071362E+0000  1.44383517536297806066E+0000  0.00000000000000000000E+0000  2.34433159148802059510E+0002  0.00000000000000000000E+0000  1.83724545753400761040E-0038  2.14677068236192796670E-0001  2.21643150474943085910E-0032  0.00000000000000000000E+0000  2.19824937113787712784E+0002  0.00000000000000000000E+0000  0.00000000000000000000E+0000  2.19828239723752475399E+0002  0.00000000000000000000E+0000  0.00000000000000000000E+0000  0.00000000000000000000E+0000  0.00000000000000000000E+0000  0.00000000000000000000E+0000 -1.07351559729014822065E-0006 -3.08739059451219173612E+0000  0.00000000000000000000E+0000  0.00000000000000000000E+0000  0.00000000000000000000E+0000  5.60968674417567638127E-0003
 9.64399999999999999997E-0011  0.00000000000000000000E+0000 -1.73138624519013242387E-0002  2.87631322249567764486E-0003 -1.73138624519013242387E-0002  1.04999999999999999996E+0000  1.49265783589058278070E+0000  1.56956152573629346611E+0000  1.44383518252181462988E+0000  0.00000000000000000000E+0000  2.34433159148802059510E+0002  0.00000000000000000000E+0000  1.83725186682331183405E-0038  2.14677306412793427552E-0001  2.21643264539385591025E-0032  0.00000000000000000000E+0000  2.19825012904365874239E+0002  0.00000000000000000000E+0000  0.00000000000000000000E+0000  2.19828385297200521439E+0002  0.00000000000000000000E+0000  0.00000000000000000000E+0000  0.00000000000000000000E+0000  0.00000000000000000000E+0000  0.00000000000000000000E+0000 -1.09543271958232154720E-0006 -3.08760415111251500827E+0000  0.00000000000000000000E+0000  0.00000000000000000000E+0000  0.00000000000000000000E+0000  5.71659253473581683945E-0003
 9.84700000000000000021E-0011  0.00000000000000000000E+0000 -1.76480157502930258744E-0002  2.93072829331324843820E-0003 -1.76480157502930258744E-0002  1.04999999999999999996E+0000  1.49265789803068442626E+0000  1.56956155123834627675E+0000  1.44383518993686194107E+0000  0.00000000000000000000E+0000  2.34433159148802059510E+0002  0.00000000000000000000E+0000  1.83725844798436805874E-0038  2.14677549336087881561E-0001  2.21643381413048654484E-0032  0.00000000000000000000E+0000  2.19825090224785268195E+0002  0.00000000000000000000E+0000  0.00000000000000000000E+0000  2.19828533774815940427E+0002  0.00000000000000000000E+0000  0.00000000000000000000E+0000  0.00000000000000000000E+0000  0.00000000000000000000E+0000  0.00000000000000000000E+0000 -1.11773171519192352300E-0006 -3.08781965045569641026E+0000  0.00000000000000000000E+0000  0.00000000000000000000E+0000  0.00000000000000000000E+0000  5.82536181268710557512E-0003
 1.00499999999999999998E-0010  0.00000000000000000000E+0000 -1.79870292946757699237E-0002  2.98638927588123001928E-0003 -1.79870292946757699237E-0002  1.04999999999999999996E+0000  1.49265796108916143044E+0000  1.56956157673804989677E+0000  1.44383519746586043160E+0000  0.00000000000000000000E+0000  2.34433159148802059510E+0002  0.00000000000000000000E+0000  1.83726507263920755962E-0038  2.14677792217206180899E-0001  2.21643498806165380055E-0032  0.00000000000000000000E+0000  2.19825167552415001990E+0002  0.00000000000000000000E+0000  0.00000000000000000000E+0000  2.19828682229534418863E+0002  0.00000000000000000000E+0000  0.00000000000000000000E+0000  0.00000000000000000000E+0000  0.00000000000000000000E+0000  0.00000000000000000000E+0000 -1.13811741528355299996E-0006 -3.08803954296704755416E+0000  0.00000000000000000000E+0000  0.00000000000000000000E+0000  0.00000000000000000000E+0000  5.93606501720148220203E-0003
 1.02599999999999999999E-0010  0.00000000000000000000E+0000 -1.83302840064563940669E-0002  3.04192964852028379354E-0003 -1.83302840064563940669E-0002  1.04999999999999999996E+0000  1.49265802728613240194E+0000  1.56956160311457733282E+0000  1.44383520537422322468E+0000  0.00000000000000000000E+0000  2.34433159148802059510E+0002  0.00000000000000000000E+0000  1.83727196787492701959E-0038  2.14678043431719212445E-0001  2.21643620748209797348E-0032  0.00000000000000000000E+0000  2.19825247552082208999E+0002  0.00000000000000000000E+0000  0.00000000000000000000E+0000  2.19828835781178411626E+0002  0.00000000000000000000E+0000  0.00000000000000000000E+0000  0.00000000000000000000E+0000  0.00000000000000000000E+0000  0.00000000000000000000E+0000 -1.16059034075046769966E-0006 -3.08825910520923711789E+0000  0.00000000000000000000E+0000  0.00000000000000000000E+0000  0.00000000000000000000E+0000  6.04814211521171938213E-0003
 1.04800000000000000002E-0010  0.00000000000000000000E+0000 -1.86774400152180843873E-0002  3.09622386433769815450E-0003 -1.86774400152180843873E-0002  1.04999999999999999996E+0000  1.49265809766234669312E+0000  1.56956163074447910147E+0000  1.44383521378691566806E+0000  0.00000000000000000000E+0000  2.34433159148802059510E+0002  0.00000000000000000000E+0000  1.83727923614127984051E-0038  2.14678306563400022236E-0001  2.21643749025646679395E-0032  0.00000000000000000000E+0000  2.19825331368062635559E+0002  0.00000000000000000000E+0000  0.00000000000000000000E+0000  2.19828996620411613400E+0002  0.00000000000000000000E+0000  0.00000000000000000000E+0000  0.00000000000000000000E+0000  0.00000000000000000000E+0000  0.00000000000000000000E+0000 -1.18687047032928876277E-0006 -3.08847681341108303748E+0000  0.00000000000000000000E+0000  0.00000000000000000000E+0000  0.00000000000000000000E+0000  6.16243497720990356914E-0003
 1.07000000000000000000E-0010  0.00000000000000000000E+0000 -1.90300772559452176575E-0002  3.15242070210500165537E-0003 -1.90300772559452176575E-0002  1.04999999999999999996E+0000  1.49265816908040409728E+0000  1.56956165837167884727E+0000  1.44383522232938483446E+0000  0.00000000000000000000E+0000  2.34433159148802059510E+0002  0.00000000000000000000E+0000  1.83728655137320677198E-0038  2.14678569646084625751E-0001  2.21643877856104728686E-0032  0.00000000000000000000E+0000  2.19825415193379867906E+0002  0.00000000000000000000E+0000  0.00000000000000000000E+0000  2.19829157432650386675E+0002  0.00000000000000000000E+0000  0.00000000000000000000E+0000  0.00000000000000000000E+0000  0.00000000000000000000E+0000  0.00000000000000000000E+0000 -1.21105973172694053060E-0006 -3.08869963916582416564E+0000  0.00000000000000000000E+0000  0.00000000000000000000E+0000  0.00000000000000000000E+0000  6.27933770884212721556E-0003
 1.09199999999999999997E-0010  0.00000000000000000000E+0000 -1.93885068077219660543E-0002  3.21146098200416674841E-0003 -1.93885068077219660543E-0002  1.04999999999999999996E+0000  1.49265824155256420479E+0000  1.56956168599613049249E+0000  1.44383523100338425455E+0000  0.00000000000000000000E+0000  2.34433159148802059510E+0002  0.00000000000000000000E+0000  1.83729391102784071934E-0038  2.14678832681256158099E-0001  2.21644007207097701494E-0032  0.00000000000000000000E+0000  2.19825499026278299908E+0002  0.00000000000000000000E+0000  0.00000000000000000000E+0000  2.19829318219171639046E+0002  0.00000000000000000000E+0000  0.00000000000000000000E+0000  0.00000000000000000000E+0000  0.00000000000000000000E+0000  0.00000000000000000000E+0000 -1.23303708620847114334E-0006 -3.08892724084132406538E+0000  0.00000000000000000000E+0000  0.00000000000000000000E+0000  0.00000000000000000000E+0000  6.39775245063439627194E-0003
 1.11499999999999999998E-0010  0.00000000000000000000E+0000 -1.97511408151039905549E-0002  3.26951765830952129572E-0003 -1.97511408151039905549E-0002  1.04999999999999999996E+0000  1.49265831843540388039E+0000  1.56956171487330943927E+0000  1.44383524021129285508E+0000  0.00000000000000000000E+0000  2.34433159148802059510E+0002  0.00000000000000000000E+0000  1.83730164899819285605E-0038  2.14679107624564960593E-0001  2.21644142948338331393E-0032  0.00000000000000000000E+0000  2.19825586675847306217E+0002  0.00000000000000000000E+0000  0.00000000000000000000E+0000  2.19829486288680000836E+0002  0.00000000000000000000E+0000  0.00000000000000000000E+0000  0.00000000000000000000E+0000  0.00000000000000000000E+0000  0.00000000000000000000E+0000 -1.25864330697450821545E-0006 -3.08915283103600931411E+0000  0.00000000000000000000E+0000  0.00000000000000000000E+0000  0.00000000000000000000E+0000  6.51772020806992306931E-0003
 1.13799999999999999998E-0010  0.00000000000000000000E+0000 -2.01185146952049204903E-0002  3.32770560419421829166E-0003 -2.01185146952049204903E-0002  1.04999999999999999996E+0000  1.49265839644696757238E+0000  1.56956174374750762036E+0000  1.44383524956069797648E+0000  0.00000000000000000000E+0000  2.34433159148802059510E+0002  0.00000000000000000000E+0000  1.83730943424992558566E-0038  2.14679382514621036964E-0001  2.21644279238618980766E-0032  0.00000000000000000000E+0000  2.19825674335591132902E+0002  0.00000000000000000000E+0000  0.00000000000000000000E+0000  2.19829654328753312839E+0002  0.00000000000000000000E+0000  0.00000000000000000000E+0000  0.00000000000000000000E+0000  0.00000000000000000000E+0000  0.00000000000000000000E+0000 -1.28221478706343345539E-0006 -3.08938310753449088802E+0000  0.00000000000000000000E+0000  0.00000000000000000000E+0000  0.00000000000000000000E+0000  6.64054878828406651433E-0003
 1.16200000000000000002E-0010  0.00000000000000000000E+0000 -2.04907517126103851912E-0002  3.38610115134584865615E-0003 -2.04907517126103851912E-0002  1.04999999999999999996E+0000  1.49265847904211169397E+0000  1.56956177387393364467E+0000  1.44383525946644271213E+0000  0.00000000000000000000E+0000  2.34433159148802059510E+0002  0.00000000000000000000E+0000  1.83731760263773272842E-0038  2.14679669304780687677E-0001  2.21644421970371084778E-0032  0.00000000000000000000E+0000  2.19825765813289820211E+0002  0.00000000000000000000E+0000  0.00000000000000000000E+0000  2.19829829647401816695E+0002  0.00000000000000000000E+0000  0.00000000000000000000E+0000  0.00000000000000000000E+0000  0.00000000000000000000E+0000  0.00000000000000000000E+0000 -1.30926663225790369863E-0006 -3.08961165190128714785E+0000  0.00000000000000000000E+0000  0.00000000000000000000E+0000  0.00000000000000000000E+0000  6.76471638115361903823E-0003
 1.18699999999999999996E-0010  0.00000000000000000000E+0000 -2.08675673349579040134E-0002  3.44367039316739394392E-0003 -2.08675673349579040134E-0002  1.04999999999999999996E+0000  1.49265856633628965326E+0000  1.56956180525225072085E+0000  1.44383526994357403817E+0000  0.00000000000000000000E+0000  2.34433159148802059510E+0002  0.00000000000000000000E+0000  1.83732615940862289849E-0038  2.14679967987376157926E-0001  2.21644571201590741361E-0032  0.00000000000000000000E+0000  2.19825861111894758443E+0002  0.00000000000000000000E+0000  0.00000000000000000000E+0000  2.19830012239859330425E+0002  0.00000000000000000000E+0000  0.00000000000000000000E+0000  0.00000000000000000000E+0000  0.00000000000000000000E+0000  0.00000000000000000000E+0000 -1.33978849227556666493E-0006 -3.08983900815951591408E+0000  0.00000000000000000000E+0000  0.00000000000000000000E+0000  0.00000000000000000000E+0000  6.89164274158616813706E-0003
 1.21100000000000000005E-0010  0.00000000000000000000E+0000 -2.12512403176184783121E-0002  3.50559691529015490765E-0003 -2.12512403176184783121E-0002  1.04999999999999999996E+0000  1.49265865135487555695E+0000  1.56956183537214436158E+0000  1.44383528015549709013E+0000  0.00000000000000000000E+0000  2.34433159148802059510E+0002  0.00000000000000000000E+0000  1.83733442319631264441E-0038  2.14680254662256202004E-0001  2.21644715027559529876E-0032  0.00000000000000000000E+0000  2.19825952611760892394E+0002  0.00000000000000000000E+0000  0.00000000000000000000E+0000  2.19830187494572870374E+0002  0.00000000000000000000E+0000  0.00000000000000000000E+0000  0.00000000000000000000E+0000  0.00000000000000000000E+0000  0.00000000000000000000E+0000 -1.36218938910791440730E-0006 -3.09007828991442400676E+0000  0.00000000000000000000E+0000  0.00000000000000000000E+0000  0.00000000000000000000E+0000  7.02159138979682146900E-0003
 1.23600000000000000006E-0010  0.00000000000000000000E+0000 -2.16402374282550552902E-0002  3.56840933798415530485E-0003 -2.16402374282550552902E-0002  1.04999999999999999996E+0000  1.49265874119180460536E+0000  1.56956186674354615214E+0000  1.44383529095498231018E+0000  0.00000000000000000000E+0000  2.34433159148802059510E+0002  0.00000000000000000000E+0000  1.83734307401010021691E-0038  2.14680553228144394297E-0001  2.21644865332222334830E-0032  0.00000000000000000000E+0000  2.19826047929251482141E+0002  0.00000000000000000000E+0000  0.00000000000000000000E+0000  2.19830370023416255681E+0002  0.00000000000000000000E+0000  0.00000000000000000000E+0000  0.00000000000000000000E+0000  0.00000000000000000000E+0000  0.00000000000000000000E+0000 -1.38786348712840035508E-0006 -3.09031559557289880330E+0000  0.00000000000000000000E+0000  0.00000000000000000000E+0000  0.00000000000000000000E+0000  7.15181069797092943013E-0003
 1.26199999999999999996E-0010  0.00000000000000000000E+0000 -2.20327175307354380766E-0002  3.62794472674458366737E-0003 -2.20327175307354380766E-0002  1.04999999999999999996E+0000  1.49265883595991608176E+0000  1.56956189936610646205E+0000  1.44383530235709764194E+0000  0.00000000000000000000E+0000  2.34433159148802059510E+0002  0.00000000000000000000E+0000  1.83735211852568899264E-0038  2.14680863674820605509E-0001  2.21645022188885155140E-0032  0.00000000000000000000E+0000  2.19826147069604037637E+0002  0.00000000000000000000E+0000  0.00000000000000000000E+0000  2.19830559819596416754E+0002  0.00000000000000000000E+0000  0.00000000000000000000E+0000  0.00000000000000000000E+0000  0.00000000000000000000E+0000  0.00000000000000000000E+0000 -1.41712283797959542453E-0006 -3.09055106271482412034E+0000  0.00000000000000000000E+0000  0.00000000000000000000E+0000  0.00000000000000000000E+0000  7.28507966000183132214E-0003
 1.28799999999999999999E-0010  0.00000000000000000000E+0000 -2.24308442812992260975E-0002  3.68896405273926835080E-0003 -2.24308442812992260975E-0002  1.04999999999999999996E+0000  1.49265893207371531741E+0000  1.56956193198490550440E+0000  1.44383531393161808581E+0000  0.00000000000000000000E+0000  2.34433159148802059510E+0002  0.00000000000000000000E+0000  1.83736121175096651079E-0038  2.14681174056261146122E-0001  2.21645179594032161791E-0032  0.00000000000000000000E+0000  2.19826246222488405693E+0002  0.00000000000000000000E+0000  0.00000000000000000000E+0000  2.19830749579468244209E+0002  0.00000000000000000000E+0000  0.00000000000000000000E+0000  0.00000000000000000000E+0000  0.00000000000000000000E+0000  0.00000000000000000000E+0000 -1.44400714944098827568E-0006 -3.09079172390839213079E+0000  0.00000000000000000000E+0000  0.00000000000000000000E+0000  0.00000000000000000000E+0000  7.42116809073688582517E-0003
 1.31500000000000000006E-0010  0.00000000000000000000E+0000 -2.28344033946482834206E-0002  3.75093327201843340186E-0003 -2.28344033946482834206E-0002  1.04999999999999999996E+0000  1.49265903328967307058E+0000  1.56956196585429344937E+0000  1.44383532613227860068E+0000  0.00000000000000000000E+0000  2.34433159148802059510E+0002  0.00000000000000000000E+0000  1.83737070071564818065E-0038  2.14681496311883871557E-0001  2.21645343567985070930E-0032  0.00000000000000000000E+0000  2.19826349197524138573E+0002  0.00000000000000000000E+0000  0.00000000000000000000E+0000  2.19830946603580007367E+0002  0.00000000000000000000E+0000  0.00000000000000000000E+0000  0.00000000000000000000E+0000  0.00000000000000000000E+0000  0.00000000000000000000E+0000 -1.47405731567963197498E-0006 -3.09103102777162936396E+0000  0.00000000000000000000E+0000  0.00000000000000000000E+0000  0.00000000000000000000E+0000  7.55871263517612111645E-0003
 1.34300000000000000002E-0010  0.00000000000000000000E+0000 -2.32428923221481294267E-0002  3.81234044372435203879E-0003 -2.32428923221481294267E-0002  1.04999999999999999996E+0000  1.49265913972077184329E+0000  1.56956200097389023573E+0000  1.44383533897465044849E+0000  0.00000000000000000000E+0000  2.34433159148802059510E+0002  0.00000000000000000000E+0000  1.83738058987080804999E-0038  2.14681830433268402037E-0001  2.21645514157123545883E-0032  0.00000000000000000000E+0000  2.19826455998033188838E+0002  0.00000000000000000000E+0000  0.00000000000000000000E+0000  2.19831150886632972125E+0002  0.00000000000000000000E+0000  0.00000000000000000000E+0000  0.00000000000000000000E+0000  0.00000000000000000000E+0000  0.00000000000000000000E+0000 -1.50728790075288711967E-0006 -3.09126939182091199686E+0000  0.00000000000000000000E+0000  0.00000000000000000000E+0000  0.00000000000000000000E+0000  7.69918305365151517565E-0003
 1.36999999999999999996E-0010  0.00000000000000000000E+0000 -2.36584766834380187583E-0002  3.87807900005513522474E-0003 -2.36584766834380187583E-0002  1.04999999999999999996E+0000  1.49265924376694874925E+0000  1.56956203483509431024E+0000  1.44383535154259333422E+0000  0.00000000000000000000E+0000  2.34433159148802059510E+0002  0.00000000000000000000E+0000  1.83739017539120072055E-0038  2.14682152548488087285E-0001  2.21645679201185559089E-0032  0.00000000000000000000E+0000  2.19826559000213492101E+0002  0.00000000000000000000E+0000  0.00000000000000000000E+0000  2.19831347832323569985E+0002  0.00000000000000000000E+0000  0.00000000000000000000E+0000  0.00000000000000000000E+0000  0.00000000000000000000E+0000  0.00000000000000000000E+0000 -1.53214935009705983730E-0006 -3.09151992436622898475E+0000  0.00000000000000000000E+0000  0.00000000000000000000E+0000  0.00000000000000000000E+0000  7.84292165289222278178E-0003
 1.39899999999999999996E-0010  0.00000000000000000000E+0000 -2.40791308215729148814E-0002  3.94288433294715459436E-0003 -2.40791308215729148814E-0002  1.04999999999999999996E+0000  1.49265935704469253646E+0000  1.56956207120002096296E+0000  1.44383536524107938738E+0000  0.00000000000000000000E+0000  2.34433159148802059510E+0002  0.00000000000000000000E+0000  1.83740051412552210880E-0038  2.14682498458124775291E-0001  2.21645856944047552724E-0032  0.00000000000000000000E+0000  2.19826669637005359101E+0002  0.00000000000000000000E+0000  0.00000000000000000000E+0000  2.19831559332303137430E+0002  0.00000000000000000000E+0000  0.00000000000000000000E+0000  0.00000000000000000000E+0000  0.00000000000000000000E+0000  0.00000000000000000000E+0000 -1.56567649273135192128E-0006 -3.09176243847101701228E+0000  0.00000000000000000000E+0000  0.00000000000000000000E+0000  0.00000000000000000000E+0000  7.98680058251714303199E-0003
 1.42799999999999999995E-0010  0.00000000000000000000E+0000 -2.45045243141195809064E-0002  4.00616926462140385990E-0003 -2.45045243141195809064E-0002  1.04999999999999999996E+0000  1.49265947184851673621E+0000  1.56956210756035302275E+0000  1.44383537914057002516E+0000  0.00000000000000000000E+0000  2.34433159148802059510E+0002  0.00000000000000000000E+0000  1.83741090360979498923E-0038  2.14682844287347738803E-0001  2.21646035239322288037E-0032  0.00000000000000000000E+0000  2.19826780291276665705E+0002  0.00000000000000000000E+0000  0.00000000000000000000E+0000  2.19831770786602785223E+0002  0.00000000000000000000E+0000  0.00000000000000000000E+0000  0.00000000000000000000E+0000  0.00000000000000000000E+0000  0.00000000000000000000E+0000 -1.59673459088535338478E-0006 -3.09201049688912141841E+0000  0.00000000000000000000E+0000  0.00000000000000000000E+0000  0.00000000000000000000E+0000  8.13537707917761340605E-0003
 1.45699999999999999995E-0010  0.00000000000000000000E+0000 -2.49368574649298957541E-0002  4.07287456917730154915E-0003 -2.49368574649298957541E-0002  1.04999999999999999996E+0000  1.49265958817544863377E+0000  1.56956214391601933981E+0000  1.44383539324193234052E+0000  0.00000000000000000000E+0000  2.34433159148802059510E+0002  0.00000000000000000000E+0000  1.83742133947416422305E-0038  2.14683190040325686413E-0001  2.21646214035148094437E-0032  0.00000000000000000000E+0000  2.19826890958291364761E+0002  0.00000000000000000000E+0000  0.00000000000000000000E+0000  2.19831982198810248430E+0002  0.00000000000000000000E+0000  0.00000000000000000000E+0000  0.00000000000000000000E+0000  0.00000000000000000000E+0000  0.00000000000000000000E+0000 -1.62494161794179703845E-0006 -3.09226403462349034201E+0000  0.00000000000000000000E+0000  0.00000000000000000000E+0000  0.00000000000000000000E+0000  8.28565128608987598280E-0003
 1.48699999999999999998E-0010  0.00000000000000000000E+0000 -2.53741501954800322071E-0002  4.13875106991305560079E-0003 -2.53741501954800322071E-0002  1.04999999999999999996E+0000  1.49265971008453427913E+0000  1.56956218152042076882E+0000  1.44383540803921849353E+0000  0.00000000000000000000E+0000  2.34433159148802059510E+0002  0.00000000000000000000E+0000  1.83743218034884767765E-0038  2.14683547638830064073E-0001  2.21646399479382528611E-0032  0.00000000000000000000E+0000  2.19827005452180576486E+0002  0.00000000000000000000E+0000  0.00000000000000000000E+0000  2.19832200859237086962E+0002  0.00000000000000000000E+0000  0.00000000000000000000E+0000  0.00000000000000000000E+0000  0.00000000000000000000E+0000  0.00000000000000000000E+0000 -1.65617722538679367962E-0006 -3.09251601203964414030E+0000  0.00000000000000000000E+0000  0.00000000000000000000E+0000  0.00000000000000000000E+0000  8.43771021589803734512E-0003
 1.51800000000000000004E-0010  0.00000000000000000000E+0000 -2.58160266165648921901E-0002  4.20302069811610660141E-0003 -2.58160266165648921901E-0002  1.04999999999999999996E+0000  1.49265983767522879776E+0000  1.56956222037313711444E+0000  1.44383542354732046648E+0000  0.00000000000000000000E+0000  2.34433159148802059510E+0002  0.00000000000000000000E+0000  1.83744342971222569447E-0038  2.14683917073734442367E-0001  2.21646591604468202712E-0032  0.00000000000000000000E+0000  2.19827123776660811882E+0002  0.00000000000000000000E+0000  0.00000000000000000000E+0000  2.19832426762056912781E+0002  0.00000000000000000000E+0000  0.00000000000000000000E+0000  0.00000000000000000000E+0000  0.00000000000000000000E+0000  0.00000000000000000000E+0000 -1.69046479499890056534E-0006 -3.09276677871996286649E+0000  0.00000000000000000000E+0000  0.00000000000000000000E+0000  0.00000000000000000000E+0000  8.59280502993674851716E-0003
 1.55000000000000000000E-0010  0.00000000000000000000E+0000 -2.62636163850341735007E-0002  4.26786399581233868866E-0003 -2.62636163850341735007E-0002  1.04999999999999999996E+0000  1.49265997104566385759E+0000  1.56956226047373156461E+0000  1.44383543978120749355E+0000  0.00000000000000000000E+0000  2.34433159148802059510E+0002  0.00000000000000000000E+0000  1.83745508936748623108E-0038  2.14684298338292188732E-0001  2.21646790424146294938E-0032  0.00000000000000000000E+0000  2.19827245932954006974E+0002  0.00000000000000000000E+0000  0.00000000000000000000E+0000  2.19832659903443983690E+0002  0.00000000000000000000E+0000  0.00000000000000000000E+0000  0.00000000000000000000E+0000  0.00000000000000000000E+0000  0.00000000000000000000E+0000 -1.72752479132574096372E-0006 -3.09301701373904109520E+0000  0.00000000000000000000E+0000  0.00000000000000000000E+0000  0.00000000000000000000E+0000  8.75077762080002365940E-0003
 1.58199999999999999996E-0010  0.00000000000000000000E+0000 -2.67182083924522901357E-0002  4.33580289307755855245E-0003 -2.67182083924522901357E-0002  1.04999999999999999996E+0000  1.49266010607025306962E+0000  1.56956230056879774348E+0000  1.44383545624104983065E+0000  0.00000000000000000000E+0000  2.34433159148802059510E+0002  0.00000000000000000000E+0000  1.83746679662117845454E-0038  2.14684679511069113805E-0001  2.21646989737192980930E-0032  0.00000000000000000000E+0000  2.19827368107081301166E+0002  0.00000000000000000000E+0000  0.00000000000000000000E+0000  2.19832892993087627306E+0002  0.00000000000000000000E+0000  0.00000000000000000000E+0000  0.00000000000000000000E+0000  0.00000000000000000000E+0000  0.00000000000000000000E+0000 -1.76148335071888767748E-0006 -3.09327355793904428872E+0000  0.00000000000000000000E+0000  0.00000000000000000000E+0000  0.00000000000000000000E+0000  8.91199263019070912351E-0003
 1.61400000000000000005E-0010  0.00000000000000000000E+0000 -2.71798582134141838583E-0002  4.40682729443242877985E-0003 -2.71798582134141838583E-0002  1.04999999999999999996E+0000  1.49266024273413596465E+0000  1.56956234065825313327E+0000  1.44383547292662178243E+0000  0.00000000000000000000E+0000  2.34433159148802059510E+0002  0.00000000000000000000E+0000  1.83747854865997844097E-0038  2.14685060593741055412E-0001  2.21647189508824922762E-0032  0.00000000000000000000E+0000  2.19827490296517781151E+0002  0.00000000000000000000E+0000  0.00000000000000000000E+0000  2.19833126032602916441E+0002  0.00000000000000000000E+0000  0.00000000000000000000E+0000  0.00000000000000000000E+0000  0.00000000000000000000E+0000  0.00000000000000000000E+0000 -1.79231970751719012369E-0006 -3.09353586914139980159E+0000  0.00000000000000000000E+0000  0.00000000000000000000E+0000  0.00000000000000000000E+0000  9.07528240430789540365E-0003
 1.64700000000000000004E-0010  0.00000000000000000000E+0000 -2.76466601146191557804E-0002  4.47645154952674301435E-0003 -2.76466601146191557804E-0002  1.04999999999999999996E+0000  1.49266038534105483448E+0000  1.56956238199462483503E+0000  1.44383549036592967094E+0000  0.00000000000000000000E+0000  2.34433159148802059510E+0002  0.00000000000000000000E+0000  1.83749071125230308007E-0038  2.14685453494284246299E-0001  2.21647395960936851249E-0032  0.00000000000000000000E+0000  2.19827616317508580543E+0002  0.00000000000000000000E+0000  0.00000000000000000000E+0000  2.19833366304707865921E+0002  0.00000000000000000000E+0000  0.00000000000000000000E+0000  0.00000000000000000000E+0000  0.00000000000000000000E+0000  0.00000000000000000000E+0000 -1.82593028963182479252E-0006 -3.09379681868526021848E+0000  0.00000000000000000000E+0000  0.00000000000000000000E+0000  0.00000000000000000000E+0000  9.24053072391507638181E-0003
 1.68099999999999999994E-0010  0.00000000000000000000E+0000 -2.81181087061242847983E-0002  4.54372074814096505842E-0003 -2.81181087061242847983E-0002  1.04999999999999999996E+0000  1.49266053397241520596E+0000  1.56956242457745264157E+0000  1.44383550857249035460E+0000  0.00000000000000000000E+0000  2.34433159148802059510E+0002  0.00000000000000000000E+0000  1.83750328697816091634E-0038  2.14685858202882375885E-0001  2.21647609113185824022E-0032  0.00000000000000000000E+0000  2.19827746174142261953E+0002  0.00000000000000000000E+0000  0.00000000000000000000E+0000  2.19833613803060722761E+0002  0.00000000000000000000E+0000  0.00000000000000000000E+0000  0.00000000000000000000E+0000  0.00000000000000000000E+0000  0.00000000000000000000E+0000 -1.86235819292422859746E-0006 -3.09405666610754700747E+0000  0.00000000000000000000E+0000  0.00000000000000000000E+0000  0.00000000000000000000E+0000  9.40899244031443256940E-0003
 1.71599999999999999999E-0010  0.00000000000000000000E+0000 -2.85952654510092225854E-0002  4.61098214194959964139E-0003 -2.85952654510092225854E-0002  1.04999999999999999996E+0000  1.49266068870632728164E+0000  1.56956246840625985965E+0000  1.44383552755963671152E+0000  0.00000000000000000000E+0000  2.34433159148802059510E+0002  0.00000000000000000000E+0000  1.83751627690893167314E-0038  2.14686274712290638993E-0001  2.21647828969038113606E-0032  0.00000000000000000000E+0000  2.19827879867751264042E+0002  0.00000000000000000000E+0000  0.00000000000000000000E+0000  2.19833868523511684209E+0002  0.00000000000000000000E+0000  0.00000000000000000000E+0000  0.00000000000000000000E+0000  0.00000000000000000000E+0000  0.00000000000000000000E+0000 -1.90134463344169379107E-0006 -3.09431600635556772346E+0000  0.00000000000000000000E+0000  0.00000000000000000000E+0000  0.00000000000000000000E+0000  9.58046022279272013566E-0003
 1.75100000000000000005E-0010  0.00000000000000000000E+0000 -2.90793763919649800393E-0002  4.68105638696174901362E-0003 -2.90793763919649800393E-0002  1.04999999999999999996E+0000  1.49266084514598306766E+0000  1.56956251222850822781E+0000  1.44383554679065095991E+0000  0.00000000000000000000E+0000  2.34433159148802059510E+0002  0.00000000000000000000E+0000  1.83752931083052983759E-0038  2.14686691114824518232E-0001  2.21648049248380560432E-0032  0.00000000000000000000E+0000  2.19828013582268366133E+0002  0.00000000000000000000E+0000  0.00000000000000000000E+0000  2.19834123183285450223E+0002  0.00000000000000000000E+0000  0.00000000000000000000E+0000  0.00000000000000000000E+0000  0.00000000000000000000E+0000  0.00000000000000000000E+0000 -1.93704248808507593213E-0006 -3.09458164473963213536E+0000  0.00000000000000000000E+0000  0.00000000000000000000E+0000  0.00000000000000000000E+0000  9.75528309412067268543E-0003
 1.78700000000000000000E-0010  0.00000000000000000000E+0000 -2.95699721032737568959E-0002  4.75256130811767845840E-0003 -2.95699721032737568959E-0002  1.04999999999999999996E+0000  1.49266100777983970070E+0000  1.56956255729596277817E+0000  1.44383556682027144869E+0000  0.00000000000000000000E+0000  2.34433159148802059510E+0002  0.00000000000000000000E+0000  1.83754275820861878784E-0038  2.14687119309515393108E-0001  2.21648276208758875865E-0032  0.00000000000000000000E+0000  2.19828151132813289184E+0002  0.00000000000000000000E+0000  0.00000000000000000000E+0000  2.19834385060975099277E+0002  0.00000000000000000000E+0000  0.00000000000000000000E+0000  0.00000000000000000000E+0000  0.00000000000000000000E+0000  0.00000000000000000000E+0000 -1.97506048001103412279E-0006 -3.09484672867401626635E+0000  0.00000000000000000000E+0000  0.00000000000000000000E+0000  0.00000000000000000000E+0000  9.93192401374488505754E-0003
 1.82399999999999999999E-0010  0.00000000000000000000E+0000 -3.00660620263242030541E-0002  4.82310774207717374887E-0003 -3.00660620263242030541E-0002  1.04999999999999999996E+0000  1.49266117667101328858E+0000  1.56956260360812060181E+0000  1.44383558766039716279E+0000  0.00000000000000000000E+0000  2.34433159148802059510E+0002  0.00000000000000000000E+0000  1.83755662083405005572E-0038  2.14687559285837066951E-0001  2.21648509858497804630E-0032  0.00000000000000000000E+0000  2.19828292523816709550E+0002  0.00000000000000000000E+0000  0.00000000000000000000E+0000  2.19834654149722720465E+0002  0.00000000000000000000E+0000  0.00000000000000000000E+0000  0.00000000000000000000E+0000  0.00000000000000000000E+0000  0.00000000000000000000E+0000 -2.01547980147062707264E-0006 -3.09511138547229726890E+0000  0.00000000000000000000E+0000  0.00000000000000000000E+0000  0.00000000000000000000E+0000  1.01119350793319682420E-0002
 1.86200000000000000001E-0010  0.00000000000000000000E+0000 -3.05684533033226018714E-0002  4.89395621654728310013E-0003 -3.05684533033226018714E-0002  1.04999999999999999996E+0000  1.49266135187782315560E+0000  1.56956265116446260573E+0000  1.44383560932251008588E+0000  0.00000000000000000000E+0000  2.34433159148802059510E+0002  0.00000000000000000000E+0000  1.83757089913951239682E-0038  2.14688011035992825751E-0001  2.21648750191938218576E-0032  0.00000000000000000000E+0000  2.19828437756727598590E+0002  0.00000000000000000000E+0000  0.00000000000000000000E+0000  2.19834930445024681181E+0002  0.00000000000000000000E+0000  0.00000000000000000000E+0000  0.00000000000000000000E+0000  0.00000000000000000000E+0000  0.00000000000000000000E+0000 -2.05807869175524432319E-0006 -3.09537608774093503535E+0000  0.00000000000000000000E+0000  0.00000000000000000000E+0000  0.00000000000000000000E+0000  1.02951894994706537466E-0002
 1.90000000000000000003E-0010  0.00000000000000000000E+0000 -3.10782380082201583155E-0002  4.96724927820012694135E-0003 -3.10782380082201583155E-0002  1.04999999999999999996E+0000  1.49266152879692965739E+0000  1.56956269871319160339E+0000  1.44383563124056878645E+0000  0.00000000000000000000E+0000  2.34433159148802059510E+0002  0.00000000000000000000E+0000  1.83758521765439396340E-0038  2.14688462663856598103E-0001  2.21648990876694098516E-0032  0.00000000000000000000E+0000  2.19828583013697514539E+0002  0.00000000000000000000E+0000  0.00000000000000000000E+0000  2.19835206670480716257E+0002  0.00000000000000000000E+0000  0.00000000000000000000E+0000  0.00000000000000000000E+0000  0.00000000000000000000E+0000  0.00000000000000000000E+0000 -2.09705041416622022829E-0006 -3.09564755998743143116E+0000  0.00000000000000000000E+0000  0.00000000000000000000E+0000  0.00000000000000000000E+0000  1.04820699246447072052E-0002
 1.93899999999999999995E-0010  0.00000000000000000000E+0000 -3.15948811830630098534E-0002  5.04137476978762371899E-0003 -3.15948811830630098534E-0002  1.04999999999999999996E+0000  1.49266171208488176709E+0000  1.56956274750526347036E+0000  1.44383565399466506321E+0000  0.00000000000000000000E+0000  2.34433159148802059510E+0002  0.00000000000000000000E+0000  1.83759995017242916201E-0038  2.14688926056187895123E-0001  2.21649238209455290085E-0032  0.00000000000000000000E+0000  2.19828732111562958756E+0002  0.00000000000000000000E+0000  0.00000000000000000000E+0000  2.19835490097915023489E+0002  0.00000000000000000000E+0000  0.00000000000000000000E+0000  0.00000000000000000000E+0000  0.00000000000000000000E+0000  0.00000000000000000000E+0000 -2.13802966785629345054E-0006 -3.09591885713954356610E+0000  0.00000000000000000000E+0000  0.00000000000000000000E+0000  0.00000000000000000000E+0000  1.06709661516602764446E-0002
 1.97900000000000000003E-0010  0.00000000000000000000E+0000 -3.21172728918661050806E-0002  5.11399521139938398316E-0003 -3.21172728918661050806E-0002  1.04999999999999999996E+0000  1.49266190178193337607E+0000  1.56956279754013550371E+0000  1.44383567759426522715E+0000  0.00000000000000000000E+0000  2.34433159148802059510E+0002  0.00000000000000000000E+0000  1.83761509760996726366E-0038  2.14689401201785554009E-0001  2.21649492186085707186E-0032  0.00000000000000000000E+0000  2.19828885055109922955E+0002  0.00000000000000000000E+0000  0.00000000000000000000E+0000  2.19835780719958747004E+0002  0.00000000000000000000E+0000  0.00000000000000000000E+0000  0.00000000000000000000E+0000  0.00000000000000000000E+0000  0.00000000000000000000E+0000 -2.18112295405208165822E-0006 -3.09619001728674154181E+0000  0.00000000000000000000E+0000  0.00000000000000000000E+0000  0.00000000000000000000E+0000  1.08634184522353004035E-0002
 2.01899999999999999998E-0010  0.00000000000000000000E+0000 -3.26467095049189399274E-0002  5.18819507326107182564E-0003 -3.26467095049189399274E-0002  1.04999999999999999996E+0000  1.49266209313838376174E+0000  1.56956284756660844606E+0000  1.44383570145160035174E+0000  0.00000000000000000000E+0000  2.34433159148802059510E+0002  0.00000000000000000000E+0000  1.83763028102598044358E-0038  2.14689876213758526344E-0001  2.21649746441961563736E-0032  0.00000000000000000000E+0000  2.19829038025051580876E+0002  0.00000000000000000000E+0000  0.00000000000000000000E+0000  2.19836071265334733929E+0002  0.00000000000000000000E+0000  0.00000000000000000000E+0000  0.00000000000000000000E+0000  0.00000000000000000000E+0000  0.00000000000000000000E+0000 -2.22053450275510980622E-0006 -3.09646776219623766596E+0000  0.00000000000000000000E+0000  0.00000000000000000000E+0000  0.00000000000000000000E+0000  1.10595958107480549558E-0002
 2.06100000000000000000E-0010  0.00000000000000000000E+0000 -3.31821728943769630530E-0002  5.26145825399944498131E-0003 -3.31821728943769630530E-0002  1.04999999999999999996E+0000  1.49266229574789370798E+0000  1.56956290008543235129E+0000  1.44383572676738896690E+0000  0.00000000000000000000E+0000  2.34433159148802059510E+0002  0.00000000000000000000E+0000  1.83764625647310605207E-0038  2.14690374844681000882E-0001  2.21650013651352946387E-0032  0.00000000000000000000E+0000  2.19829198660930549641E+0002  0.00000000000000000000E+0000  0.00000000000000000000E+0000  2.19836376265202104008E+0002  0.00000000000000000000E+0000  0.00000000000000000000E+0000  0.00000000000000000000E+0000  0.00000000000000000000E+0000  0.00000000000000000000E+0000 -2.26749815708606568983E-0006 -3.09673879383811667329E+0000  0.00000000000000000000E+0000  0.00000000000000000000E+0000  0.00000000000000000000E+0000  1.12574266802619965879E-0002
 2.10300000000000000001E-0010  0.00000000000000000000E+0000 -3.37240296238415155334E-0002  5.33506298176880704642E-0003 -3.37240296238415155334E-0002  1.04999999999999999996E+0000  1.49266249998581916538E+0000  1.56956295259514591459E+0000  1.44383575234354057234E+0000  0.00000000000000000000E+0000  2.34433159148802059510E+0002  0.00000000000000000000E+0000  1.83766226583382166212E-0038  2.14690873328348519618E-0001  2.21650281093011877129E-0032  0.00000000000000000000E+0000  2.19829359328882826694E+0002  0.00000000000000000000E+0000  0.00000000000000000000E+0000  2.19836681179340654280E+0002  0.00000000000000000000E+0000  0.00000000000000000000E+0000  0.00000000000000000000E+0000  0.00000000000000000000E+0000  0.00000000000000000000E+0000 -2.31071361885788015374E-0006 -3.09701677416978369000E+0000  0.00000000000000000000E+0000  0.00000000000000000000E+0000  0.00000000000000000000E+0000  1.14605266619050096744E-0002
 2.14600000000000000005E-0010  0.00000000000000000000E+0000 -3.42735427623807906394E-0002  5.41126132621564133734E-0003 -3.42735427623807906394E-0002  1.04999999999999999996E+0000  1.49266271069092431169E+0000  1.56956300634561826061E+0000  1.44383577878916993006E+0000  0.00000000000000000000E+0000  2.34433159148802059510E+0002  0.00000000000000000000E+0000  1.83767868634495754252E-0038  2.14691383538505021038E-0001  2.21650555089820842885E-0032  0.00000000000000000000E+0000  2.19829523844522913334E+0002  0.00000000000000000000E+0000  0.00000000000000000000E+0000  2.19836993273367626467E+0002  0.00000000000000000000E+0000  0.00000000000000000000E+0000  0.00000000000000000000E+0000  0.00000000000000000000E+0000  0.00000000000000000000E+0000 -2.35552996085812340167E-0006 -3.09729505305739364956E+0000  0.00000000000000000000E+0000  0.00000000000000000000E+0000  0.00000000000000000000E+0000  1.16655238153335684904E-0002
 2.19000000000000000000E-0010  0.00000000000000000000E+0000 -3.48292428512030307354E-0002  5.48685345587617405587E-0003 -3.48292428512030307354E-0002  1.04999999999999999996E+0000  1.49266292787146987397E+0000  1.56956306133625526108E+0000  1.44383580610983437112E+0000  0.00000000000000000000E+0000  2.34433159148802059510E+0002  0.00000000000000000000E+0000  1.83769551771497367046E-0038  2.14691905463082653474E-0001  2.21650835620377455872E-0032  0.00000000000000000000E+0000  2.19829692213110675023E+0002  0.00000000000000000000E+0000  0.00000000000000000000E+0000  2.19837312539240647705E+0002  0.00000000000000000000E+0000  0.00000000000000000000E+0000  0.00000000000000000000E+0000  0.00000000000000000000E+0000  0.00000000000000000000E+0000 -2.40208660123149187759E-0006 -3.09757356200565181666E+0000  0.00000000000000000000E+0000  0.00000000000000000000E+0000  0.00000000000000000000E+0000  1.18741566691620939652E-0002
 2.23499999999999999998E-0010  0.00000000000000000000E+0000 -3.53916508040994163234E-0002  5.56269251408690219267E-0003 -3.53916508040994163234E-0002  1.04999999999999999996E+0000  1.49266315152911992767E+0000  1.56956311756644802937E+0000  1.44383583431024541913E+0000  0.00000000000000000000E+0000  2.34433159148802059510E+0002  0.00000000000000000000E+0000  1.83771275869065445471E-0038  2.14692439093145894492E-0001  2.21651122655042372265E-0032  0.00000000000000000000E+0000  2.19829864436347583057E+0002  0.00000000000000000000E+0000  0.00000000000000000000E+0000  2.19837638971690530171E+0002  0.00000000000000000000E+0000  0.00000000000000000000E+0000  0.00000000000000000000E+0000  0.00000000000000000000E+0000  0.00000000000000000000E+0000 -2.45022043330370031536E-0006 -3.09785259090478454474E+0000  0.00000000000000000000E+0000  0.00000000000000000000E+0000  0.00000000000000000000E+0000  1.20863125059676123125E-0002
 2.27999999999999999996E-0010  0.00000000000000000000E+0000 -3.59616665256391805123E-0002  5.64069708175525161432E-0003 -3.59616665256391805123E-0002  1.04999999999999999996E+0000  1.49266337665684487848E+0000  1.56956317378626663487E+0000  1.44383586276195126136E+0000  0.00000000000000000000E+0000  2.34433159148802059510E+0002  0.00000000000000000000E+0000  1.83773002470723556701E-0038  2.14692972561158045055E-0001  2.21651409783199853678E-0032  0.00000000000000000000E+0000  2.19830036691890462017E+0002  0.00000000000000000000E+0000  0.00000000000000000000E+0000  2.19837965310250474549E+0002  0.00000000000000000000E+0000  0.00000000000000000000E+0000  0.00000000000000000000E+0000  0.00000000000000000000E+0000  0.00000000000000000000E+0000 -2.49419458867344472598E-0006 -3.09813875826642535962E+0000  0.00000000000000000000E+0000  0.00000000000000000000E+0000  0.00000000000000000000E+0000  1.23023998847168190813E-0002
 2.32700000000000000000E-0010  0.00000000000000000000E+0000 -3.65381289144795583513E-0002  5.71780269985044194315E-0003 -3.65381289144795583513E-0002  1.04999999999999999996E+0000  1.49266361324632279301E+0000  1.56956323249373252927E+0000  1.44383589273205773559E+0000  0.00000000000000000000E+0000  2.34433159148802059510E+0002  0.00000000000000000000E+0000  1.83774807986337553931E-0038  2.14693529578823645308E-0001  2.21651709725316259003E-0032  0.00000000000000000000E+0000  2.19830216625487824503E+0002  0.00000000000000000000E+0000  0.00000000000000000000E+0000  2.19838306063124528725E+0002  0.00000000000000000000E+0000  0.00000000000000000000E+0000  0.00000000000000000000E+0000  0.00000000000000000000E+0000  0.00000000000000000000E+0000 -2.54526696161895208971E-0006 -3.09841861648635818549E+0000  0.00000000000000000000E+0000  0.00000000000000000000E+0000  0.00000000000000000000E+0000  1.25202565251802889750E-0002
 2.37399999999999999991E-0010  0.00000000000000000000E+0000 -3.71211066106579435367E-0002  5.79475464994251698234E-0003 -3.71211066106579435367E-0002  1.04999999999999999996E+0000  1.49266385121425225111E+0000  1.56956329119003012691E+0000  1.44383592294742293775E+0000  0.00000000000000000000E+0000  2.34433159148802059510E+0002  0.00000000000000000000E+0000  1.83776615591023649195E-0038  2.14694086419495037914E-0001  2.21652009684223868977E-0032  0.00000000000000000000E+0000  2.19830396597746599713E+0002  0.00000000000000000000E+0000  0.00000000000000000000E+0000  2.19838646712005935768E+0002  0.00000000000000000000E+0000  0.00000000000000000000E+0000  0.00000000000000000000E+0000  0.00000000000000000000E+0000  0.00000000000000000000E+0000 -2.59219221289024586029E-0006 -3.09870573783689147690E+0000  0.00000000000000000000E+0000  0.00000000000000000000E+0000  0.00000000000000000000E+0000  1.27436645897272984169E-0002
 2.42299999999999999988E-0010  0.00000000000000000000E+0000 -3.77112695516075038625E-0002  5.87237414454785016750E-0003 -3.77112695516075038625E-0002  1.04999999999999999996E+0000  1.49266410065960874857E+0000  1.56956335237220889875E+0000  1.44383595469447162179E+0000  0.00000000000000000000E+0000  2.34433159148802059510E+0002  0.00000000000000000000E+0000  1.83778501821480689725E-0038  2.14694666784002178352E-0001  2.21652322381042189543E-0032  0.00000000000000000000E+0000  2.19830584252672798506E+0002  0.00000000000000000000E+0000  0.00000000000000000000E+0000  2.19839001760090466356E+0002  0.00000000000000000000E+0000  0.00000000000000000000E+0000  0.00000000000000000000E+0000  0.00000000000000000000E+0000  0.00000000000000000000E+0000 -2.64593386997740114559E-0006 -3.09898699333385946623E+0000  0.00000000000000000000E+0000  0.00000000000000000000E+0000  0.00000000000000000000E+0000  1.29687082986717594766E-0002
 2.47200000000000000011E-0010  0.00000000000000000000E+0000 -3.83084009441423324304E-0002  5.95058960297496739371E-0003 -3.83084009441423324304E-0002  1.04999999999999999996E+0000  1.49266435137228904316E+0000  1.56956341354238483056E+0000  1.44383598667768404586E+0000  0.00000000000000000000E+0000  2.34433159148802059510E+0002  0.00000000000000000000E+0000  1.83780389601451063500E-0038  2.14695246959488176059E-0001  2.21652635005599700658E-0032  0.00000000000000000000E+0000  2.19830771948927206211E+0002  0.00000000000000000000E+0000  0.00000000000000000000E+0000  2.19839356696758372767E+0002  0.00000000000000000000E+0000  0.00000000000000000000E+0000  0.00000000000000000000E+0000  0.00000000000000000000E+0000  0.00000000000000000000E+0000 -2.69527689525524900963E-0006 -3.09927589549260201459E+0000  0.00000000000000000000E+0000  0.00000000000000000000E+0000  0.00000000000000000000E+0000  1.31993689120912829979E-0002
 2.52299999999999999989E-0010  0.00000000000000000000E+0000 -3.89130548482740456527E-0002  6.02977663546033753958E-0003 -3.89130548482740456527E-0002  1.04999999999999999996E+0000  1.49266461354508275610E+0000  1.56956347719660785779E+0000  1.44383602020115626053E+0000  0.00000000000000000000E+0000  2.34433159148802059510E+0002  0.00000000000000000000E+0000  1.83782355605102647882E-0038  2.14695850632114542916E-0001  2.21652960275631100864E-0032  0.00000000000000000000E+0000  2.19830967332641321568E+0002  0.00000000000000000000E+0000  0.00000000000000000000E+0000  2.19839726016930914892E+0002  0.00000000000000000000E+0000  0.00000000000000000000E+0000  0.00000000000000000000E+0000  0.00000000000000000000E+0000  0.00000000000000000000E+0000 -2.75120191111681457783E-0006 -3.09955924783481097016E+0000  0.00000000000000000000E+0000  0.00000000000000000000E+0000  0.00000000000000000000E+0000  1.34317412059955349803E-0002
 2.57399999999999999993E-0010  0.00000000000000000000E+0000 -3.95248793190795844595E-0002  6.10944324919488899633E-0003 -3.95248793190795844595E-0002  1.04999999999999999996E+0000  1.49266487685538181297E+0000  1.56956354083795653846E+0000  1.44383605394854610138E+0000  0.00000000000000000000E+0000  2.34433159148802059510E+0002  0.00000000000000000000E+0000  1.83784322552211970484E-0038  2.14696454103203972555E-0001  2.21653285374821385654E-0032  0.00000000000000000000E+0000  2.19831162760464004391E+0002  0.00000000000000000000E+0000  0.00000000000000000000E+0000  2.19840095217919409734E+0002  0.00000000000000000000E+0000  0.00000000000000000000E+0000  0.00000000000000000000E+0000  0.00000000000000000000E+0000  0.00000000000000000000E+0000 -2.80252010138218988045E-0006 -3.09985051503391412773E+0000  0.00000000000000000000E+0000  0.00000000000000000000E+0000  0.00000000000000000000E+0000  1.36698723050998632321E-0002
 2.62700000000000000002E-0010  0.00000000000000000000E+0000 -4.01443943996581355105E-0002  6.18983818015850164995E-0003 -4.01443943996581355105E-0002  1.04999999999999999996E+0000  1.49266515157616026181E+0000  1.56956360696145308874E+0000  1.44383608923988990161E+0000  0.00000000000000000000E+0000  2.34433159148802059510E+0002  0.00000000000000000000E+0000  1.83786367205455961906E-0038  2.14697081043900336666E-0001  2.21653623010545118763E-0032  0.00000000000000000000E+0000  2.19831365880712370761E+0002  0.00000000000000000000E+0000  0.00000000000000000000E+0000  2.19840478786143171050E+0002  0.00000000000000000000E+0000  0.00000000000000000000E+0000  0.00000000000000000000E+0000  0.00000000000000000000E+0000  0.00000000000000000000E+0000 -2.86022513757790779383E-0006 -3.10013644513780343070E+0000  0.00000000000000000000E+0000  0.00000000000000000000E+0000  0.00000000000000000000E+0000  1.39098019684702741084E-0002
 2.68000000000000000012E-0010  0.00000000000000000000E+0000 -4.07711649867213703116E-0002  6.27041793768731074875E-0003 -4.07711649867213703116E-0002  1.04999999999999999996E+0000  1.49266542728719433695E+0000  1.56956367307117020961E+0000  1.44383612473973754840E+0000  0.00000000000000000000E+0000  2.34433159148802059510E+0002  0.00000000000000000000E+0000  1.83788412130107744805E-0038  2.14697707770107776298E-0001  2.21653960367490475597E-0032  0.00000000000000000000E+0000  2.19831569047955383847E+0002  0.00000000000000000000E+0000  0.00000000000000000000E+0000  2.19840862227098065934E+0002  0.00000000000000000000E+0000  0.00000000000000000000E+0000  0.00000000000000000000E+0000  0.00000000000000000000E+0000  0.00000000000000000000E+0000 -2.91315108205439032392E-0006 -3.10043046478620522603E+0000  0.00000000000000000000E+0000  0.00000000000000000000E+0000  0.00000000000000000000E+0000  1.41556053374459615621E-0002
 2.73500000000000000002E-0010  0.00000000000000000000E+0000 -4.14057114533898954196E-0002  6.35158341120520248878E-0003 -4.14057114533898954196E-0002  1.04999999999999999996E+0000  1.49266571432796364520E+0000  1.56956374166107390017E+0000  1.44383616178226237183E+0000  0.00000000000000000000E+0000  2.34433159148802059510E+0002  0.00000000000000000000E+0000  1.83790534127695330520E-0038  2.14698357937593459785E-0001  2.21654310135581078834E-0032  0.00000000000000000000E+0000  2.19831779912757461479E+0002  0.00000000000000000000E+0000  0.00000000000000000000E+0000  2.19841260018466549991E+0002  0.00000000000000000000E+0000  0.00000000000000000000E+0000  0.00000000000000000000E+0000  0.00000000000000000000E+0000  0.00000000000000000000E+0000 -2.97230126877775883240E-0006 -3.10071927676622609120E+0000  0.00000000000000000000E+0000  0.00000000000000000000E+0000  0.00000000000000000000E+0000  1.44032466195061973430E-0002
 2.79099999999999999995E-0010  0.00000000000000000000E+0000 -4.20469171967514831563E-0002  6.43138624310510927437E-0003 -4.20469171967514831563E-0002  1.04999999999999999996E+0000  1.49266600742788767611E+0000  1.56956381148305857136E+0000  1.44383619969150529903E+0000  0.00000000000000000000E+0000  2.34433159148802059510E+0002  0.00000000000000000000E+0000  1.83792694236325541658E-0038  2.14699019698387988438E-0001  2.21654665866197086655E-0032  0.00000000000000000000E+0000  2.19831994657742049393E+0002  0.00000000000000000000E+0000  0.00000000000000000000E+0000  2.19841664907957608191E+0002  0.00000000000000000000E+0000  0.00000000000000000000E+0000  0.00000000000000000000E+0000  0.00000000000000000000E+0000  0.00000000000000000000E+0000 -3.03209742394410341024E-0006 -3.10100985774070243861E+0000  0.00000000000000000000E+0000  0.00000000000000000000E+0000  0.00000000000000000000E+0000  1.46563955938979462005E-0002
 2.84699999999999999989E-0010  0.00000000000000000000E+0000 -4.26971797143620760417E-0002  6.51469234270189136063E-0003 -4.26971797143620760417E-0002  1.04999999999999999996E+0000  1.49266630126805519712E+0000  1.56956388128983836538E+0000  1.44383623778038050023E+0000  0.00000000000000000000E+0000  2.34433159148802059510E+0002  0.00000000000000000000E+0000  1.83794853493837206266E-0038  2.14699681228350869986E-0001  2.21655021145402771943E-0032  0.00000000000000000000E+0000  2.19832209449569619161E+0002  0.00000000000000000000E+0000  0.00000000000000000000E+0000  2.19842069661065489750E+0002  0.00000000000000000000E+0000  0.00000000000000000000E+0000  0.00000000000000000000E+0000  0.00000000000000000000E+0000  0.00000000000000000000E+0000 -3.08662738093675105737E-0006 -3.10130898458444166058E+0000  0.00000000000000000000E+0000  0.00000000000000000000E+0000  0.00000000000000000000E+0000  1.49138080539106215975E-0002
 2.90499999999999999988E-0010  0.00000000000000000000E+0000 -4.33549727959758925822E-0002  6.59772872369446318253E-0003 -4.33549727959758925822E-0002  1.04999999999999999996E+0000  1.49266660626215375408E+0000  1.56956395357374104435E+0000  1.44383627740075507352E+0000  0.00000000000000000000E+0000  2.34433159148802059510E+0002  0.00000000000000000000E+0000  1.83797088657867350077E-0038  2.14700366155528208929E-0001  2.21655388616705620612E-0032  0.00000000000000000000E+0000  2.19832431946982686424E+0002  0.00000000000000000000E+0000  0.00000000000000000000E+0000  2.19842488738259347392E+0002  0.00000000000000000000E+0000  0.00000000000000000000E+0000  0.00000000000000000000E+0000  0.00000000000000000000E+0000  0.00000000000000000000E+0000 -3.14720931251549885616E-0006 -3.10160292394582221280E+0000  0.00000000000000000000E+0000  0.00000000000000000000E+0000  0.00000000000000000000E+0000  1.51732187380215770827E-0002
 2.96399999999999999991E-0010  0.00000000000000000000E+0000 -4.40191601387258196270E-0002  6.67878095258974044303E-0003 -4.40191601387258196270E-0002  1.04999999999999999996E+0000  1.49266691707923536317E+0000  1.56956402708743443877E+0000  1.44383631786334705731E+0000  0.00000000000000000000E+0000  2.34433159148802059510E+0002  0.00000000000000000000E+0000  1.83799360667234737464E-0038  2.14701062643096821211E-0001  2.21655761834680186384E-0032  0.00000000000000000000E+0000  2.19832658331270854452E+0002  0.00000000000000000000E+0000  0.00000000000000000000E+0000  2.19842914893403602025E+0002  0.00000000000000000000E+0000  0.00000000000000000000E+0000  0.00000000000000000000E+0000  0.00000000000000000000E+0000  0.00000000000000000000E+0000 -3.20828231301319139581E-0006 -3.10189861163481858664E+0000  0.00000000000000000000E+0000  0.00000000000000000000E+0000  0.00000000000000000000E+0000  1.54382529327960128447E-0002
 3.02499999999999999999E-0010  0.00000000000000000000E+0000 -4.46909499095083432103E-0002  6.76015855250875316097E-0003 -4.46909499095083432103E-0002  1.04999999999999999996E+0000  1.49266723890449084003E+0000  1.56956410307581154190E+0000  1.44383635984603875442E+0000  0.00000000000000000000E+0000  2.34433159148802059510E+0002  0.00000000000000000000E+0000  1.83801707585465246368E-0038  2.14701782488710636500E-0001  2.21656147055091619627E-0032  0.00000000000000000000E+0000  2.19832892432710851019E+0002  0.00000000000000000000E+0000  0.00000000000000000000E+0000  2.19843355347705760913E+0002  0.00000000000000000000E+0000  0.00000000000000000000E+0000  0.00000000000000000000E+0000  0.00000000000000000000E+0000  0.00000000000000000000E+0000 -3.27507384020924387834E-0006 -3.10218993068353767850E+0000  0.00000000000000000000E+0000  0.00000000000000000000E+0000  0.00000000000000000000E+0000  1.57066749190652276880E-0002
 3.08600000000000000008E-0010  0.00000000000000000000E+0000 -4.53713124748589874824E-0002  6.84383703312123946267E-0003 -4.53713124748589874824E-0002  1.04999999999999999996E+0000  1.49266756109515651846E+0000  1.56956417904665026467E+0000  1.44383640196163511168E+0000  0.00000000000000000000E+0000  2.34433159148802059510E+0002  0.00000000000000000000E+0000  1.83804051865109876928E-0038  2.14702502066255574174E-0001  2.21656531532619595938E-0032  0.00000000000000000000E+0000  2.19833126593148412822E+0002  0.00000000000000000000E+0000  0.00000000000000000000E+0000  2.19843795640971833766E+0002  0.00000000000000000000E+0000  0.00000000000000000000E+0000  0.00000000000000000000E+0000  0.00000000000000000000E+0000  0.00000000000000000000E+0000 -3.33622012991361020507E-0006 -3.10249050185972059909E+0000  0.00000000000000000000E+0000  0.00000000000000000000E+0000  0.00000000000000000000E+0000  1.59810663134018892697E-0002
 3.14899999999999999997E-0010  0.00000000000000000000E+0000 -4.60604012243776504914E-0002  6.92913991998568891324E-0003 -4.60604012243776504914E-0002  1.04999999999999999996E+0000  1.49266789411423063220E+0000  1.56956425748996044039E+0000  1.44383644557851409048E+0000  0.00000000000000000000E+0000  2.34433159148802059510E+0002  0.00000000000000000000E+0000  1.83806470031519552195E-0038  2.14703244974381003400E-0001  2.21656927836481965364E-0032  0.00000000000000000000E+0000  2.19833368471583927795E+0002  0.00000000000000000000E+0000  0.00000000000000000000E+0000  2.19844250218142700182E+0002  0.00000000000000000000E+0000  0.00000000000000000000E+0000  0.00000000000000000000E+0000  0.00000000000000000000E+0000  0.00000000000000000000E+0000 -3.40278043836477272098E-0006 -3.10278682578619410099E+0000  0.00000000000000000000E+0000  0.00000000000000000000E+0000  0.00000000000000000000E+0000  1.62574251406919560004E-0002
 3.21299999999999999990E-0010  0.00000000000000000000E+0000 -4.67566300173552875664E-0002  7.01298863227429426606E-0003 -4.67566300173552875664E-0002  1.04999999999999999996E+0000  1.49266823257694388133E+0000  1.56956433715947291097E+0000  1.44383648999319041712E+0000  0.00000000000000000000E+0000  2.34433159148802059510E+0002  0.00000000000000000000E+0000  1.83808922975957883057E-0038  2.14703999391463120508E-0001  2.21657329536933567246E-0032  0.00000000000000000000E+0000  2.19833614247492836136E+0002  0.00000000000000000000E+0000  0.00000000000000000000E+0000  2.19844711841508784658E+0002  0.00000000000000000000E+0000  0.00000000000000000000E+0000  0.00000000000000000000E+0000  0.00000000000000000000E+0000  0.00000000000000000000E+0000 -3.46925372137619284057E-0006 -3.10308569717509759745E+0000  0.00000000000000000000E+0000  0.00000000000000000000E+0000  0.00000000000000000000E+0000  1.65396144578079782132E-0002
 3.27800000000000000011E-0010  0.00000000000000000000E+0000 -4.74615929314115289151E-0002  7.09833397754812958272E-0003 -4.74615929314115289151E-0002  1.04999999999999999996E+0000  1.49266857637702279643E+0000  1.56956441805433637865E+0000  1.44383653519176493620E+0000  0.00000000000000000000E+0000  2.34433159148802059510E+0002  0.00000000000000000000E+0000  1.83811410196092227086E-0038  2.14704765309702460144E-0001  2.21657736555408366066E-0032  0.00000000000000000000E+0000  2.19833863918018669756E+0002  0.00000000000000000000E+0000  0.00000000000000000000E+0000  2.19845180507617886531E+0002  0.00000000000000000000E+0000  0.00000000000000000000E+0000  0.00000000000000000000E+0000  0.00000000000000000000E+0000  0.00000000000000000000E+0000 -3.53536354169092308474E-0006 -3.10338731278254205165E+0000  0.00000000000000000000E+0000  0.00000000000000000000E+0000  0.00000000000000000000E+0000  1.68258995066761329287E-0002
 3.34500000000000000012E-0010  0.00000000000000000000E+0000 -4.81742512484549412509E-0002  7.18282491434777457969E-0003 -4.81742512484549412509E-0002  1.04999999999999999996E+0000  1.49266893069085987379E+0000  1.56956450141789789245E+0000  1.44383658185565467286E+0000  0.00000000000000000000E+0000  2.34433159148802059510E+0002  0.00000000000000000000E+0000  1.83813969384703445593E-0038  2.14705554500311198744E-0001  2.21658155059223921847E-0032  0.00000000000000000000E+0000  2.19834121322134933729E+0002  0.00000000000000000000E+0000  0.00000000000000000000E+0000  2.19845663420694224219E+0002  0.00000000000000000000E+0000  0.00000000000000000000E+0000  0.00000000000000000000E+0000  0.00000000000000000000E+0000  0.00000000000000000000E+0000 -3.60668013289321505217E-0006 -3.10368504037191772558E+0000  0.00000000000000000000E+0000  0.00000000000000000000E+0000  0.00000000000000000000E+0000  1.71158884584463292089E-0002
 3.41299999999999999991E-0010  0.00000000000000000000E+0000 -4.88948322688863700212E-0002  7.26718564805698614522E-0003 -4.88948322688863700212E-0002  1.04999999999999999996E+0000  1.49266929011407978322E+0000  1.56956458600472584448E+0000  1.44383662927365004271E+0000  0.00000000000000000000E+0000  2.34433159148802059510E+0002  0.00000000000000000000E+0000  1.83816561532961100134E-0038  2.14706355157963459009E-0001  2.21658578655063414572E-0032  0.00000000000000000000E+0000  2.19834382632442004182E+0002  0.00000000000000000000E+0000  0.00000000000000000000E+0000  2.19846153353843693154E+0002  0.00000000000000000000E+0000  0.00000000000000000000E+0000  0.00000000000000000000E+0000  0.00000000000000000000E+0000  0.00000000000000000000E+0000 -3.67744919563716484751E-0006 -3.10398594713895820412E+0000  0.00000000000000000000E+0000  0.00000000000000000000E+0000  0.00000000000000000000E+0000  1.74116519432986416917E-0002
 3.48199999999999999999E-0010  0.00000000000000000000E+0000 -4.96246750716163419954E-0002  7.35381062235947846198E-0003 -4.96246750716163419954E-0002  1.04999999999999999996E+0000  1.49266965452922987037E+0000  1.56956467181392188108E+0000  1.44383667742919225745E+0000  0.00000000000000000000E+0000  2.34433159148802059510E+0002  0.00000000000000000000E+0000  1.83819186096027786874E-0038  2.14707167274391675258E-0001  2.21659007257402641389E-0032  0.00000000000000000000E+0000  2.19834647845916349551E+0002  0.00000000000000000000E+0000  0.00000000000000000000E+0000  2.19846650303360544476E+0002  0.00000000000000000000E+0000  0.00000000000000000000E+0000  0.00000000000000000000E+0000  0.00000000000000000000E+0000  0.00000000000000000000E+0000 -3.74743765149101861994E-0006 -3.10429013614751671724E+0000  0.00000000000000000000E+0000  0.00000000000000000000E+0000  0.00000000000000000000E+0000  1.77115664712667263403E-0002
 3.55299999999999999988E-0010  0.00000000000000000000E+0000 -5.03625582930807817653E-0002  7.43993116840248675159E-0003 -5.03625582930807817653E-0002  1.04999999999999999996E+0000  1.49267002908963656845E+0000  1.56956476008785002013E+0000  1.44383672700287337548E+0000  0.00000000000000000000E+0000  2.34433159148802059510E+0002  0.00000000000000000000E+0000  1.83821880480590392605E-0038  2.14708002606667107471E-0001  2.21659446973989295877E-0032  0.00000000000000000000E+0000  2.19834920803974157036E+0002  0.00000000000000000000E+0000  0.00000000000000000000E+0000  2.19847161465048600390E+0002  0.00000000000000000000E+0000  0.00000000000000000000E+0000  0.00000000000000000000E+0000  0.00000000000000000000E+0000  0.00000000000000000000E+0000 -3.82224522850635727483E-0006 -3.10459088468989356704E+0000  0.00000000000000000000E+0000  0.00000000000000000000E+0000  0.00000000000000000000E+0000  1.80152736160575146464E-0002
 3.62500000000000000004E-0010  0.00000000000000000000E+0000 -5.11085238146645148422E-0002  7.52584551504154010274E-0003 -5.11085238146645148422E-0002  1.04999999999999999996E+0000  1.49267040838942035847E+0000  1.56956484958196034981E+0000  1.44383677727848782474E+0000  0.00000000000000000000E+0000  2.34433159148802059510E+0002  0.00000000000000000000E+0000  1.83824605809775541179E-0038  2.14708849362094629452E-0001  2.21659891446653146747E-0032  0.00000000000000000000E+0000  2.19835197677393931220E+0002  0.00000000000000000000E+0000  0.00000000000000000000E+0000  2.19847679619216348157E+0002  0.00000000000000000000E+0000  0.00000000000000000000E+0000  0.00000000000000000000E+0000  0.00000000000000000000E+0000  0.00000000000000000000E+0000 -3.89615716715740555858E-0006 -3.10489517788024829356E+0000  0.00000000000000000000E+0000  0.00000000000000000000E+0000  0.00000000000000000000E+0000  1.83249057039497501819E-0002
 3.69799999999999999999E-0010  0.00000000000000000000E+0000 -5.18638458521831597065E-0002  7.61378381130430435458E-0003 -5.18638458521831597065E-0002  1.04999999999999999996E+0000  1.49267079230284679026E+0000  1.56956494029531391505E+0000  1.44383682823717737341E+0000  0.00000000000000000000E+0000  2.34433159148802059510E+0002  0.00000000000000000000E+0000  1.83827361507942199863E-0038  2.14709707532034132675E-0001  2.21660340584309318013E-0032  0.00000000000000000000E+0000  2.19835478462954199363E+0002  0.00000000000000000000E+0000  0.00000000000000000000E+0000  2.19848204761960329207E+0002  0.00000000000000000000E+0000  0.00000000000000000000E+0000  0.00000000000000000000E+0000  0.00000000000000000000E+0000  0.00000000000000000000E+0000 -3.96897376653270650384E-0006 -3.10520305160912069541E+0000  0.00000000000000000000E+0000  0.00000000000000000000E+0000  0.00000000000000000000E+0000  1.86387989844014990250E-0002
 3.77299999999999999999E-0010  0.00000000000000000000E+0000 -5.26272498385335086774E-0002  7.70097752150947902049E-0003 -5.26272498385335086774E-0002  1.04999999999999999996E+0000  1.49267118594906614379E+0000  1.56956503346926017170E+0000  1.44383688055673555233E+0000  0.00000000000000000000E+0000  2.34433159148802059510E+0002  0.00000000000000000000E+0000  1.83830184648712613103E-0038  2.14710588859008296003E-0001  2.21660800427838453222E-0032  0.00000000000000000000E+0000  2.19835767004599517499E+0002  0.00000000000000000000E+0000  0.00000000000000000000E+0000  2.19848744080364983097E+0002  0.00000000000000000000E+0000  0.00000000000000000000E+0000  0.00000000000000000000E+0000  0.00000000000000000000E+0000  0.00000000000000000000E+0000 -4.04631481381504736800E-0006 -3.10550771813704276918E+0000  0.00000000000000000000E+0000  0.00000000000000000000E+0000  0.00000000000000000000E+0000  1.89565352705459591769E-0002
 3.84900000000000000003E-0010  0.00000000000000000000E+0000 -5.33986668388263751746E-0002  7.78771526559675030144E-0003 -5.33986668388263751746E-0002  1.04999999999999999996E+0000  1.49267158393821273391E+0000  1.56956512786017536186E+0000  1.44383693351877472532E+0000  0.00000000000000000000E+0000  2.34433159148802059510E+0002  0.00000000000000000000E+0000  1.83833036562954119813E-0038  2.14711481563536545604E-0001  2.21661264664951906754E-0032  0.00000000000000000000E+0000  2.19836059471186769015E+0002  0.00000000000000000000E+0000  0.00000000000000000000E+0000  2.19849290362320264891E+0002  0.00000000000000000000E+0000  0.00000000000000000000E+0000  0.00000000000000000000E+0000  0.00000000000000000000E+0000  0.00000000000000000000E+0000 -4.12249703091437666711E-0006 -3.10581610220678578293E+0000  0.00000000000000000000E+0000  0.00000000000000000000E+0000  0.00000000000000000000E+0000  1.92802658904783598186E-0002
 3.92699999999999999988E-0010  0.00000000000000000000E+0000 -5.41787289978573148603E-0002  7.87508455198089649492E-0003 -5.41787289978573148603E-0002  1.04999999999999999996E+0000  1.49267199135987824047E+0000  1.56956522470870290934E+0000  1.44383698779802167097E+0000  0.00000000000000000000E+0000  2.34433159148802059510E+0002  0.00000000000000000000E+0000  1.83835954177094348594E-0038  2.14712397382825993317E-0001  2.21661739308017043383E-0032  0.00000000000000000000E+0000  2.19836359702227827351E+0002  0.00000000000000000000E+0000  0.00000000000000000000E+0000  2.19849850793512207242E+0002  0.00000000000000000000E+0000  0.00000000000000000000E+0000  0.00000000000000000000E+0000  0.00000000000000000000E+0000  0.00000000000000000000E+0000 -4.20287195858223162591E-0006 -3.10612171655332600724E+0000  0.00000000000000000000E+0000  0.00000000000000000000E+0000  0.00000000000000000000E+0000  1.96077254081514375917E-0002
 4.00700000000000000003E-0010  0.00000000000000000000E+0000 -5.49665434146336242571E-0002  7.96146495790414183389E-0003 -5.49665434146336242571E-0002  1.04999999999999999996E+0000  1.49267240804874910852E+0000  1.56956532401312321117E+0000  1.44383704337022376744E+0000  0.00000000000000000000E+0000  2.34433159148802059510E+0002  0.00000000000000000000E+0000  1.83838936393284854373E-0038  2.14713336287590644385E-0001  2.21662224163951719821E-0032  0.00000000000000000000E+0000  2.19836667709085623379E+0002  0.00000000000000000000E+0000  0.00000000000000000000E+0000  2.19850425353797287106E+0002  0.00000000000000000000E+0000  0.00000000000000000000E+0000  0.00000000000000000000E+0000  0.00000000000000000000E+0000  0.00000000000000000000E+0000 -4.28731213435810162365E-0006 -3.10642494111918761627E+0000  0.00000000000000000000E+0000  0.00000000000000000000E+0000  0.00000000000000000000E+0000  1.99406147512423333923E-0002
 4.08799999999999999997E-0010  0.00000000000000000000E+0000 -5.57636346006506875066E-0002  8.04966161437544426337E-0003 -5.57636346006506875066E-0002  1.04999999999999999996E+0000  1.49267282864414843461E+0000  1.56956542453074821193E+0000  1.44383709951711735448E+0000  0.00000000000000000000E+0000  2.34433159148802059510E+0002  0.00000000000000000000E+0000  1.83841944923352879765E-0038  2.14714286516523983477E-0001  2.21662712996632439387E-0032  0.00000000000000000000E+0000  2.19836979652257942242E+0002  0.00000000000000000000E+0000  0.00000000000000000000E+0000  2.19851006843552733483E+0002  0.00000000000000000000E+0000  0.00000000000000000000E+0000  0.00000000000000000000E+0000  0.00000000000000000000E+0000  0.00000000000000000000E+0000 -4.36991397225180777796E-0006 -3.10673291931615206253E+0000  0.00000000000000000000E+0000  0.00000000000000000000E+0000  0.00000000000000000000E+0000  2.02794422655956645004E-0002
 4.17099999999999999997E-0010  0.00000000000000000000E+0000 -5.65702502756596788640E-0002  8.13934347848320463607E-0003 -5.65702502756596788640E-0002  1.04999999999999999996E+0000  1.49267325818221477201E+0000  1.56956552750111846340E+0000  1.44383715690712776194E+0000  0.00000000000000000000E+0000  2.34433159148802059510E+0002  0.00000000000000000000E+0000  1.83845016292283327836E-0038  2.14715259791279999545E-0001  2.21663211740260852220E-0032  0.00000000000000000000E+0000  2.19837299373667968957E+0002  0.00000000000000000000E+0000  0.00000000000000000000E+0000  2.19851602439162071692E+0002  0.00000000000000000000E+0000  0.00000000000000000000E+0000  0.00000000000000000000E+0000  0.00000000000000000000E+0000  0.00000000000000000000E+0000 -4.45608368373825545953E-0006 -3.10703902801322421950E+0000  0.00000000000000000000E+0000  0.00000000000000000000E+0000  0.00000000000000000000E+0000  2.06221120856207480850E-0002
 4.25499999999999999999E-0010  0.00000000000000000000E+0000 -5.73857988148798583359E-0002  8.22909390150135488436E-0003 -5.73857988148798583359E-0002  1.04999999999999999996E+0000  1.49267369133210186583E+0000  1.56956563168221019909E+0000  1.44383721482385850765E+0000  0.00000000000000000000E+0000  2.34433159148802059510E+0002  0.00000000000000000000E+0000  1.83848112322166585216E-0038  2.14716244355056672192E-0001  2.21663714179378541296E-0032  0.00000000000000000000E+0000  2.19837623038857678637E+0002  0.00000000000000000000E+0000  0.00000000000000000000E+0000  2.19852204941606639108E+0002  0.00000000000000000000E+0000  0.00000000000000000000E+0000  0.00000000000000000000E+0000  0.00000000000000000000E+0000  0.00000000000000000000E+0000 -4.54023254123568458108E-0006 -3.10735000142245296130E+0000  0.00000000000000000000E+0000  0.00000000000000000000E+0000  0.00000000000000000000E+0000  2.09710152358387241369E-0002
 4.34100000000000000008E-0010  0.00000000000000000000E+0000 -5.82106066673741910498E-0002  8.31912902966860704167E-0003 -5.82106066673741910498E-0002  1.04999999999999999996E+0000  1.49267413309140953596E+0000  1.56956573831282420210E+0000  1.44383727393087677891E+0000  0.00000000000000000000E+0000  2.34433159148802059510E+0002  0.00000000000000000000E+0000  1.83851269259728281484E-0038  2.14717251919096280979E-0001  2.21664226194457743978E-0032  0.00000000000000000000E+0000  2.19837954491364407333E+0002  0.00000000000000000000E+0000  0.00000000000000000000E+0000  2.19852821521013045175E+0002  0.00000000000000000000E+0000  0.00000000000000000000E+0000  0.00000000000000000000E+0000  0.00000000000000000000E+0000  0.00000000000000000000E+0000 -4.62777891668761705528E-0006 -3.10765918196116489427E+0000  0.00000000000000000000E+0000  0.00000000000000000000E+0000  0.00000000000000000000E+0000  2.13239157768342815142E-0002
 4.42899999999999999998E-0010  0.00000000000000000000E+0000 -5.90435129634823885283E-0002  8.40743623646393803062E-0003 -5.90435129634823885283E-0002  1.04999999999999999996E+0000  1.49267458327886997651E+0000  1.56956584739111485729E+0000  1.44383733419929464320E+0000  0.00000000000000000000E+0000  2.34433159148802059510E+0002  0.00000000000000000000E+0000  1.83854485890212032117E-0038  2.14718282452112746737E-0001  2.21664747571020710015E-0032  0.00000000000000000000E+0000  2.19838293743551219744E+0002  0.00000000000000000000E+0000  0.00000000000000000000E+0000  2.19853452155519213398E+0002  0.00000000000000000000E+0000  0.00000000000000000000E+0000  0.00000000000000000000E+0000  0.00000000000000000000E+0000  0.00000000000000000000E+0000 -4.71866140822243899272E-0006 -3.10796678453409310969E+0000  0.00000000000000000000E+0000  0.00000000000000000000E+0000  0.00000000000000000000E+0000  2.16825189534303070456E-0002
 4.51899999999999999993E-0010  0.00000000000000000000E+0000 -5.98852378852597449988E-0002  8.49565529353719455879E-0003 -5.98852378852597449988E-0002  1.04999999999999999996E+0000  1.49267504171011900892E+0000  1.56956595891519836079E+0000  1.44383739559930993914E+0000  0.00000000000000000000E+0000  2.34433159148802059510E+0002  0.00000000000000000000E+0000  1.83857761121386958883E-0038  2.14719335927422563204E-0001  2.21665278117300897860E-0032  0.00000000000000000000E+0000  2.19838640800980799322E+0002  0.00000000000000000000E+0000  0.00000000000000000000E+0000  2.19854096828048018286E+0002  0.00000000000000000000E+0000  0.00000000000000000000E+0000  0.00000000000000000000E+0000  0.00000000000000000000E+0000  0.00000000000000000000E+0000 -4.81256070380850052959E-0006 -3.10827331835586036408E+0000  0.00000000000000000000E+0000  0.00000000000000000000E+0000  0.00000000000000000000E+0000  2.20467117834438424450E-0002
 4.60999999999999999992E-0010  0.00000000000000000000E+0000 -6.07369188050066932968E-0002  8.58580951752489964742E-0003 -6.07369188050066932968E-0002  1.04999999999999999996E+0000  1.49267550313065866529E+0000  1.56956607164440619339E+0000  1.44383745742144127154E+0000  0.00000000000000000000E+0000  2.34433159148802059510E+0002  0.00000000000000000000E+0000  1.83861057463110466057E-0038  2.14720400612571256466E-0001  2.21665811744946988298E-0032  0.00000000000000000000E+0000  2.19838991819210987907E+0002  0.00000000000000000000E+0000  0.00000000000000000000E+0000  2.19854748356037221380E+0002  0.00000000000000000000E+0000  0.00000000000000000000E+0000  0.00000000000000000000E+0000  0.00000000000000000000E+0000  0.00000000000000000000E+0000 -4.90368360378297019983E-0006 -3.10858571918095921162E+0000  0.00000000000000000000E+0000  0.00000000000000000000E+0000  0.00000000000000000000E+0000  2.24170866373696316670E-0002
 4.70300000000000000022E-0010  0.00000000000000000000E+0000 -6.15985855827445442549E-0002  8.67735329910589480672E-0003 -6.15985855827445442549E-0002  1.04999999999999999996E+0000  1.49267597244939842960E+0000  1.56956618681598000342E+0000  1.44383752031722932053E+0000  0.00000000000000000000E+0000  2.34433159148802059510E+0002  0.00000000000000000000E+0000  1.83864410549902183455E-0038  2.14721488196901590380E-0001  2.21666354217737472855E-0032  0.00000000000000000000E+0000  2.19839350645194097078E+0002  0.00000000000000000000E+0000  0.00000000000000000000E+0000  2.19855413896354437348E+0002  0.00000000000000000000E+0000  0.00000000000000000000E+0000  0.00000000000000000000E+0000  0.00000000000000000000E+0000  0.00000000000000000000E+0000 -4.99750730981984886914E-0006 -3.10889718820823619371E+0000  0.00000000000000000000E+0000  0.00000000000000000000E+0000  0.00000000000000000000E+0000  2.27914767699286024845E-0002
 4.79900000000000000011E-0010  0.00000000000000000000E+0000 -6.24681126629244387149E-0002  8.76635536652421138499E-0003 -6.24681126629244387149E-0002  1.04999999999999999996E+0000  1.49267645449880418328E+0000  1.56956630566595531199E+0000  1.44383758492791813789E+0000  0.00000000000000000000E+0000  2.34433159148802059510E+0002  0.00000000000000000000E+0000  1.83867855167496239402E-0038  2.14722610341893369794E-0001  2.21666911142425155738E-0032  0.00000000000000000000E+0000  2.19839721144171943351E+0002  0.00000000000000000000E+0000  0.00000000000000000000E+0000  2.19856100584182936275E+0002  0.00000000000000000000E+0000  0.00000000000000000000E+0000  0.00000000000000000000E+0000  0.00000000000000000000E+0000  0.00000000000000000000E+0000 -5.09952467832432660334E-0006 -3.10920131084995810065E+0000  0.00000000000000000000E+0000  0.00000000000000000000E+0000  0.00000000000000000000E+0000  2.31711038720504363477E-0002
 4.89499999999999999999E-0010  0.00000000000000000000E+0000 -6.33475272275081511582E-0002  8.85686803693394264595E-0003 -6.33475272275081511582E-0002  1.04999999999999999996E+0000  1.49267693405665564097E+0000  1.56956642447870818276E+0000  1.44383764920661967612E+0000  0.00000000000000000000E+0000  2.34433159148802059510E+0002  0.00000000000000000000E+0000  1.83871282033025941539E-0038  2.14723731935131326875E-0001  2.21667464820955443951E-0032  0.00000000000000000000E+0000  2.19840091773255526919E+0002  0.00000000000000000000E+0000  0.00000000000000000000E+0000  2.19856786922644607610E+0002  0.00000000000000000000E+0000  0.00000000000000000000E+0000  0.00000000000000000000E+0000  0.00000000000000000000E+0000  0.00000000000000000000E+0000 -5.19274938556457378151E-0006 -3.10951863529253491928E+0000  0.00000000000000000000E+0000  0.00000000000000000000E+0000  0.00000000000000000000E+0000  2.35593724510471971096E-0002
 4.99400000000000000023E-0010  0.00000000000000000000E+0000 -6.42377925514282894034E-0002  8.94966605935247258417E-0003 -6.42377925514282894034E-0002  1.04999999999999999996E+0000  1.49267742594874018699E+0000  1.56956654696551253965E+0000  1.44383771513333270160E+0000  0.00000000000000000000E+0000  2.34433159148802059510E+0002  0.00000000000000000000E+0000  1.83874798412026429943E-0038  2.14724888038617575512E-0001  2.21668032592707060387E-0032  0.00000000000000000000E+0000  2.19840474071978493095E+0002  0.00000000000000000000E+0000  0.00000000000000000000E+0000  2.19857494380652956870E+0002  0.00000000000000000000E+0000  0.00000000000000000000E+0000  0.00000000000000000000E+0000  0.00000000000000000000E+0000  0.00000000000000000000E+0000 -5.29366557784322987498E-0006 -3.10982890181191966284E+0000  0.00000000000000000000E+0000  0.00000000000000000000E+0000  0.00000000000000000000E+0000  2.39493235278158645729E-0002
 5.09500000000000000001E-0010  0.00000000000000000000E+0000 -6.51355872848071810528E-0002  9.03897017314337057591E-0003 -6.51355872848071810528E-0002  1.04999999999999999996E+0000  1.49267792499360640954E+0000  1.56956667188668883125E+0000  1.44383778200606637237E+0000  0.00000000000000000000E+0000  2.34433159148802059510E+0002  0.00000000000000000000E+0000  1.83878366785389698967E-0038  2.14726066917225539288E-0001  2.21668608360875475845E-0032  0.00000000000000000000E+0000  2.19840864217599219477E+0002  0.00000000000000000000E+0000  0.00000000000000000000E+0000  2.19858215766234873473E+0002  0.00000000000000000000E+0000  0.00000000000000000000E+0000  0.00000000000000000000E+0000  0.00000000000000000000E+0000  0.00000000000000000000E+0000 -5.39683584601060678516E-0006 -3.11013896455143395059E+0000  0.00000000000000000000E+0000  0.00000000000000000000E+0000  0.00000000000000000000E+0000  2.43469178616394385321E-0002
 5.19799999999999999986E-0010  0.00000000000000000000E+0000 -6.60431536097301408446E-0002  9.12927125641596264051E-0003 -6.60431536097301408446E-0002  1.04999999999999999996E+0000  1.49267843100653424472E+0000  1.56956679924016122198E+0000  1.44383784979227304611E+0000  0.00000000000000000000E+0000  2.34433159148802059510E+0002  0.00000000000000000000E+0000  1.83881986234761138786E-0038  2.14727268547226246304E-0001  2.21669191960809101097E-0032  0.00000000000000000000E+0000  2.19841262208300628991E+0002  0.00000000000000000000E+0000  0.00000000000000000000E+0000  2.19858951066091640597E+0002  0.00000000000000000000E+0000  0.00000000000000000000E+0000  0.00000000000000000000E+0000  0.00000000000000000000E+0000  0.00000000000000000000E+0000 -5.50178052965998549506E-0006 -3.11044942032727340475E+0000  0.00000000000000000000E+0000  0.00000000000000000000E+0000  0.00000000000000000000E+0000  2.47502666780749994620E-0002
 5.30299999999999999977E-0010  0.00000000000000000000E+0000 -6.69606370411228830561E-0002  9.22048461108641090554E-0003 -6.69606370411228830561E-0002  1.04999999999999999996E+0000  1.49267894380479047151E+0000  1.56956692902382628980E+0000  1.44383791845940728815E+0000  0.00000000000000000000E+0000  2.34433159148802059510E+0002  0.00000000000000000000E+0000  1.83885655675842863013E-0038  2.14728492898881479761E-0001  2.21669783196866400356E-0032  0.00000000000000000000E+0000  2.19841668050342948518E+0002  0.00000000000000000000E+0000  0.00000000000000000000E+0000  2.19859700260725681412E+0002  0.00000000000000000000E+0000  0.00000000000000000000E+0000  0.00000000000000000000E+0000  0.00000000000000000000E+0000  0.00000000000000000000E+0000 -5.60831871572856816888E-0006 -3.11076047448049888052E+0000  0.00000000000000000000E+0000  0.00000000000000000000E+0000  0.00000000000000000000E+0000  2.51593611989018312454E-0002
 5.41000000000000000024E-0010  0.00000000000000000000E+0000 -6.78880348880913459406E-0002  9.31229872523782838189E-0003 -6.78880348880913459406E-0002  1.04999999999999999996E+0000  1.49267946320826275968E+0000  1.56956706123555456383E+0000  1.44383798797505606682E+0000  0.00000000000000000000E+0000  2.34433159148802059510E+0002  0.00000000000000000000E+0000  1.83889374038544846389E-0038  2.14729739942084974562E-0001  2.21670381875405913303E-0032  0.00000000000000000000E+0000  2.19842081750071505042E+0002  0.00000000000000000000E+0000  0.00000000000000000000E+0000  2.19860463330336266666E+0002  0.00000000000000000000E+0000  0.00000000000000000000E+0000  0.00000000000000000000E+0000  0.00000000000000000000E+0000  0.00000000000000000000E+0000 -5.71628551713513076911E-0006 -3.11107229863752788538E+0000  0.00000000000000000000E+0000  0.00000000000000000000E+0000  0.00000000000000000000E+0000  2.55742888012278337559E-0002
 5.51899999999999999976E-0010  0.00000000000000000000E+0000 -6.88253020085938574640E-0002  9.40437989418216756970E-0003 -6.88253020085938574640E-0002  1.04999999999999999996E+0000  1.49267998904007290228E+0000  1.56956719587319206441E+0000  1.44383805830706949541E+0000  0.00000000000000000000E+0000  2.34433159148802059510E+0002  0.00000000000000000000E+0000  1.83893140270283569826E-0038  2.14731009646382790164E-0001  2.21670987805479077415E-0032  0.00000000000000000000E+0000  2.19842503313913162938E+0002  0.00000000000000000000E+0000  0.00000000000000000000E+0000  2.19861240254830508770E+0002  0.00000000000000000000E+0000  0.00000000000000000000E+0000  0.00000000000000000000E+0000  0.00000000000000000000E+0000  0.00000000000000000000E+0000 -5.82553064651195096778E-0006 -3.11138503403661411252E+0000  0.00000000000000000000E+0000  0.00000000000000000000E+0000  0.00000000000000000000E+0000  2.59951322685172577005E-0002
 5.63100000000000000014E-0010  0.00000000000000000000E+0000 -6.97717883129005426451E-0002  9.49547097121610559112E-0003 -6.97717883129005426451E-0002  1.04999999999999999996E+0000  1.49268052591836182454E+0000  1.56956733416931079465E+0000  1.44383813006394708806E+0000  0.00000000000000000000E+0000  2.34433159148802059510E+0002  0.00000000000000000000E+0000  1.83896987886699382026E-0038  2.14732313629672656263E-0001  2.21671606357437150752E-0032  0.00000000000000000000E+0000  2.19842936608565277329E+0002  0.00000000000000000000E+0000  0.00000000000000000000E+0000  2.19862038144154405453E+0002  0.00000000000000000000E+0000  0.00000000000000000000E+0000  0.00000000000000000000E+0000  0.00000000000000000000E+0000  0.00000000000000000000E+0000 -5.94138719062548440155E-0006 -3.11169229680711816911E+0000  0.00000000000000000000E+0000  0.00000000000000000000E+0000  0.00000000000000000000E+0000  2.64212631000238709955E-0002
 5.74399999999999999978E-0010  0.00000000000000000000E+0000 -7.07282437990063905377E-0002  9.58696845555551040030E-0003 -7.07282437990063905377E-0002  1.04999999999999999996E+0000  1.49268106408670420766E+0000  1.56956747365213688009E+0000  1.44383820193301952233E+0000  0.00000000000000000000E+0000  2.34433159148802059510E+0002  0.00000000000000000000E+0000  1.83900846553715336389E-0038  2.14733628556390595773E-0001  2.21672226189905139912E-0032  0.00000000000000000000E+0000  2.19843373929763533731E+0002  0.00000000000000000000E+0000  0.00000000000000000000E+0000  2.19862842709644072225E+0002  0.00000000000000000000E+0000  0.00000000000000000000E+0000  0.00000000000000000000E+0000  0.00000000000000000000E+0000  0.00000000000000000000E+0000 -6.05254659283870065999E-0006 -3.11200782441934895072E+0000  0.00000000000000000000E+0000  0.00000000000000000000E+0000  0.00000000000000000000E+0000  2.68556888858805789152E-0002
 5.85999999999999999977E-0010  0.00000000000000000000E+0000 -7.16956051731203613210E-0002  9.68006648852784053747E-0003 -7.16956051731203613210E-0002  1.04999999999999999996E+0000  1.49268161290403369686E+0000  1.56956761678813359233E+0000  1.44383827515524265932E+0000  0.00000000000000000000E+0000  2.34433159148802059510E+0002  0.00000000000000000000E+0000  1.83904784390310581955E-0038  2.14734977693090493706E-0001  2.21672858241007579210E-0032  0.00000000000000000000E+0000  2.19843822988207132335E+0002  0.00000000000000000000E+0000  0.00000000000000000000E+0000  2.19863668197136576485E+0002  0.00000000000000000000E+0000  0.00000000000000000000E+0000  0.00000000000000000000E+0000  0.00000000000000000000E+0000  0.00000000000000000000E+0000 -6.16984408830412488439E-0006 -3.11231829030797853036E+0000  0.00000000000000000000E+0000  0.00000000000000000000E+0000  0.00000000000000000000E+0000  2.72936079941952258493E-0002
 5.97900000000000000010E-0010  0.00000000000000000000E+0000 -7.26712489753663041172E-0002  9.77026125487813595386E-0003 -7.26712489753663041172E-0002  1.04999999999999999996E+0000  1.49268217214375086205E+0000  1.56956776357411629229E+0000  1.44383834969020781003E+0000  0.00000000000000000000E+0000  2.34433159148802059510E+0002  0.00000000000000000000E+0000  1.83908799607996635041E-0038  2.14736360982547285476E-0001  2.21673502185352535219E-0032  0.00000000000000000000E+0000  2.19844283811761040753E+0002  0.00000000000000000000E+0000  0.00000000000000000000E+0000  2.19864514563625567029E+0002  0.00000000000000000000E+0000  0.00000000000000000000E+0000  0.00000000000000000000E+0000  0.00000000000000000000E+0000  0.00000000000000000000E+0000 -6.29319379089657574973E-0006 -3.11262404932246806825E+0000  0.00000000000000000000E+0000  0.00000000000000000000E+0000  0.00000000000000000000E+0000  2.77386212679502169658E-0002
 6.09900000000000000021E-0010  0.00000000000000000000E+0000 -7.36576154248848277671E-0002  9.86206795623326982540E-0003 -7.36576154248848277671E-0002  1.04999999999999999996E+0000  1.49268273225080998646E+0000  1.56956791154079665547E+0000  1.44383842425571722447E+0000  0.00000000000000000000E+0000  2.34433159148802059510E+0002  0.00000000000000000000E+0000  1.83912823349109189486E-0038  2.14737755130145618724E-0001  2.21674146950856870867E-0032  0.00000000000000000000E+0000  2.19844748681202355717E+0002  0.00000000000000000000E+0000  0.00000000000000000000E+0000  2.19865367548388579669E+0002  0.00000000000000000000E+0000  0.00000000000000000000E+0000  0.00000000000000000000E+0000  0.00000000000000000000E+0000  0.00000000000000000000E+0000 -6.41110606903668085720E-0006 -3.11293902361496773357E+0000  0.00000000000000000000E+0000  0.00000000000000000000E+0000  0.00000000000000000000E+0000  2.81919777408287251343E-0002
 6.22200000000000000016E-0010  0.00000000000000000000E+0000 -7.46554793831323884715E-0002  9.95606247184552139384E-0003 -7.46554793831323884715E-0002  1.04999999999999999996E+0000  1.49268330240954636800E+0000  1.56956806315193561087E+0000  1.44383850006577809484E+0000  0.00000000000000000000E+0000  2.34433159148802059510E+0002  0.00000000000000000000E+0000  1.83916922594957697019E-0038  2.14739183364717248505E-0001  2.21674803269480684811E-0032  0.00000000000000000000E+0000  2.19845225313161467651E+0002  0.00000000000000000000E+0000  0.00000000000000000000E+0000  2.19866241373812879453E+0002  0.00000000000000000000E+0000  0.00000000000000000000E+0000  0.00000000000000000000E+0000  0.00000000000000000000E+0000  0.00000000000000000000E+0000 -6.53446667710572889883E-0006 -3.11324976325975934146E+0000  0.00000000000000000000E+0000  0.00000000000000000000E+0000  0.00000000000000000000E+0000  2.86488372307582193330E-0002
 6.34799999999999999995E-0010  0.00000000000000000000E+0000 -7.56619325223300988242E-0002  1.00471282197028252879E-0002 -7.56619325223300988242E-0002  1.04999999999999999996E+0000  1.49268388240897122816E+0000  1.56956821840423371359E+0000  1.44383857708223042003E+0000  0.00000000000000000000E+0000  2.34433159148802059510E+0002  0.00000000000000000000E+0000  1.83921095629349079144E-0038  2.14740645626985826678E-0001  2.21675470831116709631E-0032  0.00000000000000000000E+0000  2.19845713736892010501E+0002  0.00000000000000000000E+0000  0.00000000000000000000E+0000  2.19867135994867900384E+0002  0.00000000000000000000E+0000  0.00000000000000000000E+0000  0.00000000000000000000E+0000  0.00000000000000000000E+0000  0.00000000000000000000E+0000 -6.66324481590805248732E-0006 -3.11355649534360951142E+0000  0.00000000000000000000E+0000  0.00000000000000000000E+0000  0.00000000000000000000E+0000  2.91128828441217396244E-0002
 6.47500000000000000002E-0010  0.00000000000000000000E+0000 -7.66791879476628596813E-0002  1.01393802460749304597E-0002 -7.66791879476628596813E-0002  1.04999999999999999996E+0000  1.49268446290461924766E+0000  1.56956837483099309442E+0000  1.44383865405610588284E+0000  0.00000000000000000000E+0000  2.34433159148802059510E+0002  0.00000000000000000000E+0000  1.83925274926549495735E-0038  2.14742118658780623580E-0001  2.21676138808938853800E-0032  0.00000000000000000000E+0000  2.19846206226659091398E+0002  0.00000000000000000000E+0000  0.00000000000000000000E+0000  2.19868037173440849699E+0002  0.00000000000000000000E+0000  0.00000000000000000000E+0000  0.00000000000000000000E+0000  0.00000000000000000000E+0000  0.00000000000000000000E+0000 -6.78602863887082932808E-0006 -3.11387301737388684617E+0000  0.00000000000000000000E+0000  0.00000000000000000000E+0000  0.00000000000000000000E+0000  2.95854268547101458892E-0002
 6.60600000000000000022E-0010  0.00000000000000000000E+0000 -7.77073912167477104246E-0002  1.02326137199986332435E-0002 -7.77073912167477104246E-0002  1.04999999999999999996E+0000  1.49268505744362469658E+0000  1.56956853612441070032E+0000  1.44383873277494387201E+0000  0.00000000000000000000E+0000  2.34433159148802059510E+0002  0.00000000000000000000E+0000  1.83929559233566582407E-0038  2.14743637249035077152E-0001  2.21676822989878347050E-0032  0.00000000000000000000E+0000  2.19846714374406580428E+0002  0.00000000000000000000E+0000  0.00000000000000000000E+0000  2.19868966206708442657E+0002  0.00000000000000000000E+0000  0.00000000000000000000E+0000  0.00000000000000000000E+0000  0.00000000000000000000E+0000  0.00000000000000000000E+0000 -6.91917901587904219980E-0006 -3.11417929661127020459E+0000  0.00000000000000000000E+0000  0.00000000000000000000E+0000  0.00000000000000000000E+0000  3.00608033975107099021E-0002
 6.73899999999999999996E-0010  0.00000000000000000000E+0000 -7.87441831553497135389E-0002  1.03229505608301292203E-0002 -7.87441831553497135389E-0002  1.04999999999999999996E+0000  1.49268565675749583605E+0000  1.56956869981859319649E+0000  1.44383881200222781275E+0000  0.00000000000000000000E+0000  2.34433159148802059510E+0002  0.00000000000000000000E+0000  1.83933880886613853787E-0038  2.14745178131377786534E-0001  2.21677512526258854431E-0032  0.00000000000000000000E+0000  2.19847230483308999818E+0002  0.00000000000000000000E+0000  0.00000000000000000000E+0000  2.19869908841380113512E+0002  0.00000000000000000000E+0000  0.00000000000000000000E+0000  0.00000000000000000000E+0000  0.00000000000000000000E+0000  0.00000000000000000000E+0000 -7.05157332719846243852E-0006 -3.11448907977230164657E+0000  0.00000000000000000000E+0000  0.00000000000000000000E+0000  0.00000000000000000000E+0000  3.05457948935273527330E-0002
 6.87500000000000000006E-0010  0.00000000000000000000E+0000 -7.97921949900283158415E-0002  1.04152100857960408366E-0002 -7.97921949900283158415E-0002  1.04999999999999999996E+0000  1.49268626520011745155E+0000  1.56956886714133386936E+0000  1.44383889230551857327E+0000  0.00000000000000000000E+0000  2.34433159148802059510E+0002  0.00000000000000000000E+0000  1.83938272024068723939E-0038  2.14746752869324519696E-0001  2.21678212546022938374E-0032  0.00000000000000000000E+0000  2.19847758411984345941E+0002  0.00000000000000000000E+0000  0.00000000000000000000E+0000  2.19870872158764769547E+0002  0.00000000000000000000E+0000  0.00000000000000000000E+0000  0.00000000000000000000E+0000  0.00000000000000000000E+0000  0.00000000000000000000E+0000 -7.18820386768658589356E-0006 -3.11479620754056967533E+0000  0.00000000000000000000E+0000  0.00000000000000000000E+0000  0.00000000000000000000E+0000  3.10360677128305034615E-0002
 7.01300000000000000021E-0010  0.00000000000000000000E+0000 -8.08507695441163496710E-0002  1.05076673809310376863E-0002 -8.08507695441163496710E-0002  1.04999999999999999996E+0000  1.49268687815319845184E+0000  1.56956903685932227480E+0000  1.44383897306783403800E+0000  0.00000000000000000000E+0000  2.34433159148802059510E+0002  0.00000000000000000000E+0000  1.83942699002353941999E-0038  2.14748349827472854868E-0001  2.21678917667735948410E-0032  0.00000000000000000000E+0000  2.19848294308903120700E+0002  0.00000000000000000000E+0000  0.00000000000000000000E+0000  2.19871849031193286134E+0002  0.00000000000000000000E+0000  0.00000000000000000000E+0000  0.00000000000000000000E+0000  0.00000000000000000000E+0000  0.00000000000000000000E+0000 -7.32346527668545474460E-0006 -3.11510747361808454587E+0000  0.00000000000000000000E+0000  0.00000000000000000000E+0000  0.00000000000000000000E+0000  3.15341145303818340879E-0002
 7.15499999999999999998E-0010  0.00000000000000000000E+0000 -8.19197679917332429014E-0002  1.06000583164219614085E-0002 -8.19197679917332429014E-0002  1.04999999999999999996E+0000  1.49268750432972861406E+0000  1.56956921142867565644E+0000  1.44383905542931451527E+0000  0.00000000000000000000E+0000  2.34433159148802059510E+0002  0.00000000000000000000E+0000  1.83947225494423485125E-0038  2.14749992121096209267E-0001  2.21679638035719732515E-0032  0.00000000000000000000E+0000  2.19848845919251850350E+0002  0.00000000000000000000E+0000  0.00000000000000000000E+0000  2.19872853605766065618E+0002  0.00000000000000000000E+0000  0.00000000000000000000E+0000  0.00000000000000000000E+0000  0.00000000000000000000E+0000  0.00000000000000000000E+0000 -7.46806754825940061932E-0006 -3.11540983306720201769E+0000  0.00000000000000000000E+0000  0.00000000000000000000E+0000  0.00000000000000000000E+0000  3.20368136624971605040E-0002
 7.29899999999999999981E-0010  0.00000000000000000000E+0000 -8.29984083563998391848E-0002  1.06909473022403749495E-0002 -8.29984083563998391848E-0002  1.04999999999999999996E+0000  1.49268813474721589779E+0000  1.56956938838709779568E+0000  1.44383913820124729207E+0000  0.00000000000000000000E+0000  2.34433159148802059510E+0002  0.00000000000000000000E+0000  1.83951785834610788201E-0038  2.14751656540242197803E-0001  2.21680363177256533314E-0032  0.00000000000000000000E+0000  2.19849405528553540567E+0002  0.00000000000000000000E+0000  0.00000000000000000000E+0000  2.19873871667085300438E+0002  0.00000000000000000000E+0000  0.00000000000000000000E+0000  0.00000000000000000000E+0000  0.00000000000000000000E+0000  0.00000000000000000000E+0000 -7.61075754079533199656E-0006 -3.11571712160963892727E+0000  0.00000000000000000000E+0000  0.00000000000000000000E+0000  0.00000000000000000000E+0000  3.25491675900157580806E-0002
 7.44599999999999999998E-0010  0.00000000000000000000E+0000 -8.40890210455138433526E-0002  1.07840997824730112135E-0002 -8.40890210455138433526E-0002  1.04999999999999999996E+0000  1.49268877366063772941E+0000  1.56956956896033231967E+0000  1.44383922193690129106E+0000  0.00000000000000000000E+0000  2.34433159148802059510E+0002  0.00000000000000000000E+0000  1.83956411465677512009E-0038  2.14753354620015887014E-0001  2.21681098107066781889E-0032  0.00000000000000000000E+0000  2.19849976999317696602E+0002  0.00000000000000000000E+0000  0.00000000000000000000E+0000  2.19874910278474118328E+0002  0.00000000000000000000E+0000  0.00000000000000000000E+0000  0.00000000000000000000E+0000  0.00000000000000000000E+0000  0.00000000000000000000E+0000 -7.75662282969848027927E-0006 -3.11602298270510403764E+0000  0.00000000000000000000E+0000  0.00000000000000000000E+0000  0.00000000000000000000E+0000  3.30668477330730298320E-0002
 7.59599999999999999999E-0010  0.00000000000000000000E+0000 -8.51899890254313402213E-0002  1.08762589886487782173E-0002 -8.51899890254313402213E-0002  1.04999999999999999996E+0000  1.49268942092269468768E+0000  1.56956975314471390613E+0000  1.44383930661138973101E+0000  0.00000000000000000000E+0000  2.34433159148802059510E+0002  0.00000000000000000000E+0000  1.83961101173885555398E-0038  2.14755086301407387516E-0001  2.21681842632472096059E-0032  0.00000000000000000000E+0000  2.19850560354170518881E+0002  0.00000000000000000000E+0000  0.00000000000000000000E+0000  2.19875969396164145986E+0002  0.00000000000000000000E+0000  0.00000000000000000000E+0000  0.00000000000000000000E+0000  0.00000000000000000000E+0000  0.00000000000000000000E+0000 -7.90557802817145572020E-0006 -3.11632753048268080435E+0000  0.00000000000000000000E+0000  0.00000000000000000000E+0000  0.00000000000000000000E+0000  3.35917057886527960667E-0002
 7.74899999999999999984E-0010  0.00000000000000000000E+0000 -8.63015317326688538617E-0002  1.09679444179560477502E-0002 -8.63015317326688538617E-0002  1.04999999999999999996E+0000  1.49269007639362522759E+0000  1.56956994093653305329E+0000  1.44383939220179023058E+0000  0.00000000000000000000E+0000  2.34433159148802059510E+0002  0.00000000000000000000E+0000  1.83965853978101889028E-0038  2.14756851531632522988E-0001  2.21682596607380094937E-0032  0.00000000000000000000E+0000  2.19851155604708655422E+0002  0.00000000000000000000E+0000  0.00000000000000000000E+0000  2.19877048983783093594E+0002  0.00000000000000000000E+0000  0.00000000000000000000E+0000  0.00000000000000000000E+0000  0.00000000000000000000E+0000  0.00000000000000000000E+0000 -8.05730769428763376879E-0006 -3.11663114650487157401E+0000  0.00000000000000000000E+0000  0.00000000000000000000E+0000  0.00000000000000000000E+0000  3.41238034970607313775E-0002
 7.90500000000000000004E-0010  0.00000000000000000000E+0000 -8.74239048545858980871E-0002  1.10595424923706671798E-0002 -8.74239048545858980871E-0002  1.04999999999999999996E+0000  1.49269073994124298747E+0000  1.56957013233203920616E+0000  1.44383947868723998200E+0000  0.00000000000000000000E+0000  2.34433159148802059510E+0002  0.00000000000000000000E+0000  1.83970668930113840179E-0038  2.14758650257284200229E-0001  2.21683359897116251269E-0032  0.00000000000000000000E+0000  2.19851762762677632457E+0002  0.00000000000000000000E+0000  0.00000000000000000000E+0000  2.19878149004412399348E+0002  0.00000000000000000000E+0000  0.00000000000000000000E+0000  0.00000000000000000000E+0000  0.00000000000000000000E+0000  0.00000000000000000000E+0000 -8.21152433549923008766E-0006 -3.11693415785376109974E+0000  0.00000000000000000000E+0000  0.00000000000000000000E+0000  0.00000000000000000000E+0000  3.46630870380971990325E-0002
 8.06400000000000000007E-0010  0.00000000000000000000E+0000 -8.85572589470312830165E-0002  1.11512031040598970128E-0002 -8.85572589470312830165E-0002  1.04999999999999999996E+0000  1.49269141144088987464E+0000  1.56957032732744387719E+0000  1.44383956604901537914E+0000  0.00000000000000000000E+0000  2.34433159148802059510E+0002  0.00000000000000000000E+0000  1.83975545114247510804E-0038  2.14760482424374097099E-0001  2.21684132378760127022E-0032  0.00000000000000000000E+0000  2.19852381839964609617E+0002  0.00000000000000000000E+0000  0.00000000000000000000E+0000  2.19879269420611775002E+0002  0.00000000000000000000E+0000  0.00000000000000000000E+0000  0.00000000000000000000E+0000  0.00000000000000000000E+0000  0.00000000000000000000E+0000 -8.36796592449720750720E-0006 -3.11723684228234353090E+0000  0.00000000000000000000E+0000  0.00000000000000000000E+0000  0.00000000000000000000E+0000  3.52095360134184198357E-0002
 8.22599999999999999994E-0010  0.00000000000000000000E+0000 -8.97016407905933419120E-0002  1.12429048471998322733E-0002 -8.97016407905933419120E-0002  1.04999999999999999996E+0000  1.49269209077530536740E+0000  1.56957052591892373585E+0000  1.44383965427059522582E+0000  0.00000000000000000000E+0000  2.34433159148802059510E+0002  0.00000000000000000000E+0000  1.83980481646649678668E-0038  2.14762347978374091724E-0001  2.21684913941397455819E-0032  0.00000000000000000000E+0000  2.19853012848591207379E+0002  0.00000000000000000000E+0000  0.00000000000000000000E+0000  2.19880410194443796090E+0002  0.00000000000000000000E+0000  0.00000000000000000000E+0000  0.00000000000000000000E+0000  0.00000000000000000000E+0000  0.00000000000000000000E+0000 -8.52639363804579766033E-0006 -3.11753943291847670149E+0000  0.00000000000000000000E+0000  0.00000000000000000000E+0000  0.00000000000000000000E+0000  3.57631690450017572621E-0002
 8.39100000000000000016E-0010  0.00000000000000000000E+0000 -9.08570418288054237996E-0002  1.13345475408422915699E-0002 -9.08570418288054237996E-0002  1.04999999999999999996E+0000  1.49269277783441360152E+0000  1.56957072810262367787E+0000  1.44383974333770680393E+0000  0.00000000000000000000E+0000  2.34433159148802059510E+0002  0.00000000000000000000E+0000  1.83985477674255865231E-0038  2.14764246864257282463E-0001  2.21685704486287355066E-0032  0.00000000000000000000E+0000  2.19853655800706410270E+0002  0.00000000000000000000E+0000  0.00000000000000000000E+0000  2.19881571287498454231E+0002  0.00000000000000000000E+0000  0.00000000000000000000E+0000  0.00000000000000000000E+0000  0.00000000000000000000E+0000  0.00000000000000000000E+0000 -8.68658979870442013284E-0006 -3.11784212256081201477E+0000  0.00000000000000000000E+0000  0.00000000000000000000E+0000  0.00000000000000000000E+0000  3.63240017104065278283E-0002
 8.55999999999999999999E-0010  0.00000000000000000000E+0000 -9.20228411246214379364E-0002  1.14253264827352498013E-0002 -9.20228411246214379364E-0002  1.04999999999999999996E+0000  1.49269347664883617304E+0000  1.56957093509944811053E+0000  1.44383983377338866541E+0000  0.00000000000000000000E+0000  2.34433159148802059510E+0002  0.00000000000000000000E+0000  1.83990562652028582152E-0038  2.14766190534999214747E-0001  2.21686508718168710839E-0032  0.00000000000000000000E+0000  2.19854314594431536206E+0002  0.00000000000000000000E+0000  0.00000000000000000000E+0000  2.19882759701762191137E+0002  0.00000000000000000000E+0000  0.00000000000000000000E+0000  0.00000000000000000000E+0000  0.00000000000000000000E+0000  0.00000000000000000000E+0000 -8.85374554927873264570E-0006 -3.11813858574760010113E+0000  0.00000000000000000000E+0000  0.00000000000000000000E+0000  0.00000000000000000000E+0000  3.68912548187769047721E-0002
 8.73200000000000000017E-0010  0.00000000000000000000E+0000 -9.31988695987946191414E-0002  1.15150605735913875087E-0002 -9.31988695987946191414E-0002  1.04999999999999999996E+0000  1.49269418295628585156E+0000  1.56957114568007828528E+0000  1.44383992502794006796E+0000  0.00000000000000000000E+0000  2.34433159148802059510E+0002  0.00000000000000000000E+0000  1.83995705103025908024E-0038  2.14768167410040304352E-0001  2.21687321704741746440E-0032  0.00000000000000000000E+0000  2.19854985371404865829E+0002  0.00000000000000000000E+0000  0.00000000000000000000E+0000  2.19883968342053436731E+0002  0.00000000000000000000E+0000  0.00000000000000000000E+0000  0.00000000000000000000E+0000  0.00000000000000000000E+0000  0.00000000000000000000E+0000 -9.02202830163101534255E-0006 -3.11843600599306236825E+0000  0.00000000000000000000E+0000  0.00000000000000000000E+0000  0.00000000000000000000E+0000  3.74674243163795969933E-0002
 8.90799999999999999996E-0010  0.00000000000000000000E+0000 -9.43862846885154350632E-0002  1.16057641532212335842E-0002 -9.43862846885154350632E-0002  1.04999999999999999996E+0000  1.49269490074188719846E+0000  1.56957136106425906212E+0000  1.44384001761981291387E+0000  0.00000000000000000000E+0000  2.34433159148802059510E+0002  0.00000000000000000000E+0000  1.84000934332332522236E-0038  2.14770188933346248177E-0001  2.21688148141347183533E-0032  0.00000000000000000000E+0000  2.19855672020033921524E+0002  0.00000000000000000000E+0000  0.00000000000000000000E+0000  2.19885204208272385065E+0002  0.00000000000000000000E+0000  0.00000000000000000000E+0000  0.00000000000000000000E+0000  0.00000000000000000000E+0000  0.00000000000000000000E+0000 -9.19644830159714258957E-0006 -3.11872823005200279002E+0000  0.00000000000000000000E+0000  0.00000000000000000000E+0000  0.00000000000000000000E+0000  3.80498632571769379945E-0002
 9.08700000000000000009E-0010  0.00000000000000000000E+0000 -9.55846269558067775175E-0002  1.16961064515208737587E-0002 -9.55846269558067775175E-0002  1.04999999999999999996E+0000  1.49269562581137992766E+0000  1.56957158002362978460E+0000  1.44384011101302482162E+0000  0.00000000000000000000E+0000  2.34433159148802059510E+0002  0.00000000000000000000E+0000  1.84006219291472957695E-0038  2.14772243537565221458E-0001  2.21688983186505715709E-0032  0.00000000000000000000E+0000  2.19856370680014874708E+0002  0.00000000000000000000E+0000  0.00000000000000000000E+0000  2.19886460213339352043E+0002  0.00000000000000000000E+0000  0.00000000000000000000E+0000  0.00000000000000000000E+0000  0.00000000000000000000E+0000  0.00000000000000000000E+0000 -9.37125232989395460212E-0006 -3.11902229834525882902E+0000  0.00000000000000000000E+0000  0.00000000000000000000E+0000  0.00000000000000000000E+0000  3.86411587522139609984E-0002
 9.26999999999999999985E-0010  0.00000000000000000000E+0000 -9.67947297555737850769E-0002  1.17873006494572234506E-0002 -9.67947297555737850769E-0002  1.04999999999999999996E+0000  1.49269636210456575201E+0000  1.56957180377677242859E+0000  1.44384020572193063508E+0000  0.00000000000000000000E+0000  2.34433159148802059510E+0002  0.00000000000000000000E+0000  1.84011588946133208898E-0038  2.14774342650278741028E-0001  2.21689831496052394369E-0032  0.00000000000000000000E+0000  2.19857085242463469579E+0002  0.00000000000000000000E+0000  0.00000000000000000000E+0000  2.19887743346227049410E+0002  0.00000000000000000000E+0000  0.00000000000000000000E+0000  0.00000000000000000000E+0000  0.00000000000000000000E+0000  0.00000000000000000000E+0000 -9.55150988470371752261E-0006 -3.11931193845673045378E+0000  0.00000000000000000000E+0000  0.00000000000000000000E+0000  0.00000000000000000000E+0000  3.92388121675007937513E-0002
 9.45600000000000000045E-0010  0.00000000000000000000E+0000 -9.80159293705891668466E-0002  1.18776331381471993980E-0002 -9.80159293705891668466E-0002  1.04999999999999999996E+0000  1.49269710549153284600E+0000  1.56957203109631993987E+0000  1.44384030122375049579E+0000  0.00000000000000000000E+0000  2.34433159148802059510E+0002  0.00000000000000000000E+0000  1.84017012661909801420E-0038  2.14776474717841149765E-0001  2.21690688316327688283E-0032  0.00000000000000000000E+0000  2.19857811845049761712E+0002  0.00000000000000000000E+0000  0.00000000000000000000E+0000  2.19889046528314731729E+0002  0.00000000000000000000E+0000  0.00000000000000000000E+0000  0.00000000000000000000E+0000  0.00000000000000000000E+0000  0.00000000000000000000E+0000 -9.73153495864835835700E-0006 -3.11960407210870436568E+0000  0.00000000000000000000E+0000  0.00000000000000000000E+0000  0.00000000000000000000E+0000  3.98454509305915826341E-0002
 9.64700000000000000044E-0010  0.00000000000000000000E+0000 -9.92484048873970992738E-0002  1.19677587663970633548E-0002 -9.92484048873970992738E-0002  1.04999999999999999996E+0000  1.49269786383559358652E+0000  1.56957226442123739434E+0000  1.44384039853860266672E+0000  0.00000000000000000000E+0000  2.34433159148802059510E+0002  0.00000000000000000000E+0000  1.84022548225854596535E-0038  2.14778662614205930612E-0001  2.21691562872942340919E-0032  0.00000000000000000000E+0000  2.19858558275987724037E+0002  0.00000000000000000000E+0000  0.00000000000000000000E+0000  2.19890383748338950426E+0002  0.00000000000000000000E+0000  0.00000000000000000000E+0000  0.00000000000000000000E+0000  0.00000000000000000000E+0000  0.00000000000000000000E+0000 -9.92180802264319853810E-0006 -3.11988586055200526346E+0000  0.00000000000000000000E+0000  0.00000000000000000000E+0000  0.00000000000000000000E+0000  4.04577193216367097912E-0002
 9.83999999999999999999E-0010  0.00000000000000000000E+0000 -1.00491812266258816225E-0001  1.20564211259206391872E-0002 -1.00491812266258816225E-0001  1.04999999999999999996E+0000  1.49269862512560750310E+0000  1.56957250008198980515E+0000  1.44384049613697770646E+0000  0.00000000000000000000E+0000  2.34433159148802059510E+0002  0.00000000000000000000E+0000  1.84028106881886835085E-0038  2.14780871865023886919E-0001  2.21692441253376042532E-0032  0.00000000000000000000E+0000  2.19859312897274201543E+0002  0.00000000000000000000E+0000  0.00000000000000000000E+0000  2.19891733903767145772E+0002  0.00000000000000000000E+0000  0.00000000000000000000E+0000  0.00000000000000000000E+0000  0.00000000000000000000E+0000  0.00000000000000000000E+0000 -1.01057119393639961609E-0005 -3.12017762512883008435E+0000  0.00000000000000000000E+0000  0.00000000000000000000E+0000  0.00000000000000000000E+0000  4.10815454188688087777E-0002
 1.00400000000000000000E-0009  0.00000000000000000000E+0000 -1.01747150286634685499E-0001  1.21464291609859052114E-0002 -1.01747150286634685499E-0001  1.04999999999999999996E+0000  1.49269940893310909546E+0000  1.56957274417771552009E+0000  1.44384059654162160845E+0000  0.00000000000000000000E+0000  2.34433159148802059510E+0002  0.00000000000000000000E+0000  1.84033832849046530456E-0038  2.14783159685381155079E-0001  2.21693346357370823609E-0032  0.00000000000000000000E+0000  2.19860095162326815210E+0002  0.00000000000000000000E+0000  0.00000000000000000000E+0000  2.19893131993842189997E+0002  0.00000000000000000000E+0000  0.00000000000000000000E+0000  0.00000000000000000000E+0000  0.00000000000000000000E+0000  0.00000000000000000000E+0000 -1.03098912365565465634E-0005 -3.12044672323893363969E+0000  0.00000000000000000000E+0000  0.00000000000000000000E+0000  0.00000000000000000000E+0000  4.17075141786818085279E-0002
 1.02400000000000000000E-0009  0.00000000000000000000E+0000 -1.03012707748342369939E-0001  1.22331736212497391743E-0002 -1.03012707748342369939E-0001  1.04999999999999999996E+0000  1.49270018772841120500E+0000  1.56957298816025902827E+0000  1.44384069624110439941E+0000  0.00000000000000000000E+0000  2.34433159148802059510E+0002  0.00000000000000000000E+0000  1.84039522692354469464E-0038  2.14785445832073861616E-0001  2.21694246175966029711E-0032  0.00000000000000000000E+0000  2.19860877882056941823E+0002  0.00000000000000000000E+0000  0.00000000000000000000E+0000  2.19894528911672222857E+0002  0.00000000000000000000E+0000  0.00000000000000000000E+0000  0.00000000000000000000E+0000  0.00000000000000000000E+0000  0.00000000000000000000E+0000 -1.04960910687214708058E-0005 -3.12074004711047519917E+0000  0.00000000000000000000E+0000  0.00000000000000000000E+0000  0.00000000000000000000E+0000  4.23501901642852096697E-0002
 1.04499999999999999998E-0009  0.00000000000000000000E+0000 -1.04291717838708111034E-0001  1.23244532719521447791E-0002 -1.04291717838708111034E-0001  1.04999999999999999996E+0000  1.49270100027700225941E+0000  1.56957324422189853992E+0000  1.44384080021614520444E+0000  0.00000000000000000000E+0000  2.34433159148802059510E+0002  0.00000000000000000000E+0000  1.84045462552798723202E-0038  2.14787844660626285430E-0001  2.21695186066413880168E-0032  0.00000000000000000000E+0000  2.19861699958314890685E+0002  0.00000000000000000000E+0000  0.00000000000000000000E+0000  2.19895994615281026530E+0002  0.00000000000000000000E+0000  0.00000000000000000000E+0000  0.00000000000000000000E+0000  0.00000000000000000000E+0000  0.00000000000000000000E+0000 -1.07178260884421264119E-0005 -3.12099195644029694832E+0000  0.00000000000000000000E+0000  0.00000000000000000000E+0000  0.00000000000000000000E+0000  4.29889847174787506055E-0002
 1.06599999999999999997E-0009  0.00000000000000000000E+0000 -1.05577945971663541071E-0001  1.24071807478392157162E-0002 -1.05577945971663541071E-0001  1.04999999999999999996E+0000  1.49270180771355387612E+0000  1.56957350016250088789E+0000  1.44384090351178589085E+0000  0.00000000000000000000E+0000  2.34433159148802059510E+0002  0.00000000000000000000E+0000  1.84051364675569751065E-0038  2.14790241676535664236E-0001  2.21696120712142920297E-0032  0.00000000000000000000E+0000  2.19862522565850285985E+0002  0.00000000000000000000E+0000  0.00000000000000000000E+0000  2.19897459029142751732E+0002  0.00000000000000000000E+0000  0.00000000000000000000E+0000  0.00000000000000000000E+0000  0.00000000000000000000E+0000  0.00000000000000000000E+0000 -1.09205605530081831026E-0005 -3.12126967583699768964E+0000  0.00000000000000000000E+0000  0.00000000000000000000E+0000  0.00000000000000000000E+0000  4.36497538949463218281E-0002
 1.08700000000000000005E-0009  0.00000000000000000000E+0000 -1.06885397249585765464E-0001  1.25033431910261690602E-0002 -1.06885397249585765464E-0001  1.04999999999999999996E+0000  1.49270261011553058038E+0000  1.56957375598129625989E+0000  1.44384100615874515759E+0000  0.00000000000000000000E+0000  2.34433159148802059510E+0002  0.00000000000000000000E+0000  1.84057231129192815505E-0038  2.14792636949360184569E-0001  2.21697050538650716009E-0032  0.00000000000000000000E+0000  2.19863345553712676989E+0002  0.00000000000000000000E+0000  0.00000000000000000000E+0000  2.19898922248162078275E+0002  0.00000000000000000000E+0000  0.00000000000000000000E+0000  0.00000000000000000000E+0000  0.00000000000000000000E+0000  0.00000000000000000000E+0000 -1.11038154110252044223E-0005 -3.12157280026844386389E+0000  0.00000000000000000000E+0000  0.00000000000000000000E+0000  0.00000000000000000000E+0000  4.43148867832092530352E-0002
 1.10900000000000000001E-0009  0.00000000000000000000E+0000 -1.08204310079896919971E-0001  1.25968266261663866588E-0002 -1.08204310079896919971E-0001  1.04999999999999999996E+0000  1.49270344552147806588E+0000  1.56957402385325283701E+0000  1.44384111304685875191E+0000  0.00000000000000000000E+0000  2.34433159148802059510E+0002  0.00000000000000000000E+0000  1.84063341687218728291E-0038  2.14795144533281951501E-0001  2.21698020018980539870E-0032  0.00000000000000000000E+0000  2.19864207973213118361E+0002  0.00000000000000000000E+0000  0.00000000000000000000E+0000  2.19900453993937866848E+0002  0.00000000000000000000E+0000  0.00000000000000000000E+0000  0.00000000000000000000E+0000  0.00000000000000000000E+0000  0.00000000000000000000E+0000 -1.13226390094190253266E-0005 -3.12183371544619348340E+0000  0.00000000000000000000E+0000  0.00000000000000000000E+0000  0.00000000000000000000E+0000  4.49760950590671132265E-0002
 1.13099999999999999997E-0009  0.00000000000000000000E+0000 -1.09527327287375674737E-0001  1.26763359698925433709E-0002 -1.09527327287375674737E-0001  1.04999999999999999996E+0000  1.49270427578830257699E+0000  1.56957429159562813071E+0000  1.44384121931960931529E+0000  0.00000000000000000000E+0000  2.34433159148802059510E+0002  0.00000000000000000000E+0000  1.84069413802469475316E-0038  2.14797650177477325822E-0001  2.21698984610189446711E-0032  0.00000000000000000000E+0000  2.19865070960874987374E+0002  0.00000000000000000000E+0000  0.00000000000000000000E+0000  2.19901984350499341836E+0002  0.00000000000000000000E+0000  0.00000000000000000000E+0000  0.00000000000000000000E+0000  0.00000000000000000000E+0000  0.00000000000000000000E+0000 -1.15226023883260140179E-0005 -3.12211954426128975503E+0000  0.00000000000000000000E+0000  0.00000000000000000000E+0000  0.00000000000000000000E+0000  4.56602743451745462867E-0002
 1.15400000000000000001E-0009  0.00000000000000000000E+0000 -1.10864226498462821063E-0001  1.27629218671351337263E-0002 -1.10864226498462821063E-0001  1.04999999999999999996E+0000  1.49270513847785176354E+0000  1.56957457137144821559E+0000  1.44384132981271013849E+0000  0.00000000000000000000E+0000  2.34433159148802059510E+0002  0.00000000000000000000E+0000  1.84075725515681232401E-0038  2.14800267850719959752E-0001  2.21699988573880745585E-0032  0.00000000000000000000E+0000  2.19865973439799798697E+0002  0.00000000000000000000E+0000  0.00000000000000000000E+0000  2.19903583034868553542E+0002  0.00000000000000000000E+0000  0.00000000000000000000E+0000  0.00000000000000000000E+0000  0.00000000000000000000E+0000  0.00000000000000000000E+0000 -1.17564524194227136189E-0005 -3.12236544411896337981E+0000  0.00000000000000000000E+0000  0.00000000000000000000E+0000  0.00000000000000000000E+0000  4.63403123594124537163E-0002
 1.17699999999999999995E-0009  0.00000000000000000000E+0000 -1.12208733001988529352E-0001  1.28427061260017224717E-0002 -1.12208733001988529352E-0001  1.04999999999999999996E+0000  1.49270599590536059791E+0000  1.56957485100961802518E+0000  1.44384143972720330727E+0000  0.00000000000000000000E+0000  2.34433159148802059510E+0002  0.00000000000000000000E+0000  1.84081997626194402482E-0038  2.14802883465412305225E-0001  2.21700987835555747143E-0032  0.00000000000000000000E+0000  2.19866876520919139623E+0002  0.00000000000000000000E+0000  0.00000000000000000000E+0000  2.19905180238448750785E+0002  0.00000000000000000000E+0000  0.00000000000000000000E+0000  0.00000000000000000000E+0000  0.00000000000000000000E+0000  0.00000000000000000000E+0000 -1.19699847855550349728E-0005 -3.12263820537818062887E+0000  0.00000000000000000000E+0000  0.00000000000000000000E+0000  0.00000000000000000000E+0000  4.70416151324190174149E-0002
 1.20099999999999999998E-0009  0.00000000000000000000E+0000 -1.13569029015918653565E-0001  1.29325779673266083608E-0002 -1.13569029015918653565E-0001  1.04999999999999999996E+0000  1.49270688516429026155E+0000  1.56957514266106278164E+0000  1.44384155384966568817E+0000  0.00000000000000000000E+0000  2.34433159148802059510E+0002  0.00000000000000000000E+0000  1.84088504794755311442E-0038  2.14805610820036391956E-0001  2.21702026242472411761E-0032  0.00000000000000000000E+0000  2.19867819154572275653E+0002  0.00000000000000000000E+0000  0.00000000000000000000E+0000  2.19906845564724863579E+0002  0.00000000000000000000E+0000  0.00000000000000000000E+0000  0.00000000000000000000E+0000  0.00000000000000000000E+0000  0.00000000000000000000E+0000 -1.22159992029586911235E-0005 -3.12287282380746469899E+0000  0.00000000000000000000E+0000  0.00000000000000000000E+0000  0.00000000000000000000E+0000  4.77383869532183053244E-0002
 1.22500000000000000000E-0009  0.00000000000000000000E+0000 -1.14937728101458035487E-0001  1.30152390142449781665E-0002 -1.14937728101458035487E-0001  1.04999999999999999996E+0000  1.49270776901744211293E+0000  1.56957543416655305576E+0000  1.44384166743243572291E+0000  0.00000000000000000000E+0000  2.34433159148802059510E+0002  0.00000000000000000000E+0000  1.84094971113996667195E-0038  2.14808335993344911495E-0001  2.21703060151911588041E-0032  0.00000000000000000000E+0000  2.19868762425566769581E+0002  0.00000000000000000000E+0000  0.00000000000000000000E+0000  2.19908509315043198054E+0002  0.00000000000000000000E+0000  0.00000000000000000000E+0000  0.00000000000000000000E+0000  0.00000000000000000000E+0000  0.00000000000000000000E+0000 -1.24404929587301531210E-0005 -3.12313580045088523877E+0000  0.00000000000000000000E+0000  0.00000000000000000000E+0000  0.00000000000000000000E+0000  4.84567980847371480430E-0002
 1.24900000000000000002E-0009  0.00000000000000000000E+0000 -1.16328039681923105342E-0001  1.31103339980412905880E-0002 -1.16328039681923105342E-0001  1.04999999999999999996E+0000  1.49270864750904101888E+0000  1.56957572552531922708E+0000  1.44384178050611725801E+0000  0.00000000000000000000E+0000  2.34433159148802059510E+0002  0.00000000000000000000E+0000  1.84101398455123832525E-0038  2.14811059059313696665E-0001  2.21704089939927005720E-0032  0.00000000000000000000E+0000  2.19869706163861617726E+0002  0.00000000000000000000E+0000  0.00000000000000000000E+0000  2.19910171595052306076E+0002  0.00000000000000000000E+0000  0.00000000000000000000E+0000  0.00000000000000000000E+0000  0.00000000000000000000E+0000  0.00000000000000000000E+0000 -1.26432918934681584321E-0005 -3.12342634356775005551E+0000  0.00000000000000000000E+0000  0.00000000000000000000E+0000  0.00000000000000000000E+0000  4.91796524453935263247E-0002
 1.27400000000000000002E-0009  0.00000000000000000000E+0000 -1.17730254408856858201E-0001  1.32025458659441554123E-0002 -1.17730254408856858201E-0001  1.04999999999999999996E+0000  1.49270955705039831761E+0000  1.56957602887014649842E+0000  1.44384189779195133826E+0000  0.00000000000000000000E+0000  2.34433159148802059510E+0002  0.00000000000000000000E+0000  1.84108054924584952411E-0038  2.14813893472928803355E-0001  2.21705158710052833461E-0032  0.00000000000000000000E+0000  2.19870689534930845360E+0002  0.00000000000000000000E+0000  0.00000000000000000000E+0000  2.19911901718100815648E+0002  0.00000000000000000000E+0000  0.00000000000000000000E+0000  0.00000000000000000000E+0000  0.00000000000000000000E+0000  0.00000000000000000000E+0000 -1.28792925812677088030E-0005 -3.12367681501081761661E+0000  0.00000000000000000000E+0000  0.00000000000000000000E+0000  0.00000000000000000000E+0000  4.98983078687860265798E-0002
 1.30000000000000000000E-0009  0.00000000000000000000E+0000 -1.19130590106580430156E-0001  1.32754645842713056679E-0002 -1.19130590106580430156E-0001  1.04999999999999999996E+0000  1.49271049721246248292E+0000  1.56957634418733092566E+0000  1.44384201928042261705E+0000  0.00000000000000000000E+0000  2.34433159148802059510E+0002  0.00000000000000000000E+0000  1.84114935759086941000E-0038  2.14816838948875131135E-0001  2.21706266151955952779E-0032  0.00000000000000000000E+0000  2.19871712764349711691E+0002  0.00000000000000000000E+0000  0.00000000000000000000E+0000  2.19913699420078055879E+0002  0.00000000000000000000E+0000  0.00000000000000000000E+0000  0.00000000000000000000E+0000  0.00000000000000000000E+0000  0.00000000000000000000E+0000 -1.31474463438905048856E-0005 -3.12388945260576412263E+0000  0.00000000000000000000E+0000  0.00000000000000000000E+0000  0.00000000000000000000E+0000  5.06315247558612717906E-0002
 1.32599999999999999999E-0009  0.00000000000000000000E+0000 -1.20541299301017000063E-0001  1.33479957705841190412E-0002 -1.20541299301017000063E-0001  1.04999999999999999996E+0000  1.49271143163069737990E+0000  1.56957665934194379219E+0000  1.44384214030873813664E+0000  0.00000000000000000000E+0000  2.34433159148802059510E+0002  0.00000000000000000000E+0000  1.84121773125913127646E-0038  2.14819781996685122726E-0001  2.21707369544399970970E-0032  0.00000000000000000000E+0000  2.19872736702966456473E+0002  0.00000000000000000000E+0000  0.00000000000000000000E+0000  2.19915495352093300727E+0002  0.00000000000000000000E+0000  0.00000000000000000000E+0000  0.00000000000000000000E+0000  0.00000000000000000000E+0000  0.00000000000000000000E+0000 -1.33918688847034422884E-0005 -3.12413305800929954302E+0000  0.00000000000000000000E+0000  0.00000000000000000000E+0000  0.00000000000000000000E+0000  5.13861272326542598059E-0002
 1.35300000000000000005E-0009  0.00000000000000000000E+0000 -1.21971606560517542983E-0001  1.34363606319128891884E-0002 -1.21971606560517542983E-0001  1.04999999999999999996E+0000  1.49271239602778530830E+0000  1.56957698644768254323E+0000  1.44384226554256471292E+0000  0.00000000000000000000E+0000  2.34433159148802059510E+0002  0.00000000000000000000E+0000  1.84128831776061594446E-0038  2.14822835889069435370E-0001  2.21708511670452721395E-0032  0.00000000000000000000E+0000  2.19873800385308715344E+0002  0.00000000000000000000E+0000  0.00000000000000000000E+0000  2.19917358763988202500E+0002  0.00000000000000000000E+0000  0.00000000000000000000E+0000  0.00000000000000000000E+0000  0.00000000000000000000E+0000  0.00000000000000000000E+0000 -1.36654234085329774981E-0005 -3.12434232977317046550E+0000  0.00000000000000000000E+0000  0.00000000000000000000E+0000  0.00000000000000000000E+0000  5.21347002695372030084E-0002
 1.38000000000000000001E-0009  0.00000000000000000000E+0000 -1.23412193761734358086E-0001  1.35187574586638500881E-0002 -1.23412193761734358086E-0001  1.04999999999999999996E+0000  1.49271335447215339393E+0000  1.56957731338210339982E+0000  1.44384239035359057538E+0000  0.00000000000000000000E+0000  2.34433159148802059510E+0002  0.00000000000000000000E+0000  1.84135845474724563607E-0038  2.14825887222478294927E-0001  2.21709649971710740174E-0032  0.00000000000000000000E+0000  2.19874864814654736089E+0002  0.00000000000000000000E+0000  0.00000000000000000000E+0000  2.19919220302440787701E+0002  0.00000000000000000000E+0000  0.00000000000000000000E+0000  0.00000000000000000000E+0000  0.00000000000000000000E+0000  0.00000000000000000000E+0000 -1.39146457718312999327E-0005 -3.12458303621277997428E+0000  0.00000000000000000000E+0000  0.00000000000000000000E+0000  0.00000000000000000000E+0000  5.29044983290849046046E-0002
 1.40799999999999999995E-0009  0.00000000000000000000E+0000 -1.24869835877211158281E-0001  1.36093229313151339937E-0002 -1.24869835877211158281E-0001  1.04999999999999999996E+0000  1.49271434223710224639E+0000  1.56957765224619702124E+0000  1.44384251937480053340E+0000  0.00000000000000000000E+0000  2.34433159148802059510E+0002  0.00000000000000000000E+0000  1.84143075732601749145E-0038  2.14829049089782975711E-0001  2.21710826931549931621E-0032  0.00000000000000000000E+0000  2.19875969054376304138E+0002  0.00000000000000000000E+0000  0.00000000000000000000E+0000  2.19921149095275115862E+0002  0.00000000000000000000E+0000  0.00000000000000000000E+0000  0.00000000000000000000E+0000  0.00000000000000000000E+0000  0.00000000000000000000E+0000 -1.41923693204379693287E-0005 -3.12478986695507712909E+0000  0.00000000000000000000E+0000  0.00000000000000000000E+0000  0.00000000000000000000E+0000  5.36704794332349998270E-0002
 1.43600000000000000000E-0009  0.00000000000000000000E+0000 -1.26336352279148411893E-0001  1.36891055362711654615E-0002 -1.26336352279148411893E-0001  1.04999999999999999996E+0000  1.49271532382506347454E+0000  1.56957799093021255622E+0000  1.44384264800779791563E+0000  0.00000000000000000000E+0000  2.34433159148802059510E+0002  0.00000000000000000000E+0000  1.84150259513888125815E-0038  2.14832208266528804934E-0001  2.21712000288258953738E-0032  0.00000000000000000000E+0000  2.19877074079457576816E+0002  0.00000000000000000000E+0000  0.00000000000000000000E+0000  2.19923075909738842099E+0002  0.00000000000000000000E+0000  0.00000000000000000000E+0000  0.00000000000000000000E+0000  0.00000000000000000000E+0000  0.00000000000000000000E+0000 -1.44452698269942945638E-0005 -3.12502841696149478426E+0000  0.00000000000000000000E+0000  0.00000000000000000000E+0000  0.00000000000000000000E+0000  5.44585721122721977836E-0002
 1.46500000000000000002E-0009  0.00000000000000000000E+0000 -1.27819576362680363093E-0001  1.37754484556089709914E-0002 -1.27819576362680363093E-0001  1.04999999999999999996E+0000  1.49271633406223789837E+0000  1.56957834152228467497E+0000  1.44384278085606142239E+0000  0.00000000000000000000E+0000  2.34433159148802059510E+0002  0.00000000000000000000E+0000  1.84157655107989202239E-0038  2.14835477663150829558E-0001  2.21713212249871597697E-0032  0.00000000000000000000E+0000  2.19878218982546606700E+0002  0.00000000000000000000E+0000  0.00000000000000000000E+0000  2.19925069749354647294E+0002  0.00000000000000000000E+0000  0.00000000000000000000E+0000  0.00000000000000000000E+0000  0.00000000000000000000E+0000  0.00000000000000000000E+0000 -1.47261393173012098469E-0005 -3.12523338956370113251E+0000  0.00000000000000000000E+0000  0.00000000000000000000E+0000  0.00000000000000000000E+0000  5.52426292655756847351E-0002
 1.49400000000000000004E-0009  0.00000000000000000000E+0000 -1.29311327215750436151E-0001  1.38510951766006855787E-0002 -1.29311327215750436151E-0001  1.04999999999999999996E+0000  1.49271733788794337379E+0000  1.56957869192554950641E+0000  1.44384291334716364542E+0000  0.00000000000000000000E+0000  2.34433159148802059510E+0002  0.00000000000000000000E+0000  1.84165002681989793344E-0038  2.14838744237519006539E-0001  2.21714420822698107313E-0032  0.00000000000000000000E+0000  2.19879364709781493087E+0002  0.00000000000000000000E+0000  0.00000000000000000000E+0000  2.19927061504669774092E+0002  0.00000000000000000000E+0000  0.00000000000000000000E+0000  0.00000000000000000000E+0000  0.00000000000000000000E+0000  0.00000000000000000000E+0000 -1.49817866269759538884E-0005 -3.12547022032503420694E+0000  0.00000000000000000000E+0000  0.00000000000000000000E+0000  0.00000000000000000000E+0000  5.60484114549547801460E-0002
 1.52400000000000000004E-0009  0.00000000000000000000E+0000 -1.30819440924907929688E-0001  1.39347214934414053282E-0002 -1.30819440924907929688E-0001  1.04999999999999999996E+0000  1.49271836968345155859E+0000  1.56957905421514877888E+0000  1.44384305005791522116E+0000  0.00000000000000000000E+0000  2.34433159148802059510E+0002  0.00000000000000000000E+0000  1.84172557321792209477E-0038  2.14842120715157383864E-0001  2.21715667962127059745E-0032  0.00000000000000000000E+0000  2.19880550383499221406E+0002  0.00000000000000000000E+0000  0.00000000000000000000E+0000  2.19929120052698392873E+0002  0.00000000000000000000E+0000  0.00000000000000000000E+0000  0.00000000000000000000E+0000  0.00000000000000000000E+0000  0.00000000000000000000E+0000 -1.52649526884114912986E-0005 -3.12567364591412545269E+0000  0.00000000000000000000E+0000  0.00000000000000000000E+0000  0.00000000000000000000E+0000  5.68497479360687949266E-0002
 1.55500000000000000003E-0009  0.00000000000000000000E+0000 -1.32330343856569556090E-0001  1.40067567516444421036E-0002 -1.32330343856569556090E-0001  1.04999999999999999996E+0000  1.49271942898359679622E+0000  1.56957942837647848101E+0000  1.44384319098418304156E+0000  0.00000000000000000000E+0000  2.34433159148802059510E+0002  0.00000000000000000000E+0000  1.84180314190051887388E-0038  2.14845606788895259506E-0001  2.21716953489508786902E-0032  0.00000000000000000000E+0000  2.19881776262667275490E+0002  0.00000000000000000000E+0000  0.00000000000000000000E+0000  2.19931245096769983724E+0002  0.00000000000000000000E+0000  0.00000000000000000000E+0000  0.00000000000000000000E+0000  0.00000000000000000000E+0000  0.00000000000000000000E+0000 -1.55749845502448128522E-0005 -3.12584506449444638723E+0000  0.00000000000000000000E+0000  0.00000000000000000000E+0000  0.00000000000000000000E+0000  5.76637996656255304552E-0002
 1.58600000000000000001E-0009  0.00000000000000000000E+0000 -1.33853235436475255396E-0001  1.40785452887262061144E-0002 -1.33853235436475255396E-0001  1.04999999999999999996E+0000  1.49272048138211251022E+0000  1.56957980233204861349E+0000  1.44384333158659810843E+0000  0.00000000000000000000E+0000  2.34433159148802059510E+0002  0.00000000000000000000E+0000  1.84188019790396299202E-0038  2.14849089786336319840E-0001  2.21718235875095495282E-0032  0.00000000000000000000E+0000  2.19883003040962618335E+0002  0.00000000000000000000E+0000  0.00000000000000000000E+0000  2.19933367853572918335E+0002  0.00000000000000000000E+0000  0.00000000000000000000E+0000  0.00000000000000000000E+0000  0.00000000000000000000E+0000  0.00000000000000000000E+0000 -1.58569554236202018584E-0005 -3.12605201196843513227E+0000  0.00000000000000000000E+0000  0.00000000000000000000E+0000  0.00000000000000000000E+0000  5.84990343775784701454E-0002
 1.61799999999999999997E-0009  0.00000000000000000000E+0000 -1.35396441744008743326E-0001  1.41650926200303892927E-0002 -1.35396441744008743326E-0001  1.04999999999999999996E+0000  1.49272156058736758105E+0000  1.56958018813695634845E+0000  1.44384347640666910900E+0000  0.00000000000000000000E+0000  2.34433159148802059510E+0002  0.00000000000000000000E+0000  1.84195924377819479643E-0038  2.14852682147140144417E-0001  2.21719556734608570691E-0032  0.00000000000000000000E+0000  2.19884269886838679534E+0002  0.00000000000000000000E+0000  0.00000000000000000000E+0000  2.19935557003332781023E+0002  0.00000000000000000000E+0000  0.00000000000000000000E+0000  0.00000000000000000000E+0000  0.00000000000000000000E+0000  0.00000000000000000000E+0000 -1.61637253261679586666E-0005 -3.12622896068547033574E+0000  0.00000000000000000000E+0000  0.00000000000000000000E+0000  0.00000000000000000000E+0000  5.93283594659163430125E-0002
 1.65000000000000000003E-0009  0.00000000000000000000E+0000 -1.36949769714356410876E-0001  1.42429464327067049791E-0002 -1.36949769714356410876E-0001  1.04999999999999999996E+0000  1.49272263264373987555E+0000  1.56958057372710139390E+0000  1.44384362092394165919E+0000  0.00000000000000000000E+0000  2.34433159148802059510E+0002  0.00000000000000000000E+0000  1.84203776118667479247E-0038  2.14856271293912198111E-0001  2.21720874636612527470E-0032  0.00000000000000000000E+0000  2.19885537672738380438E+0002  0.00000000000000000000E+0000  0.00000000000000000000E+0000  2.19937743753197441909E+0002  0.00000000000000000000E+0000  0.00000000000000000000E+0000  0.00000000000000000000E+0000  0.00000000000000000000E+0000  0.00000000000000000000E+0000 -1.64426066823776013264E-0005 -3.12644067856186230791E+0000  0.00000000000000000000E+0000  0.00000000000000000000E+0000  0.00000000000000000000E+0000  6.01787931793455099459E-0002
 1.68299999999999999998E-0009  0.00000000000000000000E+0000 -1.38519846222257771455E-0001  1.43277018554141657391E-0002 -1.38519846222257771455E-0001  1.04999999999999999996E+0000  1.49272373082034496693E+0000  1.56958097114427581919E+0000  1.44384376965900905932E+0000  0.00000000000000000000E+0000  2.34433159148802059510E+0002  0.00000000000000000000E+0000  1.84211822113248346579E-0038  2.14859969475969539242E-0001  2.21722230993993523894E-0032  0.00000000000000000000E+0000  2.19886845597736837535E+0002  0.00000000000000000000E+0000  0.00000000000000000000E+0000  2.19939996651821490822E+0002  0.00000000000000000000E+0000  0.00000000000000000000E+0000  0.00000000000000000000E+0000  0.00000000000000000000E+0000  0.00000000000000000000E+0000 -1.67463536169011732035E-0005 -3.12662176658718250527E+0000  0.00000000000000000000E+0000  0.00000000000000000000E+0000  0.00000000000000000000E+0000  6.10250382413739586782E-0002
 1.71700000000000000000E-0009  0.00000000000000000000E+0000 -1.40092797563546218588E-0001  1.43988254995787579956E-0002 -1.40092797563546218588E-0001  1.04999999999999999996E+0000  1.49272485465589979225E+0000  1.56958138037355023661E+0000  1.44384392260653333310E+0000  0.00000000000000000000E+0000  2.34433159148802059510E+0002  0.00000000000000000000E+0000  1.84220057574631024148E-0038  2.14863776376196881549E-0001  2.21723625667648879539E-0032  0.00000000000000000000E+0000  2.19888193940632147710E+0002  0.00000000000000000000E+0000  0.00000000000000000000E+0000  2.19942315384906819334E+0002  0.00000000000000000000E+0000  0.00000000000000000000E+0000  0.00000000000000000000E+0000  0.00000000000000000000E+0000  0.00000000000000000000E+0000 -1.70744881080438090764E-0005 -3.12677326730100238299E+0000  0.00000000000000000000E+0000  0.00000000000000000000E+0000  0.00000000000000000000E+0000  6.18839340767871237346E-0002
 1.75100000000000000002E-0009  0.00000000000000000000E+0000 -1.41677189792270681642E-0001  1.44667474411712836984E-0002 -1.41677189792270681642E-0001  1.04999999999999999996E+0000  1.49272597087068839333E+0000  1.56958178937091217848E+0000  1.44384407527119604643E+0000  0.00000000000000000000E+0000  2.34433159148802059510E+0002  0.00000000000000000000E+0000  1.84228237076712041228E-0038  2.14867579802130423842E-0001  2.21725017591030918014E-0032  0.00000000000000000000E+0000  2.19889543301654140320E+0002  0.00000000000000000000E+0000  0.00000000000000000000E+0000  2.19944631506459156861E+0002  0.00000000000000000000E+0000  0.00000000000000000000E+0000  0.00000000000000000000E+0000  0.00000000000000000000E+0000  0.00000000000000000000E+0000 -1.73725913447844948336E-0005 -3.12696207790555087799E+0000  0.00000000000000000000E+0000  0.00000000000000000000E+0000  0.00000000000000000000E+0000  6.27639012851201740997E-0002
 1.78700000000000000000E-0009  0.00000000000000000000E+0000 -1.45446030643710392898E-0001  1.46436972448933381922E-0002 -1.45446030643710392898E-0001  1.04999999999999999996E+0000  1.49272713730786582987E+0000  1.56958222195460972035E+0000  1.44384423636469846149E+0000  0.00000000000000000000E+0000  2.34433159148802059510E+0002  0.00000000000000000000E+0000  1.84236785663314714964E-0038  2.14871599869536314002E-0001  2.21726486125085713856E-0032  0.00000000000000000000E+0000  2.19890972966180131457E+0002  0.00000000000000000000E+0000  0.00000000000000000000E+0000  2.19947079013296209388E+0002  0.00000000000000000000E+0000  0.00000000000000000000E+0000  0.00000000000000000000E+0000  0.00000000000000000000E+0000  0.00000000000000000000E+0000 -1.61480331343603119899E-0005 -3.12955585581159855479E+0000  0.00000000000000000000E+0000  0.00000000000000000000E+0000  0.00000000000000000000E+0000  6.44495165829473857583E-0002
 1.82200000000000000001E-0009  0.00000000000000000000E+0000 -1.46717817573523506985E-0001  1.45890563661282188473E-0002 -1.46717817573523506985E-0001  1.04999999999999999996E+0000  1.49272826415274889491E+0000  1.56958264230074133981E+0000  1.44384439273600785169E+0000  0.00000000000000000000E+0000  2.34433159148802059510E+0002  0.00000000000000000000E+0000  1.84245046436459298876E-0038  2.14875505102415962114E-0001  2.21727911599030665116E-0032  0.00000000000000000000E+0000  2.19892364349870547052E+0002  0.00000000000000000000E+0000  0.00000000000000000000E+0000  2.19949455940038033713E+0002  0.00000000000000000000E+0000  0.00000000000000000000E+0000  0.00000000000000000000E+0000  0.00000000000000000000E+0000  0.00000000000000000000E+0000 -1.65782170521648703254E-0005 -3.12953443123992134951E+0000  0.00000000000000000000E+0000  0.00000000000000000000E+0000  0.00000000000000000000E+0000  6.54242258556183985902E-0002
 1.85899999999999999997E-0009  0.00000000000000000000E+0000 -1.48221745146593200432E-0001  1.47759666981871407487E-0002 -1.48221745146593200432E-0001  1.04999999999999999996E+0000  1.49272944774326038041E+0000  1.56958308642953302129E+0000  1.44384455778861682572E+0000  0.00000000000000000000E+0000  2.34433159148802059510E+0002  0.00000000000000000000E+0000  1.84253729499986656173E-0038  2.14879630338397971390E-0001  2.21729416391028457812E-0032  0.00000000000000000000E+0000  2.19893835332130880969E+0002  0.00000000000000000000E+0000  0.00000000000000000000E+0000  2.19951966626575749916E+0002  0.00000000000000000000E+0000  0.00000000000000000000E+0000  0.00000000000000000000E+0000  0.00000000000000000000E+0000  0.00000000000000000000E+0000 -1.70692025287849126836E-0005 -3.12944121946549384588E+0000  0.00000000000000000000E+0000  0.00000000000000000000E+0000  0.00000000000000000000E+0000  6.61856093500769315712E-0002
 1.89600000000000000003E-0009  0.00000000000000000000E+0000 -1.49728883467499185501E-0001  1.48752667382895076297E-0002 -1.49728883467499185501E-0001  1.04999999999999999996E+0000  1.49273062365721039544E+0000  1.56958353031853610547E+0000  1.44384472259402951114E+0000  0.00000000000000000000E+0000  2.34433159148802059510E+0002  0.00000000000000000000E+0000  1.84262355108600534622E-0038  2.14883751886964436873E-0001  2.21730918794983044066E-0032  0.00000000000000000000E+0000  2.19895307653140170093E+0002  0.00000000000000000000E+0000  0.00000000000000000000E+0000  2.19954474412153453508E+0002  0.00000000000000000000E+0000  0.00000000000000000000E+0000  0.00000000000000000000E+0000  0.00000000000000000000E+0000  0.00000000000000000000E+0000 -1.75172021734395888793E-0005 -3.12940445820837800255E+0000  0.00000000000000000000E+0000  0.00000000000000000000E+0000  0.00000000000000000000E+0000  6.69978031300766122615E-0002
 1.93400000000000000008E-0009  0.00000000000000000000E+0000 -1.53349559395984377983E-0001  1.50235012033200196548E-0002 -1.53349559395984377983E-0001  1.04999999999999999996E+0000  1.49273181625200851061E+0000  1.56958398572915379453E+0000  1.44384489138172306903E+0000  0.00000000000000000000E+0000  2.34433159148802059510E+0002  0.00000000000000000000E+0000  1.84271102741690532381E-0038  2.14887977540296041707E-0001  2.21732457386345665422E-0032  0.00000000000000000000E+0000  2.19896820965120091518E+0002  0.00000000000000000000E+0000  0.00000000000000000000E+0000  2.19957044841532633986E+0002  0.00000000000000000000E+0000  0.00000000000000000000E+0000  0.00000000000000000000E+0000  0.00000000000000000000E+0000  0.00000000000000000000E+0000 -1.63560608996052942665E-0005 -3.13184691915664276097E+0000  0.00000000000000000000E+0000  0.00000000000000000000E+0000  0.00000000000000000000E+0000  6.86426622493811601654E-0002
 1.97300000000000000010E-0009  0.00000000000000000000E+0000 -1.54538994380354692367E-0001  1.49352325617149284432E-0002 -1.54538994380354692367E-0001  1.04999999999999999996E+0000  1.49273303277694327712E+0000  1.56958445288724468580E+0000  1.44384506438533020219E+0000  0.00000000000000000000E+0000  2.34433159148802059510E+0002  0.00000000000000000000E+0000  1.84280033190275992404E-0038  2.14892311311362929849E-0001  2.21734034668362692295E-0032  0.00000000000000000000E+0000  2.19898374916679821514E+0002  0.00000000000000000000E+0000  0.00000000000000000000E+0000  2.19959680587540675839E+0002  0.00000000000000000000E+0000  0.00000000000000000000E+0000  0.00000000000000000000E+0000  0.00000000000000000000E+0000  0.00000000000000000000E+0000 -1.69660813406978976413E-0005 -3.13157088654444927468E+0000  0.00000000000000000000E+0000  0.00000000000000000000E+0000  0.00000000000000000000E+0000  6.95786666362052527376E-0002
 2.01299999999999999990E-0009  0.00000000000000000000E+0000 -1.57977614712155618924E-0001  1.51779065938514332308E-0002 -1.57977614712155618924E-0001  1.04999999999999999996E+0000  1.49273426577654061084E+0000  1.56958493155095359193E+0000  1.44384524139208898200E+0000  0.00000000000000000000E+0000  2.34433159148802059510E+0002  0.00000000000000000000E+0000  1.84289082835087022257E-0038  2.14896748841105834487E-0001  2.21735648380262115799E-0032  0.00000000000000000000E+0000  2.19899970193986330991E+0002  0.00000000000000000000E+0000  0.00000000000000000000E+0000  2.19962378595817336036E+0002  0.00000000000000000000E+0000  0.00000000000000000000E+0000  0.00000000000000000000E+0000  0.00000000000000000000E+0000  0.00000000000000000000E+0000 -1.59901707585180467167E-0005 -3.13371634124344191187E+0000  0.00000000000000000000E+0000  0.00000000000000000000E+0000  0.00000000000000000000E+0000  7.11062387014300313428E-0002
 2.05299999999999999990E-0009  0.00000000000000000000E+0000 -1.59099492184821217729E-0001  1.51269268727872800905E-0002 -1.59099492184821217729E-0001  1.04999999999999999996E+0000  1.49273549167534482971E+0000  1.56958540998387282271E+0000  1.44384541819659282277E+0000  0.00000000000000000000E+0000  2.34433159148802059510E+0002  0.00000000000000000000E+0000  1.84298085972519410387E-0038  2.14901183271819837693E-0001  2.21737260474175914849E-0032  0.00000000000000000000E+0000  2.19901566550205997311E+0002  0.00000000000000000000E+0000  0.00000000000000000000E+0000  2.19965074149222256913E+0002  0.00000000000000000000E+0000  0.00000000000000000000E+0000  0.00000000000000000000E+0000  0.00000000000000000000E+0000  0.00000000000000000000E+0000 -1.66809675608689132321E-0005 -3.13330997322082542025E+0000  0.00000000000000000000E+0000  0.00000000000000000000E+0000  0.00000000000000000000E+0000  7.19831726756713548705E-0002
 2.09400000000000000009E-0009  0.00000000000000000000E+0000 -1.60438438670070448701E-0001  1.52633463188474572382E-0002 -1.60438438670070448701E-0001  1.04999999999999999996E+0000  1.49273674086854639409E+0000  1.56958590013572860122E+0000  1.44384559921822926642E+0000  0.00000000000000000000E+0000  2.34433159148802059510E+0002  0.00000000000000000000E+0000  1.84307263175825176046E-0038  2.14905725110973262184E-0001  2.21738911167495437044E-0032  0.00000000000000000000E+0000  2.19903203459801779754E+0002  0.00000000000000000000E+0000  0.00000000000000000000E+0000  2.19967834578190817085E+0002  0.00000000000000000000E+0000  0.00000000000000000000E+0000  0.00000000000000000000E+0000  0.00000000000000000000E+0000  0.00000000000000000000E+0000 -1.73585504079727329230E-0005 -3.13292731611378214951E+0000  0.00000000000000000000E+0000  0.00000000000000000000E+0000  0.00000000000000000000E+0000  7.27089904635405694417E-0002
 2.13600000000000000005E-0009  0.00000000000000000000E+0000 -1.63811708893161024489E-0001  1.54438646345363426200E-0002 -1.63811708893161024489E-0001  1.04999999999999999996E+0000  1.49273800601513401826E+0000  1.56958640175935162247E+0000  1.44384578426696976805E+0000  0.00000000000000000000E+0000  2.34433159148802059510E+0002  0.00000000000000000000E+0000  1.84316555711578093352E-0038  2.14910370166630468859E-0001  2.21740598647699994948E-0032  0.00000000000000000000E+0000  2.19904881833853450293E+0002  0.00000000000000000000E+0000  0.00000000000000000000E+0000  2.19970656826156043970E+0002  0.00000000000000000000E+0000  0.00000000000000000000E+0000  0.00000000000000000000E+0000  0.00000000000000000000E+0000  0.00000000000000000000E+0000 -1.64029476174931243181E-0005 -3.13500549996078538262E+0000  0.00000000000000000000E+0000  0.00000000000000000000E+0000  0.00000000000000000000E+0000  7.42250831587639420110E-0002
 2.17900000000000000000E-0009  0.00000000000000000000E+0000 -1.64855255905274820704E-0001  1.53268136479199188747E-0002 -1.64855255905274820704E-0001  1.04999999999999999996E+0000  1.49273929409506269240E+0000  1.56958691508377918482E+0000  1.44384597353661691646E+0000  0.00000000000000000000E+0000  2.34433159148802059510E+0002  0.00000000000000000000E+0000  1.84326023615979727853E-0038  2.14915122645389318248E-0001  2.21742324913498202458E-0032  0.00000000000000000000E+0000  2.19906601059293598951E+0002  0.00000000000000000000E+0000  0.00000000000000000000E+0000  2.19973543821578159635E+0002  0.00000000000000000000E+0000  0.00000000000000000000E+0000  0.00000000000000000000E+0000  0.00000000000000000000E+0000  0.00000000000000000000E+0000 -1.72041524813540953888E-0005 -3.13444387941320734082E+0000  0.00000000000000000000E+0000  0.00000000000000000000E+0000  0.00000000000000000000E+0000  7.51226109347845701604E-0002
 2.22299999999999999992E-0009  0.00000000000000000000E+0000 -1.68099420099099705270E-0001  1.55513970120993231601E-0002 -1.68099420099099705270E-0001  1.04999999999999999996E+0000  1.49274059789395700966E+0000  1.56958743985915495504E+0000  1.44384616685567633738E+0000  0.00000000000000000000E+0000  2.34433159148802059510E+0002  0.00000000000000000000E+0000  1.84335604986092696964E-0038  2.14919978004398337193E-0001  2.21744088226097973989E-0032  0.00000000000000000000E+0000  2.19908361850425880066E+0002  0.00000000000000000000E+0000  0.00000000000000000000E+0000  2.19976492349451663813E+0002  0.00000000000000000000E+0000  0.00000000000000000000E+0000  0.00000000000000000000E+0000  0.00000000000000000000E+0000  0.00000000000000000000E+0000 -1.63645904523450546537E-0005 -3.13633292729794838170E+0000  0.00000000000000000000E+0000  0.00000000000000000000E+0000  0.00000000000000000000E+0000  7.65884039408925062890E-0002
 2.26700000000000000004E-0009  0.00000000000000000000E+0000 -1.69111019150359050565E-0001  1.54721678929024551124E-0002 -1.69111019150359050565E-0001  1.04999999999999999996E+0000  1.49274189478815491540E+0000  1.56958796439504010001E+0000  1.44384636001170102784E+0000  0.00000000000000000000E+0000  2.34433159148802059510E+0002  0.00000000000000000000E+0000  1.84345140992504827821E-0038  2.14924830135791385775E-0001  2.21745850297671782307E-0032  0.00000000000000000000E+0000  2.19910123822348473915E+0002  0.00000000000000000000E+0000  0.00000000000000000000E+0000  2.19979438262086633704E+0002  0.00000000000000000000E+0000  0.00000000000000000000E+0000  0.00000000000000000000E+0000  0.00000000000000000000E+0000  0.00000000000000000000E+0000 -1.72162928544551447448E-0005 -3.13568819019334719934E+0000  0.00000000000000000000E+0000  0.00000000000000000000E+0000  0.00000000000000000000E+0000  7.74431825265829387357E-0002
 2.31299999999999999993E-0009  0.00000000000000000000E+0000 -1.72281611264402469984E-0001  1.57185879993464745831E-0002 -1.72281611264402469984E-0001  1.04999999999999999996E+0000  1.49274323661276511050E+0000  1.56958851228027479051E+0000  1.44384656163281994436E+0000  0.00000000000000000000E+0000  2.34433159148802059510E+0002  0.00000000000000000000E+0000  1.84355007372258619678E-0038  2.14929895222417398677E-0001  2.21747689786057120795E-0032  0.00000000000000000000E+0000  2.19911966935288425318E+0002  0.00000000000000000000E+0000  0.00000000000000000000E+0000  2.19982512692103498966E+0002  0.00000000000000000000E+0000  0.00000000000000000000E+0000  0.00000000000000000000E+0000  0.00000000000000000000E+0000  0.00000000000000000000E+0000 -1.64621759164581431713E-0005 -3.13743449648871071704E+0000  0.00000000000000000000E+0000  0.00000000000000000000E+0000  0.00000000000000000000E+0000  7.88505475325327843874E-0002
 2.35900000000000000001E-0009  0.00000000000000000000E+0000 -1.73230717436296116019E-0001  1.56116218164354257632E-0002 -1.73230717436296116019E-0001  1.04999999999999999996E+0000  1.49274457160913994250E+0000  1.56958905992179354372E+0000  1.44384676310949503191E+0000  0.00000000000000000000E+0000  2.34433159148802059510E+0002  0.00000000000000000000E+0000  1.84364827695073780365E-0038  2.14934956937346709630E-0001  2.21749528154366666172E-0032  0.00000000000000000000E+0000  2.19913811567388294221E+0002  0.00000000000000000000E+0000  0.00000000000000000000E+0000  2.19985584260051006647E+0002  0.00000000000000000000E+0000  0.00000000000000000000E+0000  0.00000000000000000000E+0000  0.00000000000000000000E+0000  0.00000000000000000000E+0000 -1.74029017140422040486E-0005 -3.13666332609463685424E+0000  0.00000000000000000000E+0000  0.00000000000000000000E+0000  0.00000000000000000000E+0000  7.97001124306534231863E-0002
 2.40600000000000000007E-0009  0.00000000000000000000E+0000 -1.76332985372118577233E-0001  1.58435200205798795025E-0002 -1.76332985372118577233E-0001  1.04999999999999999996E+0000  1.49274592204836857004E+0000  1.56958961897727721380E+0000  1.44384696869625067629E+0000  0.00000000000000000000E+0000  2.34433159148802059510E+0002  0.00000000000000000000E+0000  1.84374760114351594903E-0038  2.14940120998232500539E-0001  2.21751404167721938973E-0032  0.00000000000000000000E+0000  2.19915697648915302240E+0002  0.00000000000000000000E+0000  0.00000000000000000000E+0000  2.19988717007130164929E+0002  0.00000000000000000000E+0000  0.00000000000000000000E+0000  0.00000000000000000000E+0000  0.00000000000000000000E+0000  0.00000000000000000000E+0000 -1.66590651711666927832E-0005 -3.13836695805618041055E+0000  0.00000000000000000000E+0000  0.00000000000000000000E+0000  0.00000000000000000000E+0000  8.10982718298731386261E-0002
 2.45399999999999999992E-0009  0.00000000000000000000E+0000 -1.77251934971641763849E-0001  1.57373779908210310227E-0002 -1.77251934971641763849E-0001  1.04999999999999999996E+0000  1.49274729444073627795E+0000  1.56959018967876210891E+0000  1.44384717853236680383E+0000  0.00000000000000000000E+0000  2.34433159148802059510E+0002  0.00000000000000000000E+0000  1.84384860204403129352E-0038  2.14945391651686625574E-0001  2.21753319176379735608E-0032  0.00000000000000000000E+0000  2.19917624844491881822E+0002  0.00000000000000000000E+0000  0.00000000000000000000E+0000  2.19991913807885916279E+0002  0.00000000000000000000E+0000  0.00000000000000000000E+0000  0.00000000000000000000E+0000  0.00000000000000000000E+0000  0.00000000000000000000E+0000 -1.76776877832612453412E-0005 -3.13748596279814790581E+0000  0.00000000000000000000E+0000  0.00000000000000000000E+0000  0.00000000000000000000E+0000  8.19252564207147620240E-0002
 2.50399999999999999992E-0009  0.00000000000000000000E+0000 -1.80303559629487662291E-0001  1.59580783646569733845E-0002 -1.80303559629487662291E-0001  1.04999999999999999996E+0000  1.49274871019253223216E+0000  1.56959078364543441167E+0000  1.44384739687704180208E+0000  0.00000000000000000000E+0000  2.34433159148802059510E+0002  0.00000000000000000000E+0000  1.84395277626821195040E-0038  2.14950873841428623511E-0001  2.21755311940639328257E-0032  0.00000000000000000000E+0000  2.19919633791664766345E+0002  0.00000000000000000000E+0000  0.00000000000000000000E+0000  2.19995237896645456602E+0002  0.00000000000000000000E+0000  0.00000000000000000000E+0000  0.00000000000000000000E+0000  0.00000000000000000000E+0000  0.00000000000000000000E+0000 -1.70210587374910981478E-0005 -3.13905931624534800697E+0000  0.00000000000000000000E+0000  0.00000000000000000000E+0000  0.00000000000000000000E+0000  8.33065964128101335123E-0002
 2.55399999999999999993E-0009  0.00000000000000000000E+0000 -1.82976230919330552498E-0001  1.59421893296186590276E-0002 -1.82976230919330552498E-0001  1.04999999999999999996E+0000  1.49275011298410301911E+0000  1.56959137712398945645E+0000  1.44384761502205859033E+0000  0.00000000000000000000E+0000  2.34433159148802059510E+0002  0.00000000000000000000E+0000  1.84405599853678737235E-0038  2.14956348511215066327E-0001  2.21757302995367934257E-0032  0.00000000000000000000E+0000  2.19921644984083782509E+0002  0.00000000000000000000E+0000  0.00000000000000000000E+0000  2.19998556094767715841E+0002  0.00000000000000000000E+0000  0.00000000000000000000E+0000  0.00000000000000000000E+0000  0.00000000000000000000E+0000  0.00000000000000000000E+0000 -1.64754459737918499416E-0005 -3.14045258080406793381E+0000  0.00000000000000000000E+0000  0.00000000000000000000E+0000  0.00000000000000000000E+0000  8.48327355825387137956E-0002
 2.60499999999999999991E-0009  0.00000000000000000000E+0000 -1.83834700433926963143E-0001  1.59040771897418757585E-0002 -1.83834700433926963143E-0001  1.04999999999999999996E+0000  1.49275153730255119100E+0000  1.56959198222303306569E+0000  1.44384783744044736733E+0000  0.00000000000000000000E+0000  2.34433159148802059510E+0002  0.00000000000000000000E+0000  1.84416087222136685508E-0038  2.14961929450764677437E-0001  2.21759333215713282938E-0032  0.00000000000000000000E+0000  2.19923697121350277164E+0002  0.00000000000000000000E+0000  0.00000000000000000000E+0000  2.20001938179392365583E+0002  0.00000000000000000000E+0000  0.00000000000000000000E+0000  0.00000000000000000000E+0000  0.00000000000000000000E+0000  0.00000000000000000000E+0000 -1.76543936404932651511E-0005 -3.13934446096922010094E+0000  0.00000000000000000000E+0000  0.00000000000000000000E+0000  0.00000000000000000000E+0000  8.55739059069606212453E-0002
 2.65700000000000000008E-0009  0.00000000000000000000E+0000 -1.86760577423570113380E-0001  1.61584648667965230149E-0002 -1.86760577423570113380E-0001  1.04999999999999999996E+0000  1.49275297642402506688E+0000  1.56959259868037962480E+0000  1.44384806406050787318E+0000  0.00000000000000000000E+0000  2.34433159148802059510E+0002  0.00000000000000000000E+0000  1.84426680522877871882E-0038  2.14967611728251273330E-0001  2.21761401792768748346E-0032  0.00000000000000000000E+0000  2.19925791267635186779E+0002  0.00000000000000000000E+0000  0.00000000000000000000E+0000  2.20005380487702236120E+0002  0.00000000000000000000E+0000  0.00000000000000000000E+0000  0.00000000000000000000E+0000  0.00000000000000000000E+0000  0.00000000000000000000E+0000 -1.70861560285492587741E-0005 -3.14075614312512933616E+0000  0.00000000000000000000E+0000  0.00000000000000000000E+0000  0.00000000000000000000E+0000  8.68744806919719162741E-0002
 2.71000000000000000002E-0009  0.00000000000000000000E+0000 -1.89307384807635006562E-0001  1.61324274710673518575E-0002 -1.89307384807635006562E-0001  1.04999999999999999996E+0000  1.49275443056899030745E+0000  1.56959322649927002105E+0000  1.44384829490607846029E+0000  0.00000000000000000000E+0000  2.34433159148802059510E+0002  0.00000000000000000000E+0000  1.84437386268365126562E-0038  2.14973395792309216699E-0001  2.21763508988385281595E-0032  0.00000000000000000000E+0000  2.19927927381127481507E+0002  0.00000000000000000000E+0000  0.00000000000000000000E+0000  2.20008883315791236551E+0002  0.00000000000000000000E+0000  0.00000000000000000000E+0000  0.00000000000000000000E+0000  0.00000000000000000000E+0000  0.00000000000000000000E+0000 -1.66580927987795509105E-0005 -3.14195926269275614337E+0000  0.00000000000000000000E+0000  0.00000000000000000000E+0000  0.00000000000000000000E+0000  8.83432020516428916440E-0002
 2.76499999999999999992E-0009  0.00000000000000000000E+0000 -1.91784523306143361070E-0001  1.61815592525146775116E-0002 -1.91784523306143361070E-0001  1.04999999999999999996E+0000  1.49275592706706728221E+0000  1.56959387751607948194E+0000  1.44384853435364424179E+0000  0.00000000000000000000E+0000  2.34433159148802059510E+0002  0.00000000000000000000E+0000  1.84448406481171027612E-0038  2.14979390695978071530E-0001  2.21765694730724393687E-0032  0.00000000000000000000E+0000  2.19930145508087448836E+0002  0.00000000000000000000E+0000  0.00000000000000000000E+0000  2.20012512794055509618E+0002  0.00000000000000000000E+0000  0.00000000000000000000E+0000  0.00000000000000000000E+0000  0.00000000000000000000E+0000  0.00000000000000000000E+0000 -1.63919097401667551800E-0005 -3.14293354897129036335E+0000  0.00000000000000000000E+0000  0.00000000000000000000E+0000  0.00000000000000000000E+0000  8.96993066642170567480E-0002
 2.82000000000000000003E-0009  0.00000000000000000000E+0000 -1.94173125726520052364E-0001  1.62350599554616587641E-0002 -1.94173125726520052364E-0001  1.04999999999999999996E+0000  1.49275741158076931544E+0000  1.56959452805620017278E+0000  1.44384877371755807778E+0000  0.00000000000000000000E+0000  2.34433159148802059510E+0002  0.00000000000000000000E+0000  1.84459338381527318135E-0038  2.14985378188695107113E-0001  2.21767879679953970767E-0032  0.00000000000000000000E+0000  2.19932365985418076734E+0002  0.00000000000000000000E+0000  0.00000000000000000000E+0000  2.20016136345808844613E+0002  0.00000000000000000000E+0000  0.00000000000000000000E+0000  0.00000000000000000000E+0000  0.00000000000000000000E+0000  0.00000000000000000000E+0000 -1.61696056114488090619E-0005 -3.14382854408035573922E+0000  0.00000000000000000000E+0000  0.00000000000000000000E+0000  0.00000000000000000000E+0000  9.10162650176453233447E-0002
 2.87700000000000000009E-0009  0.00000000000000000000E+0000 -1.96490544172208401414E-0001  1.63014354857743649277E-0002 -1.96490544172208401414E-0001  1.04999999999999999996E+0000  1.49275893810304565682E+0000  1.56959520177184837599E+0000  1.44384902172299705485E+0000  0.00000000000000000000E+0000  2.34433159148802059510E+0002  0.00000000000000000000E+0000  1.84470582866791917501E-0038  2.14991576207062376662E-0001  2.21770143491786378804E-0032  0.00000000000000000000E+0000  2.19934668262859240886E+0002  0.00000000000000000000E+0000  0.00000000000000000000E+0000  2.20019886403145844236E+0002  0.00000000000000000000E+0000  0.00000000000000000000E+0000  0.00000000000000000000E+0000  0.00000000000000000000E+0000  0.00000000000000000000E+0000 -1.60721713905208708348E-0005 -3.14454861517908947142E+0000  0.00000000000000000000E+0000  0.00000000000000000000E+0000  0.00000000000000000000E+0000  9.22749010984269009547E-0002
 2.93399999999999999996E-0009  0.00000000000000000000E+0000 -1.97126699004705591801E-0001  1.62188393591743019397E-0002 -1.97126699004705591801E-0001  1.04999999999999999996E+0000  1.49276045856460541411E+0000  1.56959587524236494330E+0000  1.44384926970681529916E+0000  0.00000000000000000000E+0000  2.34433159148802059510E+0002  0.00000000000000000000E+0000  1.84481786376872076261E-0038  2.14997770812176329017E-0001  2.21772407106907136028E-0032  0.00000000000000000000E+0000  2.19936972349411598432E+0002  0.00000000000000000000E+0000  0.00000000000000000000E+0000  2.20023633358251337819E+0002  0.00000000000000000000E+0000  0.00000000000000000000E+0000  0.00000000000000000000E+0000  0.00000000000000000000E+0000  0.00000000000000000000E+0000 -1.75716411821848510045E-0005 -3.14299150806674234345E+0000  0.00000000000000000000E+0000  0.00000000000000000000E+0000  0.00000000000000000000E+0000  9.29449628771021870439E-0002
 2.99299999999999999998E-0009  0.00000000000000000000E+0000 -1.99723354131468693701E-0001  1.64586343970750165266E-0002 -1.99723354131468693701E-0001  1.04999999999999999996E+0000  1.49276201972683854216E+0000  1.56959657182838056529E+0000  1.44384952636521423752E+0000  0.00000000000000000000E+0000  2.34433159148802059510E+0002  0.00000000000000000000E+0000  1.84493288285902229922E-0038  2.15004174563600042118E-0001  2.21774749824030100770E-0032  0.00000000000000000000E+0000  2.19939358492750453189E+0002  0.00000000000000000000E+0000  0.00000000000000000000E+0000  2.20027505780652744727E+0002  0.00000000000000000000E+0000  0.00000000000000000000E+0000  0.00000000000000000000E+0000  0.00000000000000000000E+0000  0.00000000000000000000E+0000 -1.73198306337719140793E-0005 -3.14391914568621279498E+0000  0.00000000000000000000E+0000  0.00000000000000000000E+0000  0.00000000000000000000E+0000  9.41242845231216433100E-0002
 3.05299999999999999999E-0009  0.00000000000000000000E+0000 -2.01998081194800311946E-0001  1.64159628594593870809E-0002 -2.01998081194800311946E-0001  1.04999999999999999996E+0000  1.49276359492627561879E+0000  1.56959727971205266668E+0000  1.44384978736604022511E+0000  0.00000000000000000000E+0000  2.34433159148802059510E+0002  0.00000000000000000000E+0000  1.84504894552033639232E-0038  2.15010678942696634104E-0001  2.21777132104745935903E-0032  0.00000000000000000000E+0000  2.19941787284826742038E+0002  0.00000000000000000000E+0000  0.00000000000000000000E+0000  2.20031437596897679401E+0002  0.00000000000000000000E+0000  0.00000000000000000000E+0000  0.00000000000000000000E+0000  0.00000000000000000000E+0000  0.00000000000000000000E+0000 -1.71545202586713308726E-0005 -3.14471978308331652822E+0000  0.00000000000000000000E+0000  0.00000000000000000000E+0000  0.00000000000000000000E+0000  9.55026429037081577743E-0002
 3.11399999999999999997E-0009  0.00000000000000000000E+0000 -2.04256883516931559208E-0001  1.64507185125284771695E-0002 -2.04256883516931559208E-0001  1.04999999999999999996E+0000  1.49276518413041639889E+0000  1.56959799888928235349E+0000  1.44385005272738852367E+0000  0.00000000000000000000E+0000  2.34433159148802059510E+0002  0.00000000000000000000E+0000  1.84516605692621164664E-0038  2.15017283932567642744E-0001  2.21779554119049618978E-0032  0.00000000000000000000E+0000  2.19944258414949956465E+0002  0.00000000000000000000E+0000  0.00000000000000000000E+0000  2.20035428915520961224E+0002  0.00000000000000000000E+0000  0.00000000000000000000E+0000  0.00000000000000000000E+0000  0.00000000000000000000E+0000  0.00000000000000000000E+0000 -1.70593906559924467079E-0005 -3.14541654450384290860E+0000  0.00000000000000000000E+0000  0.00000000000000000000E+0000  0.00000000000000000000E+0000  9.67938066753067704595E-0002
 3.17599999999999999994E-0009  0.00000000000000000000E+0000 -2.06475704314365468854E-0001  1.65025310723090777348E-0002 -2.06475704314365468854E-0001  1.04999999999999999996E+0000  1.49276678727060756343E+0000  1.56959872935467593252E+0000  1.44385032246707570986E+0000  0.00000000000000000000E+0000  2.34433159148802059510E+0002  0.00000000000000000000E+0000  1.84528421232718045805E-0038  2.15023989429833400447E-0001  2.21782016036776068747E-0032  0.00000000000000000000E+0000  2.19946771922127175952E+0002  0.00000000000000000000E+0000  0.00000000000000000000E+0000  2.20039479640681808814E+0002  0.00000000000000000000E+0000  0.00000000000000000000E+0000  0.00000000000000000000E+0000  0.00000000000000000000E+0000  0.00000000000000000000E+0000 -1.70223185202272574893E-0005 -3.14602688165546502349E+0000  0.00000000000000000000E+0000  0.00000000000000000000E+0000  0.00000000000000000000E+0000  9.80380450245950002777E-0002
 3.24000000000000000006E-0009  0.00000000000000000000E+0000 -2.08638387313044170222E-0001  1.65464368115945718046E-0002 -2.08638387313044170222E-0001  1.04999999999999999996E+0000  1.49276842988958856632E+0000  1.56959948287439400312E+0000  1.44385060095458045632E+0000  0.00000000000000000000E+0000  2.34433159148802059510E+0002  0.00000000000000000000E+0000  1.84540530260840699635E-0038  2.15030903396746889562E-0001  2.21784557747365866054E-0032  0.00000000000000000000E+0000  2.19949368063247627209E+0002  0.00000000000000000000E+0000  0.00000000000000000000E+0000  2.20043655088546360868E+0002  0.00000000000000000000E+0000  0.00000000000000000000E+0000  0.00000000000000000000E+0000  0.00000000000000000000E+0000  0.00000000000000000000E+0000 -1.70784973550845664166E-0005 -3.14651032694048459078E+0000  0.00000000000000000000E+0000  0.00000000000000000000E+0000  0.00000000000000000000E+0000  9.92573892860140995223E-0002
 3.30499999999999999997E-0009  0.00000000000000000000E+0000 -2.10748970263788249681E-0001  1.65744380150435070767E-0002 -2.10748970263788249681E-0001  1.04999999999999999996E+0000  1.49277008598740073175E+0000  1.56960024765839905388E+0000  1.44385088385790691932E+0000  0.00000000000000000000E+0000  2.34433159148802059510E+0002  0.00000000000000000000E+0000  1.84552739761694387045E-0038  2.15037917397737049784E-0001  2.21787139733771268132E-0032  0.00000000000000000000E+0000  2.19952007079383830349E+0002  0.00000000000000000000E+0000  0.00000000000000000000E+0000  2.20047889392636876804E+0002  0.00000000000000000000E+0000  0.00000000000000000000E+0000  0.00000000000000000000E+0000  0.00000000000000000000E+0000  0.00000000000000000000E+0000 -1.71678327812137423150E-0005 -3.14694305163004619760E+0000  0.00000000000000000000E+0000  0.00000000000000000000E+0000  0.00000000000000000000E+0000  1.00475615255061662126E-0001
 3.37100000000000000005E-0009  0.00000000000000000000E+0000 -2.12830210724637033161E-0001  1.66090305046436595790E-0002 -2.12830210724637033161E-0001  1.04999999999999999996E+0000  1.49277175540580683182E+0000  1.56960102369773944417E+0000  1.44385117119628611938E+0000  0.00000000000000000000E+0000  2.34433159148802059510E+0002  0.00000000000000000000E+0000  1.84565049280286770169E-0038  2.15045031331529070594E-0001  2.21789762187804654936E-0032  0.00000000000000000000E+0000  2.19954688649281072041E+0002  0.00000000000000000000E+0000  0.00000000000000000000E+0000  2.20052182613208498221E+0002  0.00000000000000000000E+0000  0.00000000000000000000E+0000  0.00000000000000000000E+0000  0.00000000000000000000E+0000  0.00000000000000000000E+0000 -1.72831640147332260039E-0005 -3.14733514896034445975E+0000  0.00000000000000000000E+0000  0.00000000000000000000E+0000  0.00000000000000000000E+0000  1.01677246857789352843E-0001
 3.43900000000000000010E-0009  0.00000000000000000000E+0000 -2.16249191419433557212E-0001  1.67005809483886287486E-0002 -2.16249191419433557212E-0001  1.04999999999999999996E+0000  1.49277345771092994936E+0000  1.56960182250666933760E+0000  1.44385146739089341287E+0000  0.00000000000000000000E+0000  2.34433159148802059510E+0002  0.00000000000000000000E+0000  1.84577600425948167660E-0038  2.15052348696230425347E-0001  2.21792465500804857354E-0032  0.00000000000000000000E+0000  2.19957453676573407381E+0002  0.00000000000000000000E+0000  0.00000000000000000000E+0000  2.20056596844169934213E+0002  0.00000000000000000000E+0000  0.00000000000000000000E+0000  0.00000000000000000000E+0000  0.00000000000000000000E+0000  0.00000000000000000000E+0000 -1.58931608323659070997E-0005 -3.14981789931927628535E+0000  0.00000000000000000000E+0000  0.00000000000000000000E+0000  0.00000000000000000000E+0000  1.03428061611332053593E-0001
 3.50799999999999999992E-0009  0.00000000000000000000E+0000 -2.17999183131591219592E-0001  1.66617587653879814959E-0002 -2.17999183131591219592E-0001  1.04999999999999999996E+0000  1.49277517363343066191E+0000  1.56960263257869397197E+0000  1.44385176805921496826E+0000  0.00000000000000000000E+0000  2.34433159148802059510E+0002  0.00000000000000000000E+0000  1.84590257622153887583E-0038  2.15059766453046401352E-0001  2.21795209632798432591E-0032  0.00000000000000000000E+0000  2.19960261636959299558E+0002  0.00000000000000000000E+0000  0.00000000000000000000E+0000  2.20061070105325846780E+0002  0.00000000000000000000E+0000  0.00000000000000000000E+0000  0.00000000000000000000E+0000  0.00000000000000000000E+0000  0.00000000000000000000E+0000 -1.63541868623975040703E-0005 -3.14972933353537447353E+0000  0.00000000000000000000E+0000  0.00000000000000000000E+0000  0.00000000000000000000E+0000  1.04551586467443381017E-0001
 3.57799999999999999993E-0009  0.00000000000000000000E+0000 -2.19838507540952075172E-0001  1.67093396243160569027E-0002 -2.19838507540952075172E-0001  1.04999999999999999996E+0000  1.49277690284962994869E+0000  1.56960345389754730733E+0000  1.44385207322626940856E+0000  0.00000000000000000000E+0000  2.34433159148802059510E+0002  0.00000000000000000000E+0000  1.84603014611399236699E-0038  2.15067283945186019746E-0001  2.21797994879650803816E-0032  0.00000000000000000000E+0000  2.19963112267643834799E+0002  0.00000000000000000000E+0000  0.00000000000000000000E+0000  2.20065602067778375406E+0002  0.00000000000000000000E+0000  0.00000000000000000000E+0000  0.00000000000000000000E+0000  0.00000000000000000000E+0000  0.00000000000000000000E+0000 -1.67772281240170445547E-0005 -3.14968913225335141290E+0000  0.00000000000000000000E+0000  0.00000000000000000000E+0000  0.00000000000000000000E+0000  1.05614440711141424559E-0001
 3.64899999999999999991E-0009  0.00000000000000000000E+0000 -2.21668318242974750481E-0001  1.67389485707370590551E-0002 -2.21668318242974750481E-0001  1.04999999999999999996E+0000  1.49277864505180149360E+0000  1.56960428644759480608E+0000  1.44385238291826304617E+0000  0.00000000000000000000E+0000  2.34433159148802059510E+0002  0.00000000000000000000E+0000  1.84615869183847356020E-0038  2.15074900901037547506E-0001  2.21800821497538555878E-0032  0.00000000000000000000E+0000  2.19966005627563430558E+0002  0.00000000000000000000E+0000  0.00000000000000000000E+0000  2.20070192517606231922E+0002  0.00000000000000000000E+0000  0.00000000000000000000E+0000  0.00000000000000000000E+0000  0.00000000000000000000E+0000  0.00000000000000000000E+0000 -1.71686375859904366388E-0005 -3.14968885563081265212E+0000  0.00000000000000000000E+0000  0.00000000000000000000E+0000  0.00000000000000000000E+0000  1.06708336501654670522E-0001
 3.72300000000000000004E-0009  0.00000000000000000000E+0000 -2.24791740162711418727E-0001  1.68284429816445068159E-0002 -2.24791740162711418727E-0001  1.04999999999999999996E+0000  1.49278044334711846480E+0000  1.56960515342147355583E+0000  1.44385270597997942340E+0000  0.00000000000000000000E+0000  2.34433159148802059510E+0002  0.00000000000000000000E+0000  1.84629137380735822452E-0038  2.15082827334478321696E-0001  2.21803770303249273200E-0032  0.00000000000000000000E+0000  2.19969023108117698859E+0002  0.00000000000000000000E+0000  0.00000000000000000000E+0000  2.20074967800779149787E+0002  0.00000000000000000000E+0000  0.00000000000000000000E+0000  0.00000000000000000000E+0000  0.00000000000000000000E+0000  0.00000000000000000000E+0000 -1.60371332882788439829E-0005 -3.15179113729693814684E+0000  0.00000000000000000000E+0000  0.00000000000000000000E+0000  0.00000000000000000000E+0000  1.08336264196292476647E-0001
 3.79700000000000000017E-0009  0.00000000000000000000E+0000 -2.26362848822348695184E-0001  1.67678338755711334710E-0002 -2.26362848822348695184E-0001  1.04999999999999999996E+0000  1.49278223037564104032E+0000  1.56960601990765209041E+0000  1.44385302925187069504E+0000  0.00000000000000000000E+0000  2.34433159148802059510E+0002  0.00000000000000000000E+0000  1.84642326842689188096E-0038  2.15090746300901577653E-0001  2.21806721060036697974E-0032  0.00000000000000000000E+0000  2.19972043774427151494E+0002  0.00000000000000000000E+0000  0.00000000000000000000E+0000  2.20079736596833521911E+0002  0.00000000000000000000E+0000  0.00000000000000000000E+0000  0.00000000000000000000E+0000  0.00000000000000000000E+0000  0.00000000000000000000E+0000 -1.66825654623074095747E-0005 -3.15144185223496288081E+0000  0.00000000000000000000E+0000  0.00000000000000000000E+0000  0.00000000000000000000E+0000  1.09406505822546352757E-0001
 3.87299999999999999985E-0009  0.00000000000000000000E+0000 -2.28055699917219568417E-0001  1.68165982600296102704E-0002 -2.28055699917219568417E-0001  1.04999999999999999996E+0000  1.49278405400683175793E+0000  1.56960690930335695079E+0000  1.44385336150748740125E+0000  0.00000000000000000000E+0000  2.34433159148802059510E+0002  0.00000000000000000000E+0000  1.84655789280102102617E-0038  2.15098871294468107639E-0001  2.21809753895339704474E-0032  0.00000000000000000000E+0000  2.19975147340182153252E+0002  0.00000000000000000000E+0000  0.00000000000000000000E+0000  2.20084628278048911112E+0002  0.00000000000000000000E+0000  0.00000000000000000000E+0000  0.00000000000000000000E+0000  0.00000000000000000000E+0000  0.00000000000000000000E+0000 -1.73012234602407832860E-0005 -3.15113257848878268431E+0000  0.00000000000000000000E+0000  0.00000000000000000000E+0000  0.00000000000000000000E+0000  1.10407790109429191867E-0001
 3.95099999999999999990E-0009  0.00000000000000000000E+0000 -2.31005111509774506973E-0001  1.69008455371573470276E-0002 -2.31005111509774506973E-0001  1.04999999999999999996E+0000  1.49278590825856407372E+0000  1.56960782134443592711E+0000  1.44385370291660437825E+0000  0.00000000000000000000E+0000  2.34433159148802059510E+0002  0.00000000000000000000E+0000  1.84669476172772841608E-0038  2.15107197405613495320E-0001  2.21812870529424841953E-0032  0.00000000000000000000E+0000  2.19978335312832421242E+0002  0.00000000000000000000E+0000  0.00000000000000000000E+0000  2.20089638932586087988E+0002  0.00000000000000000000E+0000  0.00000000000000000000E+0000  0.00000000000000000000E+0000  0.00000000000000000000E+0000  0.00000000000000000000E+0000 -1.62889128765883712653E-0005 -3.15305352457275303297E+0000  0.00000000000000000000E+0000  0.00000000000000000000E+0000  0.00000000000000000000E+0000  1.11964777793418638531E-0001
 4.03000000000000000013E-0009  0.00000000000000000000E+0000 -2.32468848459656913659E-0001  1.68370262853090706309E-0002 -2.32468848459656913659E-0001  1.04999999999999999996E+0000  1.49278777486133266722E+0000  1.56960874457608421403E+0000  1.44385404900557670019E+0000  0.00000000000000000000E+0000  2.34433159148802059510E+0002  0.00000000000000000000E+0000  1.84683259784607411242E-0038  2.15115622623338491827E-0001  2.21816029863526053422E-0032  0.00000000000000000000E+0000  2.19981566655919670225E+0002  0.00000000000000000000E+0000  0.00000000000000000000E+0000  2.20094707498182743030E+0002  0.00000000000000000000E+0000  0.00000000000000000000E+0000  0.00000000000000000000E+0000  0.00000000000000000000E+0000  0.00000000000000000000E+0000 -1.71009496553701754157E-0005 -3.15248063793202536664E+0000  0.00000000000000000000E+0000  0.00000000000000000000E+0000  0.00000000000000000000E+0000  1.12987317901698291656E-0001
 4.11099999999999999991E-0009  0.00000000000000000000E+0000 -2.35272902327162470180E-0001  1.69367042470967724626E-0002 -2.35272902327162470180E-0001  1.04999999999999999996E+0000  1.49278967161932467973E+0000  1.56960969042493393949E+0000  1.44385440435852230193E+0000  0.00000000000000000000E+0000  2.34433159148802059510E+0002  0.00000000000000000000E+0000  1.84697264877431145790E-0038  2.15124248476178206143E-0001  2.21819274013084218903E-0032  0.00000000000000000000E+0000  2.19984882117057087378E+0002  0.00000000000000000000E+0000  0.00000000000000000000E+0000  2.20099894820763504769E+0002  0.00000000000000000000E+0000  0.00000000000000000000E+0000  0.00000000000000000000E+0000  0.00000000000000000000E+0000  0.00000000000000000000E+0000 -1.62509710060610569774E-0005 -3.15417122781930686637E+0000  0.00000000000000000000E+0000  0.00000000000000000000E+0000  0.00000000000000000000E+0000  1.14447234600110659912E-0001
 4.19299999999999999988E-0009  0.00000000000000000000E+0000 -2.36641085844752017657E-0001  1.68710861211073687764E-0002 -2.36641085844752017657E-0001  1.04999999999999999996E+0000  1.49279158046459568484E+0000  1.56961064744765812270E+0000  1.44385476446753230838E+0000  0.00000000000000000000E+0000  2.34433159148802059510E+0002  0.00000000000000000000E+0000  1.84711364665793718027E-0038  2.15132973124522355811E-0001  2.21822561529247193138E-0032  0.00000000000000000000E+0000  2.19988241062812229176E+0002  0.00000000000000000000E+0000  0.00000000000000000000E+0000  2.20105139776170434490E+0002  0.00000000000000000000E+0000  0.00000000000000000000E+0000  0.00000000000000000000E+0000  0.00000000000000000000E+0000  0.00000000000000000000E+0000 -1.71934958300220617686E-0005 -3.15342115803739048759E+0000  0.00000000000000000000E+0000  0.00000000000000000000E+0000  0.00000000000000000000E+0000  1.15424020634910228468E-0001
 4.27699999999999999980E-0009  0.00000000000000000000E+0000 -2.39328178998438991250E-0001  1.69709727026927768190E-0002 -2.39328178998438991250E-0001  1.04999999999999999996E+0000  1.49279351881117874608E+0000  1.56961162705123086051E+0000  1.44385513396761851266E+0000  0.00000000000000000000E+0000  2.34433159148802059510E+0002  0.00000000000000000000E+0000  1.84725681076045568559E-0038  2.15141897731769483296E-0001  2.21825935036985777109E-0032  0.00000000000000000000E+0000  2.19991684266651375532E+0002  0.00000000000000000000E+0000  0.00000000000000000000E+0000  2.20110502956564255031E+0002  0.00000000000000000000E+0000  0.00000000000000000000E+0000  0.00000000000000000000E+0000  0.00000000000000000000E+0000  0.00000000000000000000E+0000 -1.64331999851228291679E-0005 -3.15498152127996438600E+0000  0.00000000000000000000E+0000  0.00000000000000000000E+0000  0.00000000000000000000E+0000  1.16835840655107513073E-0001
 4.36199999999999999991E-0009  0.00000000000000000000E+0000 -2.40622711538715016095E-0001  1.69018902224169173022E-0002 -2.40622711538715016095E-0001  1.04999999999999999996E+0000  1.49279546887573696522E+0000  1.56961261780749522857E+0000  1.44385550830982486829E+0000  0.00000000000000000000E+0000  2.34433159148802059510E+0002  0.00000000000000000000E+0000  1.84740089463109155980E-0038  2.15150920751678379942E-0001  2.21829352661757085257E-0032  0.00000000000000000000E+0000  2.19995171074968824954E+0002  0.00000000000000000000E+0000  0.00000000000000000000E+0000  2.20115923441947621400E+0002  0.00000000000000000000E+0000  0.00000000000000000000E+0000  0.00000000000000000000E+0000  0.00000000000000000000E+0000  0.00000000000000000000E+0000 -1.74677414827387209773E-0005 -3.15410726635809955816E+0000  0.00000000000000000000E+0000  0.00000000000000000000E+0000  0.00000000000000000000E+0000  1.17784963830397551342E-0001
 4.45000000000000000016E-0009  0.00000000000000000000E+0000 -2.43223984343172488438E-0001  1.70049062866286410133E-0002 -2.43223984343172488438E-0001  1.04999999999999999996E+0000  1.49279747037721809361E+0000  1.56961364274857220280E+0000  1.44385589659968661502E+0000  0.00000000000000000000E+0000  2.34433159148802059510E+0002  0.00000000000000000000E+0000  1.84754877067053750107E-0038  2.15160248994247121107E-0001  2.21832897874033119343E-0032  0.00000000000000000000E+0000  2.19998782893156056548E+0002  0.00000000000000000000E+0000  0.00000000000000000000E+0000  2.20121525431903369022E+0002  0.00000000000000000000E+0000  0.00000000000000000000E+0000  0.00000000000000000000E+0000  0.00000000000000000000E+0000  0.00000000000000000000E+0000 -1.67918910193815438605E-0005 -3.15555142809014573663E+0000  0.00000000000000000000E+0000  0.00000000000000000000E+0000  0.00000000000000000000E+0000  1.19158302553830443922E-0001
 4.53900000000000000019E-0009  0.00000000000000000000E+0000 -2.45569310433058392382E-0001  1.69834426331260964769E-0002 -2.45569310433058392382E-0001  1.04999999999999999996E+0000  1.49279947794325512070E+0000  1.56961467858244584572E+0000  1.44385629006738720509E+0000  0.00000000000000000000E+0000  2.34433159148802059510E+0002  0.00000000000000000000E+0000  1.84769711194444748757E-0038  2.15169670734156283181E-0001  2.21836490472623940979E-0032  0.00000000000000000000E+0000  2.20002439434371328472E+0002  0.00000000000000000000E+0000  0.00000000000000000000E+0000  2.20127180966343919802E+0002  0.00000000000000000000E+0000  0.00000000000000000000E+0000  0.00000000000000000000E+0000  0.00000000000000000000E+0000  0.00000000000000000000E+0000 -1.63186798182996924917E-0005 -3.15671555070387622978E+0000  0.00000000000000000000E+0000  0.00000000000000000000E+0000  0.00000000000000000000E+0000  1.20532722469839330321E-0001
 4.63000000000000000018E-0009  0.00000000000000000000E+0000 -2.47804388247576011560E-0001  1.69887487446476295212E-0002 -2.47804388247576011560E-0001  1.04999999999999999996E+0000  1.49280151428512809840E+0000  1.56961573695146873746E+0000  1.44385669318978738325E+0000  0.00000000000000000000E+0000  2.34433159148802059510E+0002  0.00000000000000000000E+0000  1.84784760959920372762E-0038  2.15179292005957613208E-0001  2.21840171264215338522E-0032  0.00000000000000000000E+0000  2.20006180411164708396E+0002  0.00000000000000000000E+0000  0.00000000000000000000E+0000  2.20132954312179625528E+0002  0.00000000000000000000E+0000  0.00000000000000000000E+0000  0.00000000000000000000E+0000  0.00000000000000000000E+0000  0.00000000000000000000E+0000 -1.60361641258373807433E-0005 -3.15762147741213382887E+0000  0.00000000000000000000E+0000  0.00000000000000000000E+0000  0.00000000000000000000E+0000  1.21806611719371091644E-0001
 4.72199999999999999994E-0009  0.00000000000000000000E+0000 -2.48879947536711745748E-0001  1.69313435759630948900E-0002 -2.48879947536711745748E-0001  1.04999999999999999996E+0000  1.49280356189489508674E+0000  1.56961680644407855902E+0000  1.44385710133849256166E+0000  0.00000000000000000000E+0000  2.34433159148802059510E+0002  0.00000000000000000000E+0000  1.84799899236409455015E-0038  2.15189011129016229395E-0001  2.21843897814407805025E-0032  0.00000000000000000000E+0000  2.20009965220318160009E+0002  0.00000000000000000000E+0000  0.00000000000000000000E+0000  2.20138784441091177338E+0002  0.00000000000000000000E+0000  0.00000000000000000000E+0000  0.00000000000000000000E+0000  0.00000000000000000000E+0000  0.00000000000000000000E+0000 -1.74268212628115948539E-0005 -3.15627332495288908418E+0000  0.00000000000000000000E+0000  0.00000000000000000000E+0000  0.00000000000000000000E+0000  1.22630379456669032059E-0001
 4.81699999999999999985E-0009  0.00000000000000000000E+0000 -2.51196006626281793678E-0001  1.70416577158073559828E-0002 -2.51196006626281793678E-0001  1.04999999999999999996E+0000  1.49280565902713584442E+0000  1.56961791002135707743E+0000  1.44385752378594088292E+0000  0.00000000000000000000E+0000  2.34433159148802059510E+0002  0.00000000000000000000E+0000  1.84815402723780438857E-0038  2.15199033649037049819E-0001  2.21847755250262685495E-0032  0.00000000000000000000E+0000  2.20013875385998241549E+0002  0.00000000000000000000E+0000  0.00000000000000000000E+0000  2.20144794658331091813E+0002  0.00000000000000000000E+0000  0.00000000000000000000E+0000  0.00000000000000000000E+0000  0.00000000000000000000E+0000  0.00000000000000000000E+0000 -1.70221432319197278916E-0005 -3.15734174434870431560E+0000  0.00000000000000000000E+0000  0.00000000000000000000E+0000  0.00000000000000000000E+0000  1.23881752734973856403E-0001
 4.91299999999999999994E-0009  0.00000000000000000000E+0000 -2.53307598335317330515E-0001  1.70222022831111712422E-0002 -2.53307598335317330515E-0001  1.04999999999999999996E+0000  1.49280776147860231933E+0000  1.56961902444456203535E+0000  1.44385795170898312615E+0000  0.00000000000000000000E+0000  2.34433159148802059510E+0002  0.00000000000000000000E+0000  1.84830947308759713609E-0038  2.15209148737024369717E-0001  2.21851662836929007405E-0032  0.00000000000000000000E+0000  2.20017830507700293013E+0002  0.00000000000000000000E+0000  0.00000000000000000000E+0000  2.20150857654171430905E+0002  0.00000000000000000000E+0000  0.00000000000000000000E+0000  0.00000000000000000000E+0000  0.00000000000000000000E+0000  0.00000000000000000000E+0000 -1.67527728645350603685E-0005 -3.15822301332279368547E+0000  0.00000000000000000000E+0000  0.00000000000000000000E+0000  0.00000000000000000000E+0000  1.25156650772126770533E-0001
 5.01200000000000000017E-0009  0.00000000000000000000E+0000 -2.55343131121326179234E-0001  1.70237718591950351632E-0002 -2.55343131121326179234E-0001  1.04999999999999999996E+0000  1.49280991286423120399E+0000  1.56962017291889254650E+0000  1.44385839410776176876E+0000  0.00000000000000000000E+0000  2.34433159148802059510E+0002  0.00000000000000000000E+0000  1.84846857179243803350E-0038  2.15219567078942672098E-0001  2.21855702650307654411E-0032  0.00000000000000000000E+0000  2.20021911080921296469E+0002  0.00000000000000000000E+0000  0.00000000000000000000E+0000  2.20157100567450257522E+0002  0.00000000000000000000E+0000  0.00000000000000000000E+0000  0.00000000000000000000E+0000  0.00000000000000000000E+0000  0.00000000000000000000E+0000 -1.66628704069507138482E-0005 -3.15886827274088328294E+0000  0.00000000000000000000E+0000  0.00000000000000000000E+0000  0.00000000000000000000E+0000  1.26345412509137512071E-0001
 5.11200000000000000017E-0009  0.00000000000000000000E+0000 -2.57291124189283409540E-0001  1.70115227728924105359E-0002 -2.57291124189283409540E-0001  1.04999999999999999996E+0000  1.49281206948431515434E+0000  1.56962133222845444814E+0000  1.44385884213528398017E+0000  0.00000000000000000000E+0000  2.34433159148802059510E+0002  0.00000000000000000000E+0000  1.84862807485140249950E-0038  2.15230077741785548828E-0001  2.21859794069227808019E-0032  0.00000000000000000000E+0000  2.20026036704703407271E+0002  0.00000000000000000000E+0000  0.00000000000000000000E+0000  2.20163396025578860168E+0002  0.00000000000000000000E+0000  0.00000000000000000000E+0000  0.00000000000000000000E+0000  0.00000000000000000000E+0000  0.00000000000000000000E+0000 -1.66306096097556297511E-0005 -3.15943083621775758088E+0000  0.00000000000000000000E+0000  0.00000000000000000000E+0000  0.00000000000000000000E+0000  1.27508920667557666345E-0001
 5.21499999999999999992E-0009  0.00000000000000000000E+0000 -2.59169351665686769308E-0001  1.70155064177549316218E-0002 -2.59169351665686769308E-0001  1.04999999999999999996E+0000  1.49281427414306886565E+0000  1.56962252554051237444E+0000  1.44385930485633272053E+0000  0.00000000000000000000E+0000  2.34433159148802059510E+0002  0.00000000000000000000E+0000  1.84879116465369746432E-0038  2.15240890767088426547E-0001  2.21864019757364864348E-0032  0.00000000000000000000E+0000  2.20030287940286984574E+0002  0.00000000000000000000E+0000  0.00000000000000000000E+0000  2.20169870708857825806E+0002  0.00000000000000000000E+0000  0.00000000000000000000E+0000  0.00000000000000000000E+0000  0.00000000000000000000E+0000  0.00000000000000000000E+0000 -1.67189909005890493789E-0005 -3.15983650499928109918E+0000  0.00000000000000000000E+0000  0.00000000000000000000E+0000  0.00000000000000000000E+0000  1.28630659651925223090E-0001
 5.31899999999999999985E-0009  0.00000000000000000000E+0000 -2.60985505155868044745E-0001  1.70114921450725495417E-0002 -2.60985505155868044745E-0001  1.04999999999999999996E+0000  1.49281648368870459125E+0000  1.56962372966425006834E+0000  1.44385977339447359701E+0000  0.00000000000000000000E+0000  2.34433159148802059510E+0002  0.00000000000000000000E+0000  1.84895463326907467707E-0038  2.15251795646744000491E-0001  2.21868298834447188462E-0032  0.00000000000000000000E+0000  2.20034584333467254424E+0002  0.00000000000000000000E+0000  0.00000000000000000000E+0000  2.20176397552869203333E+0002  0.00000000000000000000E+0000  0.00000000000000000000E+0000  0.00000000000000000000E+0000  0.00000000000000000000E+0000  0.00000000000000000000E+0000 -1.68208394447876386385E-0005 -3.16021895529400238746E+0000  0.00000000000000000000E+0000  0.00000000000000000000E+0000  0.00000000000000000000E+0000  1.29738990092127968028E-0001
 5.42500000000000000014E-0009  0.00000000000000000000E+0000 -2.62754926538234940159E-0001  1.70160599782477523310E-0002 -2.62754926538234940159E-0001  1.04999999999999999996E+0000  1.49281871914899009937E+0000  1.56962495616368617605E+0000  1.44386025236018388071E+0000  0.00000000000000000000E+0000  2.34433159148802059510E+0002  0.00000000000000000000E+0000  1.84912004791628790822E-0038  2.15262897089446372093E-0001  2.21872673320635973144E-0032  0.00000000000000000000E+0000  2.20038965675592778887E+0002  0.00000000000000000000E+0000  0.00000000000000000000E+0000  2.20183039912917197525E+0002  0.00000000000000000000E+0000  0.00000000000000000000E+0000  0.00000000000000000000E+0000  0.00000000000000000000E+0000  0.00000000000000000000E+0000 -1.69702804719493699845E-0005 -3.16053753596450660336E+0000  0.00000000000000000000E+0000  0.00000000000000000000E+0000  0.00000000000000000000E+0000  1.30815237618763669585E-0001
 5.53400000000000000017E-0009  0.00000000000000000000E+0000 -2.65328907009382755817E-0001  1.70458913645759610475E-0002 -2.65328907009382755817E-0001  1.04999999999999999996E+0000  1.49282099638477374856E+0000  1.56962621635828408447E+0000  1.44386074684114901396E+0000  0.00000000000000000000E+0000  2.34433159148802059510E+0002  0.00000000000000000000E+0000  1.84928855232814931709E-0038  2.15274294945920748566E-0001  2.21877190131405385986E-0032  0.00000000000000000000E+0000  2.20043473745586223661E+0002  0.00000000000000000000E+0000  0.00000000000000000000E+0000  2.20189857037034628862E+0002  0.00000000000000000000E+0000  0.00000000000000000000E+0000  0.00000000000000000000E+0000  0.00000000000000000000E+0000  0.00000000000000000000E+0000 -1.56488452977323618394E-0005 -3.16281352106752262367E+0000  0.00000000000000000000E+0000  0.00000000000000000000E+0000  0.00000000000000000000E+0000  1.32210752002127016527E-0001
 5.64500000000000000016E-0009  0.00000000000000000000E+0000 -2.66787892874494199418E-0001  1.69861262744837515442E-0002 -2.66787892874494199418E-0001  1.04999999999999999996E+0000  1.49282329959423529198E+0000  1.56962749892305390340E+0000  1.44386125194228727246E+0000  0.00000000000000000000E+0000  2.34433159148802059510E+0002  0.00000000000000000000E+0000  1.84945904156416039472E-0038  2.15285889645836756162E-0001  2.21881803755559428061E-0032  0.00000000000000000000E+0000  2.20048067877720910313E+0002  0.00000000000000000000E+0000  0.00000000000000000000E+0000  2.20196789301414932949E+0002  0.00000000000000000000E+0000  0.00000000000000000000E+0000  0.00000000000000000000E+0000  0.00000000000000000000E+0000  0.00000000000000000000E+0000 -1.62722970105592745338E-0005 -3.16250606035979503700E+0000  0.00000000000000000000E+0000  0.00000000000000000000E+0000  0.00000000000000000000E+0000  1.33165729264405843590E-0001
 5.75800000000000000011E-0009  0.00000000000000000000E+0000 -2.68268113015708457695E-0001  1.69829876047289856661E-0002 -2.68268113015708457695E-0001  1.04999999999999999996E+0000  1.49282562808517090468E+0000  1.56962880382047362217E+0000  1.44386176783703022741E+0000  0.00000000000000000000E+0000  2.34433159148802059510E+0002  0.00000000000000000000E+0000  1.84963142545358482421E-0038  2.15297680046673949034E-0001  2.21886516290422769249E-0032  0.00000000000000000000E+0000  2.20052747651329947701E+0002  0.00000000000000000000E+0000  0.00000000000000000000E+0000  2.20203836138119750002E+0002  0.00000000000000000000E+0000  0.00000000000000000000E+0000  0.00000000000000000000E+0000  0.00000000000000000000E+0000  0.00000000000000000000E+0000 -1.68154769493644243447E-0005 -3.16230472758099422559E+0000  0.00000000000000000000E+0000  0.00000000000000000000E+0000  0.00000000000000000000E+0000  1.34113944427433230211E-0001
 5.87300000000000000001E-0009  0.00000000000000000000E+0000 -2.70545928996360347259E-0001  1.70218117794134780210E-0002 -2.70545928996360347259E-0001  1.04999999999999999996E+0000  1.49282797665214740537E+0000  1.56963013079558059482E+0000  1.44386229520944135620E+0000  0.00000000000000000000E+0000  2.34433159148802059510E+0002  0.00000000000000000000E+0000  1.84980528888677856848E-0038  2.15309661148947276095E-0001  2.21891334531737971061E-0032  0.00000000000000000000E+0000  2.20057513429230894753E+0002  0.00000000000000000000E+0000  0.00000000000000000000E+0000  2.20210994095997036835E+0002  0.00000000000000000000E+0000  0.00000000000000000000E+0000  0.00000000000000000000E+0000  0.00000000000000000000E+0000  0.00000000000000000000E+0000 -1.57416857876373998940E-0005 -3.16424246479341844652E+0000  0.00000000000000000000E+0000  0.00000000000000000000E+0000  0.00000000000000000000E+0000  1.35379740650740687557E-0001
 5.99100000000000000006E-0009  0.00000000000000000000E+0000 -2.71807928035964965432E-0001  1.69672703029362569577E-0002 -2.71807928035964965432E-0001  1.04999999999999999996E+0000  1.49283037058988594318E+0000  1.56963149161690390773E+0000  1.44386283822911636510E+0000  0.00000000000000000000E+0000  2.34433159148802059510E+0002  0.00000000000000000000E+0000  1.84998258017445385878E-0038  2.15321942213749142997E-0001  2.21896295424432544511E-0032  0.00000000000000000000E+0000  2.20062405801452710755E+0002  0.00000000000000000000E+0000  0.00000000000000000000E+0000  2.20218329109232629728E+0002  0.00000000000000000000E+0000  0.00000000000000000000E+0000  0.00000000000000000000E+0000  0.00000000000000000000E+0000  0.00000000000000000000E+0000 -1.65986610062351294381E-0005 -3.16362999771912151419E+0000  0.00000000000000000000E+0000  0.00000000000000000000E+0000  0.00000000000000000000E+0000  1.36247155790721278520E-0001
 6.10999999999999999989E-0009  0.00000000000000000000E+0000 -2.73880296463213376178E-0001  1.69892689178986100066E-0002 -2.73880296463213376178E-0001  1.04999999999999999996E+0000  1.49283276403842168250E+0000  1.56963286295732859857E+0000  1.44386338847502499090E+0000  0.00000000000000000000E+0000  2.34433159148802059510E+0002  0.00000000000000000000E+0000  1.85015982108813648992E-0038  2.15334309302135061101E-0001  2.21901323432731065890E-0032  0.00000000000000000000E+0000  2.20067343872328218118E+0002  0.00000000000000000000E+0000  0.00000000000000000000E+0000  2.20225712103556570218E+0002  0.00000000000000000000E+0000  0.00000000000000000000E+0000  0.00000000000000000000E+0000  0.00000000000000000000E+0000  0.00000000000000000000E+0000 -1.57245758900351970464E-0005 -3.16529827885129684344E+0000  0.00000000000000000000E+0000  0.00000000000000000000E+0000  0.00000000000000000000E+0000  1.37412549937163331993E-0001
 6.23300000000000000004E-0009  0.00000000000000000000E+0000 -2.74998658849487987539E-0001  1.69372288963919027979E-0002 -2.74998658849487987539E-0001  1.04999999999999999996E+0000  1.49283522201767677019E+0000  1.56963427961122890374E+0000  1.44386395936671897006E+0000  0.00000000000000000000E+0000  2.34433159148802059510E+0002  0.00000000000000000000E+0000  1.85034191532848767487E-0038  2.15347079345037390862E-0001  2.21906539662151548275E-0032  0.00000000000000000000E+0000  2.20072449027439440469E+0002  0.00000000000000000000E+0000  0.00000000000000000000E+0000  2.20233334015020522825E+0002  0.00000000000000000000E+0000  0.00000000000000000000E+0000  0.00000000000000000000E+0000  0.00000000000000000000E+0000  0.00000000000000000000E+0000 -1.67680928852913395694E-0005 -3.16444387351569141943E+0000  0.00000000000000000000E+0000  0.00000000000000000000E+0000  0.00000000000000000000E+0000  1.38215856929029973639E-0001
 6.35800000000000000015E-0009  0.00000000000000000000E+0000 -2.76912095125345717313E-0001  1.69672330733447806002E-0002 -2.76912095125345717313E-0001  1.04999999999999999996E+0000  1.49283769877938290733E+0000  1.56963571825272277434E+0000  1.44386454257620666739E+0000  0.00000000000000000000E+0000  2.34433159148802059510E+0002  0.00000000000000000000E+0000  1.85052538733889794509E-0038  2.15360038317048813040E-0001  2.21911869691693043948E-0032  0.00000000000000000000E+0000  2.20077641480569619989E+0002  0.00000000000000000000E+0000  0.00000000000000000000E+0000  2.20241065183385543058E+0002  0.00000000000000000000E+0000  0.00000000000000000000E+0000  0.00000000000000000000E+0000  0.00000000000000000000E+0000  0.00000000000000000000E+0000 -1.60427281350777161045E-0005 -3.16591944211200164959E+0000  0.00000000000000000000E+0000  0.00000000000000000000E+0000  0.00000000000000000000E+0000  1.39310234030252725338E-0001
 6.48499999999999999982E-0009  0.00000000000000000000E+0000 -2.78627662209908814298E-0001  1.69338623871889917437E-0002 -2.78627662209908814298E-0001  1.04999999999999999996E+0000  1.49284019474364955317E+0000  1.56963717889517050748E+0000  1.44386513823308426391E+0000  0.00000000000000000000E+0000  2.34433159148802059510E+0002  0.00000000000000000000E+0000  1.85071031643008877995E-0038  2.15373187049599575999E-0001  2.21917313871591107940E-0032  0.00000000000000000000E+0000  2.20082920018714062863E+0002  0.00000000000000000000E+0000  0.00000000000000000000E+0000  2.20248906706311813192E+0002  0.00000000000000000000E+0000  0.00000000000000000000E+0000  0.00000000000000000000E+0000  0.00000000000000000000E+0000  0.00000000000000000000E+0000 -1.56089905009005624293E-0005 -3.16700882101106647153E+0000  0.00000000000000000000E+0000  0.00000000000000000000E+0000  0.00000000000000000000E+0000  1.40328510864927827762E-0001
 6.61500000000000000003E-0009  0.00000000000000000000E+0000 -2.79523250279265543403E-0001  1.68748478655909611112E-0002 -2.79523250279265543403E-0001  1.04999999999999999996E+0000  1.49284273389226598090E+0000  1.56963867324881009341E+0000  1.44386575052539287579E+0000  0.00000000000000000000E+0000  2.34433159148802059510E+0002  0.00000000000000000000E+0000  1.85089851084240505661E-0038  2.15386633340761645598E-0001  2.21922909750624455256E-0032  0.00000000000000000000E+0000  2.20088325468999651255E+0002  0.00000000000000000000E+0000  0.00000000000000000000E+0000  2.20256923432732599474E+0002  0.00000000000000000000E+0000  0.00000000000000000000E+0000  0.00000000000000000000E+0000  0.00000000000000000000E+0000  0.00000000000000000000E+0000 -1.69341279104365341163E-0005 -3.16578847585377614964E+0000  0.00000000000000000000E+0000  0.00000000000000000000E+0000  0.00000000000000000000E+0000  1.41031859537491587834E-0001
 6.74699999999999999980E-0009  0.00000000000000000000E+0000 -2.81190992431515156518E-0001  1.69150097452615992490E-0002 -2.81190992431515156518E-0001  1.04999999999999999996E+0000  1.49284529087987367338E+0000  1.56964018951862682011E+0000  1.44386637588456858664E+0000  0.00000000000000000000E+0000  2.34433159148802059510E+0002  0.00000000000000000000E+0000  1.85108801613612903905E-0038  2.15400267279913703691E-0001  2.21928626491496505583E-0032  0.00000000000000000000E+0000  2.20093817683818446074E+0002  0.00000000000000000000E+0000  0.00000000000000000000E+0000  2.20265048755291907787E+0002  0.00000000000000000000E+0000  0.00000000000000000000E+0000  0.00000000000000000000E+0000  0.00000000000000000000E+0000  0.00000000000000000000E+0000 -1.63856205306818688237E-0005 -3.16702866162343036976E+0000  0.00000000000000000000E+0000  0.00000000000000000000E+0000  0.00000000000000000000E+0000  1.42006504266235973445E-0001
 6.88200000000000000012E-0009  0.00000000000000000000E+0000 -2.82687670316380504527E-0001  1.68842706871037451723E-0002 -2.82687670316380504527E-0001  1.04999999999999999996E+0000  1.49284788515452589109E+0000  1.56964173918651060690E+0000  1.44386701925163709367E+0000  0.00000000000000000000E+0000  2.34433159148802059510E+0002  0.00000000000000000000E+0000  1.85128032266136497677E-0038  2.15414192700626095237E-0001  2.21934508242324951829E-0032  0.00000000000000000000E+0000  2.20099437042666985234E+0002  0.00000000000000000000E+0000  0.00000000000000000000E+0000  2.20273345147254551266E+0002  0.00000000000000000000E+0000  0.00000000000000000000E+0000  0.00000000000000000000E+0000  0.00000000000000000000E+0000  0.00000000000000000000E+0000 -1.61078533530030642528E-0005 -3.16791541557428786742E+0000  0.00000000000000000000E+0000  0.00000000000000000000E+0000  0.00000000000000000000E+0000  1.42919132645739163756E-0001
 7.02000000000000000017E-0009  0.00000000000000000000E+0000 -2.84061140952338313844E-0001  1.68460154172251853728E-0002 -2.84061140952338313844E-0001  1.04999999999999999996E+0000  1.49285051643356298466E+0000  1.56964332222829773880E+0000  1.44386768090606858281E+0000  0.00000000000000000000E+0000  2.34433159148802059510E+0002  0.00000000000000000000E+0000  1.85147540604581125894E-0038  2.15428409148645820574E-0001  2.21940557683121071415E-0032  0.00000000000000000000E+0000  2.20105184192725204878E+0002  0.00000000000000000000E+0000  0.00000000000000000000E+0000  2.20281811962301893149E+0002  0.00000000000000000000E+0000  0.00000000000000000000E+0000  0.00000000000000000000E+0000  0.00000000000000000000E+0000  0.00000000000000000000E+0000 -1.60164458719838861444E-0005 -3.16855964872396746786E+0000  0.00000000000000000000E+0000  0.00000000000000000000E+0000  0.00000000000000000000E+0000  1.43770764476057228323E-0001
 7.16000000000000000018E-0009  0.00000000000000000000E+0000 -2.85333362330712203249E-0001  1.68136829110593424688E-0002 -2.85333362330712203249E-0001  1.04999999999999999996E+0000  1.49285316541444358879E+0000  1.56964492715023693978E+0000  1.44386835633090279143E+0000  0.00000000000000000000E+0000  2.34433159148802059510E+0002  0.00000000000000000000E+0000  1.85167183176225926938E-0038  2.15442813181305165075E-0001  2.21946733644513706549E-0032  0.00000000000000000000E+0000  2.20111018113195748502E+0002  0.00000000000000000000E+0000  0.00000000000000000000E+0000  2.20290387231359040252E+0002  0.00000000000000000000E+0000  0.00000000000000000000E+0000  0.00000000000000000000E+0000  0.00000000000000000000E+0000  0.00000000000000000000E+0000 -1.60175024599980796457E-0005 -3.16908095446087832150E+0000  0.00000000000000000000E+0000  0.00000000000000000000E+0000  0.00000000000000000000E+0000  1.44577907141950836526E-0001
 7.30400000000000000011E-0009  0.00000000000000000000E+0000 -2.86510050371190417244E-0001  1.67944377785239419445E-0002 -2.86510050371190417244E-0001  1.04999999999999999996E+0000  1.49285586941501833159E+0000  1.56964657684122716656E+0000  1.44386905552872331869E+0000  0.00000000000000000000E+0000  2.34433159148802059510E+0002  0.00000000000000000000E+0000  1.85187237557111327935E-0038  2.15457610019789267455E-0001  2.21953127415647177472E-0032  0.00000000000000000000E+0000  2.20117020268762004873E+0002  0.00000000000000000000E+0000  0.00000000000000000000E+0000  2.20299193973057254425E+0002  0.00000000000000000000E+0000  0.00000000000000000000E+0000  0.00000000000000000000E+0000  0.00000000000000000000E+0000  0.00000000000000000000E+0000 -1.61512560643110018587E-0005 -3.16943392788358681072E+0000  0.00000000000000000000E+0000  0.00000000000000000000E+0000  0.00000000000000000000E+0000  1.45339336407937218566E-0001
 7.45000000000000000000E-0009  0.00000000000000000000E+0000 -2.87610492103719871511E-0001  1.67687452402545624154E-0002 -2.87610492103719871511E-0001  1.04999999999999999996E+0000  1.49285859032827438711E+0000  1.56964824834812262866E+0000  1.44386976915479479727E+0000  0.00000000000000000000E+0000  2.34433159148802059510E+0002  0.00000000000000000000E+0000  1.85207420105273194838E-0038  2.15472593323641943550E-0001  2.21959653876987058064E-0032  0.00000000000000000000E+0000  2.20123109866363764447E+0002  0.00000000000000000000E+0000  0.00000000000000000000E+0000  2.20308108032592024475E+0002  0.00000000000000000000E+0000  0.00000000000000000000E+0000  0.00000000000000000000E+0000  0.00000000000000000000E+0000  0.00000000000000000000E+0000 -1.63070672916589119706E-0005 -3.16975646362779767454E+0000  0.00000000000000000000E+0000  0.00000000000000000000E+0000  0.00000000000000000000E+0000  1.46069481824624548480E-0001
 7.59900000000000000003E-0009  0.00000000000000000000E+0000 -2.88639667239285553602E-0001  1.67444523157327398403E-0002 -2.88639667239285553602E-0001  1.04999999999999999996E+0000  1.49286134633277299999E+0000  1.56964995308268012405E+0000  1.44387050245654574988E+0000  0.00000000000000000000E+0000  2.34433159148802059510E+0002  0.00000000000000000000E+0000  1.85227866444232704398E-0038  2.15487865197272010205E-0001  2.21966360837152844700E-0032  0.00000000000000000000E+0000  2.20129326654182726611E+0002  0.00000000000000000000E+0000  0.00000000000000000000E+0000  2.20317191046887061165E+0002  0.00000000000000000000E+0000  0.00000000000000000000E+0000  0.00000000000000000000E+0000  0.00000000000000000000E+0000  0.00000000000000000000E+0000 -1.65112699336835263515E-0005 -3.17001755328592845417E+0000  0.00000000000000000000E+0000  0.00000000000000000000E+0000  0.00000000000000000000E+0000  1.46759666958523755597E-0001
 7.75100000000000000021E-0009  0.00000000000000000000E+0000 -2.89598070659800804348E-0001  1.67158213550628862958E-0002 -2.89598070659800804348E-0001  1.04999999999999999996E+0000  1.49286413679641994301E+0000  1.56965169099750163505E+0000  1.44387125584721146161E+0000  0.00000000000000000000E+0000  2.34433159148802059510E+0002  0.00000000000000000000E+0000  1.85248571721913807355E-0038  2.15503424819804616255E-0001  2.21973252174533800944E-0032  0.00000000000000000000E+0000  2.20135671293817093447E+0002  0.00000000000000000000E+0000  0.00000000000000000000E+0000  2.20326442109656403759E+0002  0.00000000000000000000E+0000  0.00000000000000000000E+0000  0.00000000000000000000E+0000  0.00000000000000000000E+0000  0.00000000000000000000E+0000 -1.67490869426910068097E-0005 -3.17023655448048762170E+0000  0.00000000000000000000E+0000  0.00000000000000000000E+0000  0.00000000000000000000E+0000  1.47416083730978324384E-0001
 7.90599999999999999972E-0009  0.00000000000000000000E+0000 -2.90999831454942913591E-0001  1.67004692260953659731E-0002 -2.90999831454942913591E-0001  1.04999999999999999996E+0000  1.49286695689299739093E+0000  1.56965346181321755402E+0000  1.44387203086830395141E+0000  0.00000000000000000000E+0000  2.34433159148802059510E+0002  0.00000000000000000000E+0000  1.85269497326665594707E-0038  2.15519266725209047709E-0001  2.21980343120496538102E-0032  0.00000000000000000000E+0000  2.20142143679852668708E+0002  0.00000000000000000000E+0000  0.00000000000000000000E+0000  2.20335857648662051755E+0002  0.00000000000000000000E+0000  0.00000000000000000000E+0000  0.00000000000000000000E+0000  0.00000000000000000000E+0000  0.00000000000000000000E+0000 -1.54800589251766517251E-0005 -3.17242100448242877238E+0000  0.00000000000000000000E+0000  0.00000000000000000000E+0000  0.00000000000000000000E+0000  1.48193043563286083622E-0001
 8.06400000000000000017E-0009  0.00000000000000000000E+0000 -2.91668272731087366685E-0001  1.66224311334177218474E-0002 -2.91668272731087366685E-0001  1.04999999999999999996E+0000  1.49286981141795291534E+0000  1.56965526577751538092E+0000  1.44387282653014946095E+0000  0.00000000000000000000E+0000  2.34433159148802059510E+0002  0.00000000000000000000E+0000  1.85290685662997302250E-0038  2.15535396538860051142E-0001  2.21987622198838156268E-0032  0.00000000000000000000E+0000  2.20148743933377070439E+0002  0.00000000000000000000E+0000  0.00000000000000000000E+0000  2.20345441235862241000E+0002  0.00000000000000000000E+0000  0.00000000000000000000E+0000  0.00000000000000000000E+0000  0.00000000000000000000E+0000  0.00000000000000000000E+0000 -1.62347769486218245543E-0005 -3.17196911298424621137E+0000  0.00000000000000000000E+0000  0.00000000000000000000E+0000  0.00000000000000000000E+0000  1.48722429999858338698E-0001
 8.22599999999999999974E-0009  0.00000000000000000000E+0000 -2.92777651101958008367E-0001  1.66203050683923065281E-0002 -2.92777651101958008367E-0001  1.04999999999999999996E+0000  1.49287271312753812692E+0000  1.56965711399144043365E+0000  1.44387364969191262204E+0000  0.00000000000000000000E+0000  2.34433159148802059510E+0002  0.00000000000000000000E+0000  1.85312224773121158511E-0038  2.15551909711419204600E-0001  2.21995154732252118707E-0032  0.00000000000000000000E+0000  2.20155512943853923696E+0002  0.00000000000000000000E+0000  0.00000000000000000000E+0000  2.20355249557171916322E+0002  0.00000000000000000000E+0000  0.00000000000000000000E+0000  0.00000000000000000000E+0000  0.00000000000000000000E+0000  0.00000000000000000000E+0000 -1.53660267246460419038E-0005 -3.17363396654374333924E+0000  0.00000000000000000000E+0000  0.00000000000000000000E+0000  0.00000000000000000000E+0000  1.49368053935612974729E-0001
 8.38999999999999999967E-0009  0.00000000000000000000E+0000 -2.93244325718880649741E-0001  1.65520406151039043916E-0002 -2.93244325718880649741E-0001  1.04999999999999999996E+0000  1.49287563063444185920E+0000  1.56965898387059516915E+0000  1.44387448917734534111E+0000  0.00000000000000000000E+0000  2.34433159148802059510E+0002  0.00000000000000000000E+0000  1.85333887748109954264E-0038  2.15568607654144075295E-0001  2.22002836080363446734E-0032  0.00000000000000000000E+0000  2.20162369409969066777E+0002  0.00000000000000000000E+0000  0.00000000000000000000E+0000  2.20365163801307313976E+0002  0.00000000000000000000E+0000  0.00000000000000000000E+0000  0.00000000000000000000E+0000  0.00000000000000000000E+0000  0.00000000000000000000E+0000 -1.63495678051913745744E-0005 -3.17288693860979365891E+0000  0.00000000000000000000E+0000  0.00000000000000000000E+0000  0.00000000000000000000E+0000  1.49811823199044276227E-0001
 8.55800000000000000033E-0009  0.00000000000000000000E+0000 -2.94144991709788581821E-0001  1.65576013318341974111E-0002 -2.94144991709788581821E-0001  1.04999999999999999996E+0000  1.49287859416283570809E+0000  1.56966089788812573631E+0000  1.44387535721028472204E+0000  0.00000000000000000000E+0000  2.34433159148802059510E+0002  0.00000000000000000000E+0000  1.85355893082177114315E-0038  2.15585687235145294317E-0001  2.22010780606460862206E-0032  0.00000000000000000000E+0000  2.20169393791079723063E+0002  0.00000000000000000000E+0000  0.00000000000000000000E+0000  2.20375301946564322475E+0002  0.00000000000000000000E+0000  0.00000000000000000000E+0000  0.00000000000000000000E+0000  0.00000000000000000000E+0000  0.00000000000000000000E+0000 -1.56120973435793254295E-0005 -3.17437959343657817080E+0000  0.00000000000000000000E+0000  0.00000000000000000000E+0000  0.00000000000000000000E+0000  1.50351883749560763024E-0001
 8.72900000000000000033E-0009  0.00000000000000000000E+0000 -2.94857712190667921309E-0001  1.65000208828497577002E-0002 -2.94857712190667921309E-0001  1.04999999999999999996E+0000  1.49288158626383794488E+0000  1.56966284463791988003E+0000  1.44387624891177175450E+0000  0.00000000000000000000E+0000  2.34433159148802059510E+0002  0.00000000000000000000E+0000  1.85378114717127812510E-0038  2.15603047231615142096E-0001  2.22018942306687122712E-0032  0.00000000000000000000E+0000  2.20176546418947944067E+0002  0.00000000000000000000E+0000  0.00000000000000000000E+0000  2.20385602796896816702E+0002  0.00000000000000000000E+0000  0.00000000000000000000E+0000  0.00000000000000000000E+0000  0.00000000000000000000E+0000  0.00000000000000000000E+0000 -1.52383711435273830844E-0005 -3.17539906373632694779E+0000  0.00000000000000000000E+0000  0.00000000000000000000E+0000  0.00000000000000000000E+0000  1.50817203819708554690E-0001
 8.90400000000000000024E-0009  0.00000000000000000000E+0000 -2.95418016234642267170E-0001  1.64486119220482560866E-0002 -2.95418016234642267170E-0001  1.04999999999999999996E+0000  1.49288462426231975915E+0000  1.56966483546797622097E+0000  1.44387716990871682035E+0000  0.00000000000000000000E+0000  2.34433159148802059510E+0002  0.00000000000000000000E+0000  1.85400681568496482703E-0038  2.15620788730062342675E-0001  2.22027372631282641800E-0032  0.00000000000000000000E+0000  2.20183867633310489997E+0002  0.00000000000000000000E+0000  0.00000000000000000000E+0000  2.20396126981405374362E+0002  0.00000000000000000000E+0000  0.00000000000000000000E+0000  0.00000000000000000000E+0000  0.00000000000000000000E+0000  0.00000000000000000000E+0000 -1.51224521731703611884E-0005 -3.17608595440651277054E+0000  0.00000000000000000000E+0000  0.00000000000000000000E+0000  0.00000000000000000000E+0000  1.51216482763052057024E-0001
 9.08200000000000000030E-0009  0.00000000000000000000E+0000 -2.95856739644038285633E-0001  1.64071670246457885610E-0002 -2.95856739644038285633E-0001  1.04999999999999999996E+0000  1.49288769043323713459E+0000  1.56966685895264032157E+0000  1.44387811541428031379E+0000  0.00000000000000000000E+0000  2.34433159148802059510E+0002  0.00000000000000000000E+0000  1.85423461495209572014E-0038  2.15638809592030218000E-0001  2.22036028028417605353E-0032  0.00000000000000000000E+0000  2.20191316996226515434E+0002  0.00000000000000000000E+0000  0.00000000000000000000E+0000  2.20406813084036494507E+0002  0.00000000000000000000E+0000  0.00000000000000000000E+0000  0.00000000000000000000E+0000  0.00000000000000000000E+0000  0.00000000000000000000E+0000 -1.51364409401125949656E-0005 -3.17660339503296289048E+0000  0.00000000000000000000E+0000  0.00000000000000000000E+0000  0.00000000000000000000E+0000  1.51561741419514661711E-0001
 9.26400000000000000027E-0009  0.00000000000000000000E+0000 -2.96184053385850885968E-0001  1.63711368046234779851E-0002 -2.96184053385850885968E-0001  1.04999999999999999996E+0000  1.49289080147753322209E+0000  1.56966892639857055715E+0000  1.44387909127958297833E+0000  0.00000000000000000000E+0000  2.34433159148802059510E+0002  0.00000000000000000000E+0000  1.85446578960222868766E-0038  2.15657210234611740186E-0001  2.22044961944125861503E-0032  0.00000000000000000000E+0000  2.20198934796882926132E+0002  0.00000000000000000000E+0000  0.00000000000000000000E+0000  2.20417721307090102190E+0002  0.00000000000000000000E+0000  0.00000000000000000000E+0000  0.00000000000000000000E+0000  0.00000000000000000000E+0000  0.00000000000000000000E+0000 -1.52619869820764585117E-0005 -3.17697812692281335778E+0000  0.00000000000000000000E+0000  0.00000000000000000000E+0000  0.00000000000000000000E+0000  1.51853782382918708763E-0001
 9.44900000000000000039E-0009  0.00000000000000000000E+0000 -2.96416407771436059558E-0001  1.63303074046044236343E-0002 -2.96416407771436059558E-0001  1.04999999999999999996E+0000  1.49289393971841453273E+0000  1.56967102637955687339E+0000  1.44388009270331706612E+0000  0.00000000000000000000E+0000  2.34433159148802059510E+0002  0.00000000000000000000E+0000  1.85469902252710848206E-0038  2.15675888541884645304E-0001  2.22054130655501246353E-0032  0.00000000000000000000E+0000  2.20206680587888220635E+0002  0.00000000000000000000E+0000  0.00000000000000000000E+0000  2.20428790252322383977E+0002  0.00000000000000000000E+0000  0.00000000000000000000E+0000  0.00000000000000000000E+0000  0.00000000000000000000E+0000  0.00000000000000000000E+0000 -1.54261067634463219211E-0005 -3.17730186639746518796E+0000  0.00000000000000000000E+0000  0.00000000000000000000E+0000  0.00000000000000000000E+0000  1.52097860142510641723E-0001
 9.63900000000000000020E-0009  0.00000000000000000000E+0000 -2.96546239920918387170E-0001  1.62894291713323834521E-0002 -2.96546239920918387170E-0001  1.04999999999999999996E+0000  1.49289713825248033065E+0000  1.56967318151285467457E+0000  1.44388113118150863696E+0000  0.00000000000000000000E+0000  2.34433159148802059510E+0002  0.00000000000000000000E+0000  1.85493678017576032525E-0038  2.15695045289054881620E-0001  2.22063639168215884935E-0032  0.00000000000000000000E+0000  2.20214635728994997582E+0002  0.00000000000000000000E+0000  0.00000000000000000000E+0000  2.20440139940648109088E+0002  0.00000000000000000000E+0000  0.00000000000000000000E+0000  0.00000000000000000000E+0000  0.00000000000000000000E+0000  0.00000000000000000000E+0000 -1.56758161629582584280E-0005 -3.17751925878233811799E+0000  0.00000000000000000000E+0000  0.00000000000000000000E+0000  0.00000000000000000000E+0000  1.52291166932865097212E-0001
 9.83100000000000000038E-0009  0.00000000000000000000E+0000 -2.96598825374716281057E-0001  1.62416036426028069038E-0002 -2.96598825374716281057E-0001  1.04999999999999999996E+0000  1.49290034593114048528E+0000  1.56967535769497998702E+0000  1.44388219090814163897E+0000  0.00000000000000000000E+0000  2.34433159148802059510E+0002  0.00000000000000000000E+0000  1.85517525154467057748E-0038  2.15714376794851518665E-0001  2.22073343290620909961E-0032  0.00000000000000000000E+0000  2.20222678334987411727E+0002  0.00000000000000000000E+0000  0.00000000000000000000E+0000  2.20451588383402064850E+0002  0.00000000000000000000E+0000  0.00000000000000000000E+0000  0.00000000000000000000E+0000  0.00000000000000000000E+0000  0.00000000000000000000E+0000 -1.58860490126309566195E-0005 -3.17778368234429133411E+0000  0.00000000000000000000E+0000  0.00000000000000000000E+0000  0.00000000000000000000E+0000  1.52439670998155647101E-0001
 1.00299999999999999998E-0008  0.00000000000000000000E+0000 -2.96826644266169050807E-0001  1.62094348784082451950E-0002 -2.96826644266169050807E-0001  1.04999999999999999996E+0000  1.49290364143561241409E+0000  1.56967761123193189380E+0000  1.44388330191618873834E+0000  0.00000000000000000000E+0000  2.34433159148802059510E+0002  0.00000000000000000000E+0000  1.85542027643762208724E-0038  2.15734380222712529600E-0001  2.22083518818362172771E-0032  0.00000000000000000000E+0000  2.20231010900807843006E+0002  0.00000000000000000000E+0000  0.00000000000000000000E+0000  2.20463432989212886504E+0002  0.00000000000000000000E+0000  0.00000000000000000000E+0000  0.00000000000000000000E+0000  0.00000000000000000000E+0000  0.00000000000000000000E+0000 -1.47667433957340693429E-0005 -3.17977240425790745821E+0000  0.00000000000000000000E+0000  0.00000000000000000000E+0000  0.00000000000000000000E+0000  1.52566212522434404317E-0001
 1.02299999999999999998E-0008  0.00000000000000000000E+0000 -2.96592088134839882677E-0001  1.61183509545710839745E-0002 -2.96592088134839882677E-0001  1.04999999999999999996E+0000  1.49290692971460266854E+0000  1.56967987443305170565E+0000  1.44388442916802760057E+0000  0.00000000000000000000E+0000  2.34433159148802059510E+0002  0.00000000000000000000E+0000  1.85566483120950442955E-0038  2.15754457955681728138E-0001  2.22093842443941428926E-0032  0.00000000000000000000E+0000  2.20239391471944623832E+0002  0.00000000000000000000E+0000  0.00000000000000000000E+0000  2.20475315453852715883E+0002  0.00000000000000000000E+0000  0.00000000000000000000E+0000  0.00000000000000000000E+0000  0.00000000000000000000E+0000  0.00000000000000000000E+0000 -1.55488234488739615974E-0005 -3.17930062326488915066E+0000  0.00000000000000000000E+0000  0.00000000000000000000E+0000  0.00000000000000000000E+0000  1.52600425229991941133E-0001
 1.04299999999999999998E-0008  0.00000000000000000000E+0000 -2.96330991573015651148E-0001  1.60851681305058540986E-0002 -2.96330991573015651148E-0001  1.04999999999999999996E+0000  1.49291019404518502192E+0000  1.56968213592561523721E+0000  1.44388556745746859120E+0000  0.00000000000000000000E+0000  2.34433159148802059510E+0002  0.00000000000000000000E+0000  1.85590763798271405001E-0038  2.15774508297009554370E-0001  2.22104268354173590424E-0032  0.00000000000000000000E+0000  2.20247773792971480167E+0002  0.00000000000000000000E+0000  0.00000000000000000000E+0000  2.20487177671058924400E+0002  0.00000000000000000000E+0000  0.00000000000000000000E+0000  0.00000000000000000000E+0000  0.00000000000000000000E+0000  0.00000000000000000000E+0000 -1.60265097086571507497E-0005 -3.17921157469637611953E+0000  0.00000000000000000000E+0000  0.00000000000000000000E+0000  0.00000000000000000000E+0000  1.52591552135656389452E-0001
 1.06400000000000000001E-0008  0.00000000000000000000E+0000 -2.96200860016420926637E-0001  1.60734406835358170429E-0002 -2.96200860016420926637E-0001  1.04999999999999999996E+0000  1.49291359233035544787E+0000  1.56968450835716363259E+0000  1.44388677652974801449E+0000  0.00000000000000000000E+0000  2.34433159148802059510E+0002  0.00000000000000000000E+0000  1.85616044026652256551E-0038  2.15795526773439609887E-0001  2.22115344139908891679E-0032  0.00000000000000000000E+0000  2.20256567002534729388E+0002  0.00000000000000000000E+0000  0.00000000000000000000E+0000  2.20499613086785620900E+0002  0.00000000000000000000E+0000  0.00000000000000000000E+0000  0.00000000000000000000E+0000  0.00000000000000000000E+0000  0.00000000000000000000E+0000 -1.51288346119556856724E-0005 -3.18090823667397165956E+0000  0.00000000000000000000E+0000  0.00000000000000000000E+0000  0.00000000000000000000E+0000  1.52532712383582987948E-0001
 1.08599999999999999997E-0008  0.00000000000000000000E+0000 -2.95839521522329740294E-0001  1.59968772218353192610E-0002 -2.95839521522329740294E-0001  1.04999999999999999996E+0000  1.49291712304604019834E+0000  1.56968699156016242339E+0000  1.44388805751262993453E+0000  0.00000000000000000000E+0000  2.34433159148802059510E+0002  0.00000000000000000000E+0000  1.85642315116659742210E-0038  2.15817511554289646452E-0001  2.22127078926985424199E-0032  0.00000000000000000000E+0000  2.20265779454747906110E+0002  0.00000000000000000000E+0000  0.00000000000000000000E+0000  2.20512615952357199312E+0002  0.00000000000000000000E+0000  0.00000000000000000000E+0000  0.00000000000000000000E+0000  0.00000000000000000000E+0000  0.00000000000000000000E+0000 -1.48929071410517247625E-0005 -3.18176626513721390386E+0000  0.00000000000000000000E+0000  0.00000000000000000000E+0000  0.00000000000000000000E+0000  1.52407897200552749816E-0001
 1.10699999999999999999E-0008  0.00000000000000000000E+0000 -2.95230763584530564442E-0001  1.59034208092099687209E-0002 -2.95230763584530564442E-0001  1.04999999999999999996E+0000  1.49292047011307726424E+0000  1.56968936011210736723E+0000  1.44388929184045697524E+0000  0.00000000000000000000E+0000  2.34433159148802059510E+0002  0.00000000000000000000E+0000  1.85667223636330620980E-0038  2.15838469510542742388E-0001  2.22138387346742115116E-0032  0.00000000000000000000E+0000  2.20274590522395010209E+0002  0.00000000000000000000E+0000  0.00000000000000000000E+0000  2.20524999080875309013E+0002  0.00000000000000000000E+0000  0.00000000000000000000E+0000  0.00000000000000000000E+0000  0.00000000000000000000E+0000  0.00000000000000000000E+0000 -1.58998682611382726658E-0005 -3.18099181882916973965E+0000  0.00000000000000000000E+0000  0.00000000000000000000E+0000  0.00000000000000000000E+0000  1.52250782156085530560E-0001
 1.12900000000000000003E-0008  0.00000000000000000000E+0000 -2.94734348825492827311E-0001  1.59072288738561915929E-0002 -2.94734348825492827311E-0001  1.04999999999999999996E+0000  1.49292394775819271292E+0000  1.56969183918681397824E+0000  1.44389059968766537523E+0000  0.00000000000000000000E+0000  2.34433159148802059510E+0002  0.00000000000000000000E+0000  1.85693108019306263972E-0038  2.15860390195046266692E-0001  2.22150370443869713978E-0032  0.00000000000000000000E+0000  2.20283803043778660252E+0002  0.00000000000000000000E+0000  0.00000000000000000000E+0000  2.20537956265428992580E+0002  0.00000000000000000000E+0000  0.00000000000000000000E+0000  0.00000000000000000000E+0000  0.00000000000000000000E+0000  0.00000000000000000000E+0000 -1.53077795048714785322E-0005 -3.18228429121780382010E+0000  0.00000000000000000000E+0000  0.00000000000000000000E+0000  0.00000000000000000000E+0000  1.52007645985550780842E-0001
 1.15200000000000000001E-0008  0.00000000000000000000E+0000 -2.94038260372389765587E-0001  1.58441881332938436100E-0002 -2.94038260372389765587E-0001  1.04999999999999999996E+0000  1.49292755424450623197E+0000  1.56969442858543072094E+0000  1.44389198230985672073E+0000  0.00000000000000000000E+0000  2.34433159148802059510E+0002  0.00000000000000000000E+0000  1.85719956908416353001E-0038  2.15883271213493981442E-0001  2.22163039084168799951E-0032  0.00000000000000000000E+0000  2.20293434181911404510E+0002  0.00000000000000000000E+0000  0.00000000000000000000E+0000  2.20551476741276045970E+0002  0.00000000000000000000E+0000  0.00000000000000000000E+0000  0.00000000000000000000E+0000  0.00000000000000000000E+0000  0.00000000000000000000E+0000 -1.52434801387152714775E-0005 -3.18291087838185352043E+0000  0.00000000000000000000E+0000  0.00000000000000000000E+0000  0.00000000000000000000E+0000  1.51707237648036055675E-0001
 1.17499999999999999999E-0008  0.00000000000000000000E+0000 -2.93252659621951896203E-0001  1.57731885676918189547E-0002 -2.93252659621951896203E-0001  1.04999999999999999996E+0000  1.49293113228763450620E+0000  1.56969701562482258741E+0000  1.44389338016904332474E+0000  0.00000000000000000000E+0000  2.34433159148802059510E+0002  0.00000000000000000000E+0000  1.85746597526426083752E-0038  2.15906116256297187398E-0001  2.22175849129546578360E-0032  0.00000000000000000000E+0000  2.20303073517506846621E+0002  0.00000000000000000000E+0000  0.00000000000000000000E+0000  2.20564967144884724923E+0002  0.00000000000000000000E+0000  0.00000000000000000000E+0000  0.00000000000000000000E+0000  0.00000000000000000000E+0000  0.00000000000000000000E+0000 -1.51987173151302823503E-0005 -3.18350083623825112268E+0000  0.00000000000000000000E+0000  0.00000000000000000000E+0000  0.00000000000000000000E+0000  1.51354232813507679967E-0001
 1.19900000000000000000E-0008  0.00000000000000000000E+0000 -2.92300064167935347498E-0001  1.57232861206188526038E-0002 -2.92300064167935347498E-0001  1.04999999999999999996E+0000  1.49293483650596048220E+0000  1.56969971263785356439E+0000  1.44389485489355815927E+0000  0.00000000000000000000E+0000  2.34433159148802059510E+0002  0.00000000000000000000E+0000  1.85774184132758811566E-0038  2.15929917288315037247E-0001  2.22189363485579310736E-0032  0.00000000000000000000E+0000  2.20313122160806219463E+0002  0.00000000000000000000E+0000  0.00000000000000000000E+0000  2.20579022395356137018E+0002  0.00000000000000000000E+0000  0.00000000000000000000E+0000  0.00000000000000000000E+0000  0.00000000000000000000E+0000  0.00000000000000000000E+0000 -1.54392478607487216412E-0005 -3.18373530920286238887E+0000  0.00000000000000000000E+0000  0.00000000000000000000E+0000  0.00000000000000000000E+0000  1.50934374686939745160E-0001
 1.22300000000000000000E-0008  0.00000000000000000000E+0000 -2.91277770473363192670E-0001  1.56666213428025450919E-0002 -2.91277770473363192670E-0001  1.04999999999999999996E+0000  1.49293851179335737610E+0000  1.56970240711655358013E+0000  1.44389634575802084792E+0000  0.00000000000000000000E+0000  2.34433159148802059510E+0002  0.00000000000000000000E+0000  1.85801558753361803026E-0038  2.15953680481449914705E-0001  2.22203027773747521134E-0032  0.00000000000000000000E+0000  2.20323178790086451617E+0002  0.00000000000000000000E+0000  0.00000000000000000000E+0000  2.20593046130361263260E+0002  0.00000000000000000000E+0000  0.00000000000000000000E+0000  0.00000000000000000000E+0000  0.00000000000000000000E+0000  0.00000000000000000000E+0000 -1.55669856377555589511E-0005 -3.18410268633191224832E+0000  0.00000000000000000000E+0000  0.00000000000000000000E+0000  0.00000000000000000000E+0000  1.50460510815723454440E-0001
 1.24700000000000000000E-0008  0.00000000000000000000E+0000 -2.90177899756636169210E-0001  1.56091585816920834349E-0002 -2.90177899756636169210E-0001  1.04999999999999999996E+0000  1.49294215871608203445E+0000  1.56970509904329856587E+0000  1.44389785272672034697E+0000  0.00000000000000000000E+0000  2.34433159148802059510E+0002  0.00000000000000000000E+0000  1.85828726720419954922E-0038  2.15977406171989794181E-0001  2.22216840833569617022E-0032  0.00000000000000000000E+0000  2.20333234137360642918E+0002  0.00000000000000000000E+0000  0.00000000000000000000E+0000  2.20607043374741771960E+0002  0.00000000000000000000E+0000  0.00000000000000000000E+0000  0.00000000000000000000E+0000  0.00000000000000000000E+0000  0.00000000000000000000E+0000 -1.56261409182425566904E-0005 -3.18454614081971965046E+0000  0.00000000000000000000E+0000  0.00000000000000000000E+0000  0.00000000000000000000E+0000  1.49934419123124039228E-0001
 1.27200000000000000002E-0008  0.00000000000000000000E+0000 -2.89038648947949017499E-0001  1.55677693601300716110E-0002 -2.89038648947949017499E-0001  1.04999999999999999996E+0000  1.49294592474321957145E+0000  1.56970790009463390254E+0000  1.44389944146370826261E+0000  0.00000000000000000000E+0000  2.34433159148802059510E+0002  0.00000000000000000000E+0000  1.85856785939321964239E-0038  2.16002075719906772304E-0001  2.22231405309106549418E-0032  0.00000000000000000000E+0000  2.20343696469626651499E+0002  0.00000000000000000000E+0000  0.00000000000000000000E+0000  2.20621597864028746019E+0002  0.00000000000000000000E+0000  0.00000000000000000000E+0000  0.00000000000000000000E+0000  0.00000000000000000000E+0000  0.00000000000000000000E+0000 -1.44927543425749208556E-0005 -3.18652207482607593221E+0000  0.00000000000000000000E+0000  0.00000000000000000000E+0000  0.00000000000000000000E+0000  1.49278650078787064812E-0001
 1.29699999999999999996E-0008  0.00000000000000000000E+0000 -2.87660668634641876115E-0001  1.54754809492157029923E-0002 -2.87660668634641876115E-0001  1.04999999999999999996E+0000  1.49294966330632912109E+0000  1.56971069852833638276E+0000  1.44390104632604856724E+0000  0.00000000000000000000E+0000  2.34433159148802059510E+0002  0.00000000000000000000E+0000  1.85884647666328999152E-0038  2.16026708290754858449E-0001  2.22246117169912223276E-0032  0.00000000000000000000E+0000  2.20354166921863131520E+0002  0.00000000000000000000E+0000  0.00000000000000000000E+0000  2.20636120980447968110E+0002  0.00000000000000000000E+0000  0.00000000000000000000E+0000  0.00000000000000000000E+0000  0.00000000000000000000E+0000  0.00000000000000000000E+0000 -1.52689437351134696921E-0005 -3.18604602341673677100E+0000  0.00000000000000000000E+0000  0.00000000000000000000E+0000  0.00000000000000000000E+0000  1.48663637662419248123E-0001
 1.32300000000000000001E-0008  0.00000000000000000000E+0000 -2.86249443595522337993E-0001  1.54532816424591628600E-0002 -2.86249443595522337993E-0001  1.04999999999999999996E+0000  1.49295351881246790603E+0000  1.56971360570259027773E+0000  1.44390273481989772587E+0000  0.00000000000000000000E+0000  2.34433159148802059510E+0002  0.00000000000000000000E+0000  1.85913384416288659567E-0038  2.16052280146623177065E-0001  2.22261598207723377206E-0032  0.00000000000000000000E+0000  2.20365043511619123101E+0002  0.00000000000000000000E+0000  0.00000000000000000000E+0000  2.20651198222565593801E+0002  0.00000000000000000000E+0000  0.00000000000000000000E+0000  0.00000000000000000000E+0000  0.00000000000000000000E+0000  0.00000000000000000000E+0000 -1.45372288945003750781E-0005 -3.18750167171521482526E+0000  0.00000000000000000000E+0000  0.00000000000000000000E+0000  0.00000000000000000000E+0000  1.47886132951753305971E-0001
 1.34999999999999999999E-0008  0.00000000000000000000E+0000 -2.84647224864230542041E-0001  1.53816022691034694845E-0002 -2.84647224864230542041E-0001  1.04999999999999999996E+0000  1.49295748993765189613E+0000  1.56971662138716914440E+0000  1.44390450802301150790E+0000  0.00000000000000000000E+0000  2.34433159148802059510E+0002  0.00000000000000000000E+0000  1.85942989290094811209E-0038  2.16078789227509556798E-0001  2.22277856582795009736E-0032  0.00000000000000000000E+0000  2.20376335746605108865E+0002  0.00000000000000000000E+0000  0.00000000000000000000E+0000  2.20666822829036747625E+0002  0.00000000000000000000E+0000  0.00000000000000000000E+0000  0.00000000000000000000E+0000  0.00000000000000000000E+0000  0.00000000000000000000E+0000 -1.43992739350796241675E-0005 -3.18820557669923427472E+0000  0.00000000000000000000E+0000  0.00000000000000000000E+0000  0.00000000000000000000E+0000  1.47062078380460225615E-0001
 1.37699999999999999997E-0008  0.00000000000000000000E+0000 -2.82892070672687776742E-0001  1.53032978019705153338E-0002 -2.82892070672687776742E-0001  1.04999999999999999996E+0000  1.49296143272689045664E+0000  1.56971963411846649481E+0000  1.44390629859108203157E+0000  0.00000000000000000000E+0000  2.34433159148802059510E+0002  0.00000000000000000000E+0000  1.85972389830655400230E-0038  2.16105257988923927511E-0001  2.22294274369537383781E-0032  0.00000000000000000000E+0000  2.20387635908444844288E+0002  0.00000000000000000000E+0000  0.00000000000000000000E+0000  2.20682413302000709987E+0002  0.00000000000000000000E+0000  0.00000000000000000000E+0000  0.00000000000000000000E+0000  0.00000000000000000000E+0000  0.00000000000000000000E+0000 -1.57306514498294850958E-0005 -3.18702475749396780722E+0000  0.00000000000000000000E+0000  0.00000000000000000000E+0000  0.00000000000000000000E+0000  1.46281415911714423797E-0001
 1.40400000000000000003E-0008  0.00000000000000000000E+0000 -2.81170692684155488534E-0001  1.52832907094702668383E-0002 -2.81170692684155488534E-0001  1.04999999999999999996E+0000  1.49296534307375697130E+0000  1.56972264337619005290E+0000  1.44390810925886347443E+0000  0.00000000000000000000E+0000  2.34433159148802059510E+0002  0.00000000000000000000E+0000  1.86001550153063080248E-0038  2.16131678057816158808E-0001  2.22310880654202851236E-0032  0.00000000000000000000E+0000  2.20398932088472872134E+0002  0.00000000000000000000E+0000  0.00000000000000000000E+0000  2.20697970019019660465E+0002  0.00000000000000000000E+0000  0.00000000000000000000E+0000  0.00000000000000000000E+0000  0.00000000000000000000E+0000  0.00000000000000000000E+0000 -1.49918226108168663138E-0005 -3.18846788946844300638E+0000  0.00000000000000000000E+0000  0.00000000000000000000E+0000  0.00000000000000000000E+0000  1.45315571561224087264E-0001
 1.43200000000000000004E-0008  0.00000000000000000000E+0000 -2.79263672864970841872E-0001  1.52090633453078259793E-0002 -2.79263672864970841872E-0001  1.04999999999999999996E+0000  1.49296936574750231663E+0000  1.56972576050253212238E+0000  1.44391000733896460336E+0000  0.00000000000000000000E+0000  2.34433159148802059510E+0002  0.00000000000000000000E+0000  1.86031555489391631207E-0038  2.16159028243257435916E-0001  2.22328288664013283209E-0032  0.00000000000000000000E+0000  2.20410632642070416068E+0002  0.00000000000000000000E+0000  0.00000000000000000000E+0000  2.20714074533508873746E+0002  0.00000000000000000000E+0000  0.00000000000000000000E+0000  0.00000000000000000000E+0000  0.00000000000000000000E+0000  0.00000000000000000000E+0000 -1.48443098979846113555E-0005 -3.18916297796611400970E+0000  0.00000000000000000000E+0000  0.00000000000000000000E+0000  0.00000000000000000000E+0000  1.44317657771455149030E-0001
 1.46099999999999999998E-0008  0.00000000000000000000E+0000 -2.77203942649312415819E-0001  1.51472237762318699691E-0002 -2.77203942649312415819E-0001  1.04999999999999999996E+0000  1.49297349890312881760E+0000  1.56972898518028094518E+0000  1.44391199418673321392E+0000  0.00000000000000000000E+0000  2.34433159148802059510E+0002  0.00000000000000000000E+0000  1.86062391062801788403E-0038  2.16187304607600421519E-0001  2.22346512126789170226E-0032  0.00000000000000000000E+0000  2.20422747163153781594E+0002  0.00000000000000000000E+0000  0.00000000000000000000E+0000  2.20730718621468262011E+0002  0.00000000000000000000E+0000  0.00000000000000000000E+0000  0.00000000000000000000E+0000  0.00000000000000000000E+0000  0.00000000000000000000E+0000 -1.50051135025257288029E-0005 -3.18946997218863073100E+0000  0.00000000000000000000E+0000  0.00000000000000000000E+0000  0.00000000000000000000E+0000  1.43256155704799772972E-0001
 1.49000000000000000000E-0008  0.00000000000000000000E+0000 -2.75084478449457542316E-0001  1.50876599355782443255E-0002 -2.75084478449457542316E-0001  1.04999999999999999996E+0000  1.49297759950610161943E+0000  1.56973220604398351348E+0000  1.44391400177704572476E+0000  0.00000000000000000000E+0000  2.34433159148802059510E+0002  0.00000000000000000000E+0000  1.86092988370592542157E-0038  2.16215530099265111906E-0001  2.22364928444283594198E-0032  0.00000000000000000000E+0000  2.20434867574691327100E+0002  0.00000000000000000000E+0000  0.00000000000000000000E+0000  2.20747321504972357095E+0002  0.00000000000000000000E+0000  0.00000000000000000000E+0000  0.00000000000000000000E+0000  0.00000000000000000000E+0000  0.00000000000000000000E+0000 -1.50756201671871041696E-0005 -3.18987851779172773667E+0000  0.00000000000000000000E+0000  0.00000000000000000000E+0000  0.00000000000000000000E+0000  1.42142728340110725344E-0001
 1.51999999999999999996E-0008  0.00000000000000000000E+0000 -2.72807216426915132316E-0001  1.50321107005581069135E-0002 -2.72807216426915132316E-0001  1.04999999999999999996E+0000  1.49298180806450258543E+0000  1.56973553393347907295E+0000  1.44391610006654252875E+0000  0.00000000000000000000E+0000  2.34433159148802059510E+0002  0.00000000000000000000E+0000  1.86124398206507540865E-0038  2.16244676128275407478E-0001  2.22384177706212355138E-0032  0.00000000000000000000E+0000  2.20447390590251239298E+0002  0.00000000000000000000E+0000  0.00000000000000000000E+0000  2.20764465585532711434E+0002  0.00000000000000000000E+0000  0.00000000000000000000E+0000  0.00000000000000000000E+0000  0.00000000000000000000E+0000  0.00000000000000000000E+0000 -1.53439531802047762718E-0005 -3.19003891456725412559E+0000  0.00000000000000000000E+0000  0.00000000000000000000E+0000  0.00000000000000000000E+0000  1.40967289964113742754E-0001
 1.55100000000000000003E-0008  0.00000000000000000000E+0000 -2.70406531543226076180E-0001  1.49848881837381917512E-0002 -2.70406531543226076180E-0001  1.04999999999999999996E+0000  1.49298611904739954705E+0000  1.56973896803998287024E+0000  1.44391829275851623976E+0000  0.00000000000000000000E+0000  2.34433159148802059510E+0002  0.00000000000000000000E+0000  1.86156576250335640906E-0038  2.16274731585923927886E-0001  2.22404296952146947603E-0032  0.00000000000000000000E+0000  2.20460324412694660540E+0002  0.00000000000000000000E+0000  0.00000000000000000000E+0000  2.20782138164144593750E+0002  0.00000000000000000000E+0000  0.00000000000000000000E+0000  0.00000000000000000000E+0000  0.00000000000000000000E+0000  0.00000000000000000000E+0000 -1.43045176983039030706E-0005 -3.19185975978458721437E+0000  0.00000000000000000000E+0000  0.00000000000000000000E+0000  0.00000000000000000000E+0000  1.39592210868442246396E-0001
 1.58199999999999999993E-0008  0.00000000000000000000E+0000 -2.67920580058871858425E-0001  1.48944754956526665130E-0002 -2.67920580058871858425E-0001  1.04999999999999999996E+0000  1.49299039753763135535E+0000  1.56974239797084488335E+0000  1.44392050653919884701E+0000  0.00000000000000000000E+0000  2.34433159148802059510E+0002  0.00000000000000000000E+0000  1.86188520164463709678E-0038  2.16304734282181021913E-0001  2.22424609917635058016E-0032  0.00000000000000000000E+0000  2.20473264195585563555E+0002  0.00000000000000000000E+0000  0.00000000000000000000E+0000  2.20799767474646203555E+0002  0.00000000000000000000E+0000  0.00000000000000000000E+0000  0.00000000000000000000E+0000  0.00000000000000000000E+0000  0.00000000000000000000E+0000 -1.51635508146234801725E-0005 -3.19126002258131683605E+0000  0.00000000000000000000E+0000  0.00000000000000000000E+0000  0.00000000000000000000E+0000  1.38352688731519191367E-0001
 1.61299999999999999999E-0008  0.00000000000000000000E+0000 -2.65388146414590650718E-0001  1.48547527249881221421E-0002 -2.65388146414590650718E-0001  1.04999999999999999996E+0000  1.49299464338936996213E+0000  1.56974582358366808910E+0000  1.44392274159411072387E+0000  0.00000000000000000000E+0000  2.34433159148802059510E+0002  0.00000000000000000000E+0000  1.86220225550226707355E-0038  2.16334682104436584085E-0001  2.22445120862474192998E-0032  0.00000000000000000000E+0000  2.20486198383530079770E+0002  0.00000000000000000000E+0000  0.00000000000000000000E+0000  2.20817358133456747390E+0002  0.00000000000000000000E+0000  0.00000000000000000000E+0000  0.00000000000000000000E+0000  0.00000000000000000000E+0000  0.00000000000000000000E+0000 -1.55904515351603841275E-0005 -3.19119468270745892989E+0000  0.00000000000000000000E+0000  0.00000000000000000000E+0000  0.00000000000000000000E+0000  1.37030639849153551180E-0001
 1.64599999999999999993E-0008  0.00000000000000000000E+0000 -2.62612184669427275926E-0001  1.48174885037294023695E-0002 -2.62612184669427275926E-0001  1.04999999999999999996E+0000  1.49299912435119242230E+0000  1.56974946491109712532E+0000  1.44392514624554907919E+0000  0.00000000000000000000E+0000  2.34433159148802059510E+0002  0.00000000000000000000E+0000  1.86253692487020138596E-0038  2.16366495090931270316E-0001  2.22467190996753290046E-0032  0.00000000000000000000E+0000  2.20499936612846225079E+0002  0.00000000000000000000E+0000  0.00000000000000000000E+0000  2.20836049461895252213E+0002  0.00000000000000000000E+0000  0.00000000000000000000E+0000  0.00000000000000000000E+0000  0.00000000000000000000E+0000  0.00000000000000000000E+0000 -1.48221324357526449351E-0005 -3.19265703967029569263E+0000  0.00000000000000000000E+0000  0.00000000000000000000E+0000  0.00000000000000000000E+0000  1.35473014857514746764E-0001
 1.67799999999999999993E-0008  0.00000000000000000000E+0000 -2.59899914157111458068E-0001  1.47259083205992607872E-0002 -2.59899914157111458068E-0001  1.04999999999999999996E+0000  1.49300343734804527585E+0000  1.56975299137180520585E+0000  1.44392749910488267658E+0000  0.00000000000000000000E+0000  2.34433159148802059510E+0002  0.00000000000000000000E+0000  1.86285911293606829498E-0038  2.16397288253994576137E-0001  2.22488788023610793205E-0032  0.00000000000000000000E+0000  2.20513285669277845191E+0002  0.00000000000000000000E+0000  0.00000000000000000000E+0000  2.20854116776075537446E+0002  0.00000000000000000000E+0000  0.00000000000000000000E+0000  0.00000000000000000000E+0000  0.00000000000000000000E+0000  0.00000000000000000000E+0000 -1.56284367603844618873E-0005 -3.19210025198199607893E+0000  0.00000000000000000000E+0000  0.00000000000000000000E+0000  0.00000000000000000000E+0000  1.34084265430865241954E-0001
 1.71199999999999999998E-0008  0.00000000000000000000E+0000 -2.56926474694568463057E-0001  1.46983724270683269867E-0002 -2.56926474694568463057E-0001  1.04999999999999999996E+0000  1.49300798126133178214E+0000  1.56975673263831807061E+0000  1.44393002437312361643E+0000  0.00000000000000000000E+0000  2.34433159148802059510E+0002  0.00000000000000000000E+0000  1.86319861483331966632E-0038  2.16429936861023301521E-0001  2.22511970354198510619E-0032  0.00000000000000000000E+0000  2.20527425325498743672E+0002  0.00000000000000000000E+0000  0.00000000000000000000E+0000  2.20873284351591579536E+0002  0.00000000000000000000E+0000  0.00000000000000000000E+0000  0.00000000000000000000E+0000  0.00000000000000000000E+0000  0.00000000000000000000E+0000 -1.50299755649869464444E-0005 -3.19333203778318251275E+0000  0.00000000000000000000E+0000  0.00000000000000000000E+0000  0.00000000000000000000E+0000  1.32428098748467553347E-0001
 1.74600000000000000002E-0008  0.00000000000000000000E+0000 -2.53924783944548897885E-0001  1.46282707002723618418E-0002 -2.53924783944548897885E-0001  1.04999999999999999996E+0000  1.49301248820676050956E+0000  1.56976046838086677601E+0000  1.44393257387734644064E+0000  0.00000000000000000000E+0000  2.34433159148802059510E+0002  0.00000000000000000000E+0000  1.86353540928848114718E-0038  2.16462517994812881432E-0001  2.22535378908007652654E-0032  0.00000000000000000000E+0000  2.20541579355033692061E+0002  0.00000000000000000000E+0000  0.00000000000000000000E+0000  2.20892392164450845751E+0002  0.00000000000000000000E+0000  0.00000000000000000000E+0000  0.00000000000000000000E+0000  0.00000000000000000000E+0000  0.00000000000000000000E+0000 -1.47342356009064513053E-0005 -3.19416690315253997486E+0000  0.00000000000000000000E+0000  0.00000000000000000000E+0000  0.00000000000000000000E+0000  1.30772290224128105943E-0001
 1.78100000000000000000E-0008  0.00000000000000000000E+0000 -2.50784064169166566477E-0001  1.45692054865069574711E-0002 -2.50784064169166566477E-0001  1.04999999999999999996E+0000  1.49301709043915184982E+0000  1.56976430825090587651E+0000  1.44393522276963646555E+0000  0.00000000000000000000E+0000  2.34433159148802059510E+0002  0.00000000000000000000E+0000  1.86387940376837216943E-0038  2.16495988630802790000E-0001  2.22559701999908212997E-0032  0.00000000000000000000E+0000  2.20556129196455696820E+0002  0.00000000000000000000E+0000  0.00000000000000000000E+0000  2.20912020088546855526E+0002  0.00000000000000000000E+0000  0.00000000000000000000E+0000  0.00000000000000000000E+0000  0.00000000000000000000E+0000  0.00000000000000000000E+0000 -1.47976615851547748922E-0005 -3.19454656247269888928E+0000  0.00000000000000000000E+0000  0.00000000000000000000E+0000  0.00000000000000000000E+0000  1.29082185628548061542E-0001
 1.81699999999999999993E-0008  0.00000000000000000000E+0000 -2.47522461206799647383E-0001  1.45177651191991155596E-0002 -2.47522461206799647383E-0001  1.04999999999999999996E+0000  1.49302178618673150553E+0000  1.56976825178893660874E+0000  1.44393797216177335169E+0000  0.00000000000000000000E+0000  2.34433159148802059510E+0002  0.00000000000000000000E+0000  1.86423045930210094535E-0038  2.16530343830550119305E-0001  2.22584950994448175803E-0032  0.00000000000000000000E+0000  2.20571085624790410015E+0002  0.00000000000000000000E+0000  0.00000000000000000000E+0000  2.20932158179940919013E+0002  0.00000000000000000000E+0000  0.00000000000000000000E+0000  0.00000000000000000000E+0000  0.00000000000000000000E+0000  0.00000000000000000000E+0000 -1.50314083968306768609E-0005 -3.19470941545688946230E+0000  0.00000000000000000000E+0000  0.00000000000000000000E+0000  0.00000000000000000000E+0000  1.27331461666250762206E-0001
 1.85300000000000000001E-0008  0.00000000000000000000E+0000 -2.44231720543371647625E-0001  1.44646014830948799666E-0002 -2.44231720543371647625E-0001  1.04999999999999999996E+0000  1.49302644463293866133E+0000  1.56977218920958443702E+0000  1.44394074585008939005E+0000  0.00000000000000000000E+0000  2.34433159148802059510E+0002  0.00000000000000000000E+0000  1.86457878514621705999E-0038  2.16564626861617291872E-0001  2.22610427253498744939E-0032  0.00000000000000000000E+0000  2.20586044298133897995E+0002  0.00000000000000000000E+0000  0.00000000000000000000E+0000  2.20952238841588427795E+0002  0.00000000000000000000E+0000  0.00000000000000000000E+0000  0.00000000000000000000E+0000  0.00000000000000000000E+0000  0.00000000000000000000E+0000 -1.51231766923782345909E-0005 -3.19503705641848376141E+0000  0.00000000000000000000E+0000  0.00000000000000000000E+0000  0.00000000000000000000E+0000  1.25540800671768983010E-0001
 1.89000000000000000003E-0008  0.00000000000000000000E+0000 -2.40811474730372362753E-0001  1.44109523355629430712E-0002 -2.40811474730372362753E-0001  1.04999999999999999996E+0000  1.49303119446606362343E+0000  1.56977622957665901855E+0000  1.44394362124481418982E+0000  0.00000000000000000000E+0000  2.34433159148802059510E+0002  0.00000000000000000000E+0000  1.86493402275144313970E-0038  2.16599787655147766596E-0001  2.22636840534285340982E-0032  0.00000000000000000000E+0000  2.20601396118275888694E+0002  0.00000000000000000000E+0000  0.00000000000000000000E+0000  2.20972831401238093307E+0002  0.00000000000000000000E+0000  0.00000000000000000000E+0000  0.00000000000000000000E+0000  0.00000000000000000000E+0000  0.00000000000000000000E+0000 -1.53658220611057231344E-0005 -3.19517222386231956942E+0000  0.00000000000000000000E+0000  0.00000000000000000000E+0000  0.00000000000000000000E+0000  1.23702285159900004683E-0001
 1.92800000000000000000E-0008  0.00000000000000000000E+0000 -2.37280316596498942584E-0001  1.43602472544959255459E-0002 -2.37280316596498942584E-0001  1.04999999999999999996E+0000  1.49303603379025817449E+0000  1.56978037236746285421E+0000  1.44394659944500599203E+0000  0.00000000000000000000E+0000  2.34433159148802059510E+0002  0.00000000000000000000E+0000  1.86529602588165554235E-0038  2.16635820737197041901E-0001  2.22664201960121397338E-0032  0.00000000000000000000E+0000  2.20617152152946971039E+0002  0.00000000000000000000E+0000  0.00000000000000000000E+0000  2.20993925260626255330E+0002  0.00000000000000000000E+0000  0.00000000000000000000E+0000  0.00000000000000000000E+0000  0.00000000000000000000E+0000  0.00000000000000000000E+0000 -1.56803636478903665155E-0005 -3.19521419096864986290E+0000  0.00000000000000000000E+0000  0.00000000000000000000E+0000  0.00000000000000000000E+0000  1.21800937695421183032E-0001
 1.96700000000000000006E-0008  0.00000000000000000000E+0000 -2.33581876999541564028E-0001  1.43189479842672639722E-0002 -2.33581876999541564028E-0001  1.04999999999999999996E+0000  1.49304095748622334269E+0000  1.56978461645863690173E+0000  1.44394968356531920182E+0000  0.00000000000000000000E+0000  2.34433159148802059510E+0002  0.00000000000000000000E+0000  1.86566439088770824484E-0038  2.16672712854360831623E-0001  2.22692542591027526843E-0032  0.00000000000000000000E+0000  2.20633309149647103151E+0002  0.00000000000000000000E+0000  0.00000000000000000000E+0000  2.21015511870882399081E+0002  0.00000000000000000000E+0000  0.00000000000000000000E+0000  0.00000000000000000000E+0000  0.00000000000000000000E+0000  0.00000000000000000000E+0000 -1.45872121460354446731E-0005 -3.19702235529690454905E+0000  0.00000000000000000000E+0000  0.00000000000000000000E+0000  0.00000000000000000000E+0000  1.19668361854690990864E-0001
 2.00599999999999999996E-0008  0.00000000000000000000E+0000 -2.29944693962052845604E-0001  1.42411974566412894107E-0002 -2.29944693962052845604E-0001  1.04999999999999999996E+0000  1.49304584366613912587E+0000  1.56978885359376085047E+0000  1.44395279151279908210E+0000  0.00000000000000000000E+0000  2.34433159148802059510E+0002  0.00000000000000000000E+0000  1.86603004826679587655E-0038  2.16709527554233821132E-0001  2.22721104434711883941E-0032  0.00000000000000000000E+0000  2.20649468001212086088E+0002  0.00000000000000000000E+0000  0.00000000000000000000E+0000  2.21037036106149551828E+0002  0.00000000000000000000E+0000  0.00000000000000000000E+0000  0.00000000000000000000E+0000  0.00000000000000000000E+0000  0.00000000000000000000E+0000 -1.54902015046872848607E-0005 -3.19630699110021139725E+0000  0.00000000000000000000E+0000  0.00000000000000000000E+0000  0.00000000000000000000E+0000  1.17768169587688859477E-0001
 2.04599999999999999996E-0008  0.00000000000000000000E+0000 -2.26192764828507421849E-0001  1.42066850073466952353E-0002 -2.26192764828507421849E-0001  1.04999999999999999996E+0000  1.49305081606903638960E+0000  1.56979319191221950076E+0000  1.44395600377190014751E+0000  0.00000000000000000000E+0000  2.34433159148802059510E+0002  0.00000000000000000000E+0000  1.86640223425024247131E-0038  2.16747203012632753572E-0001  2.22750629272855601351E-0032  0.00000000000000000000E+0000  2.20666016150187307643E+0002  0.00000000000000000000E+0000  0.00000000000000000000E+0000  2.21059060151072496347E+0002  0.00000000000000000000E+0000  0.00000000000000000000E+0000  0.00000000000000000000E+0000  0.00000000000000000000E+0000  0.00000000000000000000E+0000 -1.61100131465464699528E-0005 -3.19594382333474016922E+0000  0.00000000000000000000E+0000  0.00000000000000000000E+0000  0.00000000000000000000E+0000  1.15762461594643315035E-0001
 2.08700000000000000007E-0008  0.00000000000000000000E+0000 -2.22268205086011531608E-0001  1.41744847673496872684E-0002 -2.22268205086011531608E-0001  1.04999999999999999996E+0000  1.49305586930267496118E+0000  1.56979763013411497308E+0000  1.44395932348576674388E+0000  0.00000000000000000000E+0000  2.34433159148802059510E+0002  0.00000000000000000000E+0000  1.86678052074805561939E-0038  2.16785724374948432502E-0001  2.22781148698202157050E-0032  0.00000000000000000000E+0000  2.20682962492417782521E+0002  0.00000000000000000000E+0000  0.00000000000000000000E+0000  2.21081567375352286503E+0002  0.00000000000000000000E+0000  0.00000000000000000000E+0000  0.00000000000000000000E+0000  0.00000000000000000000E+0000  0.00000000000000000000E+0000 -1.51055265373580272793E-0005 -3.19761481794393096780E+0000  0.00000000000000000000E+0000  0.00000000000000000000E+0000  0.00000000000000000000E+0000  1.13503066707255378231E-0001
 2.12899999999999999995E-0008  0.00000000000000000000E+0000 -2.18271097386236354322E-0001  1.41089688450347792177E-0002 -2.18271097386236354322E-0001  1.04999999999999999996E+0000  1.49306100310480409094E+0000  1.56980216793711187316E+0000  1.44396275047886933640E+0000  0.00000000000000000000E+0000  2.34433159148802059510E+0002  0.00000000000000000000E+0000  1.86716492910150378077E-0038  2.16825090461948260148E-0001  2.22812658718381314162E-0032  0.00000000000000000000E+0000  2.20700307239640888896E+0002  0.00000000000000000000E+0000  0.00000000000000000000E+0000  2.21104556282825245858E+0002  0.00000000000000000000E+0000  0.00000000000000000000E+0000  0.00000000000000000000E+0000  0.00000000000000000000E+0000  0.00000000000000000000E+0000 -1.48500477634640130817E-0005 -3.19834027000312081279E+0000  0.00000000000000000000E+0000  0.00000000000000000000E+0000  0.00000000000000000000E+0000  1.11291324418146745878E-0001
 2.17100000000000000000E-0008  0.00000000000000000000E+0000 -2.14367950641694773458E-0001  1.40501680795215819470E-0002 -2.14367950641694773458E-0001  1.04999999999999999996E+0000  1.49306609869118903382E+0000  1.56980669773584175430E+0000  1.44396620072702861956E+0000  0.00000000000000000000E+0000  2.34433159148802059510E+0002  0.00000000000000000000E+0000  1.86754657348856777802E-0038  2.16864370779642006258E-0001  2.22844386379588828771E-0032  0.00000000000000000000E+0000  2.20717652568460692322E+0002  0.00000000000000000000E+0000  0.00000000000000000000E+0000  2.21127475880356257065E+0002  0.00000000000000000000E+0000  0.00000000000000000000E+0000  0.00000000000000000000E+0000  0.00000000000000000000E+0000  0.00000000000000000000E+0000 -1.61706243310204185084E-0005 -3.19707601347065995998E+0000  0.00000000000000000000E+0000  0.00000000000000000000E+0000  0.00000000000000000000E+0000  1.09264116079551085800E-0001
 2.21500000000000000008E-0008  0.00000000000000000000E+0000 -2.10184449456486851672E-0001  1.40334844917092716000E-0002 -2.10184449456486851672E-0001  1.04999999999999999996E+0000  1.49307139206495296483E+0000  1.56981143356195000866E+0000  1.44396984224831178862E+0000  0.00000000000000000000E+0000  2.34433159148802059510E+0002  0.00000000000000000000E+0000  1.86794309554032179971E-0038  2.16905416515135256110E-0001  2.22877880065028313373E-0032  0.00000000000000000000E+0000  2.20735779113707339616E+0002  0.00000000000000000000E+0000  0.00000000000000000000E+0000  2.21151427745913905842E+0002  0.00000000000000000000E+0000  0.00000000000000000000E+0000  0.00000000000000000000E+0000  0.00000000000000000000E+0000  0.00000000000000000000E+0000 -1.56519370823330944581E-0005 -3.19811957761382774585E+0000  0.00000000000000000000E+0000  0.00000000000000000000E+0000  0.00000000000000000000E+0000  1.06902671687526596414E-0001
 2.25900000000000000000E-0008  0.00000000000000000000E+0000 -2.06039791149999262175E-0001  1.39783333822466677407E-0002 -2.06039791149999262175E-0001  1.04999999999999999996E+0000  1.49307664236231946598E+0000  1.56981615980674542830E+0000  1.44397350925662886292E+0000  0.00000000000000000000E+0000  2.34433159148802059510E+0002  0.00000000000000000000E+0000  1.86833646573385246832E-0038  2.16946359794345107629E-0001  2.22911614775773186959E-0032  0.00000000000000000000E+0000  2.20753915626383482085E+0002  0.00000000000000000000E+0000  0.00000000000000000000E+0000  2.21175291449459763174E+0002  0.00000000000000000000E+0000  0.00000000000000000000E+0000  0.00000000000000000000E+0000  0.00000000000000000000E+0000  0.00000000000000000000E+0000 -1.54059633507392818005E-0005 -3.19880709969540278389E+0000  0.00000000000000000000E+0000  0.00000000000000000000E+0000  0.00000000000000000000E+0000  1.04588490375044915637E-0001
 2.30400000000000000003E-0008  0.00000000000000000000E+0000 -2.01825013570923158745E-0001  1.39313047497885838806E-0002 -2.01825013570923158745E-0001  1.04999999999999999996E+0000  1.49308196884679640116E+0000  1.56982098357271677600E+0000  1.44397728469363025798E+0000  0.00000000000000000000E+0000  2.34433159148802059510E+0002  0.00000000000000000000E+0000  1.86873563782880477367E-0038  2.16988129407207243655E-0001  2.22946352559637101035E-0032  0.00000000000000000000E+0000  2.20772433012598991886E+0002  0.00000000000000000000E+0000  0.00000000000000000000E+0000  2.21199630830174887516E+0002  0.00000000000000000000E+0000  0.00000000000000000000E+0000  0.00000000000000000000E+0000  0.00000000000000000000E+0000  0.00000000000000000000E+0000 -1.54688884765437154950E-0005 -3.19910164514515420317E+0000  0.00000000000000000000E+0000  0.00000000000000000000E+0000  0.00000000000000000000E+0000  1.02273376018442484148E-0001
 2.34999999999999999999E-0008  0.00000000000000000000E+0000 -1.97555392991562569512E-0001  1.38917006169470866561E-0002 -1.97555392991562569512E-0001  1.04999999999999999996E+0000  1.49308737015311106375E+0000  1.56982590423741562996E+0000  1.44398116890499583656E+0000  0.00000000000000000000E+0000  2.34433159148802059510E+0002  0.00000000000000000000E+0000  1.86914050462238049248E-0038  2.17030719533541688958E-0001  2.22982097712275449039E-0032  0.00000000000000000000E+0000  2.20791343789449081222E+0002  0.00000000000000000000E+0000  0.00000000000000000000E+0000  2.21224433850247984068E+0002  0.00000000000000000000E+0000  0.00000000000000000000E+0000  0.00000000000000000000E+0000  0.00000000000000000000E+0000  0.00000000000000000000E+0000 -1.56642127063862758827E-0005 -3.19922424283169475577E+0000  0.00000000000000000000E+0000  0.00000000000000000000E+0000  0.00000000000000000000E+0000  9.99302726139159138403E-0002
 2.39700000000000000005E-0008  0.00000000000000000000E+0000 -1.93228613822378349806E-0001  1.38520051921749485119E-0002 -1.93228613822378349806E-0001  1.04999999999999999996E+0000  1.49309284479426701445E+0000  1.56983092112895216937E+0000  1.44398516226175915303E+0000  0.00000000000000000000E+0000  2.34433159148802059510E+0002  0.00000000000000000000E+0000  1.86955095663116854703E-0038  2.17074124102935142074E-0001  2.23018854275088157069E-0032  0.00000000000000000000E+0000  2.20810646685089774152E+0002  0.00000000000000000000E+0000  0.00000000000000000000E+0000  2.21249696007831744185E+0002  0.00000000000000000000E+0000  0.00000000000000000000E+0000  0.00000000000000000000E+0000  0.00000000000000000000E+0000  0.00000000000000000000E+0000 -1.59146082297859171473E-0005 -3.19927157957308047859E+0000  0.00000000000000000000E+0000  0.00000000000000000000E+0000  0.00000000000000000000E+0000  9.75572806069786729820E-0002
 2.44500000000000000006E-0008  0.00000000000000000000E+0000 -1.88848776386499719860E-0001  1.38131029476176623793E-0002 -1.88848776386499719860E-0001  1.04999999999999999996E+0000  1.49309839125147842407E+0000  1.56983603354503210489E+0000  1.44398926509873560403E+0000  0.00000000000000000000E+0000  2.34433159148802059510E+0002  0.00000000000000000000E+0000  1.86996688256934481268E-0038  2.17118336809135588166E-0001  2.23056625944012705262E-0032  0.00000000000000000000E+0000  2.20830340344883889928E+0002  0.00000000000000000000E+0000  0.00000000000000000000E+0000  2.21275412641813979037E+0002  0.00000000000000000000E+0000  0.00000000000000000000E+0000  0.00000000000000000000E+0000  0.00000000000000000000E+0000  0.00000000000000000000E+0000 -1.61868746753509284371E-0005 -3.19928504054531158418E+0000  0.00000000000000000000E+0000  0.00000000000000000000E+0000  0.00000000000000000000E+0000  9.51544152581633413552E-0002
 2.49400000000000000000E-0008  0.00000000000000000000E+0000 -1.84421459410170685759E-0001  1.37754391481116028221E-0002 -1.84421459410170685759E-0001  1.04999999999999999996E+0000  1.49310400801471265906E+0000  1.56984124076145175881E+0000  1.44399347768947553894E+0000  0.00000000000000000000E+0000  2.34433159148802059510E+0002  0.00000000000000000000E+0000  1.87038817205668685275E-0038  2.17163351198824024701E-0001  2.23095415859115156511E-0032  0.00000000000000000000E+0000  2.20850423357272185626E+0002  0.00000000000000000000E+0000  0.00000000000000000000E+0000  2.21301578984739614600E+0002  0.00000000000000000000E+0000  0.00000000000000000000E+0000  0.00000000000000000000E+0000  0.00000000000000000000E+0000  0.00000000000000000000E+0000 -1.64667433881679829863E-0005 -3.19928228925407096765E+0000  0.00000000000000000000E+0000  0.00000000000000000000E+0000  0.00000000000000000000E+0000  9.27238206879974378861E-0002
 2.54400000000000000005E-0008  0.00000000000000000000E+0000 -1.79952884387441207933E-0001  1.37390283883098201579E-0002 -1.79952884387441207933E-0001  1.04999999999999999996E+0000  1.49310969360126624759E+0000  1.56984654203594374187E+0000  1.44399780023647559635E+0000  0.00000000000000000000E+0000  2.34433159148802059510E+0002  0.00000000000000000000E+0000  1.87081471686327075333E-0038  2.17209160711848445357E-0001  2.23135226516880319757E-0032  0.00000000000000000000E+0000  2.20870894265093680175E+0002  0.00000000000000000000E+0000  0.00000000000000000000E+0000  2.21328190187077516571E+0002  0.00000000000000000000E+0000  0.00000000000000000000E+0000  0.00000000000000000000E+0000  0.00000000000000000000E+0000  0.00000000000000000000E+0000 -1.67480682942364242470E-0005 -3.19927082218343778125E+0000  0.00000000000000000000E+0000  0.00000000000000000000E+0000  0.00000000000000000000E+0000  9.02686023069431715606E-0002
 2.59500000000000000003E-0008  0.00000000000000000000E+0000 -1.75370145333173216377E-0001  1.37164441210814745498E-0002 -1.75370145333173216377E-0001  1.04999999999999999996E+0000  1.49311544346063932906E+0000  1.56985193575417600635E+0000  1.44400223443067696021E+0000  0.00000000000000000000E+0000  2.34433159148802059510E+0002  0.00000000000000000000E+0000  1.87124615489571174782E-0038  2.17255748520824536394E-0001  2.23176075804237222323E-0032  0.00000000000000000000E+0000  2.20891748322021857484E+0002  0.00000000000000000000E+0000  0.00000000000000000000E+0000  2.21355235162538852872E+0002  0.00000000000000000000E+0000  0.00000000000000000000E+0000  0.00000000000000000000E+0000  0.00000000000000000000E+0000  0.00000000000000000000E+0000 -1.54979957706876829073E-0005 -3.20116155686022280363E+0000  0.00000000000000000000E+0000  0.00000000000000000000E+0000  0.00000000000000000000E+0000  8.76088863909630820035E-0002
 2.64699999999999999995E-0008  0.00000000000000000000E+0000 -1.70877921630254394031E-0001  1.36569774801844598813E-0002 -1.70877921630254394031E-0001  1.04999999999999999996E+0000  1.49312126107004778275E+0000  1.56985742247779044357E+0000  1.44400677779932095962E+0000  0.00000000000000000000E+0000  2.34433159148802059510E+0002  0.00000000000000000000E+0000  1.87168281048383670837E-0038  2.17303124743688913102E-0001  2.23217937652998320044E-0032  0.00000000000000000000E+0000  2.20912989343977216969E+0002  0.00000000000000000000E+0000  0.00000000000000000000E+0000  2.21382719134770133626E+0002  0.00000000000000000000E+0000  0.00000000000000000000E+0000  0.00000000000000000000E+0000  0.00000000000000000000E+0000  0.00000000000000000000E+0000 -1.66494283351469398810E-0005 -3.20005052341630056374E+0000  0.00000000000000000000E+0000  0.00000000000000000000E+0000  0.00000000000000000000E+0000  8.52340518053691809656E-0002
 2.69999999999999999998E-0008  0.00000000000000000000E+0000 -1.66275466555810842820E-0001  1.36488461103823895825E-0002 -1.66275466555810842820E-0001  1.04999999999999999996E+0000  1.49312714097141334131E+0000  1.56986300023577022504E+0000  1.44401143233275667133E+0000  0.00000000000000000000E+0000  2.34433159148802059510E+0002  0.00000000000000000000E+0000  1.87212420950425692915E-0038  2.17351267249010899046E-0001  2.23260835267304324514E-0032  0.00000000000000000000E+0000  2.20934610842153380528E+0002  0.00000000000000000000E+0000  0.00000000000000000000E+0000  2.21410627737190813857E+0002  0.00000000000000000000E+0000  0.00000000000000000000E+0000  0.00000000000000000000E+0000  0.00000000000000000000E+0000  0.00000000000000000000E+0000 -1.57444170216627176160E-0005 -3.20149411547669119379E+0000  0.00000000000000000000E+0000  0.00000000000000000000E+0000  0.00000000000000000000E+0000  8.25825733208152953159E-0002
 2.75399999999999999994E-0008  0.00000000000000000000E+0000 -1.61758909834011922266E-0001  1.35930018894432285620E-0002 -1.61758909834011922266E-0001  1.04999999999999999996E+0000  1.49313308631149999843E+0000  1.56986866953161401290E+0000  1.44401619577970394617E+0000  0.00000000000000000000E+0000  2.34433159148802059510E+0002  0.00000000000000000000E+0000  1.87257065564557909650E-0038  2.17400185717425997755E-0001  2.23304744591686921611E-0032  0.00000000000000000000E+0000  2.20956616526045151516E+0002  0.00000000000000000000E+0000  0.00000000000000000000E+0000  2.21438965943837010361E+0002  0.00000000000000000000E+0000  0.00000000000000000000E+0000  0.00000000000000000000E+0000  0.00000000000000000000E+0000  0.00000000000000000000E+0000 -1.70646398081831828873E-0005 -3.20015864193959359433E+0000  0.00000000000000000000E+0000  0.00000000000000000000E+0000  0.00000000000000000000E+0000  8.02016606395301583115E-0002
 2.80900000000000000001E-0008  0.00000000000000000000E+0000 -1.57140698595053878217E-0001  1.35870063939181282646E-0002 -1.57140698595053878217E-0001  1.04999999999999999996E+0000  1.49313909147600339968E+0000  1.56987442822632558895E+0000  1.44402106996773117330E+0000  0.00000000000000000000E+0000  2.34433159148802059510E+0002  0.00000000000000000000E+0000  1.87302166385278425715E-0038  2.17449856500411607593E-0001  2.23349687079421495185E-0032  0.00000000000000000000E+0000  2.20978999343745080353E+0002  0.00000000000000000000E+0000  0.00000000000000000000E+0000  2.21467718398425214302E+0002  0.00000000000000000000E+0000  0.00000000000000000000E+0000  0.00000000000000000000E+0000  0.00000000000000000000E+0000  0.00000000000000000000E+0000 -1.61845752377916489669E-0005 -3.20155452924203750599E+0000  0.00000000000000000000E+0000  0.00000000000000000000E+0000  0.00000000000000000000E+0000  7.75410624660850005858E-0002
 2.86500000000000000001E-0008  0.00000000000000000000E+0000 -1.52543853230650014650E-0001  1.35469806394051838129E-0002 -1.52543853230650014650E-0001  1.04999999999999999996E+0000  1.49314515658042865618E+0000  1.56988027588278967995E+0000  1.44402605395146446156E+0000  0.00000000000000000000E+0000  2.34433159148802059510E+0002  0.00000000000000000000E+0000  1.87347728822551017978E-0038  2.17500278587670704838E-0001  2.23395652380122737317E-0032  0.00000000000000000000E+0000  2.21001759528037042615E+0002  0.00000000000000000000E+0000  0.00000000000000000000E+0000  2.21496883548597634325E+0002  0.00000000000000000000E+0000  0.00000000000000000000E+0000  0.00000000000000000000E+0000  0.00000000000000000000E+0000  0.00000000000000000000E+0000 -1.59772905755219061886E-0005 -3.20210484511782413953E+0000  0.00000000000000000000E+0000  0.00000000000000000000E+0000  0.00000000000000000000E+0000  7.49771836896797704274E-0002
 2.92300000000000000006E-0008  0.00000000000000000000E+0000 -1.47896060187391265096E-0001  1.35146555794244340125E-0002 -1.47896060187391265096E-0001  1.04999999999999999996E+0000  1.49315138792051542850E+0000  1.56988631577890602276E+0000  1.44403123667802859784E+0000  0.00000000000000000000E+0000  2.34433159148802059510E+0002  0.00000000000000000000E+0000  1.87394552058763338917E-0038  2.17552342647895730768E-0001  2.23443461719064789246E-0032  0.00000000000000000000E+0000  2.21025285738472360153E+0002  0.00000000000000000000E+0000  0.00000000000000000000E+0000  2.21526983828839077323E+0002  0.00000000000000000000E+0000  0.00000000000000000000E+0000  0.00000000000000000000E+0000  0.00000000000000000000E+0000  0.00000000000000000000E+0000 -1.62015717433316458389E-0005 -3.20211486264731309869E+0000  0.00000000000000000000E+0000  0.00000000000000000000E+0000  0.00000000000000000000E+0000  7.24182664287640421585E-0002
 2.98100000000000000010E-0008  0.00000000000000000000E+0000 -1.43356312499906207367E-0001  1.34920838483059463674E-0002 -1.43356312499906207367E-0001  1.04999999999999999996E+0000  1.49315756999341949418E+0000  1.56989233894265934938E+0000  1.44403643878383125814E+0000  0.00000000000000000000E+0000  2.34433159148802059510E+0002  0.00000000000000000000E+0000  1.87441014989494833241E-0038  2.17604246964637607184E-0001  2.23491462332715680077E-0032  0.00000000000000000000E+0000  2.21048812338232076993E+0002  0.00000000000000000000E+0000  0.00000000000000000000E+0000  2.21556949390006379233E+0002  0.00000000000000000000E+0000  0.00000000000000000000E+0000  0.00000000000000000000E+0000  0.00000000000000000000E+0000  0.00000000000000000000E+0000 -1.62512126121563847022E-0005 -3.20232927341317648567E+0000  0.00000000000000000000E+0000  0.00000000000000000000E+0000  0.00000000000000000000E+0000  6.98850600301563023409E-0002
 3.04100000000000000003E-0008  0.00000000000000000000E+0000 -1.38750309126544021316E-0001  1.34607170075865600863E-0002 -1.38750309126544021316E-0001  1.04999999999999999996E+0000  1.49316391460417085234E+0000  1.56989855208220588964E+0000  1.44404183923683425612E+0000  0.00000000000000000000E+0000  2.34433159148802059510E+0002  0.00000000000000000000E+0000  1.87488712019505005016E-0038  2.17657774050642145112E-0001  2.23541305117542400852E-0032  0.00000000000000000000E+0000  2.21073083814406558367E+0002  0.00000000000000000000E+0000  0.00000000000000000000E+0000  2.21587845378102018715E+0002  0.00000000000000000000E+0000  0.00000000000000000000E+0000  0.00000000000000000000E+0000  0.00000000000000000000E+0000  0.00000000000000000000E+0000 -1.65703520576972299722E-0005 -3.20220514473426209629E+0000  0.00000000000000000000E+0000  0.00000000000000000000E+0000  0.00000000000000000000E+0000  6.73567332867068162066E-0002
 3.10200000000000000005E-0008  0.00000000000000000000E+0000 -1.34187207267039405246E-0001  1.34374582392594218167E-0002 -1.34187207267039405246E-0001  1.04999999999999999996E+0000  1.49317031400403078660E+0000  1.56990485040787698667E+0000  1.44404734778436485618E+0000  0.00000000000000000000E+0000  2.34433159148802059510E+0002  0.00000000000000000000E+0000  1.87536832027207272170E-0038  2.17712020536622783312E-0001  2.23592158963228895485E-0032  0.00000000000000000000E+0000  2.21097741611332901143E+0002  0.00000000000000000000E+0000  0.00000000000000000000E+0000  2.21619120575174545607E+0002  0.00000000000000000000E+0000  0.00000000000000000000E+0000  0.00000000000000000000E+0000  0.00000000000000000000E+0000  0.00000000000000000000E+0000 -1.68232222430536811844E-0005 -3.20215538280888591355E+0000  0.00000000000000000000E+0000  0.00000000000000000000E+0000  0.00000000000000000000E+0000  6.48307581353468772344E-0002
 3.16399999999999999985E-0008  0.00000000000000000000E+0000 -1.29655209443899696267E-0001  1.34125714208903527933E-0002 -1.29655209443899696267E-0001  1.04999999999999999996E+0000  1.49317676713697870372E+0000  1.56991123299179949411E+0000  1.44405296376469567785E+0000  0.00000000000000000000E+0000  2.34433159148802059510E+0002  0.00000000000000000000E+0000  1.87585367792176088307E-0038  2.17766979032886153145E-0001  2.23644018326386054685E-0032  0.00000000000000000000E+0000  2.21122767321322938952E+0002  0.00000000000000000000E+0000  0.00000000000000000000E+0000  2.21650778964555567330E+0002  0.00000000000000000000E+0000  0.00000000000000000000E+0000  0.00000000000000000000E+0000  0.00000000000000000000E+0000  0.00000000000000000000E+0000 -1.70478187437034217755E-0005 -3.20213279357053045454E+0000  0.00000000000000000000E+0000  0.00000000000000000000E+0000  0.00000000000000000000E+0000  6.23230863476601115853E-0002
 3.22700000000000000008E-0008  0.00000000000000000000E+0000 -1.25163937494780375280E-0001  1.33886452897055979625E-0002 -1.25163937494780375280E-0001  1.04999999999999999996E+0000  1.49318327301038963222E+0000  1.56991769890485676202E+0000  1.44405868644280696393E+0000  0.00000000000000000000E+0000  2.34433159148802059510E+0002  0.00000000000000000000E+0000  1.87634312151762354493E-0038  2.17822642002724043043E-0001  2.23696877180617653616E-0032  0.00000000000000000000E+0000  2.21148158953393929302E+0002  0.00000000000000000000E+0000  0.00000000000000000000E+0000  2.21682814950945923621E+0002  0.00000000000000000000E+0000  0.00000000000000000000E+0000  0.00000000000000000000E+0000  0.00000000000000000000E+0000  0.00000000000000000000E+0000 -1.72594865377620547200E-0005 -3.20211837562101789777E+0000  0.00000000000000000000E+0000  0.00000000000000000000E+0000  0.00000000000000000000E+0000  5.98368211969203757963E-0002
 3.29100000000000000009E-0008  0.00000000000000000000E+0000 -1.20719774200407390228E-0001  1.33653830838477901300E-0002 -1.20719774200407390228E-0001  1.04999999999999999996E+0000  1.49318983067761323067E+0000  1.56992424721066243826E+0000  1.44406451501977679006E+0000  0.00000000000000000000E+0000  2.34433159148802059510E+0002  0.00000000000000000000E+0000  1.87683658276117658517E-0038  2.17879001888033984279E-0001  2.23750728904116031684E-0032  0.00000000000000000000E+0000  2.21173914487203643844E+0002  0.00000000000000000000E+0000  0.00000000000000000000E+0000  2.21715222922476820372E+0002  0.00000000000000000000E+0000  0.00000000000000000000E+0000  0.00000000000000000000E+0000  0.00000000000000000000E+0000  0.00000000000000000000E+0000 -1.74642043425674846870E-0005 -3.20210478004550527504E+0000  0.00000000000000000000E+0000  0.00000000000000000000E+0000  0.00000000000000000000E+0000  5.73758665141454957160E-0002
 3.35699999999999999997E-0008  0.00000000000000000000E+0000 -1.16260657505788683821E-0001  1.33397013641360510581E-0002 -1.16260657505788683821E-0001  1.04999999999999999996E+0000  1.49319654043535169979E+0000  1.56993097876316734538E+0000  1.44407054004318878462E+0000  0.00000000000000000000E+0000  2.34433159148802059510E+0002  0.00000000000000000000E+0000  1.87734162065838552214E-0038  2.17936927281073221244E-0001  2.23806410937163029492E-0032  0.00000000000000000000E+0000  2.21200416282903559631E+0002  0.00000000000000000000E+0000  0.00000000000000000000E+0000  2.21748510239441958214E+0002  0.00000000000000000000E+0000  0.00000000000000000000E+0000  0.00000000000000000000E+0000  0.00000000000000000000E+0000  0.00000000000000000000E+0000 -1.78303731310592667239E-0005 -3.20188659714506840639E+0000  0.00000000000000000000E+0000  0.00000000000000000000E+0000  0.00000000000000000000E+0000  5.49239358521553984867E-0002
 3.42399999999999999996E-0008  0.00000000000000000000E+0000 -1.11825990748661540102E-0001  1.33320413695610564767E-0002 -1.11825990748661540102E-0001  1.04999999999999999996E+0000  1.49320329574755619566E+0000  1.56993778892915211080E+0000  1.44407667024046427757E+0000  0.00000000000000000000E+0000  2.34433159148802059510E+0002  0.00000000000000000000E+0000  1.87785018730480405827E-0038  2.17995514888997097807E-0001  2.23863082297663084889E-0032  0.00000000000000000000E+0000  2.21227289459062585006E+0002  0.00000000000000000000E+0000  0.00000000000000000000E+0000  2.21782135338775742470E+0002  0.00000000000000000000E+0000  0.00000000000000000000E+0000  0.00000000000000000000E+0000  0.00000000000000000000E+0000  0.00000000000000000000E+0000 -1.64638849786013048375E-0005 -3.20380839107711719999E+0000  0.00000000000000000000E+0000  0.00000000000000000000E+0000  0.00000000000000000000E+0000  5.23362629120642091530E-0002
 3.49300000000000000014E-0008  0.00000000000000000000E+0000 -1.07459865483345764949E-0001  1.32858409941998499034E-0002 -1.07459865483345764949E-0001  1.04999999999999999996E+0000  1.49321020021989725761E+0000  1.56994477984473066422E+0000  1.44408299511164452621E+0000  0.00000000000000000000E+0000  2.34433159148802059510E+0002  0.00000000000000000000E+0000  1.87837015961500405727E-0038  2.18055650055132081038E-0001  2.23921569035020050399E-0032  0.00000000000000000000E+0000  2.21254904814055720116E+0002  0.00000000000000000000E+0000  0.00000000000000000000E+0000  2.21816625710212047176E+0002  0.00000000000000000000E+0000  0.00000000000000000000E+0000  0.00000000000000000000E+0000  0.00000000000000000000E+0000  0.00000000000000000000E+0000 -1.78361133521866689592E-0005 -3.20233046606384569571E+0000  0.00000000000000000000E+0000  0.00000000000000000000E+0000  0.00000000000000000000E+0000  5.00294587870803361369E-0002
 3.56300000000000000011E-0008  0.00000000000000000000E+0000 -1.03132401901713399171E-0001  1.32851415047564745537E-0002 -1.03132401901713399171E-0001  1.04999999999999999996E+0000  1.49321714785786733171E+0000  1.56995184693671366338E+0000  1.44408942298934198567E+0000  0.00000000000000000000E+0000  2.34433159148802059510E+0002  0.00000000000000000000E+0000  1.87889348174100901522E-0038  2.18116427446523200264E-0001  2.23981027078069164722E-0032  0.00000000000000000000E+0000  2.21282886749938918158E+0002  0.00000000000000000000E+0000  0.00000000000000000000E+0000  2.21851438616249748828E+0002  0.00000000000000000000E+0000  0.00000000000000000000E+0000  0.00000000000000000000E+0000  0.00000000000000000000E+0000  0.00000000000000000000E+0000 -1.68212862262770773326E-0005 -3.20380229343982416952E+0000  0.00000000000000000000E+0000  0.00000000000000000000E+0000  0.00000000000000000000E+0000  4.75218889385975859691E-0002
 3.63399999999999999985E-0008  0.00000000000000000000E+0000 -9.88924224795482704461E-0002  1.32562171384635291840E-0002 -9.88924224795482704461E-0002  1.04999999999999999996E+0000  1.49322413936207115562E+0000  1.56995898978846543830E+0000  1.44409595228685102176E+0000  0.00000000000000000000E+0000  2.34433159148802059510E+0002  0.00000000000000000000E+0000  1.87942025648993010391E-0038  2.18177847578548069008E-0001  2.24041441319684012691E-0032  0.00000000000000000000E+0000  2.21311217910099882519E+0002  0.00000000000000000000E+0000  0.00000000000000000000E+0000  2.21886583866177020327E+0002  0.00000000000000000000E+0000  0.00000000000000000000E+0000  0.00000000000000000000E+0000  0.00000000000000000000E+0000  0.00000000000000000000E+0000 -1.65599756538477060822E-0005 -3.20433240804279275641E+0000  0.00000000000000000000E+0000  0.00000000000000000000E+0000  0.00000000000000000000E+0000  4.51489461519873098886E-0002
 3.70700000000000000012E-0008  0.00000000000000000000E+0000 -9.46905223602843200764E-0002  1.32301193658249890917E-0002 -9.46905223602843200764E-0002  1.04999999999999999996E+0000  1.49323127180347790799E+0000  1.56996630761248419058E+0000  1.44410267376745536281E+0000  0.00000000000000000000E+0000  2.34433159148802059510E+0002  0.00000000000000000000E+0000  1.87995780193854415055E-0038  2.18240764346311455721E-0001  2.24103652688066849293E-0032  0.00000000000000000000E+0000  2.21340276343944829765E+0002  0.00000000000000000000E+0000  0.00000000000000000000E+0000  2.21922558589690779460E+0002  0.00000000000000000000E+0000  0.00000000000000000000E+0000  0.00000000000000000000E+0000  0.00000000000000000000E+0000  0.00000000000000000000E+0000 -1.67124348942289413554E-0005 -3.20434476565914374635E+0000  0.00000000000000000000E+0000  0.00000000000000000000E+0000  0.00000000000000000000E+0000  4.28261219572535135884E-0002
 3.78099999999999999984E-0008  0.00000000000000000000E+0000 -9.05935052960493535028E-0002  1.32097900132188190279E-0002 -9.05935052960493535028E-0002  1.04999999999999999996E+0000  1.49323844608917584366E+0000  1.56997369875697526738E+0000  1.44410949411174873705E+0000  0.00000000000000000000E+0000  2.34433159148802059510E+0002  0.00000000000000000000E+0000  1.88049864347601595254E-0038  2.18304303946810415946E-0001  2.24166798872095212400E-0032  0.00000000000000000000E+0000  2.21369697146096089446E+0002  0.00000000000000000000E+0000  0.00000000000000000000E+0000  2.21958839963157676847E+0002  0.00000000000000000000E+0000  0.00000000000000000000E+0000  0.00000000000000000000E+0000  0.00000000000000000000E+0000  0.00000000000000000000E+0000 -1.68607330446793876902E-0005 -3.20435456555494931389E+0000  0.00000000000000000000E+0000  0.00000000000000000000E+0000  0.00000000000000000000E+0000  4.05509435327141837184E-0002
 3.85599999999999999999E-0008  0.00000000000000000000E+0000 -8.65879367580464105459E-0002  1.31878112325868376207E-0002 -8.65879367580464105459E-0002  1.04999999999999999996E+0000  1.49324566160744651600E+0000  1.56998116216856445934E+0000  1.44411641192649459068E+0000  0.00000000000000000000E+0000  2.34433159148802059510E+0002  0.00000000000000000000E+0000  1.88104274054458544338E-0038  2.18368458368981196427E-0001  2.24230867717447831872E-0032  0.00000000000000000000E+0000  2.21399459368674170423E+0002  0.00000000000000000000E+0000  0.00000000000000000000E+0000  2.21995432893226769241E+0002  0.00000000000000000000E+0000  0.00000000000000000000E+0000  0.00000000000000000000E+0000  0.00000000000000000000E+0000  0.00000000000000000000E+0000 -1.70058331308243071940E-0005 -3.20436086933842662386E+0000  0.00000000000000000000E+0000  0.00000000000000000000E+0000  0.00000000000000000000E+0000  3.83296753556918153318E-0002
 3.93400000000000000012E-0008  0.00000000000000000000E+0000 -8.25700447601488621483E-0002  1.31603307220630829517E-0002 -8.25700447601488621483E-0002  1.04999999999999999996E+0000  1.49325310779622733937E+0000  1.56998889458187408901E+0000  1.44412361041075153699E+0000  0.00000000000000000000E+0000  2.34433159148802059510E+0002  0.00000000000000000000E+0000  1.88160439626487891772E-0038  2.18434919946024549102E-0001  2.24297557333004235425E-0032  0.00000000000000000000E+0000  2.21430314329555344335E+0002  0.00000000000000000000E+0000  0.00000000000000000000E+0000  2.22033321544674199274E+0002  0.00000000000000000000E+0000  0.00000000000000000000E+0000  0.00000000000000000000E+0000  0.00000000000000000000E+0000  0.00000000000000000000E+0000 -1.74393980709398949501E-0005 -3.20400745703326809478E+0000  0.00000000000000000000E+0000  0.00000000000000000000E+0000  0.00000000000000000000E+0000  3.61310432520218283868E-0002
 4.01199999999999999992E-0008  0.00000000000000000000E+0000 -7.87318357092549312004E-0002  1.31443011664849836903E-0002 -7.87318357092549312004E-0002  1.04999999999999999996E+0000  1.49326049707439864774E+0000  1.56999659719570676430E+0000  1.44413081121172868679E+0000  0.00000000000000000000E+0000  2.34433159148802059510E+0002  0.00000000000000000000E+0000  1.88216190146817226155E-0038  2.18501120000814998416E-0001  2.24364290536153381258E-0032  0.00000000000000000000E+0000  2.21461164891033060131E+0002  0.00000000000000000000E+0000  0.00000000000000000000E+0000  2.22070985106424824765E+0002  0.00000000000000000000E+0000  0.00000000000000000000E+0000  0.00000000000000000000E+0000  0.00000000000000000000E+0000  0.00000000000000000000E+0000 -1.75334691646690811106E-0005 -3.20406467961432889950E+0000  0.00000000000000000000E+0000  0.00000000000000000000E+0000  0.00000000000000000000E+0000  3.39877608691335497150E-0002
 4.09300000000000000003E-0008  0.00000000000000000000E+0000 -7.48709700376676091981E-0002  1.31248897541365535664E-0002 -7.48709700376676091981E-0002  1.04999999999999999996E+0000  1.49326810864084235546E+0000  1.57000456274670063730E+0000  1.44413828972019076436E+0000  0.00000000000000000000E+0000  2.34433159148802059510E+0002  0.00000000000000000000E+0000  1.88273633053894556794E-0038  2.18569574174814226967E-0001  2.24433620801996406153E-0032  0.00000000000000000000E+0000  2.21493072312701359566E+0002  0.00000000000000000000E+0000  0.00000000000000000000E+0000  2.22109919162288299496E+0002  0.00000000000000000000E+0000  0.00000000000000000000E+0000  0.00000000000000000000E+0000  0.00000000000000000000E+0000  0.00000000000000000000E+0000 -1.63276102548850115113E-0005 -3.20572596446040905711E+0000  0.00000000000000000000E+0000  0.00000000000000000000E+0000  0.00000000000000000000E+0000  3.17633125947042934884E-0002
 4.17400000000000000014E-0008  0.00000000000000000000E+0000 -7.12090239713728691392E-0002  1.30902071024175380057E-0002 -7.12090239713728691392E-0002  1.04999999999999999996E+0000  1.49327566416482601902E+0000  1.57001249730504318400E+0000  1.44414576724133089018E+0000  0.00000000000000000000E+0000  2.34433159148802059510E+0002  0.00000000000000000000E+0000  1.88330671684410200196E-0038  2.18637761748772999082E-0001  2.24502965437899386073E-0032  0.00000000000000000000E+0000  2.21524975169745720491E+0002  0.00000000000000000000E+0000  0.00000000000000000000E+0000  2.22148622587502259512E+0002  0.00000000000000000000E+0000  0.00000000000000000000E+0000  0.00000000000000000000E+0000  0.00000000000000000000E+0000  0.00000000000000000000E+0000 -1.74484754675290321544E-0005 -3.20450149911094854874E+0000  0.00000000000000000000E+0000  0.00000000000000000000E+0000  0.00000000000000000000E+0000  2.98039016843101056109E-0002
 4.25799999999999999990E-0008  0.00000000000000000000E+0000 -6.75508809448717718510E-0002  1.30737081895340703097E-0002 -6.75508809448717718510E-0002  1.04999999999999999996E+0000  1.49328343739581371336E+0000  1.57002069044870414124E+0000  1.44415351888158027707E+0000  0.00000000000000000000E+0000  2.34433159148802059510E+0002  0.00000000000000000000E+0000  1.88389368910181720464E-0038  2.18708167587383094904E-0001  2.24574876934658202077E-0032  0.00000000000000000000E+0000  2.21557923651402309484E+0002  0.00000000000000000000E+0000  0.00000000000000000000E+0000  2.22188571061343231081E+0002  0.00000000000000000000E+0000  0.00000000000000000000E+0000  0.00000000000000000000E+0000  0.00000000000000000000E+0000  0.00000000000000000000E+0000 -1.65746884220022671814E-0005 -3.20573917155188847436E+0000  0.00000000000000000000E+0000  0.00000000000000000000E+0000  0.00000000000000000000E+0000  2.77114528796721529413E-0002
 4.34300000000000000009E-0008  0.00000000000000000000E+0000 -6.40332007108375519179E-0002  1.30470019377847909178E-0002 -6.40332007108375519179E-0002  1.04999999999999999996E+0000  1.49329124255475975723E+0000  1.57002894577017639195E+0000  1.44416135817457190580E+0000  0.00000000000000000000E+0000  2.34433159148802059510E+0002  0.00000000000000000000E+0000  1.88448324933277448270E-0038  2.18779107183779313929E-0001  2.24647627274112808337E-0032  0.00000000000000000000E+0000  2.21591229333629239892E+0002  0.00000000000000000000E+0000  0.00000000000000000000E+0000  2.22228749146178621743E+0002  0.00000000000000000000E+0000  0.00000000000000000000E+0000  0.00000000000000000000E+0000  0.00000000000000000000E+0000  0.00000000000000000000E+0000 -1.63591119011362598910E-0005 -3.20615632508157708544E+0000  0.00000000000000000000E+0000  0.00000000000000000000E+0000  0.00000000000000000000E+0000  2.57434801988357220509E-0002
 4.43000000000000000016E-0008  0.00000000000000000000E+0000 -6.05916989491694663360E-0002  1.30169510054764109655E-0002 -6.05916989491694663360E-0002  1.04999999999999999996E+0000  1.49329917031130370074E+0000  1.57003735876415595376E+0000  1.44416937541394913317E+0000  0.00000000000000000000E+0000  2.34433159148802059510E+0002  0.00000000000000000000E+0000  1.88508225552156011809E-0038  2.18851402648373096507E-0001  2.24722055567717440634E-0032  0.00000000000000000000E+0000  2.21625220408826690333E+0002  0.00000000000000000000E+0000  0.00000000000000000000E+0000  2.22269655572937497673E+0002  0.00000000000000000000E+0000  0.00000000000000000000E+0000  0.00000000000000000000E+0000  0.00000000000000000000E+0000  0.00000000000000000000E+0000 -1.64842539544261491270E-0005 -3.20614728734303081341E+0000  0.00000000000000000000E+0000  0.00000000000000000000E+0000  0.00000000000000000000E+0000  2.38446015138267853929E-0002
 4.51900000000000000011E-0008  0.00000000000000000000E+0000 -5.72420471925224962455E-0002  1.29885834233057371470E-0002 -5.72420471925224962455E-0002  1.04999999999999999996E+0000  1.49330721843339481398E+0000  1.57004592712040346261E+0000  1.44417756849213758973E+0000  0.00000000000000000000E+0000  2.34433159148802059510E+0002  0.00000000000000000000E+0000  1.88569054187069151144E-0038  2.18925034996020818209E-0001  2.24798143848254454533E-0032  0.00000000000000000000E+0000  2.21659911461032324467E+0002  0.00000000000000000000E+0000  0.00000000000000000000E+0000  2.22311264763148386386E+0002  0.00000000000000000000E+0000  0.00000000000000000000E+0000  0.00000000000000000000E+0000  0.00000000000000000000E+0000  0.00000000000000000000E+0000 -1.67150126382763603868E-0005 -3.20600275773634526264E+0000  0.00000000000000000000E+0000  0.00000000000000000000E+0000  0.00000000000000000000E+0000  2.20003612916888139829E-0002
 4.60900000000000000015E-0008  0.00000000000000000000E+0000 -5.40265309275183256779E-0002  1.29620399334044535056E-0002 -5.40265309275183256779E-0002  1.04999999999999999996E+0000  1.49331529528509364250E+0000  1.57005455286234410831E+0000  1.44418584330792492711E+0000  0.00000000000000000000E+0000  2.34433159148802059510E+0002  0.00000000000000000000E+0000  1.88630118276396140778E-0038  2.18999163122225422762E-0001  2.24875019409447910442E-0032  0.00000000000000000000E+0000  2.21694928430333776423E+0002  0.00000000000000000000E+0000  0.00000000000000000000E+0000  2.22353087512175810428E+0002  0.00000000000000000000E+0000  0.00000000000000000000E+0000  0.00000000000000000000E+0000  0.00000000000000000000E+0000  0.00000000000000000000E+0000 -1.68488005935063736334E-0005 -3.20597168197520373590E+0000  0.00000000000000000000E+0000  0.00000000000000000000E+0000  0.00000000000000000000E+0000  2.02210433699144668276E-0002
 4.70100000000000000008E-0008  0.00000000000000000000E+0000 -5.08930023936037446663E-0002  1.29305651735659027495E-0002 -5.08930023936037446663E-0002  1.04999999999999999996E+0000  1.49332348909240265325E+0000  1.57006332989522780241E+0000  1.44419428964158050896E+0000  0.00000000000000000000E+0000  2.34433159148802059510E+0002  0.00000000000000000000E+0000  1.88692086102504670426E-0038  2.19074595732087255975E-0001  2.24953517674367353787E-0032  0.00000000000000000000E+0000  2.21730614425536592560E+0002  0.00000000000000000000E+0000  0.00000000000000000000E+0000  2.22395602176077650108E+0002  0.00000000000000000000E+0000  0.00000000000000000000E+0000  0.00000000000000000000E+0000  0.00000000000000000000E+0000  0.00000000000000000000E+0000 -1.70765716887972291078E-0005 -3.20581979008411766473E+0000  0.00000000000000000000E+0000  0.00000000000000000000E+0000  0.00000000000000000000E+0000  1.85005567801404737891E-0002
 4.79499999999999999989E-0008  0.00000000000000000000E+0000 -4.78590494700130679592E-0002  1.28994048430775729749E-0002 -4.78590494700130679592E-0002  1.04999999999999999996E+0000  1.49333179757115125667E+0000  1.57007225574191708784E+0000  1.44420290509011098453E+0000  0.00000000000000000000E+0000  2.34433159148802059510E+0002  0.00000000000000000000E+0000  1.88754940919303379503E-0038  2.19151312630107070371E-0001  2.25033617947599867965E-0032  0.00000000000000000000E+0000  2.21766983998959230334E+0002  0.00000000000000000000E+0000  0.00000000000000000000E+0000  2.22438782104703702255E+0002  0.00000000000000000000E+0000  0.00000000000000000000E+0000  0.00000000000000000000E+0000  0.00000000000000000000E+0000  0.00000000000000000000E+0000 -1.73298983618693383486E-0005 -3.20563168041890264159E+0000  0.00000000000000000000E+0000  0.00000000000000000000E+0000  0.00000000000000000000E+0000  1.68351010985112471031E-0002
 4.89099999999999999989E-0008  0.00000000000000000000E+0000 -4.49517794805820918224E-0002  1.28755571329980040760E-0002 -4.49517794805820918224E-0002  1.04999999999999999996E+0000  1.49334021567905904598E+0000  1.57008132599975995785E+0000  1.44421168637971774088E+0000  0.00000000000000000000E+0000  2.34433159148802059510E+0002  0.00000000000000000000E+0000  1.88818643285478135012E-0038  2.19229274747534186657E-0001  2.25115291136665954999E-0032  0.00000000000000000000E+0000  2.21804024034218818795E+0002  0.00000000000000000000E+0000  0.00000000000000000000E+0000  2.22482601009404089787E+0002  0.00000000000000000000E+0000  0.00000000000000000000E+0000  0.00000000000000000000E+0000  0.00000000000000000000E+0000  0.00000000000000000000E+0000 -1.60049758013434381982E-0005 -3.20738682142315702944E+0000  0.00000000000000000000E+0000  0.00000000000000000000E+0000  0.00000000000000000000E+0000  1.51464455963048133033E-0002
 4.98900000000000000010E-0008  0.00000000000000000000E+0000 -4.21339792000745793195E-0002  1.28359802431534840092E-0002 -4.21339792000745793195E-0002  1.04999999999999999996E+0000  1.49334874304082014973E+0000  1.57009053932676906698E+0000  1.44422063123738616955E+0000  0.00000000000000000000E+0000  2.34433159148802059510E+0002  0.00000000000000000000E+0000  1.88883194764837506954E-0038  2.19308475428651571793E-0001  2.25198518754945903148E-0032  0.00000000000000000000E+0000  2.21841732898437103527E+0002  0.00000000000000000000E+0000  0.00000000000000000000E+0000  2.22527053169029842852E+0002  0.00000000000000000000E+0000  0.00000000000000000000E+0000  0.00000000000000000000E+0000  0.00000000000000000000E+0000  0.00000000000000000000E+0000 -1.57709045970621092783E-0005 -3.20779066140477814610E+0000  0.00000000000000000000E+0000  0.00000000000000000000E+0000  0.00000000000000000000E+0000  1.35827623323700290097E-0002
 5.08899999999999999987E-0008  0.00000000000000000000E+0000 -3.94219126871728940780E-0002  1.27982861433975042439E-0002 -3.94219126871728940780E-0002  1.04999999999999999996E+0000  1.49335737801782272806E+0000  1.57009989348365740680E+0000  1.44422973708139328595E+0000  0.00000000000000000000E+0000  2.34433159148802059510E+0002  0.00000000000000000000E+0000  1.88948582813563994733E-0038  2.19388896324758595846E-0001  2.25283278014489326403E-0032  0.00000000000000000000E+0000  2.21880104722613947330E+0002  0.00000000000000000000E+0000  0.00000000000000000000E+0000  2.22572125494553671218E+0002  0.00000000000000000000E+0000  0.00000000000000000000E+0000  0.00000000000000000000E+0000  0.00000000000000000000E+0000  0.00000000000000000000E+0000 -1.58540911392760362854E-0005 -3.20779830609442877069E+0000  0.00000000000000000000E+0000  0.00000000000000000000E+0000  0.00000000000000000000E+0000  1.20921786223433666853E-0002
 5.19000000000000000006E-0008  0.00000000000000000000E+0000 -3.68478305567208647169E-0002  1.27627540789992701879E-0002 -3.68478305567208647169E-0002  1.04999999999999999996E+0000  1.49336603333783238875E+0000  1.57010929320353079535E+0000  1.44423891048957932519E+0000  0.00000000000000000000E+0000  2.34433159148802059510E+0002  0.00000000000000000000E+0000  1.89014146431299502608E-0038  2.19469719308371566873E-0001  2.25368700250069694364E-0032  0.00000000000000000000E+0000  2.21918772208816665603E+0002  0.00000000000000000000E+0000  0.00000000000000000000E+0000  2.22617344965935227988E+0002  0.00000000000000000000E+0000  0.00000000000000000000E+0000  0.00000000000000000000E+0000  0.00000000000000000000E+0000  0.00000000000000000000E+0000 -1.59153183261659127904E-0005 -3.20782761684692914678E+0000  0.00000000000000000000E+0000  0.00000000000000000000E+0000  0.00000000000000000000E+0000  1.06740768308045388870E-0002
 5.29399999999999999991E-0008  0.00000000000000000000E+0000 -3.43359758552876873913E-0002  1.27208150757779554609E-0002 -3.43359758552876873913E-0002  1.04999999999999999996E+0000  1.49337487796933101637E+0000  1.57011892175874991898E+0000  1.44424833013884407380E+0000  0.00000000000000000000E+0000  2.34433159148802059510E+0002  0.00000000000000000000E+0000  1.89081167254611429894E-0038  2.19552522489380878633E-0001  2.25456451281706304010E-0032  0.00000000000000000000E+0000  2.21958428317550230141E+0002  0.00000000000000000000E+0000  0.00000000000000000000E+0000  2.22663630149281230639E+0002  0.00000000000000000000E+0000  0.00000000000000000000E+0000  0.00000000000000000000E+0000  0.00000000000000000000E+0000  0.00000000000000000000E+0000 -1.61911159681290241192E-0005 -3.20758889548549378000E+0000  0.00000000000000000000E+0000  0.00000000000000000000E+0000  0.00000000000000000000E+0000  9.31209880005839365033E-0003
 5.39999999999999999996E-0008  0.00000000000000000000E+0000 -3.19833493023372299230E-0002  1.26889930378687366395E-0002 -3.19833493023372299230E-0002  1.04999999999999999996E+0000  1.49338382139946292831E+0000  1.57012868137071252622E+0000  1.44425790107460536786E+0000  0.00000000000000000000E+0000  2.34433159148802059510E+0002  0.00000000000000000000E+0000  1.89148957690458066537E-0038  2.19636463588294757283E-0001  2.25545647669239419149E-0032  0.00000000000000000000E+0000  2.21998741532855560415E+0002  0.00000000000000000000E+0000  0.00000000000000000000E+0000  2.22710466140068122365E+0002  0.00000000000000000000E+0000  0.00000000000000000000E+0000  0.00000000000000000000E+0000  0.00000000000000000000E+0000  0.00000000000000000000E+0000 -1.49349698127088521788E-0005 -3.20923539912933265534E+0000  0.00000000000000000000E+0000  0.00000000000000000000E+0000  0.00000000000000000000E+0000  7.95055452819435321079E-0003
 5.50799999999999999988E-0008  0.00000000000000000000E+0000 -2.97138689823605137800E-0002  1.26420043740690626833E-0002 -2.97138689823605137800E-0002  1.04999999999999999996E+0000  1.49339286328796655759E+0000  1.57013857064390528295E+0000  1.44426762087766070270E+0000  0.00000000000000000000E+0000  2.34433159148802059510E+0002  0.00000000000000000000E+0000  1.89217519600995971003E-0038  2.19721535864573774539E-0001  2.25636270216587155910E-0032  0.00000000000000000000E+0000  2.22039687536316477326E+0002  0.00000000000000000000E+0000  0.00000000000000000000E+0000  2.22757860648324089350E+0002  0.00000000000000000000E+0000  0.00000000000000000000E+0000  0.00000000000000000000E+0000  0.00000000000000000000E+0000  0.00000000000000000000E+0000 -1.47228969662385354608E-0005 -3.20958987297391790052E+0000  0.00000000000000000000E+0000  0.00000000000000000000E+0000  0.00000000000000000000E+0000  6.70045389955475624915E-0003
 5.61800000000000000001E-0008  0.00000000000000000000E+0000 -2.75488905498196692577E-0002  1.25963329417206144178E-0002 -2.75488905498196692577E-0002  1.04999999999999999996E+0000  1.49340200203067926588E+0000  1.57014858719116063646E+0000  1.44427748664420117840E+0000  0.00000000000000000000E+0000  2.34433159148802059510E+0002  0.00000000000000000000E+0000  1.89286840659547622392E-0038  2.19807719700037301050E-0001  2.25728292862668948782E-0032  0.00000000000000000000E+0000  2.22081259489510266680E+0002  0.00000000000000000000E+0000  0.00000000000000000000E+0000  2.22805800099089068522E+0002  0.00000000000000000000E+0000  0.00000000000000000000E+0000  0.00000000000000000000E+0000  0.00000000000000000000E+0000  0.00000000000000000000E+0000 -1.47868927997058881849E-0005 -3.20959982705286459210E+0000  0.00000000000000000000E+0000  0.00000000000000000000E+0000  0.00000000000000000000E+0000  5.52053732828053248101E-0003
 5.73100000000000000012E-0008  0.00000000000000000000E+0000 -2.54644286463736025332E-0002  1.25486405240882323876E-0002 -2.54644286463736025332E-0002  1.04999999999999999996E+0000  1.49341131766559268165E+0000  1.57015881850952239397E+0000  1.44428758439028868878E+0000  0.00000000000000000000E+0000  2.34433159148802059510E+0002  0.00000000000000000000E+0000  1.89357529136114707485E-0038  2.19895769875264589756E-0001  2.25822520039040155715E-0032  0.00000000000000000000E+0000  2.22123803284958453205E+0002  0.00000000000000000000E+0000  0.00000000000000000000E+0000  2.22854713741962100218E+0002  0.00000000000000000000E+0000  0.00000000000000000000E+0000  0.00000000000000000000E+0000  0.00000000000000000000E+0000  0.00000000000000000000E+0000 -1.50193767252950877797E-0005 -3.20939887982249136278E+0000  0.00000000000000000000E+0000  0.00000000000000000000E+0000  0.00000000000000000000E+0000  4.39719516964317574898E-0003
 5.84500000000000000001E-0008  0.00000000000000000000E+0000 -2.35225219230890434402E-0002  1.25042078031300709416E-0002 -2.35225219230890434402E-0002  1.04999999999999999996E+0000  1.49342064355877334988E+0000  1.57016908099677367032E+0000  1.44429773232067961688E+0000  0.00000000000000000000E+0000  2.34433159148802059510E+0002  0.00000000000000000000E+0000  1.89428320488316055515E-0038  2.19984107185766346093E-0001  2.25917256497506048296E-0032  0.00000000000000000000E+0000  2.22166625746777475992E+0002  0.00000000000000000000E+0000  0.00000000000000000000E+0000  2.22903681659427026815E+0002  0.00000000000000000000E+0000  0.00000000000000000000E+0000  0.00000000000000000000E+0000  0.00000000000000000000E+0000  0.00000000000000000000E+0000 -1.50952978435002997380E-0005 -3.20938656540758280580E+0000  0.00000000000000000000E+0000  0.00000000000000000000E+0000  0.00000000000000000000E+0000  3.33854669838195810002E-0003
 5.96200000000000000020E-0008  0.00000000000000000000E+0000 -2.16914794796862055122E-0002  1.24581645730981661985E-0002 -2.16914794796862055122E-0002  1.04999999999999999996E+0000  1.49343013846494480196E+0000  1.57017954954564712495E+0000  1.44430810354546196469E+0000  0.00000000000000000000E+0000  2.34433159148802059510E+0002  0.00000000000000000000E+0000  1.89500419822231463189E-0038  2.20074237391862722352E-0001  2.26014119525323310843E-0032  0.00000000000000000000E+0000  2.22210370249757745417E+0002  0.00000000000000000000E+0000  0.00000000000000000000E+0000  2.22953588774152556010E+0002  0.00000000000000000000E+0000  0.00000000000000000000E+0000  0.00000000000000000000E+0000  0.00000000000000000000E+0000  0.00000000000000000000E+0000 -1.39445768072036276623E-0005 -3.21088326922924448964E+0000  0.00000000000000000000E+0000  0.00000000000000000000E+0000  0.00000000000000000000E+0000  2.29597325120624007053E-0003
 6.08200000000000000005E-0008  0.00000000000000000000E+0000 -1.99278889527632985739E-0002  1.24018613926405837722E-0002 -1.99278889527632985739E-0002  1.04999999999999999996E+0000  1.49343980025392165543E+0000  1.57019022119375684912E+0000  1.44431869452406181611E+0000  0.00000000000000000000E+0000  2.34433159148802059510E+0002  0.00000000000000000000E+0000  1.89573815137581181835E-0038  2.20166140241038025603E-0001  2.26113080467481129659E-0032  0.00000000000000000000E+0000  2.22255076531965463385E+0002  0.00000000000000000000E+0000  0.00000000000000000000E+0000  2.23004392770660709408E+0002  0.00000000000000000000E+0000  0.00000000000000000000E+0000  0.00000000000000000000E+0000  0.00000000000000000000E+0000  0.00000000000000000000E+0000 -1.38459288546122486586E-0005 -3.21108005539181776177E+0000  0.00000000000000000000E+0000  0.00000000000000000000E+0000  0.00000000000000000000E+0000  1.34217437226074574070E-0003
 6.20299999999999999968E-0008  0.00000000000000000000E+0000 -1.82924409949008149787E-0002  1.23498913968478900611E-0002 -1.82924409949008149787E-0002  1.04999999999999999996E+0000  1.49344946659325796359E+0000  1.57020091583874233851E+0000  1.44432932576586222891E+0000  0.00000000000000000000E+0000  2.34433159148802059510E+0002  0.00000000000000000000E+0000  1.89647272526599808126E-0038  2.20258265054562129426E-0001  2.26212462612040748708E-0032  0.00000000000000000000E+0000  2.22300037859932991771E+0002  0.00000000000000000000E+0000  0.00000000000000000000E+0000  2.23055207028845826026E+0002  0.00000000000000000000E+0000  0.00000000000000000000E+0000  0.00000000000000000000E+0000  0.00000000000000000000E+0000  0.00000000000000000000E+0000 -1.38250117050670273355E-0005 -3.21117701542558880317E+0000  0.00000000000000000000E+0000  0.00000000000000000000E+0000  0.00000000000000000000E+0000  4.56137499330266340084E-0004
 6.32699999999999999993E-0008  0.00000000000000000000E+0000 -1.67229715730572020989E-0002  1.22922820209688228037E-0002 -1.67229715730572020989E-0002  1.04999999999999999996E+0000  1.49345929495129389763E+0000  1.57021180711296162757E+0000  1.44434016936839670789E+0000  0.00000000000000000000E+0000  2.34433159148802059510E+0002  0.00000000000000000000E+0000  1.89721990110824642167E-0038  2.20352109917910119467E-0001  2.26313876739256942746E-0032  0.00000000000000000000E+0000  2.22345894093413255721E+0002  0.00000000000000000000E+0000  0.00000000000000000000E+0000  2.23106911240787624207E+0002  0.00000000000000000000E+0000  0.00000000000000000000E+0000  0.00000000000000000000E+0000  0.00000000000000000000E+0000  0.00000000000000000000E+0000 -1.39962737804082341577E-0005 -3.21103438899007101633E+0000  0.00000000000000000000E+0000  0.00000000000000000000E+0000  0.00000000000000000000E+0000 -3.74861632238260748560E-0004
 6.45400000000000000016E-0008  0.00000000000000000000E+0000 -1.52460615528672626588E-0002  1.22350810725316798185E-0002 -1.52460615528672626588E-0002  1.04999999999999999996E+0000  1.49346928148373808318E+0000  1.57022289050107937520E+0000  1.44435122060993521951E+0000  0.00000000000000000000E+0000  2.34433159148802059510E+0002  0.00000000000000000000E+0000  1.89797939627218355028E-0038  2.20447637783693086929E-0001  2.26417280983309998987E-0032  0.00000000000000000000E+0000  2.22392679421886642344E+0002  0.00000000000000000000E+0000  0.00000000000000000000E+0000  2.23159452078917313930E+0002  0.00000000000000000000E+0000  0.00000000000000000000E+0000  0.00000000000000000000E+0000  0.00000000000000000000E+0000  0.00000000000000000000E+0000 -1.42065276125984209102E-0005 -3.21084108903569398139E+0000  0.00000000000000000000E+0000  0.00000000000000000000E+0000  0.00000000000000000000E+0000 -1.15499875097058253438E-0003
 6.58299999999999999995E-0008  0.00000000000000000000E+0000 -1.39182686647144721092E-0002  1.21822180223274866808E-0002 -1.39182686647144721092E-0002  1.04999999999999999996E+0000  1.49347934237598313728E+0000  1.57023407298083533378E+0000  1.44436238667073672641E+0000  0.00000000000000000000E+0000  2.34433159148802059510E+0002  0.00000000000000000000E+0000  1.89874482713286834436E-0038  2.20544046379057975615E-0001  2.26521807413291156111E-0032  0.00000000000000000000E+0000  2.22440029893496391711E+0002  0.00000000000000000000E+0000  0.00000000000000000000E+0000  2.23212369428642207120E+0002  0.00000000000000000000E+0000  0.00000000000000000000E+0000  0.00000000000000000000E+0000  0.00000000000000000000E+0000  0.00000000000000000000E+0000 -1.30456591537765555215E-0005 -3.21233416155773969037E+0000  0.00000000000000000000E+0000  0.00000000000000000000E+0000  0.00000000000000000000E+0000 -1.90806994533358049860E-0003
 6.71499999999999999972E-0008  0.00000000000000000000E+0000 -1.26351634985271298881E-0002  1.21158790416670075488E-0002 -1.26351634985271298881E-0002  1.04999999999999999996E+0000  1.49348955421057655486E+0000  1.57024543882259642435E+0000  1.44437375088469442414E+0000  0.00000000000000000000E+0000  2.34433159148802059510E+0002  0.00000000000000000000E+0000  1.89952206660451750508E-0038  2.20642068237306042579E-0001  2.26628241059193995574E-0032  0.00000000000000000000E+0000  2.22488258923254169711E+0002  0.00000000000000000000E+0000  0.00000000000000000000E+0000  2.23266091916489179389E+0002  0.00000000000000000000E+0000  0.00000000000000000000E+0000  0.00000000000000000000E+0000  0.00000000000000000000E+0000  0.00000000000000000000E+0000 -1.29343656465565888310E-0005 -3.21253141609904672039E+0000  0.00000000000000000000E+0000  0.00000000000000000000E+0000  0.00000000000000000000E+0000 -2.58581384869969717568E-0003
 6.84899999999999999969E-0008  0.00000000000000000000E+0000 -1.14480371784344293264E-0002  1.20529167351667932040E-0002 -1.14480371784344293264E-0002  1.04999999999999999996E+0000  1.49349983723681392883E+0000  1.57025689861123581427E+0000  1.44438522327875250024E+0000  0.00000000000000000000E+0000  2.34433159148802059510E+0002  0.00000000000000000000E+0000  1.90030504076109603218E-0038  2.20740932805576941077E-0001  2.26735739895024682652E-0032  0.00000000000000000000E+0000  2.22537038154162360365E+0002  0.00000000000000000000E+0000  0.00000000000000000000E+0000  2.23320165571028789925E+0002  0.00000000000000000000E+0000  0.00000000000000000000E+0000  0.00000000000000000000E+0000  0.00000000000000000000E+0000  0.00000000000000000000E+0000 -1.29738086612004286979E-0005 -3.21254012203861080330E+0000  0.00000000000000000000E+0000  0.00000000000000000000E+0000  0.00000000000000000000E+0000 -3.20858749686870430625E-0003
 6.98600000000000000029E-0008  0.00000000000000000000E+0000 -1.03313687843543559264E-0002  1.19870898522516698254E-0002 -1.03313687843543559264E-0002  1.04999999999999999996E+0000  1.49351026510866564706E+0000  1.57026853389689434177E+0000  1.44439688502449607168E+0000  0.00000000000000000000E+0000  2.34433159148802059510E+0002  0.00000000000000000000E+0000  1.90109937004746921870E-0038  2.20841345829518836380E-0001  2.26845066620168989919E-0032  0.00000000000000000000E+0000  2.22586670565910029779E+0002  0.00000000000000000000E+0000  0.00000000000000000000E+0000  2.23375002174308689734E+0002  0.00000000000000000000E+0000  0.00000000000000000000E+0000  0.00000000000000000000E+0000  0.00000000000000000000E+0000  0.00000000000000000000E+0000 -1.31201519346064213882E-0005 -3.21241483619308202638E+0000  0.00000000000000000000E+0000  0.00000000000000000000E+0000  0.00000000000000000000E+0000 -3.78332694770907392487E-0003
 7.12600000000000000022E-0008  0.00000000000000000000E+0000 -9.33575141311584785285E-0003  1.19242415102235559387E-0002 -9.33575141311584785285E-0003  1.04999999999999999996E+0000  1.49352083168868541262E+0000  1.57028033778829754087E+0000  1.44440872913692773755E+0000  0.00000000000000000000E+0000  2.34433159148802059510E+0002  0.00000000000000000000E+0000  1.90190458178127705193E-0038  2.20943247798215001870E-0001  2.26956156579885035075E-0032  0.00000000000000000000E+0000  2.22637157926666493471E+0002  0.00000000000000000000E+0000  0.00000000000000000000E+0000  2.23430548683985836858E+0002  0.00000000000000000000E+0000  0.00000000000000000000E+0000  0.00000000000000000000E+0000  0.00000000000000000000E+0000  0.00000000000000000000E+0000 -1.20878623680794555838E-0005 -3.21373919060522948016E+0000  0.00000000000000000000E+0000  0.00000000000000000000E+0000  0.00000000000000000000E+0000 -4.33060222282636604918E-0003
 7.26799999999999999970E-0008  0.00000000000000000000E+0000 -8.40055130719505703609E-0003  1.18529248270901602549E-0002 -8.40055130719505703609E-0003  1.04999999999999999996E+0000  1.49353146039224277456E+0000  1.57029222386598147699E+0000  1.44442066805174684416E+0000  0.00000000000000000000E+0000  2.34433159148802059510E+0002  0.00000000000000000000E+0000  1.90271487767312109370E-0038  2.21045897863542973311E-0001  2.27068193006437943213E-0032  0.00000000000000000000E+0000  2.22688157864666348582E+0002  0.00000000000000000000E+0000  0.00000000000000000000E+0000  2.23486385448971860312E+0002  0.00000000000000000000E+0000  0.00000000000000000000E+0000  0.00000000000000000000E+0000  0.00000000000000000000E+0000  0.00000000000000000000E+0000 -1.19275289070456582718E-0005 -3.21398692671253004283E+0000  0.00000000000000000000E+0000  0.00000000000000000000E+0000  0.00000000000000000000E+0000 -4.81342781479987261763E-0003
 7.41400000000000000024E-0008  0.00000000000000000000E+0000 -7.51359849208022812020E-0003  1.17795621256286842665E-0002 -7.51359849208022812020E-0003  1.04999999999999999996E+0000  1.49354229698702503713E+0000  1.57030435464730684680E+0000  1.44443286463246792282E+0000  0.00000000000000000000E+0000  2.34433159148802059510E+0002  0.00000000000000000000E+0000  1.90354137944755405252E-0038  2.21150701468092451287E-0001  2.27182706100402233756E-0032  0.00000000000000000000E+0000  2.22740298946055132384E+0002  0.00000000000000000000E+0000  0.00000000000000000000E+0000  2.23543317202394586057E+0002  0.00000000000000000000E+0000  0.00000000000000000000E+0000  0.00000000000000000000E+0000  0.00000000000000000000E+0000  0.00000000000000000000E+0000 -1.20747613428569279263E-0005 -3.21385408503770250385E+0000  0.00000000000000000000E+0000  0.00000000000000000000E+0000  0.00000000000000000000E+0000 -5.25309577258247367560E-0003
 7.56199999999999999969E-0008  0.00000000000000000000E+0000 -6.72043257929903200542E-0003  1.17090129439190258170E-0002 -6.72043257929903200542E-0003  1.04999999999999999996E+0000  1.49355318951863373373E+0000  1.57031655952911793734E+0000  1.44444514685998131730E+0000  0.00000000000000000000E+0000  2.34433159148802059510E+0002  0.00000000000000000000E+0000  1.90437250137403745733E-0038  2.21256185953410459760E-0001  2.27298082257005947535E-0032  0.00000000000000000000E+0000  2.22792950542174466533E+0002  0.00000000000000000000E+0000  0.00000000000000000000E+0000  2.23600481211218287500E+0002  0.00000000000000000000E+0000  0.00000000000000000000E+0000  0.00000000000000000000E+0000  0.00000000000000000000E+0000  0.00000000000000000000E+0000 -1.21431285821045651373E-0005 -3.21381615891864179792E+0000  0.00000000000000000000E+0000  0.00000000000000000000E+0000  0.00000000000000000000E+0000 -5.64952210421592458491E-0003
 7.71299999999999999976E-0008  0.00000000000000000000E+0000 -6.01839391862679683074E-0003  1.16372765386439637553E-0002 -6.01839391862679683074E-0003  1.04999999999999999996E+0000  1.49356420618480686599E+0000  1.57032891463705813343E+0000  1.44445759103899454636E+0000  0.00000000000000000000E+0000  2.34433159148802059510E+0002  0.00000000000000000000E+0000  1.90521344574645280276E-0038  2.21363009629051221268E-0001  2.27415038935281439811E-0032  0.00000000000000000000E+0000  2.22846371033429384273E+0002  0.00000000000000000000E+0000  0.00000000000000000000E+0000  2.23658275000621054554E+0002  0.00000000000000000000E+0000  0.00000000000000000000E+0000  0.00000000000000000000E+0000  0.00000000000000000000E+0000  0.00000000000000000000E+0000 -1.11568840641357278849E-0005 -3.21507519864461172141E+0000  0.00000000000000000000E+0000  0.00000000000000000000E+0000  0.00000000000000000000E+0000 -6.01819064046601596356E-0003
 7.86699999999999999981E-0008  0.00000000000000000000E+0000 -5.35809139387510849963E-0003  1.15580016670779547046E-0002 -5.35809139387510849963E-0003  1.04999999999999999996E+0000  1.49357534472747123901E+0000  1.57034141673751999411E+0000  1.44447019326314989821E+0000  0.00000000000000000000E+0000  2.34433159148802059510E+0002  0.00000000000000000000E+0000  1.90606408022680279136E-0038  2.21471150087102556009E-0001  2.27533544600091959600E-0032  0.00000000000000000000E+0000  2.22900575929288249435E+0002  0.00000000000000000000E+0000  0.00000000000000000000E+0000  2.23716669122408100462E+0002  0.00000000000000000000E+0000  0.00000000000000000000E+0000  0.00000000000000000000E+0000  0.00000000000000000000E+0000  0.00000000000000000000E+0000 -1.10653607512521660551E-0005 -3.21523052640481771009E+0000  0.00000000000000000000E+0000  0.00000000000000000000E+0000  0.00000000000000000000E+0000 -6.33661019092775978127E-0003
 8.02500000000000000027E-0008  0.00000000000000000000E+0000 -4.74834068540824240458E-0003  1.14786175632749118670E-0002 -4.74834068540824240458E-0003  1.04999999999999999996E+0000  1.49358667269206683251E+0000  1.57035414120399541098E+0000  1.44448302915977871183E+0000  0.00000000000000000000E+0000  2.34433159148802059510E+0002  0.00000000000000000000E+0000  1.90692957062013348927E-0038  2.21581261019016931513E-0001  2.27654312249175197958E-0032  0.00000000000000000000E+0000  2.22955872675662826202E+0002  0.00000000000000000000E+0000  0.00000000000000000000E+0000  2.23776026924051807718E+0002  0.00000000000000000000E+0000  0.00000000000000000000E+0000  0.00000000000000000000E+0000  0.00000000000000000000E+0000  0.00000000000000000000E+0000 -1.11921860427123050653E-0005 -3.21511551875382352306E+0000  0.00000000000000000000E+0000  0.00000000000000000000E+0000  0.00000000000000000000E+0000 -6.61859128860632880556E-0003
 8.18500000000000000028E-0008  0.00000000000000000000E+0000 -4.21536439774041913410E-0003  1.14007319511491460586E-0002 -4.21536439774041913410E-0003  1.04999999999999999996E+0000  1.49359804310605902679E+0000  1.57036692243716152512E+0000  1.44449593117218866008E+0000  0.00000000000000000000E+0000  2.34433159148802059510E+0002  0.00000000000000000000E+0000  1.90779869308749758081E-0038  2.21691910776449154673E-0001  2.27775766879003163655E-0032  0.00000000000000000000E+0000  2.23011620149901075155E+0002  0.00000000000000000000E+0000  0.00000000000000000000E+0000  2.23835528469113820796E+0002  0.00000000000000000000E+0000  0.00000000000000000000E+0000  0.00000000000000000000E+0000  0.00000000000000000000E+0000  0.00000000000000000000E+0000 -1.12364590034856894607E-0005 -3.21510035963197161792E+0000  0.00000000000000000000E+0000  0.00000000000000000000E+0000  0.00000000000000000000E+0000 -6.86467099953671729530E-0003
 8.34900000000000000005E-0008  0.00000000000000000000E+0000 -3.74779818054001309515E-0003  1.13204033617961577264E-0002 -3.74779818054001309515E-0003  1.04999999999999999996E+0000  1.49360959155523376131E+0000  1.57037991257183598968E+0000  1.44450905260943815130E+0000  0.00000000000000000000E+0000  2.34433159148802059510E+0002  0.00000000000000000000E+0000  1.90868181442593152014E-0038  2.21804417306497345650E-0001  2.27899352808673358287E-0032  0.00000000000000000000E+0000  2.23068386265742474875E+0002  0.00000000000000000000E+0000  0.00000000000000000000E+0000  2.23895938707335491011E+0002  0.00000000000000000000E+0000  0.00000000000000000000E+0000  0.00000000000000000000E+0000  0.00000000000000000000E+0000  0.00000000000000000000E+0000 -1.03552182549767387821E-0005 -3.21622356032704185820E+0000  0.00000000000000000000E+0000  0.00000000000000000000E+0000  0.00000000000000000000E+0000 -7.08636044283784549620E-0003
 8.51599999999999999981E-0008  0.00000000000000000000E+0000 -3.32275454443451205809E-0003  1.12351505566624447173E-0002 -3.32275454443451205809E-0003  1.04999999999999999996E+0000  1.49362124454807497379E+0000  1.57039302835336246230E+0000  1.44452230882420220421E+0000  0.00000000000000000000E+0000  2.34433159148802059510E+0002  0.00000000000000000000E+0000  1.90957335349426170068E-0038  2.21918065010719138785E-0001  2.28024278191388646645E-0032  0.00000000000000000000E+0000  2.23125888258559943220E+0002  0.00000000000000000000E+0000  0.00000000000000000000E+0000  2.23956824787690618433E+0002  0.00000000000000000000E+0000  0.00000000000000000000E+0000  0.00000000000000000000E+0000  0.00000000000000000000E+0000  0.00000000000000000000E+0000 -1.02724511175087328890E-0005 -3.21636208200556505867E+0000  0.00000000000000000000E+0000  0.00000000000000000000E+0000  0.00000000000000000000E+0000 -7.26856019152150578748E-0003
 8.68600000000000000018E-0008  0.00000000000000000000E+0000 -2.94406233924799661469E-0003  1.11501253999769531588E-0002 -2.94406233924799661469E-0003  1.04999999999999999996E+0000  1.49363299831401630810E+0000  1.57040626501344235508E+0000  1.44453569454505882836E+0000  0.00000000000000000000E+0000  2.34433159148802059510E+0002  0.00000000000000000000E+0000  1.91047302400503022680E-0038  2.22032813571153097350E-0001  2.28150494236816784793E-0032  0.00000000000000000000E+0000  2.23184082158350327263E+0002  0.00000000000000000000E+0000  0.00000000000000000000E+0000  2.24018178111732439342E+0002  0.00000000000000000000E+0000  0.00000000000000000000E+0000  0.00000000000000000000E+0000  0.00000000000000000000E+0000  0.00000000000000000000E+0000 -1.03205077362864069466E-0005 -3.21633816200312533514E+0000  0.00000000000000000000E+0000  0.00000000000000000000E+0000  0.00000000000000000000E+0000 -7.42038126051422018733E-0003
 8.86000000000000000032E-0008  0.00000000000000000000E+0000 -2.60690193408229403688E-0003  1.10632854656591882686E-0002 -2.60690193408229403688E-0003  1.04999999999999999996E+0000  1.49364491680634679284E+0000  1.57041969416159303693E+0000  1.44454928182410395111E+0000  0.00000000000000000000E+0000  2.34433159148802059510E+0002  0.00000000000000000000E+0000  1.91138573586305373253E-0038  2.22149286236060256310E-0001  2.28278682911527174114E-0032  0.00000000000000000000E+0000  2.23243262547767310072E+0002  0.00000000000000000000E+0000  0.00000000000000000000E+0000  2.24080343278166702281E+0002  0.00000000000000000000E+0000  0.00000000000000000000E+0000  0.00000000000000000000E+0000  0.00000000000000000000E+0000  0.00000000000000000000E+0000 -1.04371835681351805261E-0005 -3.21622867430746276862E+0000  0.00000000000000000000E+0000  0.00000000000000000000E+0000  0.00000000000000000000E+0000 -7.54468283983354460491E-0003
 9.03699999999999999979E-0008  0.00000000000000000000E+0000 -2.34131181659621812319E-0003  1.09778680245760460376E-0002 -2.34131181659621812319E-0003  1.04999999999999999996E+0000  1.49365692462244270512E+0000  1.57043323056634682479E+0000  1.44456298411355077611E+0000  0.00000000000000000000E+0000  2.34433159148802059510E+0002  0.00000000000000000000E+0000  1.91230571062981432910E-0038  2.22266743766227836460E-0001  2.28408027971101863032E-0032  0.00000000000000000000E+0000  2.23303110825146752194E+0002  0.00000000000000000000E+0000  0.00000000000000000000E+0000  2.24142889597050398595E+0002  0.00000000000000000000E+0000  0.00000000000000000000E+0000  0.00000000000000000000E+0000  0.00000000000000000000E+0000  0.00000000000000000000E+0000 -9.56193261204222049795E-0006 -3.21733929196667742777E+0000  0.00000000000000000000E+0000  0.00000000000000000000E+0000  0.00000000000000000000E+0000 -7.64725498403761198287E-0003
 9.21800000000000000031E-0008  0.00000000000000000000E+0000 -2.09480880360765387656E-0003  1.08852408008631456447E-0002 -2.09480880360765387656E-0003  1.04999999999999999996E+0000  1.49366908602676386187E+0000  1.57044694614205301581E+0000  1.44457687375344956675E+0000  0.00000000000000000000E+0000  2.34433159148802059510E+0002  0.00000000000000000000E+0000  1.91323791683312541375E-0038  2.22385816399538785337E-0001  2.28539218517317779536E-0032  0.00000000000000000000E+0000  2.23363897419226995519E+0002  0.00000000000000000000E+0000  0.00000000000000000000E+0000  2.24206182022148199806E+0002  0.00000000000000000000E+0000  0.00000000000000000000E+0000  0.00000000000000000000E+0000  0.00000000000000000000E+0000  0.00000000000000000000E+0000 -9.51947316663264014957E-0006 -3.21742355924197929702E+0000  0.00000000000000000000E+0000  0.00000000000000000000E+0000  0.00000000000000000000E+0000 -7.72047836005173966647E-0003
 9.40200000000000000016E-0008  0.00000000000000000000E+0000 -1.89235699558522913908E-0003  1.07945924987571099721E-0002 -1.89235699558522913908E-0003  1.04999999999999999996E+0000  1.49368132923763017759E+0000  1.57046075950008729317E+0000  1.44459086793429345200E+0000  0.00000000000000000000E+0000  2.34433159148802059510E+0002  0.00000000000000000000E+0000  1.91417685210893827756E-0038  2.22505798187380563619E-0001  2.28671473016156017120E-0032  0.00000000000000000000E+0000  2.23425316293001438445E+0002  0.00000000000000000000E+0000  0.00000000000000000000E+0000  2.24269811131443132693E+0002  0.00000000000000000000E+0000  0.00000000000000000000E+0000  0.00000000000000000000E+0000  0.00000000000000000000E+0000  0.00000000000000000000E+0000 -9.55298890790839243591E-0006 -3.21741322789820125981E+0000  0.00000000000000000000E+0000  0.00000000000000000000E+0000  0.00000000000000000000E+0000 -7.77005211224031523787E-0003
 9.58999999999999999977E-0008  0.00000000000000000000E+0000 -1.73215778060275967951E-0003  1.07028589565009191863E-0002 -1.73215778060275967951E-0003  1.04999999999999999996E+0000  1.49369371351753459543E+0000  1.57047473721178202841E+0000  1.44460503381258587160E+0000  0.00000000000000000000E+0000  2.34433159148802059510E+0002  0.00000000000000000000E+0000  1.91512706091459314601E-0038  2.22627267791983542600E-0001  2.28805426707098533340E-0032  0.00000000000000000000E+0000  2.23487616895846733261E+0002  0.00000000000000000000E+0000  0.00000000000000000000E+0000  2.24334110491319302358E+0002  0.00000000000000000000E+0000  0.00000000000000000000E+0000  0.00000000000000000000E+0000  0.00000000000000000000E+0000  0.00000000000000000000E+0000 -8.77117346952857858454E-0006 -3.21840585486308800142E+0000  0.00000000000000000000E+0000  0.00000000000000000000E+0000  0.00000000000000000000E+0000 -7.80125860734172916555E-0003
 9.78199999999999999979E-0008  0.00000000000000000000E+0000 -1.59686188168285165255E-0003  1.06067396400601235182E-0002 -1.59686188168285165255E-0003  1.04999999999999999996E+0000  1.49370623445215647631E+0000  1.57048887385637265678E+0000  1.44461936550616041957E+0000  0.00000000000000000000E+0000  2.34433159148802059510E+0002  0.00000000000000000000E+0000  1.91608824643497860321E-0038  2.22750183958670231696E-0001  2.28941030054866860064E-0032  0.00000000000000000000E+0000  2.23550805945775208736E+0002  0.00000000000000000000E+0000  0.00000000000000000000E+0000  2.24399039955669279925E+0002  0.00000000000000000000E+0000  0.00000000000000000000E+0000  0.00000000000000000000E+0000  0.00000000000000000000E+0000  0.00000000000000000000E+0000 -8.73231897676366732725E-0006 -3.21848297785594267945E+0000  0.00000000000000000000E+0000  0.00000000000000000000E+0000  0.00000000000000000000E+0000 -7.80909923625604999327E-0003
 9.97800000000000000021E-0008  0.00000000000000000000E+0000 -1.49211047331473743636E-0003  1.05109849331759216814E-0002 -1.49211047331473743636E-0003  1.04999999999999999996E+0000  1.49371888616354036780E+0000  1.57050316243852993868E+0000  1.44463385560959019574E+0000  0.00000000000000000000E+0000  2.34433159148802059510E+0002  0.00000000000000000000E+0000  1.91705996254489896716E-0038  2.22874487093038921312E-0001  2.29078214298930088987E-0032  0.00000000000000000000E+0000  2.23614856034907971180E+0002  0.00000000000000000000E+0000  0.00000000000000000000E+0000  2.24464564550754188205E+0002  0.00000000000000000000E+0000  0.00000000000000000000E+0000  0.00000000000000000000E+0000  0.00000000000000000000E+0000  0.00000000000000000000E+0000 -8.79169364894782008397E-0006 -3.21843843244535044541E+0000  0.00000000000000000000E+0000  0.00000000000000000000E+0000  0.00000000000000000000E+0000 -7.79808949148015388691E-0003
 1.01799999999999999999E-0007  0.00000000000000000000E+0000 -1.40984486636368334615E-0003  1.04125656053295371926E-0002 -1.40984486636368334615E-0003  1.04999999999999999996E+0000  1.49373178918127911630E+0000  1.57051773880919266996E+0000  1.44464864166300564167E+0000  0.00000000000000000000E+0000  2.34433159148802059510E+0002  0.00000000000000000000E+0000  1.91805149067040848114E-0038  2.23001362667641799063E-0001  2.29218285644384917030E-0032  0.00000000000000000000E+0000  2.23680332660149531226E+0002  0.00000000000000000000E+0000  0.00000000000000000000E+0000  2.24531334308588173237E+0002  0.00000000000000000000E+0000  0.00000000000000000000E+0000  0.00000000000000000000E+0000  0.00000000000000000000E+0000  0.00000000000000000000E+0000 -8.93735682451263891147E-0006 -3.21828723170220972545E+0000  0.00000000000000000000E+0000  0.00000000000000000000E+0000  0.00000000000000000000E+0000 -7.76952598573264938014E-0003
 1.03800000000000000001E-0007  0.00000000000000000000E+0000 -1.38549164007729609942E-0003  1.03188373691646318285E-0002 -1.38549164007729609942E-0003  1.04999999999999999996E+0000  1.49374443212683504834E+0000  1.57053202486110447702E+0000  1.44466313673780066362E+0000  0.00000000000000000000E+0000  2.34433159148802059510E+0002  0.00000000000000000000E+0000  1.91902352057887691024E-0038  2.23125777292421182814E-0001  2.29355682336760491826E-0032  0.00000000000000000000E+0000  2.23744890897019040515E+0002  0.00000000000000000000E+0000  0.00000000000000000000E+0000  2.24596547716463135244E+0002  0.00000000000000000000E+0000  0.00000000000000000000E+0000  0.00000000000000000000E+0000  0.00000000000000000000E+0000  0.00000000000000000000E+0000 -8.78127886006094958617E-0006 -3.21850611790932351311E+0000  0.00000000000000000000E+0000  0.00000000000000000000E+0000  0.00000000000000000000E+0000 -7.72608909401991859741E-0003
 1.05900000000000000000E-0007  0.00000000000000000000E+0000 -1.33284906992646556794E-0003  1.02145397955889758513E-0002 -1.33284906992646556794E-0003  1.04999999999999999996E+0000  1.49375756255056251225E+0000  1.57054686500259180106E+0000  1.44467819751728350508E+0000  0.00000000000000000000E+0000  2.34433159148802059510E+0002  0.00000000000000000000E+0000  1.92003355194706881244E-0038  2.23255088589051681891E-0001  2.29498528550408448475E-0032  0.00000000000000000000E+0000  2.23811825701322947860E+0002  0.00000000000000000000E+0000  0.00000000000000000000E+0000  2.24664376189777355741E+0002  0.00000000000000000000E+0000  0.00000000000000000000E+0000  0.00000000000000000000E+0000  0.00000000000000000000E+0000  0.00000000000000000000E+0000 -8.23251151685480428277E-0006 -3.21920854722286694355E+0000  0.00000000000000000000E+0000  0.00000000000000000000E+0000  0.00000000000000000000E+0000 -7.66896058281274932976E-0003
 1.07999999999999999999E-0007  0.00000000000000000000E+0000 -1.35318719447731761759E-0003  1.01167224488320081965E-0002 -1.35318719447731761759E-0003  1.04999999999999999996E+0000  1.49377055111003445088E+0000  1.57056154768544029075E+0000  1.44469310146611762977E+0000  0.00000000000000000000E+0000  2.34433159148802059510E+0002  0.00000000000000000000E+0000  1.92103319498252009962E-0038  2.23383099467434688415E-0001  2.29639974994464188621E-0032  0.00000000000000000000E+0000  2.23878499436651472093E+0002  0.00000000000000000000E+0000  0.00000000000000000000E+0000  2.24731221953490328980E+0002  0.00000000000000000000E+0000  0.00000000000000000000E+0000  0.00000000000000000000E+0000  0.00000000000000000000E+0000  0.00000000000000000000E+0000 -8.06393949221376402585E-0006 -3.21944192965850974324E+0000  0.00000000000000000000E+0000  0.00000000000000000000E+0000  0.00000000000000000000E+0000 -7.59678388348045161402E-0003
 1.10200000000000000002E-0007  0.00000000000000000000E+0000 -1.34817922217100955259E-0003  1.00097438989244572933E-0002 -1.34817922217100955259E-0003  1.04999999999999999996E+0000  1.49378400385581468093E+0000  1.57057675774116080011E+0000  1.44470854365957743237E+0000  0.00000000000000000000E+0000  2.34433159148802059510E+0002  0.00000000000000000000E+0000  1.92206911194652871212E-0038  2.23515783620675461139E-0001  2.29786621377771888867E-0032  0.00000000000000000000E+0000  2.23947502809061554929E+0002  0.00000000000000000000E+0000  0.00000000000000000000E+0000  2.24800517786319704883E+0002  0.00000000000000000000E+0000  0.00000000000000000000E+0000  0.00000000000000000000E+0000  0.00000000000000000000E+0000  0.00000000000000000000E+0000 -7.54108249776567273273E-0006 -3.22011158421312245577E+0000  0.00000000000000000000E+0000  0.00000000000000000000E+0000  0.00000000000000000000E+0000 -7.51216708303417159604E-0003
 1.12399999999999999998E-0007  0.00000000000000000000E+0000 -1.40754183408506287884E-0003  9.90822953680030654917E-0003 -1.40754183408506287884E-0003  1.04999999999999999996E+0000  1.49379730716010722456E+0000  1.57059180110575608133E+0000  1.44472381904778038114E+0000  0.00000000000000000000E+0000  2.34433159148802059510E+0002  0.00000000000000000000E+0000  1.92309408744775285636E-0038  2.23647091454861845721E-0001  2.29931777950533341035E-0032  0.00000000000000000000E+0000  2.24016203740758776647E+0002  0.00000000000000000000E+0000  0.00000000000000000000E+0000  2.24868791189143946624E+0002  0.00000000000000000000E+0000  0.00000000000000000000E+0000  0.00000000000000000000E+0000  0.00000000000000000000E+0000  0.00000000000000000000E+0000 -8.11780644723695549091E-0006 -3.21942671185056432446E+0000  0.00000000000000000000E+0000  0.00000000000000000000E+0000  0.00000000000000000000E+0000 -7.41513475188161005673E-0003
 1.14600000000000000000E-0007  0.00000000000000000000E+0000 -1.46020771693481320653E-0003  9.80618360089258983836E-0003 -1.46020771693481320653E-0003  1.04999999999999999996E+0000  1.49381046145530646042E+0000  1.57060667790553922885E+0000  1.44473892746151117729E+0000  0.00000000000000000000E+0000  2.34433159148802059510E+0002  0.00000000000000000000E+0000  1.92410810902978662300E-0038  2.23777018362496005462E-0001  2.30075436265406972254E-0032  0.00000000000000000000E+0000  2.24084326610822307427E+0002  0.00000000000000000000E+0000  0.00000000000000000000E+0000  2.24936207523265465483E+0002  0.00000000000000000000E+0000  0.00000000000000000000E+0000  0.00000000000000000000E+0000  0.00000000000000000000E+0000  0.00000000000000000000E+0000 -8.09778564428288745937E-0006 -3.21947558995144971676E+0000  0.00000000000000000000E+0000  0.00000000000000000000E+0000  0.00000000000000000000E+0000 -7.31182194677705869982E-0003
 1.16900000000000000000E-0007  0.00000000000000000000E+0000 -1.49759155004879773569E-0003  9.69815106126200148391E-0003 -1.49759155004879773569E-0003  1.04999999999999999996E+0000  1.49382405177973778658E+0000  1.57062204957504931372E+0000  1.44475454054779867098E+0000  0.00000000000000000000E+0000  2.34433159148802059510E+0002  0.00000000000000000000E+0000  1.92515630133930072881E-0038  2.23911344802058171453E-0001  2.30223986738355599626E-0032  0.00000000000000000000E+0000  2.24154650426384098441E+0002  0.00000000000000000000E+0000  0.00000000000000000000E+0000  2.25005916614373914664E+0002  0.00000000000000000000E+0000  0.00000000000000000000E+0000  0.00000000000000000000E+0000  0.00000000000000000000E+0000  0.00000000000000000000E+0000 -7.57327049629433446159E-0006 -3.22014571023166314189E+0000  0.00000000000000000000E+0000  0.00000000000000000000E+0000  0.00000000000000000000E+0000 -7.19792161032940035742E-0003
 1.19200000000000000000E-0007  0.00000000000000000000E+0000 -1.59413012755079267894E-0003  9.59482854544964963590E-0003 -1.59413012755079267894E-0003  1.04999999999999999996E+0000  1.49383748327366171682E+0000  1.57063724312546703873E+0000  1.44476997442584068987E+0000  0.00000000000000000000E+0000  2.34433159148802059510E+0002  0.00000000000000000000E+0000  1.92619280764545118545E-0038  2.24044193044916845636E-0001  2.30370926515015287069E-0032  0.00000000000000000000E+0000  2.24224613052317852752E+0002  0.00000000000000000000E+0000  0.00000000000000000000E+0000  2.25074554222580570650E+0002  0.00000000000000000000E+0000  0.00000000000000000000E+0000  0.00000000000000000000E+0000  0.00000000000000000000E+0000  0.00000000000000000000E+0000 -7.41385859324214420302E-0006 -3.22036563351963770201E+0000  0.00000000000000000000E+0000  0.00000000000000000000E+0000  0.00000000000000000000E+0000 -7.07645144536622031500E-0003
 1.21599999999999999997E-0007  0.00000000000000000000E+0000 -1.65675364974290001816E-0003  9.48339671488864783987E-0003 -1.65675364974290001816E-0003  1.04999999999999999996E+0000  1.49385132735397819538E+0000  1.57065290468181819922E+0000  1.44478588538580877921E+0000  0.00000000000000000000E+0000  2.34433159148802059510E+0002  0.00000000000000000000E+0000  1.92726173684025238815E-0038  2.24181214823846530632E-0001  2.30522505995488858200E-0032  0.00000000000000000000E+0000  2.24296670538930393898E+0002  0.00000000000000000000E+0000  0.00000000000000000000E+0000  2.25145354719981223818E+0002  0.00000000000000000000E+0000  0.00000000000000000000E+0000  0.00000000000000000000E+0000  0.00000000000000000000E+0000  0.00000000000000000000E+0000 -6.90614601781580773127E-0006 -3.22101451461659153957E+0000  0.00000000000000000000E+0000  0.00000000000000000000E+0000  0.00000000000000000000E+0000 -6.94644273966135448088E-0003
 1.24099999999999999998E-0007  0.00000000000000000000E+0000 -1.75838461008468012871E-0003  9.37163907524687853350E-0003 -1.75838461008468012871E-0003  1.04999999999999999996E+0000  1.49386556681762016632E+0000  1.57066901467693037335E+0000  1.44480225341028551897E+0000  0.00000000000000000000E+0000  2.34433159148802059510E+0002  0.00000000000000000000E+0000  1.92836182863646923906E-0038  2.24322248360444148645E-0001  2.30678545495686919890E-0032  0.00000000000000000000E+0000  2.24371015552632942613E+0002  0.00000000000000000000E+0000  0.00000000000000000000E+0000  2.25218060694130818314E+0002  0.00000000000000000000E+0000  0.00000000000000000000E+0000  0.00000000000000000000E+0000  0.00000000000000000000E+0000  0.00000000000000000000E+0000 -7.01162060624093394678E-0006 -3.22090877969252152710E+0000  0.00000000000000000000E+0000  0.00000000000000000000E+0000  0.00000000000000000000E+0000 -6.80613271269117583421E-0003
 1.26499999999999999995E-0007  0.00000000000000000000E+0000 -1.91342413035608363088E-0003  9.26861382334776254897E-0003 -1.91342413035608363088E-0003  1.04999999999999999996E+0000  1.49387907215500360069E+0000  1.57068429504656002609E+0000  1.44481777959030783457E+0000  0.00000000000000000000E+0000  2.34433159148802059510E+0002  0.00000000000000000000E+0000  1.92940578128539749155E-0038  2.24456099606836559192E-0001  2.30826656266981344881E-0032  0.00000000000000000000E+0000  2.24442226814033626583E+0002  0.00000000000000000000E+0000  0.00000000000000000000E+0000  2.25286613236276875141E+0002  0.00000000000000000000E+0000  0.00000000000000000000E+0000  0.00000000000000000000E+0000  0.00000000000000000000E+0000  0.00000000000000000000E+0000 -7.33451370718603323028E-0006 -3.22053385064445362113E+0000  0.00000000000000000000E+0000  0.00000000000000000000E+0000  0.00000000000000000000E+0000 -6.66733733888521469375E-0003
 1.29099999999999999999E-0007  0.00000000000000000000E+0000 -1.95249286505259556794E-0003  9.14841232851991300695E-0003 -1.95249286505259556794E-0003  1.04999999999999999996E+0000  1.49389350927095837843E+0000  1.57070063030605656755E+0000  1.44483437891468504116E+0000  0.00000000000000000000E+0000  2.34433159148802059510E+0002  0.00000000000000000000E+0000  1.93052237547465055225E-0038  2.24599278097750540035E-0001  2.30985107260641059522E-0032  0.00000000000000000000E+0000  2.24517766547699677587E+0002  0.00000000000000000000E+0000  0.00000000000000000000E+0000  2.25360268775687473175E+0002  0.00000000000000000000E+0000  0.00000000000000000000E+0000  0.00000000000000000000E+0000  0.00000000000000000000E+0000  0.00000000000000000000E+0000 -6.48247918368610193673E-0006 -3.22160629740703975676E+0000  0.00000000000000000000E+0000  0.00000000000000000000E+0000  0.00000000000000000000E+0000 -6.51828396238128316798E-0003
 1.31700000000000000003E-0007  0.00000000000000000000E+0000 -2.10227532446356335612E-0003  9.03936178501034467168E-0003 -2.10227532446356335612E-0003  1.04999999999999999996E+0000  1.49390775729069983301E+0000  1.57071675227546140750E+0000  1.44485076236245707179E+0000  0.00000000000000000000E+0000  2.34433159148802059510E+0002  0.00000000000000000000E+0000  1.93162498573508294262E-0038  2.24740676832415566200E-0001  2.31141604747846526508E-0032  0.00000000000000000000E+0000  2.24593047348194011989E+0002  0.00000000000000000000E+0000  0.00000000000000000000E+0000  2.25432535175383806911E+0002  0.00000000000000000000E+0000  0.00000000000000000000E+0000  0.00000000000000000000E+0000  0.00000000000000000000E+0000  0.00000000000000000000E+0000 -6.29790007042406793351E-0006 -3.22185652556314507588E+0000  0.00000000000000000000E+0000  0.00000000000000000000E+0000  0.00000000000000000000E+0000 -6.36487648125809373731E-0003
 1.34299999999999999994E-0007  0.00000000000000000000E+0000 -2.22372694311098492532E-0003  8.92612803074256807526E-0003 -2.22372694311098492532E-0003  1.04999999999999999996E+0000  1.49392181918170680434E+0000  1.57073266404503161656E+0000  1.44486693297706262295E+0000  0.00000000000000000000E+0000  2.34433159148802059510E+0002  0.00000000000000000000E+0000  1.93271381331405627811E-0038  2.24880319322265477257E-0001  2.31296173036592909228E-0032  0.00000000000000000000E+0000  2.24667540652660231895E+0002  0.00000000000000000000E+0000  0.00000000000000000000E+0000  2.25503757018256534503E+0002  0.00000000000000000000E+0000  0.00000000000000000000E+0000  0.00000000000000000000E+0000  0.00000000000000000000E+0000  0.00000000000000000000E+0000 -6.19649752873194396541E-0006 -3.22200374688585285923E+0000  0.00000000000000000000E+0000  0.00000000000000000000E+0000  0.00000000000000000000E+0000 -6.21214827101709751279E-0003
 1.37000000000000000002E-0007  0.00000000000000000000E+0000 -2.33563327224623627333E-0003  8.81061753873062843659E-0003 -2.33563327224623627333E-0003  1.04999999999999999996E+0000  1.49393622495040443972E+0000  1.57074896517296709228E+0000  1.44488350000460304015E+0000  0.00000000000000000000E+0000  2.34433159148802059510E+0002  0.00000000000000000000E+0000  1.93382991672507471499E-0038  2.25023470166197116099E-0001  2.31454638641490044907E-0032  0.00000000000000000000E+0000  2.24743804358763303933E+0002  0.00000000000000000000E+0000  0.00000000000000000000E+0000  2.25576770574290012411E+0002  0.00000000000000000000E+0000  0.00000000000000000000E+0000  0.00000000000000000000E+0000  0.00000000000000000000E+0000  0.00000000000000000000E+0000 -6.31774900772884052853E-0006 -3.22187710574545715611E+0000  0.00000000000000000000E+0000  0.00000000000000000000E+0000  0.00000000000000000000E+0000 -6.05422096541580553865E-0003
 1.39699999999999999997E-0007  0.00000000000000000000E+0000 -2.47899429578995682824E-0003  8.69937003616297188302E-0003 -2.47899429578995682824E-0003  1.04999999999999999996E+0000  1.49395043580623548721E+0000  1.57076504596180017656E+0000  1.44489984359653145273E+0000  0.00000000000000000000E+0000  2.34433159148802059510E+0002  0.00000000000000000000E+0000  1.93493154396016573745E-0038  2.25164774111604042224E-0001  2.31611071813961177005E-0032  0.00000000000000000000E+0000  2.24819490597071226387E+0002  0.00000000000000000000E+0000  0.00000000000000000000E+0000  2.25648536245187851926E+0002  0.00000000000000000000E+0000  0.00000000000000000000E+0000  0.00000000000000000000E+0000  0.00000000000000000000E+0000  0.00000000000000000000E+0000 -6.23229734997588817876E-0006 -3.22200437012895110904E+0000  0.00000000000000000000E+0000  0.00000000000000000000E+0000  0.00000000000000000000E+0000 -5.89601898043849073715E-0003
 1.42499999999999999996E-0007  0.00000000000000000000E+0000 -2.57833602128212194540E-0003  8.58110378012255051606E-0003 -2.57833602128212194540E-0003  1.04999999999999999996E+0000  1.49396496538045870121E+0000  1.57078148742292622152E+0000  1.44491655425877531683E+0000  0.00000000000000000000E+0000  2.34433159148802059510E+0002  0.00000000000000000000E+0000  1.93605852453782471564E-0038  2.25309338645762620941E-0001  2.31771126489776479660E-0032  0.00000000000000000000E+0000  2.24896825005418841290E+0002  0.00000000000000000000E+0000  0.00000000000000000000E+0000  2.25721957893992475175E+0002  0.00000000000000000000E+0000  0.00000000000000000000E+0000  0.00000000000000000000E+0000  0.00000000000000000000E+0000  0.00000000000000000000E+0000 -5.77168940067791157292E-0006 -3.22259364973594831551E+0000  0.00000000000000000000E+0000  0.00000000000000000000E+0000  0.00000000000000000000E+0000 -5.73430197590239107977E-0003
 1.45399999999999999998E-0007  0.00000000000000000000E+0000 -2.71417476147577062710E-0003  8.46344347004619296612E-0003 -2.71417476147577062710E-0003  1.04999999999999999996E+0000  1.49397979638299012288E+0000  1.57079826994145905171E+0000  1.44493361192484740918E+0000  0.00000000000000000000E+0000  2.34433159148802059510E+0002  0.00000000000000000000E+0000  1.93720957864657654302E-0038  2.25456999653147701520E-0001  2.31934620328670327755E-0032  0.00000000000000000000E+0000  2.24975987390635266711E+0002  0.00000000000000000000E+0000  0.00000000000000000000E+0000  2.25796785147979980526E+0002  0.00000000000000000000E+0000  0.00000000000000000000E+0000  0.00000000000000000000E+0000  0.00000000000000000000E+0000  0.00000000000000000000E+0000 -5.82590164042376642328E-0006 -3.22254941354314924560E+0000  0.00000000000000000000E+0000  0.00000000000000000000E+0000  0.00000000000000000000E+0000 -5.56850677026412881392E-0003
 1.48300000000000000000E-0007  0.00000000000000000000E+0000 -2.86017290925198473872E-0003  8.34741784189800715663E-0003 -2.86017290925198473872E-0003  1.04999999999999999996E+0000  1.49399441261388680341E+0000  1.57081480933729045798E+0000  1.44495042271713612875E+0000  0.00000000000000000000E+0000  2.34433159148802059510E+0002  0.00000000000000000000E+0000  1.93834462857275311426E-0038  2.25602615410903789412E-0001  2.32095859251854187524E-0032  0.00000000000000000000E+0000  2.25054456617352932335E+0002  0.00000000000000000000E+0000  0.00000000000000000000E+0000  2.25870269283529407398E+0002  0.00000000000000000000E+0000  0.00000000000000000000E+0000  0.00000000000000000000E+0000  0.00000000000000000000E+0000  0.00000000000000000000E+0000 -5.73555734285257780766E-0006 -3.22268260316634337029E+0000  0.00000000000000000000E+0000  0.00000000000000000000E+0000  0.00000000000000000000E+0000 -5.40464321062583487652E-0003
 1.51200000000000000003E-0007  0.00000000000000000000E+0000 -2.98579402219437481547E-0003  8.23115359834790838709E-0003 -2.98579402219437481547E-0003  1.04999999999999999996E+0000  1.49400881735084125300E+0000  1.57083110918393861679E+0000  1.44496699023945189642E+0000  0.00000000000000000000E+0000  2.34433159148802059510E+0002  0.00000000000000000000E+0000  1.93946390744595272532E-0038  2.25746214475648548383E-0001  2.32254873973425942401E-0032  0.00000000000000000000E+0000  2.25131978976693961331E+0002  0.00000000000000000000E+0000  0.00000000000000000000E+0000  2.25942592034964078021E+0002  0.00000000000000000000E+0000  0.00000000000000000000E+0000  0.00000000000000000000E+0000  0.00000000000000000000E+0000  0.00000000000000000000E+0000 -5.64330783761353341537E-0006 -3.22281762280805743988E+0000  0.00000000000000000000E+0000  0.00000000000000000000E+0000  0.00000000000000000000E+0000 -5.24380506901213613776E-0003
 1.54299999999999999999E-0007  0.00000000000000000000E+0000 -3.07611221143207716329E-0003  8.10765503006991450030E-0003 -3.07611221143207716329E-0003  1.04999999999999999996E+0000  1.49402397726936298546E+0000  1.57084826318600656776E+0000  1.44498442615485577520E+0000  0.00000000000000000000E+0000  2.34433159148802059510E+0002  0.00000000000000000000E+0000  1.94064257003999422455E-0038  2.25897438289613894326E-0001  2.32422341039132149953E-0032  0.00000000000000000000E+0000  2.25213284194182558076E+0002  0.00000000000000000000E+0000  0.00000000000000000000E+0000  2.26018894667935669490E+0002  0.00000000000000000000E+0000  0.00000000000000000000E+0000  0.00000000000000000000E+0000  0.00000000000000000000E+0000  0.00000000000000000000E+0000 -5.36871915149387025846E-0006 -3.22317796436841168327E+0000  0.00000000000000000000E+0000  0.00000000000000000000E+0000  0.00000000000000000000E+0000 -5.07594750530018368469E-0003
 1.57300000000000000005E-0007  0.00000000000000000000E+0000 -3.25885230634716950260E-0003  7.99588272232431554880E-0003 -3.25885230634716950260E-0003  1.04999999999999999996E+0000  1.49403842995244432248E+0000  1.57086461672900785718E+0000  1.44500104839611867732E+0000  0.00000000000000000000E+0000  2.34433159148802059510E+0002  0.00000000000000000000E+0000  1.94176691879072401618E-0038  2.26041700347833510014E-0001  2.32582105525592427873E-0032  0.00000000000000000000E+0000  2.25291710388625839853E+0002  0.00000000000000000000E+0000  0.00000000000000000000E+0000  2.26091098125960781415E+0002  0.00000000000000000000E+0000  0.00000000000000000000E+0000  0.00000000000000000000E+0000  0.00000000000000000000E+0000  0.00000000000000000000E+0000 -5.59739572883282099891E-0006 -3.22291765721191188774E+0000  0.00000000000000000000E+0000  0.00000000000000000000E+0000  0.00000000000000000000E+0000 -4.91525137491271174487E-0003
 1.60500000000000000005E-0007  0.00000000000000000000E+0000 -3.33052679349635896280E-0003  7.86932736139383106463E-0003 -3.33052679349635896280E-0003  1.04999999999999999996E+0000  1.49405360044881244791E+0000  1.57088178193371636588E+0000  1.44501849577497314527E+0000  0.00000000000000000000E+0000  2.34433159148802059510E+0002  0.00000000000000000000E+0000  1.94294781149075993457E-0038  2.26193222111901743652E-0001  2.32749917897377412085E-0032  0.00000000000000000000E+0000  2.25373484997040923528E+0002  0.00000000000000000000E+0000  0.00000000000000000000E+0000  2.26167237612430885807E+0002  0.00000000000000000000E+0000  0.00000000000000000000E+0000  0.00000000000000000000E+0000  0.00000000000000000000E+0000  0.00000000000000000000E+0000 -5.34648913524895877687E-0006 -3.22324849841843580453E+0000  0.00000000000000000000E+0000  0.00000000000000000000E+0000  0.00000000000000000000E+0000 -4.75005395573575064151E-0003
 1.63700000000000000006E-0007  0.00000000000000000000E+0000 -3.47573926904468587993E-0003  7.75223450162589700894E-0003 -3.47573926904468587993E-0003  1.04999999999999999996E+0000  1.49406852953963823968E+0000  1.57089867361575691383E+0000  1.44503566502504485463E+0000  0.00000000000000000000E+0000  2.34433159148802059510E+0002  0.00000000000000000000E+0000  1.94411061355729830646E-0038  2.26342428485989341879E-0001  2.32915172435918442792E-0032  0.00000000000000000000E+0000  2.25454645986173462968E+0002  0.00000000000000000000E+0000  0.00000000000000000000E+0000  2.26241763028895444917E+0002  0.00000000000000000000E+0000  0.00000000000000000000E+0000  0.00000000000000000000E+0000  0.00000000000000000000E+0000  0.00000000000000000000E+0000 -5.22523355267258362349E-0006 -3.22341927763053612841E+0000  0.00000000000000000000E+0000  0.00000000000000000000E+0000  0.00000000000000000000E+0000 -4.58715548951018294265E-0003
 1.66999999999999999997E-0007  0.00000000000000000000E+0000 -3.56080334425966583246E-0003  7.62740136965811031816E-0003 -3.56080334425966583246E-0003  1.04999999999999999996E+0000  1.49408367174457589735E+0000  1.57091580584043913284E+0000  1.44505307875334189816E+0000  0.00000000000000000000E+0000  2.34433159148802059510E+0002  0.00000000000000000000E+0000  1.94529072252011031839E-0038  2.26493860119714002322E-0001  2.33082898386346243892E-0032  0.00000000000000000000E+0000  2.25536923727398295289E+0002  0.00000000000000000000E+0000  0.00000000000000000000E+0000  2.26317394562691714122E+0002  0.00000000000000000000E+0000  0.00000000000000000000E+0000  0.00000000000000000000E+0000  0.00000000000000000000E+0000  0.00000000000000000000E+0000 -4.80136151618867347504E-0006 -3.22396269408475257706E+0000  0.00000000000000000000E+0000  0.00000000000000000000E+0000  0.00000000000000000000E+0000 -4.42468876425034604294E-0003
 1.70300000000000000001E-0007  0.00000000000000000000E+0000 -3.70973673904211899978E-0003  7.50980665935318320280E-0003 -3.70973673904211899978E-0003  1.04999999999999999996E+0000  1.49409856771533285514E+0000  1.57093265899680037401E+0000  1.44507020865761262119E+0000  0.00000000000000000000E+0000  2.34433159148802059510E+0002  0.00000000000000000000E+0000  1.94645236394586905951E-0038  2.26642927051676098196E-0001  2.33248010931318732212E-0032  0.00000000000000000000E+0000  2.25618291103537988024E+0002  0.00000000000000000000E+0000  0.00000000000000000000E+0000  2.26391555468314328581E+0002  0.00000000000000000000E+0000  0.00000000000000000000E+0000  0.00000000000000000000E+0000  0.00000000000000000000E+0000  0.00000000000000000000E+0000 -5.15136479628302249218E-0006 -3.22355301142186462401E+0000  0.00000000000000000000E+0000  0.00000000000000000000E+0000  0.00000000000000000000E+0000 -4.26647293632614300085E-0003
 1.73699999999999999995E-0007  0.00000000000000000000E+0000 -3.78561751381115728032E-0003  7.38547253948617566212E-0003 -3.78561751381115728032E-0003  1.04999999999999999996E+0000  1.49411365529317772052E+0000  1.57094972829309093996E+0000  1.44508755815993396256E+0000  0.00000000000000000000E+0000  2.34433159148802059510E+0002  0.00000000000000000000E+0000  1.94762963799090811376E-0038  2.26794004021451751248E-0001  2.33415355863079812962E-0032  0.00000000000000000000E+0000  2.25700659792373345872E+0002  0.00000000000000000000E+0000  0.00000000000000000000E+0000  2.26466713540370040605E+0002  0.00000000000000000000E+0000  0.00000000000000000000E+0000  0.00000000000000000000E+0000  0.00000000000000000000E+0000  0.00000000000000000000E+0000 -4.76072197501148792405E-0006 -3.22405515468654963059E+0000  0.00000000000000000000E+0000  0.00000000000000000000E+0000  0.00000000000000000000E+0000 -4.10857156426151004517E-0003
 1.77200000000000000006E-0007  0.00000000000000000000E+0000 -3.89538674334672909936E-0003  7.26321462756725943005E-0003 -3.89538674334672909936E-0003  1.04999999999999999996E+0000  1.49412891791494224889E+0000  1.57096699502605554623E+0000  1.44510510813915939968E+0000  0.00000000000000000000E+0000  2.34433159148802059510E+0002  0.00000000000000000000E+0000  1.94882131175951800529E-0038  2.26946933299510399159E-0001  2.33584758004852419120E-0032  0.00000000000000000000E+0000  2.25784189574552233523E+0002  0.00000000000000000000E+0000  0.00000000000000000000E+0000  2.26542637718771671565E+0002  0.00000000000000000000E+0000  0.00000000000000000000E+0000  0.00000000000000000000E+0000  0.00000000000000000000E+0000  0.00000000000000000000E+0000 -4.77193233494868770374E-0006 -3.22406272759722245481E+0000  0.00000000000000000000E+0000  0.00000000000000000000E+0000  0.00000000000000000000E+0000 -3.95105895328924019460E-0003
 1.80700000000000000005E-0007  0.00000000000000000000E+0000 -4.00540969247926242334E-0003  7.14214973655249963425E-0003 -4.00540969247926242334E-0003  1.04999999999999999996E+0000  1.49414391610246629412E+0000  1.57098396201027637659E+0000  1.44512235322454002178E+0000  0.00000000000000000000E+0000  2.34433159148802059510E+0002  0.00000000000000000000E+0000  1.94999304593366791197E-0038  2.27097307975394068118E-0001  2.33751335413209238143E-0032  0.00000000000000000000E+0000  2.25866687056211087922E+0002  0.00000000000000000000E+0000  0.00000000000000000000E+0000  2.26617011065202535722E+0002  0.00000000000000000000E+0000  0.00000000000000000000E+0000  0.00000000000000000000E+0000  0.00000000000000000000E+0000  0.00000000000000000000E+0000 -4.68206026260800123987E-0006 -3.22419425051054943875E+0000  0.00000000000000000000E+0000  0.00000000000000000000E+0000  0.00000000000000000000E+0000 -3.79840999598926305384E-0003
 1.84399999999999999997E-0007  0.00000000000000000000E+0000 -4.06416963113938991883E-0003  7.01393888778834102081E-0003 -4.06416963113938991883E-0003  1.04999999999999999996E+0000  1.49415948070118982660E+0000  1.57100156897904376645E+0000  1.44514024862620784066E+0000  0.00000000000000000000E+0000  2.34433159148802059510E+0002  0.00000000000000000000E+0000  1.95120977925962666121E-0038  2.27253461018266912329E-0001  2.33924319340911538923E-0032  0.00000000000000000000E+0000  2.25952041982087432959E+0002  0.00000000000000000000E+0000  0.00000000000000000000E+0000  2.26694369378284906469E+0002  0.00000000000000000000E+0000  0.00000000000000000000E+0000  0.00000000000000000000E+0000  0.00000000000000000000E+0000  0.00000000000000000000E+0000 -4.39804323586789104768E-0006 -3.22456537224205403423E+0000  0.00000000000000000000E+0000  0.00000000000000000000E+0000  0.00000000000000000000E+0000 -3.64330635997574012279E-0003
 1.87999999999999999999E-0007  0.00000000000000000000E+0000 -4.20534310396832609394E-0003  6.89680030916338685281E-0003 -4.20534310396832609394E-0003  1.04999999999999999996E+0000  1.49417435625206328936E+0000  1.57101839596811742423E+0000  1.44515735091666349863E+0000  0.00000000000000000000E+0000  2.34433159148802059510E+0002  0.00000000000000000000E+0000  1.95237336765586543913E-0038  2.27402798260455047893E-0001  2.34089757024099079777E-0032  0.00000000000000000000E+0000  2.26034460268060312049E+0002  0.00000000000000000000E+0000  0.00000000000000000000E+0000  2.26767809077147630151E+0002  0.00000000000000000000E+0000  0.00000000000000000000E+0000  0.00000000000000000000E+0000  0.00000000000000000000E+0000  0.00000000000000000000E+0000 -4.59507111408904583246E-0006 -3.22434332075436690351E+0000  0.00000000000000000000E+0000  0.00000000000000000000E+0000  0.00000000000000000000E+0000 -3.49670004500066674286E-0003
 1.91799999999999999995E-0007  0.00000000000000000000E+0000 -4.24117825201150301251E-0003  6.76786407702796768675E-0003 -4.24117825201150301251E-0003  1.04999999999999999996E+0000  1.49418976311361116985E+0000  1.57103582311968082927E+0000  1.44517506304764563612E+0000  0.00000000000000000000E+0000  2.34433159148802059510E+0002  0.00000000000000000000E+0000  1.95357924376157792424E-0038  2.27557565533955547191E-0001  2.34261215464728430248E-0032  0.00000000000000000000E+0000  2.26119321523255726633E+0002  0.00000000000000000000E+0000  0.00000000000000000000E+0000  2.26844196321032888761E+0002  0.00000000000000000000E+0000  0.00000000000000000000E+0000  0.00000000000000000000E+0000  0.00000000000000000000E+0000  0.00000000000000000000E+0000 -4.33378568041320492088E-0006 -3.22468599260465190858E+0000  0.00000000000000000000E+0000  0.00000000000000000000E+0000  0.00000000000000000000E+0000 -3.34888821816340671797E-0003
 1.95600000000000000005E-0007  0.00000000000000000000E+0000 -4.33657042625832475595E-0003  6.64731017561099166124E-0003 -4.33657042625832475595E-0003  1.04999999999999999996E+0000  1.49420488096398954069E+0000  1.57105292275315096089E+0000  1.44519244195842332416E+0000  0.00000000000000000000E+0000  2.34433159148802059510E+0002  0.00000000000000000000E+0000  1.95476322614962362075E-0038  2.27709527084078950759E-0001  2.34429569738328825510E-0032  0.00000000000000000000E+0000  2.26203214028923104237E+0002  0.00000000000000000000E+0000  0.00000000000000000000E+0000  2.26918789610414775568E+0002  0.00000000000000000000E+0000  0.00000000000000000000E+0000  0.00000000000000000000E+0000  0.00000000000000000000E+0000  0.00000000000000000000E+0000 -4.22325355450452510496E-0006 -3.22484261116331411153E+0000  0.00000000000000000000E+0000  0.00000000000000000000E+0000  0.00000000000000000000E+0000 -3.20548851079115498602E-0003
 1.99500000000000000005E-0007  0.00000000000000000000E+0000 -4.40476998262831267850E-0003  6.52264259479222360633E-0003 -4.40476998262831267850E-0003  1.04999999999999999996E+0000  1.49422009890914284395E+0000  1.57107013486593351497E+0000  1.44520993492256310251E+0000  0.00000000000000000000E+0000  2.34433159148802059510E+0002  0.00000000000000000000E+0000  1.95595578327622987702E-0038  2.27862592541005240396E-0001  2.34599151508168598708E-0032  0.00000000000000000000E+0000  2.26287616463283813809E+0002  0.00000000000000000000E+0000  0.00000000000000000000E+0000  2.26993925696995349925E+0002  0.00000000000000000000E+0000  0.00000000000000000000E+0000  0.00000000000000000000E+0000  0.00000000000000000000E+0000  0.00000000000000000000E+0000 -4.23797155793196497437E-0006 -3.22484504786991111702E+0000  0.00000000000000000000E+0000  0.00000000000000000000E+0000  0.00000000000000000000E+0000 -3.06491379134370878312E-0003
 2.03499999999999999995E-0007  0.00000000000000000000E+0000 -4.47817014816415908496E-0003  6.39874380948817706783E-0003 -4.47817014816415908496E-0003  1.04999999999999999996E+0000  1.49423540008536404858E+0000  1.57108744042110858767E+0000  1.44522752252980979165E+0000  0.00000000000000000000E+0000  2.34433159148802059510E+0002  0.00000000000000000000E+0000  1.95715560057992872442E-0038  2.28016593555358933521E-0001  2.34769773983706237962E-0032  0.00000000000000000000E+0000  2.26372664023353563897E+0002  0.00000000000000000000E+0000  0.00000000000000000000E+0000  2.27069381206627094238E+0002  0.00000000000000000000E+0000  0.00000000000000000000E+0000  0.00000000000000000000E+0000  0.00000000000000000000E+0000  0.00000000000000000000E+0000 -4.24998414473056328869E-0006 -3.22485080814452435959E+0000  0.00000000000000000000E+0000  0.00000000000000000000E+0000  0.00000000000000000000E+0000 -2.92629836000569467331E-0003
 2.07600000000000000002E-0007  0.00000000000000000000E+0000 -4.51407710411257566819E-0003  6.27202000760095706739E-0003 -4.51407710411257566819E-0003  1.04999999999999999996E+0000  1.49425076601955016445E+0000  1.57110481843448915123E+0000  1.44524518350560912260E+0000  0.00000000000000000000E+0000  2.34433159148802059510E+0002  0.00000000000000000000E+0000  1.95836122397078055025E-0038  2.28171343007929147226E-0001  2.34941230125871525857E-0032  0.00000000000000000000E+0000  2.26458254144664664922E+0002  0.00000000000000000000E+0000  0.00000000000000000000E+0000  2.27145063480404045972E+0002  0.00000000000000000000E+0000  0.00000000000000000000E+0000  0.00000000000000000000E+0000  0.00000000000000000000E+0000  0.00000000000000000000E+0000 -3.87057653594743337438E-0006 -3.22533837489802751534E+0000  0.00000000000000000000E+0000  0.00000000000000000000E+0000  0.00000000000000000000E+0000 -2.78996370750852144503E-0003
 2.11800000000000000000E-0007  0.00000000000000000000E+0000 -4.57315614998463695446E-0003  6.14705540421364818534E-0003 -4.57315614998463695446E-0003  1.04999999999999999996E+0000  1.49426618209183822994E+0000  1.57112225242581586245E+0000  1.44526290103039262950E+0000  0.00000000000000000000E+0000  2.34433159148802059510E+0002  0.00000000000000000000E+0000  1.95957154523553016381E-0038  2.28326699091160634434E-0001  2.35113362518944276770E-0032  0.00000000000000000000E+0000  2.26544303437733062667E+0002  0.00000000000000000000E+0000  0.00000000000000000000E+0000  2.27220905836170493419E+0002  0.00000000000000000000E+0000  0.00000000000000000000E+0000  0.00000000000000000000E+0000  0.00000000000000000000E+0000  0.00000000000000000000E+0000 -3.85089354357341191042E-0006 -3.22538307418890831963E+0000  0.00000000000000000000E+0000  0.00000000000000000000E+0000  0.00000000000000000000E+0000 -2.65652126861409045311E-0003
 2.15999999999999999998E-0007  0.00000000000000000000E+0000 -4.62817199980010134550E-0003  6.02376278257319774270E-0003 -4.62817199980010134550E-0003  1.04999999999999999996E+0000  1.49428127994118777847E+0000  1.57113932583769816246E+0000  1.44528025178299254772E+0000  0.00000000000000000000E+0000  2.34433159148802059510E+0002  0.00000000000000000000E+0000  1.96075760543340731160E-0038  2.28478944590061740913E-0001  2.35282052415743595064E-0032  0.00000000000000000000E+0000  2.26628940038730979992E+0002  0.00000000000000000000E+0000  0.00000000000000000000E+0000  2.27294981692815803262E+0002  0.00000000000000000000E+0000  0.00000000000000000000E+0000  0.00000000000000000000E+0000  0.00000000000000000000E+0000  0.00000000000000000000E+0000 -3.76486783832243742153E-0006 -3.22550892853738822353E+0000  0.00000000000000000000E+0000  0.00000000000000000000E+0000  0.00000000000000000000E+0000 -2.52875320494651699540E-0003
 2.20300000000000000000E-0007  0.00000000000000000000E+0000 -4.66613705847918012871E-0003  5.89974465674932529839E-0003 -4.66613705847918012871E-0003  1.04999999999999999996E+0000  1.49429641137557797019E+0000  1.57115643648481511513E+0000  1.44529764007596704233E+0000  0.00000000000000000000E+0000  2.34433159148802059510E+0002  0.00000000000000000000E+0000  1.96194703391749655214E-0038  2.28631625658437052142E-0001  2.35451228981094165044E-0032  0.00000000000000000000E+0000  2.26713717369976189731E+0002  0.00000000000000000000E+0000  0.00000000000000000000E+0000  2.27369274162851571428E+0002  0.00000000000000000000E+0000  0.00000000000000000000E+0000  0.00000000000000000000E+0000  0.00000000000000000000E+0000  0.00000000000000000000E+0000 -3.76402860422445446582E-0006 -3.22552983825468667675E+0000  0.00000000000000000000E+0000  0.00000000000000000000E+0000  0.00000000000000000000E+0000 -2.40411801311441613115E-0003
 2.24700000000000000005E-0007  0.00000000000000000000E+0000 -4.70765282292436965311E-0003  5.77640195964819801578E-0003 -4.70765282292436965311E-0003  1.04999999999999999996E+0000  1.49431156090023813479E+0000  1.57117356690379038320E+0000  1.44531504810275879616E+0000  0.00000000000000000000E+0000  2.34433159148802059510E+0002  0.00000000000000000000E+0000  1.96313861143152902858E-0038  2.28784586209824861088E-0001  2.35620718956162508257E-0032  0.00000000000000000000E+0000  2.26798760084605570492E+0002  0.00000000000000000000E+0000  0.00000000000000000000E+0000  2.27443577481375047711E+0002  0.00000000000000000000E+0000  0.00000000000000000000E+0000  0.00000000000000000000E+0000  0.00000000000000000000E+0000  0.00000000000000000000E+0000 -3.75915442731073109147E-0006 -3.22555562856861750202E+0000  0.00000000000000000000E+0000  0.00000000000000000000E+0000  0.00000000000000000000E+0000 -2.28230376848435417354E-0003
 2.29200000000000000001E-0007  0.00000000000000000000E+0000 -4.74350942093204546211E-0003  5.65251271087096807190E-0003 -4.74350942093204546211E-0003  1.04999999999999999996E+0000  1.49432671339343210802E+0000  1.57119069997745502477E+0000  1.44533245847878814622E+0000  0.00000000000000000000E+0000  2.34433159148802059510E+0002  0.00000000000000000000E+0000  1.96433115008894056959E-0038  2.28937673651928574569E-0001  2.35790353310442893435E-0032  0.00000000000000000000E+0000  2.26883980044383234978E+0002  0.00000000000000000000E+0000  0.00000000000000000000E+0000  2.27517819801495041948E+0002  0.00000000000000000000E+0000  0.00000000000000000000E+0000  0.00000000000000000000E+0000  0.00000000000000000000E+0000  0.00000000000000000000E+0000 -3.75063242858912515813E-0006 -3.22558580608488364248E+0000  0.00000000000000000000E+0000  0.00000000000000000000E+0000  0.00000000000000000000E+0000 -2.16369849670455268267E-0003
 2.33800000000000000000E-0007  0.00000000000000000000E+0000 -4.73971529161969667020E-0003  5.52679464114809799322E-0003 -4.73971529161969667020E-0003  1.04999999999999999996E+0000  1.49434185224151220032E+0000  1.57120781682727068051E+0000  1.44534985209962858863E+0000  0.00000000000000000000E+0000  2.34433159148802059510E+0002  0.00000000000000000000E+0000  1.96552332522362818503E-0038  2.29090717321410109304E-0001  2.35959943299526915595E-0032  0.00000000000000000000E+0000  2.26969281167759013504E+0002  0.00000000000000000000E+0000  0.00000000000000000000E+0000  2.27591919489541010146E+0002  0.00000000000000000000E+0000  0.00000000000000000000E+0000  0.00000000000000000000E+0000  0.00000000000000000000E+0000  0.00000000000000000000E+0000 -3.39802550081696505011E-0006 -3.22603943167149470367E+0000  0.00000000000000000000E+0000  0.00000000000000000000E+0000  0.00000000000000000000E+0000 -2.04815972534675086066E-0003
 2.38499999999999999991E-0007  0.00000000000000000000E+0000 -4.76003235515585230416E-0003  5.40369655915847051302E-0003 -4.76003235515585230416E-0003  1.04999999999999999996E+0000  1.49435696474454903990E+0000  1.57122490319850244603E+0000  1.44536721438780123034E+0000  0.00000000000000000000E+0000  2.34433159148802059510E+0002  0.00000000000000000000E+0000  1.96671416510556353269E-0038  2.29243593128848123096E-0001  2.36129350944113771142E-0032  0.00000000000000000000E+0000  2.27054587656780484523E+0002  0.00000000000000000000E+0000  0.00000000000000000000E+0000  2.27665821021401496863E+0002  0.00000000000000000000E+0000  0.00000000000000000000E+0000  0.00000000000000000000E+0000  0.00000000000000000000E+0000  0.00000000000000000000E+0000 -3.36611070657023064411E-0006 -3.22609814579184722553E+0000  0.00000000000000000000E+0000  0.00000000000000000000E+0000  0.00000000000000000000E+0000 -1.93616544472234782869E-0003
 2.43300000000000000011E-0007  0.00000000000000000000E+0000 -4.77598836318972201770E-0003  5.28009552620448545310E-0003 -4.77598836318972201770E-0003  1.04999999999999999996E+0000  1.49437203694848615317E+0000  1.57124194331981070576E+0000  1.44538452932200639695E+0000  0.00000000000000000000E+0000  2.34433159148802059510E+0002  0.00000000000000000000E+0000  1.96790255257566374240E-0038  2.29396157648810099523E-0001  2.36298417280663420331E-0032  0.00000000000000000000E+0000  2.27139815451695460558E+0002  0.00000000000000000000E+0000  0.00000000000000000000E+0000  2.27739458352758499790E+0002  0.00000000000000000000E+0000  0.00000000000000000000E+0000  0.00000000000000000000E+0000  0.00000000000000000000E+0000  0.00000000000000000000E+0000 -3.34809798617836653191E-0006 -3.22613959337621877344E+0000  0.00000000000000000000E+0000  0.00000000000000000000E+0000  0.00000000000000000000E+0000 -1.82774514932802417854E-0003
 2.48100000000000000004E-0007  0.00000000000000000000E+0000 -4.78569334432932576809E-0003  5.15896836304462913420E-0003 -4.78569334432932576809E-0003  1.04999999999999999996E+0000  1.49438675550346011399E+0000  1.57125858293896631887E+0000  1.44540143697401313010E+0000  0.00000000000000000000E+0000  2.34433159148802059510E+0002  0.00000000000000000000E+0000  1.96906374639485195371E-0038  2.29545234388595853562E-0001  2.36463622218863007667E-0032  0.00000000000000000000E+0000  2.27223353729786652383E+0002  0.00000000000000000000E+0000  0.00000000000000000000E+0000  2.27811201131738317677E+0002  0.00000000000000000000E+0000  0.00000000000000000000E+0000  0.00000000000000000000E+0000  0.00000000000000000000E+0000  0.00000000000000000000E+0000 -3.26501223269958786240E-0006 -3.22626061238719922175E+0000  0.00000000000000000000E+0000  0.00000000000000000000E+0000  0.00000000000000000000E+0000 -1.72483695411610843600E-0003
 2.53100000000000000006E-0007  0.00000000000000000000E+0000 -4.78128615520152115162E-0003  5.03597148162803438149E-0003 -4.78128615520152115162E-0003  1.04999999999999999996E+0000  1.49440171393741595782E+0000  1.57127549304415041194E+0000  1.44541861913947087756E+0000  0.00000000000000000000E+0000  2.34433159148802059510E+0002  0.00000000000000000000E+0000  1.97024458199650259836E-0038  2.29696836043408318394E-0001  2.36631628849793339687E-0032  0.00000000000000000000E+0000  2.27308033825157153024E+0002  0.00000000000000000000E+0000  0.00000000000000000000E+0000  2.27884272786063154126E+0002  0.00000000000000000000E+0000  0.00000000000000000000E+0000  0.00000000000000000000E+0000  0.00000000000000000000E+0000  0.00000000000000000000E+0000 -3.30812436671362676547E-0006 -3.22622645803514497662E+0000  0.00000000000000000000E+0000  0.00000000000000000000E+0000  0.00000000000000000000E+0000 -1.62370580064200639797E-0003
 2.58100000000000000007E-0007  0.00000000000000000000E+0000 -4.78635663811138977092E-0003  4.91631820050563631286E-0003 -4.78635663811138977092E-0003  1.04999999999999999996E+0000  1.49441630731168142207E+0000  1.57129198985193007027E+0000  1.44543538099102140395E+0000  0.00000000000000000000E+0000  2.34433159148802059510E+0002  0.00000000000000000000E+0000  1.97139727441891531084E-0038  2.29844828210200318461E-0001  2.36795638691719231623E-0032  0.00000000000000000000E+0000  2.27391123852089560325E+0002  0.00000000000000000000E+0000  0.00000000000000000000E+0000  2.27955292234968214013E+0002  0.00000000000000000000E+0000  0.00000000000000000000E+0000  0.00000000000000000000E+0000  0.00000000000000000000E+0000  0.00000000000000000000E+0000 -3.22221870181460483191E-0006 -3.22635059581193818241E+0000  0.00000000000000000000E+0000  0.00000000000000000000E+0000  0.00000000000000000000E+0000 -1.52769617714921977577E-0003
 2.63299999999999999990E-0007  0.00000000000000000000E+0000 -4.73847382632882671911E-0003  4.79244550276259106750E-0003 -4.73847382632882671911E-0003  1.04999999999999999996E+0000  1.49443109880138780363E+0000  1.57130870981622708209E+0000  1.44545236936266727711E+0000  0.00000000000000000000E+0000  2.34433159148802059510E+0002  0.00000000000000000000E+0000  1.97256630106036272130E-0038  2.29994919961892064727E-0001  2.36961979396398780050E-0032  0.00000000000000000000E+0000  2.27475128695048436842E+0002  0.00000000000000000000E+0000  0.00000000000000000000E+0000  2.28027429450643623274E+0002  0.00000000000000000000E+0000  0.00000000000000000000E+0000  0.00000000000000000000E+0000  0.00000000000000000000E+0000  0.00000000000000000000E+0000 -2.95919173389395133354E-0006 -3.22669290314270477060E+0000  0.00000000000000000000E+0000  0.00000000000000000000E+0000  0.00000000000000000000E+0000 -1.43371088540236233590E-0003
 2.68599999999999999989E-0007  0.00000000000000000000E+0000 -4.72832546425602685260E-0003  4.67275719275135090004E-0003 -4.72832546425602685260E-0003  1.04999999999999999996E+0000  1.49444578587043969858E+0000  1.57132531116397497592E+0000  1.44546923681183884657E+0000  0.00000000000000000000E+0000  2.34433159148802059510E+0002  0.00000000000000000000E+0000  1.97372777376709171862E-0038  2.30144045734426657277E-0001  2.37127252662871553861E-0032  0.00000000000000000000E+0000  2.27558844696368004670E+0002  0.00000000000000000000E+0000  0.00000000000000000000E+0000  2.28098896658361532164E+0002  0.00000000000000000000E+0000  0.00000000000000000000E+0000  0.00000000000000000000E+0000  0.00000000000000000000E+0000  0.00000000000000000000E+0000 -2.91675209004104651464E-0006 -3.22676345122527150782E+0000  0.00000000000000000000E+0000  0.00000000000000000000E+0000  0.00000000000000000000E+0000 -1.34327980955567870812E-0003
 2.73899999999999999988E-0007  0.00000000000000000000E+0000 -4.74082118532189678649E-0003  4.55597239183603171477E-0003 -4.74082118532189678649E-0003  1.04999999999999999996E+0000  1.49446009574078973292E+0000  1.57134148561502434238E+0000  1.44548567012710026233E+0000  0.00000000000000000000E+0000  2.34433159148802059510E+0002  0.00000000000000000000E+0000  1.97486008966379117092E-0038  2.30289431828614506902E-0001  2.37288384288382946103E-0032  0.00000000000000000000E+0000  2.27640679315954640213E+0002  0.00000000000000000000E+0000  0.00000000000000000000E+0000  2.28168390178686427625E+0002  0.00000000000000000000E+0000  0.00000000000000000000E+0000  0.00000000000000000000E+0000  0.00000000000000000000E+0000  0.00000000000000000000E+0000 -3.12248565090109109652E-0006 -3.22652795125433758611E+0000  0.00000000000000000000E+0000  0.00000000000000000000E+0000  0.00000000000000000000E+0000 -1.25847616070965971162E-0003
 2.79399999999999999994E-0007  0.00000000000000000000E+0000 -4.67717722710070920049E-0003  4.43402216908541178131E-0003 -4.67717722710070920049E-0003  1.04999999999999999996E+0000  1.49447454752100888367E+0000  1.57135781968890595232E+0000  1.44550226542925506752E+0000  0.00000000000000000000E+0000  2.34433159148802059510E+0002  0.00000000000000000000E+0000  1.97600427570963998730E-0038  2.30436344309209101600E-0001  2.37451211557216122222E-0032  0.00000000000000000000E+0000  2.27723119462298977028E+0002  0.00000000000000000000E+0000  0.00000000000000000000E+0000  2.28238720681588262151E+0002  0.00000000000000000000E+0000  0.00000000000000000000E+0000  0.00000000000000000000E+0000  0.00000000000000000000E+0000  0.00000000000000000000E+0000 -2.87109206735624376109E-0006 -3.22685524758095181323E+0000  0.00000000000000000000E+0000  0.00000000000000000000E+0000  0.00000000000000000000E+0000 -1.17565712563973994527E-0003
 2.84999999999999999992E-0007  0.00000000000000000000E+0000 -4.64973611093073603985E-0003  4.31703874141173080332E-0003 -4.64973611093073603985E-0003  1.04999999999999999996E+0000  1.49448886194505578605E+0000  1.57137399796810128794E+0000  1.44551870206410200761E+0000  0.00000000000000000000E+0000  2.34433159148802059510E+0002  0.00000000000000000000E+0000  1.97713825283603095705E-0038  2.30581949710506803306E-0001  2.37612593114621073265E-0032  0.00000000000000000000E+0000  2.27805053393305621590E+0002  0.00000000000000000000E+0000  0.00000000000000000000E+0000  2.28308238358356259859E+0002  0.00000000000000000000E+0000  0.00000000000000000000E+0000  0.00000000000000000000E+0000  0.00000000000000000000E+0000  0.00000000000000000000E+0000 -2.82392064451799929179E-0006 -3.22693089561618980652E+0000  0.00000000000000000000E+0000  0.00000000000000000000E+0000  0.00000000000000000000E+0000 -1.09635161700143414838E-0003
 2.90700000000000000006E-0007  0.00000000000000000000E+0000 -4.61266626262484337071E-0003  4.19961765744381038254E-0003 -4.61266626262484337071E-0003  1.04999999999999999996E+0000  1.49450302915912579000E+0000  1.57139000926757251139E+0000  1.44553496873971304307E+0000  0.00000000000000000000E+0000  2.34433159148802059510E+0002  0.00000000000000000000E+0000  1.97826121230149443206E-0038  2.30726143662131366344E-0001  2.37772413512463088723E-0032  0.00000000000000000000E+0000  2.27886249872145007236E+0002  0.00000000000000000000E+0000  0.00000000000000000000E+0000  2.28377001414681721991E+0002  0.00000000000000000000E+0000  0.00000000000000000000E+0000  0.00000000000000000000E+0000  0.00000000000000000000E+0000  0.00000000000000000000E+0000 -2.78828136219690597327E-0006 -3.22699208658647578246E+0000  0.00000000000000000000E+0000  0.00000000000000000000E+0000  0.00000000000000000000E+0000 -1.02095549844692571128E-0003
 2.96500000000000000010E-0007  0.00000000000000000000E+0000 -4.57027221527863341520E-0003  4.08360032899302262311E-0003 -4.57027221527863341520E-0003  1.04999999999999999996E+0000  1.49451703967424815345E+0000  1.57140584288419011552E+0000  1.44555105459342129028E+0000  0.00000000000000000000E+0000  2.34433159148802059510E+0002  0.00000000000000000000E+0000  1.97937238114945138587E-0038  2.30868826830573382298E-0001  2.37930562552977137838E-0032  0.00000000000000000000E+0000  2.27966648336220970156E+0002  0.00000000000000000000E+0000  0.00000000000000000000E+0000  2.28444967111807494139E+0002  0.00000000000000000000E+0000  0.00000000000000000000E+0000  0.00000000000000000000E+0000  0.00000000000000000000E+0000  0.00000000000000000000E+0000 -2.75163840461312788294E-0006 -3.22705424154336025845E+0000  0.00000000000000000000E+0000  0.00000000000000000000E+0000  0.00000000000000000000E+0000 -9.49174319245502970327E-0004
 3.02499999999999999996E-0007  0.00000000000000000000E+0000 -4.52294571839567518517E-0003  3.96723644043331500674E-0003 -4.52294571839567518517E-0003  1.04999999999999999996E+0000  1.49453111266670103587E+0000  1.57142174654276083490E+0000  1.44556721127508338155E+0000  0.00000000000000000000E+0000  2.34433159148802059510E+0002  0.00000000000000000000E+0000  1.98048914154281419579E-0038  2.31012231344814354068E-0001  2.38089514145904646570E-0032  0.00000000000000000000E+0000  2.28047368949042400896E+0002  0.00000000000000000000E+0000  0.00000000000000000000E+0000  2.28513283241034300342E+0002  0.00000000000000000000E+0000  0.00000000000000000000E+0000  0.00000000000000000000E+0000  0.00000000000000000000E+0000  0.00000000000000000000E+0000 -2.75565909320196289978E-0006 -3.22706632413655529110E+0000  0.00000000000000000000E+0000  0.00000000000000000000E+0000  0.00000000000000000000E+0000 -8.79888254031709022715E-0004
 3.08500000000000000008E-0007  0.00000000000000000000E+0000 -4.47597894701346467970E-0003  3.85382371793980104068E-0003 -4.47597894701346467970E-0003  1.04999999999999999996E+0000  1.49454477666214272124E+0000  1.57143718745736349894E+0000  1.44558289755132827461E+0000  0.00000000000000000000E+0000  2.34433159148802059510E+0002  0.00000000000000000000E+0000  1.98157404195825257012E-0038  2.31151547902274674397E-0001  2.38243937595483527510E-0032  0.00000000000000000000E+0000  2.28126111264895889238E+0002  0.00000000000000000000E+0000  0.00000000000000000000E+0000  2.28579412149168372470E+0002  0.00000000000000000000E+0000  0.00000000000000000000E+0000  0.00000000000000000000E+0000  0.00000000000000000000E+0000  0.00000000000000000000E+0000 -2.67148078329634089829E-0006 -3.22718643265596579427E+0000  0.00000000000000000000E+0000  0.00000000000000000000E+0000  0.00000000000000000000E+0000 -8.15219598447511951244E-0004
 3.14700000000000000001E-0007  0.00000000000000000000E+0000 -4.41385291707519084172E-0003  3.73995884601807096367E-0003 -4.41385291707519084172E-0003  1.04999999999999999996E+0000  1.49455847332502499462E+0000  1.57145266470971106242E+0000  1.44559862046947109498E+0000  0.00000000000000000000E+0000  2.34433159148802059510E+0002  0.00000000000000000000E+0000  1.98266214435145228125E-0038  2.31291278549148964267E-0001  2.38398823104297356975E-0032  0.00000000000000000000E+0000  2.28204853914044790267E+0002  0.00000000000000000000E+0000  0.00000000000000000000E+0000  2.28645839433832964840E+0002  0.00000000000000000000E+0000  0.00000000000000000000E+0000  0.00000000000000000000E+0000  0.00000000000000000000E+0000  0.00000000000000000000E+0000 -2.67122376320311266569E-0006 -3.22720317891547104814E+0000  0.00000000000000000000E+0000  0.00000000000000000000E+0000  0.00000000000000000000E+0000 -7.53206224500377776152E-0004
 3.21000000000000000011E-0007  0.00000000000000000000E+0000 -4.35750868147477608103E-0003  3.62824551391885146107E-0003 -4.35750868147477608103E-0003  1.04999999999999999996E+0000  1.49457196733547307448E+0000  1.57146791247945238207E+0000  1.44561410993411379510E+0000  0.00000000000000000000E+0000  2.34433159148802059510E+0002  0.00000000000000000000E+0000  1.98373473042006091061E-0038  2.31429020037069591489E-0001  2.38551506411076375250E-0032  0.00000000000000000000E+0000  2.28282655442366513326E+0002  0.00000000000000000000E+0000  0.00000000000000000000E+0000  2.28711170359301724245E+0002  0.00000000000000000000E+0000  0.00000000000000000000E+0000  0.00000000000000000000E+0000  0.00000000000000000000E+0000  0.00000000000000000000E+0000 -2.62549777184345307464E-0006 -3.22727559314860577497E+0000  0.00000000000000000000E+0000  0.00000000000000000000E+0000  0.00000000000000000000E+0000 -6.94517197539685077502E-0004
 3.27400000000000000011E-0007  0.00000000000000000000E+0000 -4.29197740463486548920E-0003  3.51754900219412449601E-0003 -4.29197740463486548920E-0003  1.04999999999999999996E+0000  1.49458525207846695511E+0000  1.57148292325396204548E+0000  1.44562935838249039075E+0000  0.00000000000000000000E+0000  2.34433159148802059510E+0002  0.00000000000000000000E+0000  1.98479125149392722156E-0038  2.31564701360413040148E-0001  2.38701908976149465159E-0032  0.00000000000000000000E+0000  2.28359327091877341590E+0002  0.00000000000000000000E+0000  0.00000000000000000000E+0000  2.28775464919497738894E+0002  0.00000000000000000000E+0000  0.00000000000000000000E+0000  0.00000000000000000000E+0000  0.00000000000000000000E+0000  0.00000000000000000000E+0000 -2.57981553675888264985E-0006 -3.22734763769649976302E+0000  0.00000000000000000000E+0000  0.00000000000000000000E+0000  0.00000000000000000000E+0000 -6.39350210374610751022E-0004
 3.33900000000000000003E-0007  0.00000000000000000000E+0000 -4.22248201863853033772E-0003  3.40877975341514503213E-0003 -4.22248201863853033772E-0003  1.04999999999999999996E+0000  1.49459832138518871301E+0000  1.57149769010466999709E+0000  1.44564435877560962479E+0000  0.00000000000000000000E+0000  2.34433159148802059510E+0002  0.00000000000000000000E+0000  1.98583119049642566738E-0038  2.31698256099160788794E-0001  2.38849956961951049494E-0032  0.00000000000000000000E+0000  2.28434827438313275236E+0002  0.00000000000000000000E+0000  0.00000000000000000000E+0000  2.28838696126177260678E+0002  0.00000000000000000000E+0000  0.00000000000000000000E+0000  0.00000000000000000000E+0000  0.00000000000000000000E+0000  0.00000000000000000000E+0000 -2.53324439899406468646E-0006 -3.22742045545200208624E+0000  0.00000000000000000000E+0000  0.00000000000000000000E+0000  0.00000000000000000000E+0000 -5.87465968878095402752E-0004
 3.40600000000000000001E-0007  0.00000000000000000000E+0000 -4.11949936441921407507E-0003  3.29886900473228285556E-0003 -4.11949936441921407507E-0003  1.04999999999999999996E+0000  1.49461135650407332188E+0000  1.57151241773565845331E+0000  1.44565931915039292451E+0000  0.00000000000000000000E+0000  2.34433159148802059510E+0002  0.00000000000000000000E+0000  1.98686894143141013012E-0038  2.31831532075752305054E-0001  2.38997699066598897175E-0032  0.00000000000000000000E+0000  2.28510088095159733607E+0002  0.00000000000000000000E+0000  0.00000000000000000000E+0000  2.28901809018084605812E+0002  0.00000000000000000000E+0000  0.00000000000000000000E+0000  0.00000000000000000000E+0000  0.00000000000000000000E+0000  0.00000000000000000000E+0000 -2.28802521077324797089E-0006 -3.22773770351080283611E+0000  0.00000000000000000000E+0000  0.00000000000000000000E+0000  0.00000000000000000000E+0000 -5.37915729604474335274E-0004
 3.47399999999999999990E-0007  0.00000000000000000000E+0000 -4.04542882829943685386E-0003  3.19316534994761479651E-0003 -4.04542882829943685386E-0003  1.04999999999999999996E+0000  1.49462415298672632411E+0000  1.57152687533996049190E+0000  1.44567400491187206301E+0000  0.00000000000000000000E+0000  2.34433159148802059510E+0002  0.00000000000000000000E+0000  1.98788823479678398664E-0038  2.31962440885907539200E-0001  2.39142819390889562266E-0032  0.00000000000000000000E+0000  2.28584161931006053264E+0002  0.00000000000000000000E+0000  0.00000000000000000000E+0000  2.28963673684297372019E+0002  0.00000000000000000000E+0000  0.00000000000000000000E+0000  0.00000000000000000000E+0000  0.00000000000000000000E+0000  0.00000000000000000000E+0000 -2.23133778248183406530E-0006 -3.22782253038285352588E+0000  0.00000000000000000000E+0000  0.00000000000000000000E+0000  0.00000000000000000000E+0000 -4.91601866581314663982E-0004
 3.54400000000000000013E-0007  0.00000000000000000000E+0000 -3.96545708888186784961E-0003  3.08704805703110705180E-0003 -3.96545708888186784961E-0003  1.04999999999999999996E+0000  1.49463688273481661343E+0000  1.57154125710217731460E+0000  1.44568861336085393199E+0000  0.00000000000000000000E+0000  2.34433159148802059510E+0002  0.00000000000000000000E+0000  1.98890273830344319674E-0038  2.32092737467897251090E-0001  2.39287263512692603863E-0032  0.00000000000000000000E+0000  2.28657805011258490044E+0002  0.00000000000000000000E+0000  0.00000000000000000000E+0000  2.29025266207229841658E+0002  0.00000000000000000000E+0000  0.00000000000000000000E+0000  0.00000000000000000000E+0000  0.00000000000000000000E+0000  0.00000000000000000000E+0000 -2.21321717477957275716E-0006 -3.22785973884033402116E+0000  0.00000000000000000000E+0000  0.00000000000000000000E+0000  0.00000000000000000000E+0000 -4.47870784107774020041E-0004
 3.61500000000000000000E-0007  0.00000000000000000000E+0000 -3.88603021545521697226E-0003  2.98304092335308372086E-0003 -3.88603021545521697226E-0003  1.04999999999999999996E+0000  1.49464935384839764951E+0000  1.57155534624067032723E+0000  1.44570292431295584570E+0000  0.00000000000000000000E+0000  2.34433159148802059510E+0002  0.00000000000000000000E+0000  1.98989713021025770597E-0038  2.32220453927616479062E-0001  2.39428849802905383304E-0032  0.00000000000000000000E+0000  2.28730125647724708379E+0002  0.00000000000000000000E+0000  0.00000000000000000000E+0000  2.29085522942058666979E+0002  0.00000000000000000000E+0000  0.00000000000000000000E+0000  0.00000000000000000000E+0000  0.00000000000000000000E+0000  0.00000000000000000000E+0000 -2.16332755974958620111E-0006 -3.22793570656496096546E+0000  0.00000000000000000000E+0000  0.00000000000000000000E+0000  0.00000000000000000000E+0000 -4.07138507799137587747E-0004
 3.68700000000000000004E-0007  0.00000000000000000000E+0000 -3.80013946731517233712E-0003  2.88086618000481950318E-0003 -3.80013946731517233712E-0003  1.04999999999999999996E+0000  1.49466156341649265935E+0000  1.57156913945791511093E+0000  1.44571693446584170252E+0000  0.00000000000000000000E+0000  2.34433159148802059510E+0002  0.00000000000000000000E+0000  1.99087115068629644499E-0038  2.32345556491558308761E-0001  2.39567540829662367577E-0032  0.00000000000000000000E+0000  2.28800980531720992789E+0002  0.00000000000000000000E+0000  0.00000000000000000000E+0000  2.29144506703830003080E+0002  0.00000000000000000000E+0000  0.00000000000000000000E+0000  0.00000000000000000000E+0000  0.00000000000000000000E+0000  0.00000000000000000000E+0000 -2.11424902987795172993E-0006 -3.22801031964720800912E+0000  0.00000000000000000000E+0000  0.00000000000000000000E+0000  0.00000000000000000000E+0000 -3.69379613004064117210E-0004
 3.76099999999999999989E-0007  0.00000000000000000000E+0000 -3.71190579950447307486E-0003  2.77989412154278724394E-0003 -3.71190579950447307486E-0003  1.04999999999999999996E+0000  1.49467366702527754260E+0000  1.57158281257994788551E+0000  1.44573082238210624774E+0000  0.00000000000000000000E+0000  2.34433159148802059510E+0002  0.00000000000000000000E+0000  1.99183719479212817991E-0038  2.32469637326910180181E-0001  2.39705101378552026809E-0032  0.00000000000000000000E+0000  2.28871174304227276111E+0002  0.00000000000000000000E+0000  0.00000000000000000000E+0000  2.29203028789656628780E+0002  0.00000000000000000000E+0000  0.00000000000000000000E+0000  0.00000000000000000000E+0000  0.00000000000000000000E+0000  0.00000000000000000000E+0000 -2.09041088716627582434E-0006 -3.22805368110101104789E+0000  0.00000000000000000000E+0000  0.00000000000000000000E+0000  0.00000000000000000000E+0000 -3.33858508013382268603E-0004
 3.83599999999999999991E-0007  0.00000000000000000000E+0000 -3.62479591916964145949E-0003  2.68105774731682925480E-0003 -3.62479591916964145949E-0003  1.04999999999999999996E+0000  1.49468549323021296208E+0000  1.57159617195567462603E+0000  1.44574439138177205093E+0000  0.00000000000000000000E+0000  2.34433159148802059510E+0002  0.00000000000000000000E+0000  1.99278154911018558772E-0038  2.32590934976415581061E-0001  2.39839578553432131309E-0032  0.00000000000000000000E+0000  2.28939909998008433459E+0002  0.00000000000000000000E+0000  0.00000000000000000000E+0000  2.29260138019098386769E+0002  0.00000000000000000000E+0000  0.00000000000000000000E+0000  0.00000000000000000000E+0000  0.00000000000000000000E+0000  0.00000000000000000000E+0000 -2.03810867026038495753E-0006 -3.22813172281486101753E+0000  0.00000000000000000000E+0000  0.00000000000000000000E+0000  0.00000000000000000000E+0000 -3.01040524651842208687E-0004
 3.91300000000000000000E-0007  0.00000000000000000000E+0000 -3.53230467668502564867E-0003  2.58319933366907543591E-0003 -3.53230467668502564867E-0003  1.04999999999999999996E+0000  1.49469718749355706352E+0000  1.57160938190252120301E+0000  1.44575780838859008247E+0000  0.00000000000000000000E+0000  2.34433159148802059510E+0002  0.00000000000000000000E+0000  1.99371581305707555828E-0038  2.32710939043031589491E-0001  2.39972623779692659546E-0032  0.00000000000000000000E+0000  2.29007831793184526994E+0002  0.00000000000000000000E+0000  0.00000000000000000000E+0000  2.29316659786539226357E+0002  0.00000000000000000000E+0000  0.00000000000000000000E+0000  0.00000000000000000000E+0000  0.00000000000000000000E+0000  0.00000000000000000000E+0000 -2.01017750526444306996E-0006 -3.22817956142000294772E+0000  0.00000000000000000000E+0000  0.00000000000000000000E+0000  0.00000000000000000000E+0000 -2.70410675729072258579E-0004
 3.99100000000000000000E-0007  0.00000000000000000000E+0000 -3.44109073735203593044E-0003  2.48774720882430585614E-0003 -3.44109073735203593044E-0003  1.04999999999999999996E+0000  1.49470859157578573283E+0000  1.57162226371171189279E+0000  1.44577089189334219226E+0000  0.00000000000000000000E+0000  2.34433159148802059510E+0002  0.00000000000000000000E+0000  1.99462731420034265571E-0038  2.32828021792688324523E-0001  2.40102432267131909891E-0032  0.00000000000000000000E+0000  2.29074204334091606594E+0002  0.00000000000000000000E+0000  0.00000000000000000000E+0000  2.29371715408004233194E+0002  0.00000000000000000000E+0000  0.00000000000000000000E+0000  0.00000000000000000000E+0000  0.00000000000000000000E+0000  0.00000000000000000000E+0000 -1.95622505237947569471E-0006 -3.22825906473110692263E+0000  0.00000000000000000000E+0000  0.00000000000000000000E+0000  0.00000000000000000000E+0000 -2.42259858799571128459E-0004
 4.07100000000000000007E-0007  0.00000000000000000000E+0000 -3.34533161712295543223E-0003  2.39348877094538033576E-0003 -3.34533161712295543223E-0003  1.04999999999999999996E+0000  1.49471984116611772864E+0000  1.57163497066058090428E+0000  1.44578379759515645534E+0000  0.00000000000000000000E+0000  2.34433159148802059510E+0002  0.00000000000000000000E+0000  1.99552688040705075391E-0038  2.32943573830329579566E-0001  2.40230545693145158703E-0032  0.00000000000000000000E+0000  2.29139630350623194732E+0002  0.00000000000000000000E+0000  0.00000000000000000000E+0000  2.29426074055556591891E+0002  0.00000000000000000000E+0000  0.00000000000000000000E+0000  0.00000000000000000000E+0000  0.00000000000000000000E+0000  0.00000000000000000000E+0000 -1.92486646770911869389E-0006 -3.22831053322541734816E+0000  0.00000000000000000000E+0000  0.00000000000000000000E+0000  0.00000000000000000000E+0000 -2.16139396771720620132E-0004
 4.15200000000000000005E-0007  0.00000000000000000000E+0000 -3.25119749052731461209E-0003  2.30171958386481715390E-0003 -3.25119749052731461209E-0003  1.04999999999999999996E+0000  1.49473079077844955441E+0000  1.57164733845459457854E+0000  1.44579635863188484934E+0000  0.00000000000000000000E+0000  2.34433159148802059510E+0002  0.00000000000000000000E+0000  1.99640284680562947949E-0038  2.33056096759924244840E-0001  2.40355302609016561573E-0032  0.00000000000000000000E+0000  2.29203434198185293139E+0002  0.00000000000000000000E+0000  0.00000000000000000000E+0000  2.29478926920321234351E+0002  0.00000000000000000000E+0000  0.00000000000000000000E+0000  0.00000000000000000000E+0000  0.00000000000000000000E+0000  0.00000000000000000000E+0000 -1.86977872834378839517E-0006 -3.22839084013865727698E+0000  0.00000000000000000000E+0000  0.00000000000000000000E+0000  0.00000000000000000000E+0000 -1.92277726962292027881E-0004
 4.23500000000000000010E-0007  0.00000000000000000000E+0000 -3.15333823162494482289E-0003  2.21132105710129270178E-0003 -3.15333823162494482289E-0003  1.04999999999999999996E+0000  1.49474156675867638714E+0000  1.57165950981054769432E+0000  1.44580871997196674873E+0000  0.00000000000000000000E+0000  2.34433159148802059510E+0002  0.00000000000000000000E+0000  1.99726530270434959480E-0038  2.33166886371032568913E-0001  2.40478139611508711062E-0032  0.00000000000000000000E+0000  2.29266178992027742978E+0002  0.00000000000000000000E+0000  0.00000000000000000000E+0000  2.29530989334347165290E+0002  0.00000000000000000000E+0000  0.00000000000000000000E+0000  0.00000000000000000000E+0000  0.00000000000000000000E+0000  0.00000000000000000000E+0000 -1.83559772076747816943E-0006 -3.22844517388111498400E+0000  0.00000000000000000000E+0000  0.00000000000000000000E+0000  0.00000000000000000000E+0000 -1.70269368144969421396E-0004
 4.31999999999999999996E-0007  0.00000000000000000000E+0000 -3.05725859606610672617E-0003  2.12262994708905626462E-0003 -3.05725859606610672617E-0003  1.04999999999999999996E+0000  1.49475215564341092447E+0000  1.57167146957053925019E+0000  1.44582086620348752653E+0000  0.00000000000000000000E+0000  2.34433159148802059510E+0002  0.00000000000000000000E+0000  1.99811314908695316592E-0038  2.33275801601741075312E-0001  2.40598900075275374889E-0032  0.00000000000000000000E+0000  2.29327873811354827696E+0002  0.00000000000000000000E+0000  0.00000000000000000000E+0000  2.29582141572384365119E+0002  0.00000000000000000000E+0000  0.00000000000000000000E+0000  0.00000000000000000000E+0000  0.00000000000000000000E+0000  0.00000000000000000000E+0000 -1.79852426967407095064E-0006 -3.22850282485813890976E+0000  0.00000000000000000000E+0000  0.00000000000000000000E+0000  0.00000000000000000000E+0000 -1.49990470325047847312E-0004
 4.40600000000000000000E-0007  0.00000000000000000000E+0000 -2.98599296961595108341E-0003  2.03757026838448798001E-0003 -2.98599296961595108341E-0003  1.04999999999999999996E+0000  1.49476243211732622506E+0000  1.57168307632109212390E+0000  1.44583265362945609551E+0000  0.00000000000000000000E+0000  2.34433159148802059510E+0002  0.00000000000000000000E+0000  1.99893634078386774709E-0038  2.33381552576730489572E-0001  2.40716153271793918781E-0032  0.00000000000000000000E+0000  2.29387850975439669579E+0002  0.00000000000000000000E+0000  0.00000000000000000000E+0000  2.29631741273126114569E+0002  0.00000000000000000000E+0000  0.00000000000000000000E+0000  0.00000000000000000000E+0000  0.00000000000000000000E+0000  0.00000000000000000000E+0000 -1.92039848677621136361E-0006 -3.22836442806790930747E+0000  0.00000000000000000000E+0000  0.00000000000000000000E+0000  0.00000000000000000000E+0000 -1.31803584119377660268E-0004
 4.49400000000000000010E-0007  0.00000000000000000000E+0000 -2.86234160770790204586E-0003  1.95083777448616604037E-0003 -2.86234160770790204586E-0003  1.04999999999999999996E+0000  1.49477250597848182879E+0000  1.57169445376712331930E+0000  1.44584420818965987232E+0000  0.00000000000000000000E+0000  2.34433159148802059510E+0002  0.00000000000000000000E+0000  1.99974360229243500046E-0038  2.33485257788909932665E-0001  2.40831140720667505840E-0032  0.00000000000000000000E+0000  2.29446598635096953300E+0002  0.00000000000000000000E+0000  0.00000000000000000000E+0000  2.29680404658717714564E+0002  0.00000000000000000000E+0000  0.00000000000000000000E+0000  0.00000000000000000000E+0000  0.00000000000000000000E+0000  0.00000000000000000000E+0000 -1.71094668153016283451E-0006 -3.22863364635105008229E+0000  0.00000000000000000000E+0000  0.00000000000000000000E+0000  0.00000000000000000000E+0000 -1.15062225336738368899E-0004
 4.58400000000000000002E-0007  0.00000000000000000000E+0000 -2.78822039321430244120E-0003  1.87004861917024388197E-0003 -2.78822039321430244120E-0003  1.04999999999999999996E+0000  1.49478237004701589778E+0000  1.57170559420468744234E+0000  1.44585552171445128815E+0000  0.00000000000000000000E+0000  2.34433159148802059510E+0002  0.00000000000000000000E+0000  2.00053440186616595071E-0038  2.33586851362630768181E-0001  2.40943787471958932436E-0032  0.00000000000000000000E+0000  2.29504153436248882147E+0002  0.00000000000000000000E+0000  0.00000000000000000000E+0000  2.29728055866710292279E+0002  0.00000000000000000000E+0000  0.00000000000000000000E+0000  0.00000000000000000000E+0000  0.00000000000000000000E+0000  0.00000000000000000000E+0000 -1.83449034647843577879E-0006 -3.22849267168868959998E+0000  0.00000000000000000000E+0000  0.00000000000000000000E+0000  0.00000000000000000000E+0000 -9.98592925738633307116E-0005
 4.67600000000000000001E-0007  0.00000000000000000000E+0000 -2.69181507371572957814E-0003  1.78828508970470452795E-0003 -2.69181507371572957814E-0003  1.04999999999999999996E+0000  1.49479201327340600642E+0000  1.57171648496565065183E+0000  1.44586658154244453959E+0000  0.00000000000000000000E+0000  2.34433159148802059510E+0002  0.00000000000000000000E+0000  2.00130778577308545787E-0038  2.33686209307219703251E-0001  2.41053956934854609352E-0032  0.00000000000000000000E+0000  2.29560446003876574117E+0002  0.00000000000000000000E+0000  0.00000000000000000000E+0000  2.29774638148440541380E+0002  0.00000000000000000000E+0000  0.00000000000000000000E+0000  0.00000000000000000000E+0000  0.00000000000000000000E+0000  0.00000000000000000000E+0000 -1.79593208384769791433E-0006 -3.22855098197727885859E+0000  0.00000000000000000000E+0000  0.00000000000000000000E+0000  0.00000000000000000000E+0000 -8.61258953381859668757E-0005
 4.76900000000000000017E-0007  0.00000000000000000000E+0000 -2.59416136495740314663E-0003  1.70969710227902747175E-0003 -2.59416136495740314663E-0003  1.04999999999999999996E+0000  1.49480133128238453324E+0000  1.57172700817329589475E+0000  1.44587726799754963424E+0000  0.00000000000000000000E+0000  2.34433159148802059510E+0002  0.00000000000000000000E+0000  2.00205536771116496546E-0038  2.33782253939241186472E-0001  2.41160454137509024841E-0032  0.00000000000000000000E+0000  2.29614920766663768187E+0002  0.00000000000000000000E+0000  0.00000000000000000000E+0000  2.29819614490120364747E+0002  0.00000000000000000000E+0000  0.00000000000000000000E+0000  0.00000000000000000000E+0000  0.00000000000000000000E+0000  0.00000000000000000000E+0000 -1.73274083144649284611E-0006 -3.22863923402465403468E+0000  0.00000000000000000000E+0000  0.00000000000000000000E+0000  0.00000000000000000000E+0000 -7.38957131630157395425E-0005
 4.86500000000000000005E-0007  0.00000000000000000000E+0000 -2.49487603142153835161E-0003  1.63250264030501664049E-0003 -2.49487603142153835161E-0003  1.04999999999999999996E+0000  1.49481051289450128281E+0000  1.57173737713109423623E+0000  1.44588779765721599159E+0000  0.00000000000000000000E+0000  2.34433159148802059510E+0002  0.00000000000000000000E+0000  2.00279228686540103698E-0038  2.33876930415409077694E-0001  2.41265435575113118472E-0032  0.00000000000000000000E+0000  2.29668499491359682660E+0002  0.00000000000000000000E+0000  0.00000000000000000000E+0000  2.29864007583597917198E+0002  0.00000000000000000000E+0000  0.00000000000000000000E+0000  0.00000000000000000000E+0000  0.00000000000000000000E+0000  0.00000000000000000000E+0000 -1.70191597596763987615E-0006 -3.22868746219229492238E+0000  0.00000000000000000000E+0000  0.00000000000000000000E+0000  0.00000000000000000000E+0000 -6.27123068136016666240E-0005
 4.96200000000000000009E-0007  0.00000000000000000000E+0000 -2.40034258460270905655E-0003  1.55797504309550806951E-0003 -2.40034258460270905655E-0003  1.04999999999999999996E+0000  1.49481936413994470972E+0000  1.57174737281847909343E+0000  1.44589794811078469199E+0000  0.00000000000000000000E+0000  2.34433159148802059510E+0002  0.00000000000000000000E+0000  2.00350294248610792067E-0038  2.33968234408391403918E-0001  2.41366678639499550168E-0032  0.00000000000000000000E+0000  2.29720284431246231968E+0002  0.00000000000000000000E+0000  0.00000000000000000000E+0000  2.29906734579408689900E+0002  0.00000000000000000000E+0000  0.00000000000000000000E+0000  0.00000000000000000000E+0000  0.00000000000000000000E+0000  0.00000000000000000000E+0000 -1.63738414854521986078E-0006 -3.22877680560986395964E+0000  0.00000000000000000000E+0000  0.00000000000000000000E+0000  0.00000000000000000000E+0000 -5.28762701868493460818E-0005
 5.06099999999999999995E-0007  0.00000000000000000000E+0000 -2.30270789897884732977E-0003  1.48527281004236261501E-0003 -2.30270789897884732977E-0003  1.04999999999999999996E+0000  1.49482797518023814416E+0000  1.57175709702945046219E+0000  1.44590782277682955664E+0000  0.00000000000000000000E+0000  2.34433159148802059510E+0002  0.00000000000000000000E+0000  2.00419455742947354146E-0038  2.34057093451491077824E-0001  2.41465211897933237067E-0032  0.00000000000000000000E+0000  2.29770620813560189952E+0002  0.00000000000000000000E+0000  0.00000000000000000000E+0000  2.29948341735455636783E+0002  0.00000000000000000000E+0000  0.00000000000000000000E+0000  0.00000000000000000000E+0000  0.00000000000000000000E+0000  0.00000000000000000000E+0000 -1.58942226984168049006E-0006 -3.22884546414807928490E+0000  0.00000000000000000000E+0000  0.00000000000000000000E+0000  0.00000000000000000000E+0000 -4.41641534726627634805E-0005
 5.16299999999999999979E-0007  0.00000000000000000000E+0000 -2.20818036685643717306E-0003  1.41430465176022804564E-0003 -2.20818036685643717306E-0003  1.04999999999999999996E+0000  1.49483642021617786817E+0000  1.57176663362953975987E+0000  1.44591750677426406698E+0000  0.00000000000000000000E+0000  2.34433159148802059510E+0002  0.00000000000000000000E+0000  2.00487307532118193714E-0038  2.34144271475467367661E-0001  2.41561882092523657974E-0032  0.00000000000000000000E+0000  2.29819956514310182474E+0002  0.00000000000000000000E+0000  0.00000000000000000000E+0000  2.29989177966028369410E+0002  0.00000000000000000000E+0000  0.00000000000000000000E+0000  0.00000000000000000000E+0000  0.00000000000000000000E+0000  0.00000000000000000000E+0000 -1.55328963203657056677E-0006 -3.22889935831261765489E+0000  0.00000000000000000000E+0000  0.00000000000000000000E+0000  0.00000000000000000000E+0000 -3.62671192065297275888E-0005
 5.26599999999999999979E-0007  0.00000000000000000000E+0000 -2.11634101647924045478E-0003  1.34579560537632523163E-0003 -2.11634101647924045478E-0003  1.04999999999999999996E+0000  1.49484453355632226316E+0000  1.57177579549660175406E+0000  1.44592681013244459996E+0000  0.00000000000000000000E+0000  2.34433159148802059510E+0002  0.00000000000000000000E+0000  2.00552515441832886256E-0038  2.34228053972792377873E-0001  2.41654788122182639936E-0032  0.00000000000000000000E+0000  2.29867466343041735477E+0002  0.00000000000000000000E+0000  0.00000000000000000000E+0000  2.30028353273606763540E+0002  0.00000000000000000000E+0000  0.00000000000000000000E+0000  0.00000000000000000000E+0000  0.00000000000000000000E+0000  0.00000000000000000000E+0000 -1.48940168304906759646E-0006 -3.22898704524714312580E+0000  0.00000000000000000000E+0000  0.00000000000000000000E+0000  0.00000000000000000000E+0000 -2.94925013978421004340E-0005
 5.37100000000000000013E-0007  0.00000000000000000000E+0000 -2.02251724153390609409E-0003  1.27933775863393582834E-0003 -2.02251724153390609409E-0003  1.04999999999999999996E+0000  1.49485239524966429339E+0000  1.57178467301414418464E+0000  1.44593582466383642222E+0000  0.00000000000000000000E+0000  2.34433159148802059510E+0002  0.00000000000000000000E+0000  2.00615721329388974531E-0038  2.34309265302379379152E-0001  2.41744844105107839733E-0032  0.00000000000000000000E+0000  2.29913461874624195286E+0002  0.00000000000000000000E+0000  0.00000000000000000000E+0000  2.30066349826749478188E+0002  0.00000000000000000000E+0000  0.00000000000000000000E+0000  0.00000000000000000000E+0000  0.00000000000000000000E+0000  0.00000000000000000000E+0000 -1.44009331654910779071E-0006 -3.22905649022748122436E+0000  0.00000000000000000000E+0000  0.00000000000000000000E+0000  0.00000000000000000000E+0000 -2.35918042065760764389E-0005
 5.47899999999999999993E-0007  0.00000000000000000000E+0000 -1.93212650529976680353E-0003  1.21474695009417939315E-0003 -1.93212650529976680353E-0003  1.04999999999999999996E+0000  1.49486007079559985507E+0000  1.57179334021708517295E+0000  1.44594462550165834798E+0000  0.00000000000000000000E+0000  2.34433159148802059510E+0002  0.00000000000000000000E+0000  2.00677450217141040214E-0038  2.34388580340782362929E-0001  2.41832798058656339050E-0032  0.00000000000000000000E+0000  2.29958339454838184931E+0002  0.00000000000000000000E+0000  0.00000000000000000000E+0000  2.30103475203973449392E+0002  0.00000000000000000000E+0000  0.00000000000000000000E+0000  0.00000000000000000000E+0000  0.00000000000000000000E+0000  0.00000000000000000000E+0000 -1.40111881187553269097E-0006 -3.22911299449033794076E+0000  0.00000000000000000000E+0000  0.00000000000000000000E+0000  0.00000000000000000000E+0000 -1.83158160056383658230E-0005
 5.58799999999999999989E-0007  0.00000000000000000000E+0000 -1.86541961320745443891E-0003  1.15367935743845805881E-0003 -1.86541961320745443891E-0003  1.04999999999999999996E+0000  1.49486742189022491986E+0000  1.57180164105205850923E+0000  1.44595305410551056068E+0000  0.00000000000000000000E+0000  2.34433159148802059510E+0002  0.00000000000000000000E+0000  2.00736588909575218409E-0038  2.34464569312079534316E-0001  2.41917063941287622404E-0032  0.00000000000000000000E+0000  2.30001412210883794410E+0002  0.00000000000000000000E+0000  0.00000000000000000000E+0000  2.30138986907584123784E+0002  0.00000000000000000000E+0000  0.00000000000000000000E+0000  0.00000000000000000000E+0000  0.00000000000000000000E+0000  0.00000000000000000000E+0000 -1.47830181277977378112E-0006 -3.22902614159326737742E+0000  0.00000000000000000000E+0000  0.00000000000000000000E+0000  0.00000000000000000000E+0000 -1.39701278675396028433E-0005
 5.69999999999999999983E-0007  0.00000000000000000000E+0000 -1.77760408183740245351E-0003  1.09260555855643006818E-0003 -1.77760408183740245351E-0003  1.04999999999999999996E+0000  1.49487457829891833613E+0000  1.57180972187176207124E+0000  1.44596125926234940072E+0000  0.00000000000000000000E+0000  2.34433159148802059510E+0002  0.00000000000000000000E+0000  2.00794177127957711734E-0038  2.34538566797541202661E-0001  2.41999122481951911124E-0032  0.00000000000000000000E+0000  2.30043270151036744989E+0002  0.00000000000000000000E+0000  0.00000000000000000000E+0000  2.30173611594244066803E+0002  0.00000000000000000000E+0000  0.00000000000000000000E+0000  0.00000000000000000000E+0000  0.00000000000000000000E+0000  0.00000000000000000000E+0000 -1.44159525168588879693E-0006 -3.22907926383409309276E+0000  0.00000000000000000000E+0000  0.00000000000000000000E+0000  0.00000000000000000000E+0000 -1.01420834855748264348E-0005
 5.81400000000000000011E-0007  0.00000000000000000000E+0000 -1.69338885614290889502E-0003  1.03440386407143078515E-0003 -1.69338885614290889502E-0003  1.04999999999999999996E+0000  1.49488147291027377312E+0000  1.57181750696118465143E+0000  1.44596916405371257264E+0000  0.00000000000000000000E+0000  2.34433159148802059510E+0002  0.00000000000000000000E+0000  2.00849673969772811543E-0038  2.34609878020174772439E-0001  2.42078202903693258030E-0032  0.00000000000000000000E+0000  2.30083645376474008923E+0002  0.00000000000000000000E+0000  0.00000000000000000000E+0000  2.30206948440252512925E+0002  0.00000000000000000000E+0000  0.00000000000000000000E+0000  0.00000000000000000000E+0000  0.00000000000000000000E+0000  0.00000000000000000000E+0000 -1.38551665217463592531E-0006 -3.22915593885636777313E+0000  0.00000000000000000000E+0000  0.00000000000000000000E+0000  0.00000000000000000000E+0000 -6.84252395378012424837E-0006
 5.93000000000000000020E-0007  0.00000000000000000000E+0000 -1.60956182541224101175E-0003  9.78234102441209496527E-0004 -1.60956182541224101175E-0003  1.04999999999999999996E+0000  1.49488810706324536971E+0000  1.57182499783428223337E+0000  1.44597677003485005005E+0000  0.00000000000000000000E+0000  2.34433159148802059510E+0002  0.00000000000000000000E+0000  2.00903088774598427810E-0038  2.34678514800482832683E-0001  2.42154318271021570519E-0032  0.00000000000000000000E+0000  2.30122500156518595679E+0002  0.00000000000000000000E+0000  0.00000000000000000000E+0000  2.30239031287082253324E+0002  0.00000000000000000000E+0000  0.00000000000000000000E+0000  0.00000000000000000000E+0000  0.00000000000000000000E+0000  0.00000000000000000000E+0000 -1.33008148952988315627E-0006 -3.22923152811208624561E+0000  0.00000000000000000000E+0000  0.00000000000000000000E+0000  0.00000000000000000000E+0000 -4.11693464380214551738E-0006
 6.04899999999999999975E-0007  0.00000000000000000000E+0000 -1.52793668176039035546E-0003  9.23963029142603258851E-0004 -1.52793668176039035546E-0003  1.04999999999999999996E+0000  1.49489453388386679699E+0000  1.57183225451371820090E+0000  1.44598413813587280976E+0000  0.00000000000000000000E+0000  2.34433159148802059510E+0002  0.00000000000000000000E+0000  2.00954848066570642295E-0038  2.34745025279995215160E-0001  2.42228076254708491349E-0032  0.00000000000000000000E+0000  2.30160114967132051617E+0002  0.00000000000000000000E+0000  0.00000000000000000000E+0000  2.30270135127692282942E+0002  0.00000000000000000000E+0000  0.00000000000000000000E+0000  0.00000000000000000000E+0000  0.00000000000000000000E+0000  0.00000000000000000000E+0000 -1.28426919927405751721E-0006 -3.22929503540439235025E+0000  0.00000000000000000000E+0000  0.00000000000000000000E+0000  0.00000000000000000000E+0000 -1.78288218195953918330E-0006
 6.17000000000000000016E-0007  0.00000000000000000000E+0000 -1.46866494185244804996E-0003  8.72786601447528204880E-0004 -1.46866494185244804996E-0003  1.04999999999999999996E+0000  1.49490070073932311665E+0000  1.57183921770873941159E+0000  1.44599120804963509961E+0000  0.00000000000000000000E+0000  2.34433159148802059510E+0002  0.00000000000000000000E+0000  2.01004527854754543805E-0038  2.34808865368533731941E-0001  2.42298872835823001416E-0032  0.00000000000000000000E+0000  2.30196246133616784210E+0002  0.00000000000000000000E+0000  0.00000000000000000000E+0000  2.30299967113468983262E+0002  0.00000000000000000000E+0000  0.00000000000000000000E+0000  0.00000000000000000000E+0000  0.00000000000000000000E+0000  0.00000000000000000000E+0000 -1.35745734352302920582E-0006 -3.22921175965440059681E+0000  0.00000000000000000000E+0000  0.00000000000000000000E+0000  0.00000000000000000000E+0000  3.84356386434537081210E-0008
 6.29299999999999999985E-0007  0.00000000000000000000E+0000 -1.39196523365997942881E-0003  8.22159781156314028197E-0004 -1.39196523365997942881E-0003  1.04999999999999999996E+0000  1.49490660940889042395E+0000  1.57184588925088996074E+0000  1.44599798181750928319E+0000  0.00000000000000000000E+0000  2.34433159148802059510E+0002  0.00000000000000000000E+0000  2.01052137704332998220E-0038  2.34870046018996031937E-0001  2.42366720965824930087E-0032  0.00000000000000000000E+0000  2.30230865485390379488E+0002  0.00000000000000000000E+0000  0.00000000000000000000E+0000  2.30328554875566768489E+0002  0.00000000000000000000E+0000  0.00000000000000000000E+0000  0.00000000000000000000E+0000  0.00000000000000000000E+0000  0.00000000000000000000E+0000 -1.30452947386658763890E-0006 -3.22928344918983195231E+0000  0.00000000000000000000E+0000  0.00000000000000000000E+0000  0.00000000000000000000E+0000  1.49909603719507244315E-0006
 6.41900000000000000005E-0007  0.00000000000000000000E+0000 -1.31647971835295535498E-0003  7.73955729792748514911E-0004 -1.31647971835295535498E-0003  1.04999999999999999996E+0000  1.49491230653550404245E+0000  1.57185232184618519226E+0000  1.44600451292874551885E+0000  0.00000000000000000000E+0000  2.34433159148802059510E+0002  0.00000000000000000000E+0000  2.01098053830813171662E-0038  2.34929050790192765587E-0001  2.42432156678005520731E-0032  0.00000000000000000000E+0000  2.30264222119177448089E+0002  0.00000000000000000000E+0000  0.00000000000000000000E+0000  2.30356139567611105434E+0002  0.00000000000000000000E+0000  0.00000000000000000000E+0000  0.00000000000000000000E+0000  0.00000000000000000000E+0000  0.00000000000000000000E+0000 -1.25421965357997685375E-0006 -3.22935167745262080618E+0000  0.00000000000000000000E+0000  0.00000000000000000000E+0000  0.00000000000000000000E+0000  2.73724484478344618789E-0006
 6.54700000000000000006E-0007  0.00000000000000000000E+0000 -1.24436576396213534075E-0003  7.27875870014205196533E-0004 -1.24436576396213534075E-0003  1.04999999999999999996E+0000  1.49491774879620470276E+0000  1.57185846661379378779E+0000  1.44601075174003885538E+0000  0.00000000000000000000E+0000  2.34433159148802059510E+0002  0.00000000000000000000E+0000  2.01141925444277843630E-0038  2.34985428991692566245E-0001  2.42494679985027865065E-0032  0.00000000000000000000E+0000  2.30296116977544452362E+0002  0.00000000000000000000E+0000  0.00000000000000000000E+0000  2.30382477344592833834E+0002  0.00000000000000000000E+0000  0.00000000000000000000E+0000  0.00000000000000000000E+0000  0.00000000000000000000E+0000  0.00000000000000000000E+0000 -1.19525739564900153655E-0006 -3.22943027501181708608E+0000  0.00000000000000000000E+0000  0.00000000000000000000E+0000  0.00000000000000000000E+0000  3.66313519633997090638E-0006
 6.67800000000000000005E-0007  0.00000000000000000000E+0000 -1.17361705384599254137E-0003  6.83568804207908945056E-0004 -1.17361705384599254137E-0003  1.04999999999999999996E+0000  1.49492297912817113947E+0000  1.57186437203384800116E+0000  1.44601674748666084321E+0000  0.00000000000000000000E+0000  2.34433159148802059510E+0002  0.00000000000000000000E+0000  2.01184097866458043125E-0038  2.35039624246137208527E-0001  2.42554782837230498838E-0032  0.00000000000000000000E+0000  2.30326748127313675807E+0002  0.00000000000000000000E+0000  0.00000000000000000000E+0000  2.30407808278253357914E+0002  0.00000000000000000000E+0000  0.00000000000000000000E+0000  0.00000000000000000000E+0000  0.00000000000000000000E+0000  0.00000000000000000000E+0000 -1.14511656284925956665E-0006 -3.22949777651037430305E+0000  0.00000000000000000000E+0000  0.00000000000000000000E+0000  0.00000000000000000000E+0000  4.36531748814187865892E-0006
 6.81200000000000000002E-0007  0.00000000000000000000E+0000 -1.12332289657231335706E-0003  6.41972110275092932945E-0004 -1.12332289657231335706E-0003  1.04999999999999999996E+0000  1.49492799785016128842E+0000  1.57187003860974316581E+0000  1.44602250056258440074E+0000  0.00000000000000000000E+0000  2.34433159148802059510E+0002  0.00000000000000000000E+0000  2.01224574203779621517E-0038  2.35091641356292131457E-0001  2.42612469888701882916E-0032  0.00000000000000000000E+0000  2.30356144988062578646E+0002  0.00000000000000000000E+0000  0.00000000000000000000E+0000  2.30432118490185709234E+0002  0.00000000000000000000E+0000  0.00000000000000000000E+0000  0.00000000000000000000E+0000  0.00000000000000000000E+0000  0.00000000000000000000E+0000 -1.21025929473614187551E-0006 -3.22942312540848311744E+0000  0.00000000000000000000E+0000  0.00000000000000000000E+0000  0.00000000000000000000E+0000  4.82920711133867827640E-0006
 6.94799999999999999981E-0007  0.00000000000000000000E+0000 -1.05887507407651333305E-0003  6.01004066703009352172E-0004 -1.05887507407651333305E-0003  1.04999999999999999996E+0000  1.49493276983038442327E+0000  1.57187542651616358872E+0000  1.44602797069565979101E+0000  0.00000000000000000000E+0000  2.34433159148802059510E+0002  0.00000000000000000000E+0000  2.01263066412321983752E-0038  2.35141108991669627658E-0001  2.42667330062736876096E-0032  0.00000000000000000000E+0000  2.30384118880076880706E+0002  0.00000000000000000000E+0000  0.00000000000000000000E+0000  2.30455222956498233022E+0002  0.00000000000000000000E+0000  0.00000000000000000000E+0000  0.00000000000000000000E+0000  0.00000000000000000000E+0000  0.00000000000000000000E+0000 -1.15475803618893535548E-0006 -3.22949671958179287978E+0000  0.00000000000000000000E+0000  0.00000000000000000000E+0000  0.00000000000000000000E+0000  5.11058898532417297615E-0006
 7.08700000000000000009E-0007  0.00000000000000000000E+0000 -9.94715613687285517323E-0004  5.62264089988442797981E-0004 -9.94715613687285517323E-0004  1.04999999999999999996E+0000  1.49493733276297585363E+0000  1.57188057831715806954E+0000  1.44603320110376677005E+0000  0.00000000000000000000E+0000  2.34433159148802059510E+0002  0.00000000000000000000E+0000  2.01299879323317954569E-0038  2.35188418796036379416E-0001  2.42719797645589135413E-0032  0.00000000000000000000E+0000  2.30410847939285545152E+0002  0.00000000000000000000E+0000  0.00000000000000000000E+0000  2.30477331197325286533E+0002  0.00000000000000000000E+0000  0.00000000000000000000E+0000  0.00000000000000000000E+0000  0.00000000000000000000E+0000  0.00000000000000000000E+0000 -1.10125012497801497129E-0006 -3.22956762733033102860E+0000  0.00000000000000000000E+0000  0.00000000000000000000E+0000  0.00000000000000000000E+0000  5.28888613858769427277E-0006
 7.22899999999999999983E-0007  0.00000000000000000000E+0000 -9.50236250006815728390E-0004  5.26174316546458622998E-0004 -9.50236250006815728390E-0004  1.04999999999999999996E+0000  1.49494168942219378014E+0000  1.57188549730900237872E+0000  1.44603819499521393571E+0000  0.00000000000000000000E+0000  2.34433159148802059510E+0002  0.00000000000000000000E+0000  2.01335036170567242034E-0038  2.35233601599618819808E-0001  2.42769906049905220118E-0032  0.00000000000000000000E+0000  2.30436371454047578045E+0002  0.00000000000000000000E+0000  0.00000000000000000000E+0000  2.30498444324297903807E+0002  0.00000000000000000000E+0000  0.00000000000000000000E+0000  0.00000000000000000000E+0000  0.00000000000000000000E+0000  0.00000000000000000000E+0000 -1.15886317597555672525E-0006 -3.22950151335658765662E+0000  0.00000000000000000000E+0000  0.00000000000000000000E+0000  0.00000000000000000000E+0000  5.30566183300195486586E-0006
 7.37299999999999999991E-0007  0.00000000000000000000E+0000 -8.92450891755714099304E-0004  4.90705885607979389241E-0004 -8.92450891755714099304E-0004  1.04999999999999999996E+0000  1.49494581303965016963E+0000  1.57189015312720119027E+0000  1.44604292168649484294E+0000  0.00000000000000000000E+0000  2.34433159148802059510E+0002  0.00000000000000000000E+0000  2.01368316408856178591E-0038  2.35276372947159685239E-0001  2.42817340456981685155E-0032  0.00000000000000000000E+0000  2.30460546622919499382E+0002  0.00000000000000000000E+0000  0.00000000000000000000E+0000  2.30518419833529739693E+0002  0.00000000000000000000E+0000  0.00000000000000000000E+0000  0.00000000000000000000E+0000  0.00000000000000000000E+0000  0.00000000000000000000E+0000 -1.10155268951051002818E-0006 -3.22957661802724385635E+0000  0.00000000000000000000E+0000  0.00000000000000000000E+0000  0.00000000000000000000E+0000  5.22845274988147963349E-0006
 7.52100000000000000013E-0007  0.00000000000000000000E+0000 -8.35165193287298772011E-0004  4.57188655404371280475E-0004 -8.35165193287298772011E-0004  1.04999999999999999996E+0000  1.49494976158659967943E+0000  1.57189461122659300638E+0000  1.44604744763295609293E+0000  0.00000000000000000000E+0000  2.34433159148802059510E+0002  0.00000000000000000000E+0000  2.01400189111136805190E-0038  2.35317335582536045534E-0001  2.42862769295997735183E-0032  0.00000000000000000000E+0000  2.30483664693615014310E+0002  0.00000000000000000000E+0000  0.00000000000000000000E+0000  2.30537569176041156796E+0002  0.00000000000000000000E+0000  0.00000000000000000000E+0000  0.00000000000000000000E+0000  0.00000000000000000000E+0000  0.00000000000000000000E+0000 -1.05118381772729340033E-0006 -3.22964298273682358788E+0000  0.00000000000000000000E+0000  0.00000000000000000000E+0000  0.00000000000000000000E+0000  5.14008562635851464477E-0006
 7.67100000000000000017E-0007  0.00000000000000000000E+0000 -7.97116195629134491263E-0004  4.26305968329628891495E-0004 -7.97116195629134491263E-0004  1.04999999999999999996E+0000  1.49495348809101921315E+0000  1.57189881871577285524E+0000  1.44605171901961253821E+0000  0.00000000000000000000E+0000  2.34433159148802059510E+0002  0.00000000000000000000E+0000  2.01430275556074459180E-0038  2.35356003621650994908E-0001  2.42905653043071764981E-0032  0.00000000000000000000E+0000  2.30505514256704473863E+0002  0.00000000000000000000E+0000  0.00000000000000000000E+0000  2.30555627221887765324E+0002  0.00000000000000000000E+0000  0.00000000000000000000E+0000  0.00000000000000000000E+0000  0.00000000000000000000E+0000  0.00000000000000000000E+0000 -1.09495707293077067674E-0006 -3.22959321188971770484E+0000  0.00000000000000000000E+0000  0.00000000000000000000E+0000  0.00000000000000000000E+0000  4.89755273161930737124E-0006
 7.82499999999999999983E-0007  0.00000000000000000000E+0000 -7.45273710623300831984E-0004  3.95712308387190904148E-0004 -7.45273710623300831984E-0004  1.04999999999999999996E+0000  1.49495704266170123357E+0000  1.57190283204548647696E+0000  1.44605579327783421192E+0000  0.00000000000000000000E+0000  2.34433159148802059510E+0002  0.00000000000000000000E+0000  2.01458976921685671211E-0038  2.35392891780978680017E-0001  2.42946563085686313069E-0032  0.00000000000000000000E+0000  2.30526327753800254247E+0002  0.00000000000000000000E+0000  0.00000000000000000000E+0000  2.30572870696238448329E+0002  0.00000000000000000000E+0000  0.00000000000000000000E+0000  0.00000000000000000000E+0000  0.00000000000000000000E+0000  0.00000000000000000000E+0000 -1.04790011881555674389E-0006 -3.22965506563978303474E+0000  0.00000000000000000000E+0000  0.00000000000000000000E+0000  0.00000000000000000000E+0000  4.67937798754761438996E-0006
 7.98099999999999999983E-0007  0.00000000000000000000E+0000 -6.95778115980234030446E-0004  3.67277073051837028771E-0004 -6.95778115980234030446E-0004  1.04999999999999999996E+0000  1.49496038465445755248E+0000  1.57190660532319032548E+0000  1.44605962382956468207E+0000  0.00000000000000000000E+0000  2.34433159148802059510E+0002  0.00000000000000000000E+0000  2.01485965047530581114E-0038  2.35427578187028595943E-0001  2.42985031574684450949E-0032  0.00000000000000000000E+0000  2.30545923482587542502E+0002  0.00000000000000000000E+0000  0.00000000000000000000E+0000  2.30589068406148914425E+0002  0.00000000000000000000E+0000  0.00000000000000000000E+0000  0.00000000000000000000E+0000  0.00000000000000000000E+0000  0.00000000000000000000E+0000 -9.83802839122660684354E-0007 -3.22973766336317893652E+0000  0.00000000000000000000E+0000  0.00000000000000000000E+0000  0.00000000000000000000E+0000  4.41894139395748829975E-0006
 8.14099999999999999997E-0007  0.00000000000000000000E+0000 -6.61705069732216395457E-0004  3.40930665492414775048E-0004 -6.61705069732216395457E-0004  1.04999999999999999996E+0000  1.49496356211394008982E+0000  1.57191019290726748613E+0000  1.44606326575857628916E+0000  0.00000000000000000000E+0000  2.34433159148802059510E+0002  0.00000000000000000000E+0000  2.01511629957283487164E-0038  2.35460564780748209495E-0001  2.43021614629427284083E-0032  0.00000000000000000000E+0000  2.30564529950457998156E+0002  0.00000000000000000000E+0000  0.00000000000000000000E+0000  2.30604487933922010362E+0002  0.00000000000000000000E+0000  0.00000000000000000000E+0000  0.00000000000000000000E+0000  0.00000000000000000000E+0000  0.00000000000000000000E+0000 -1.03132563304269867183E-0006 -3.22968267112639705269E+0000  0.00000000000000000000E+0000  0.00000000000000000000E+0000  0.00000000000000000000E+0000  4.08694698171244978106E-0006
 8.30400000000000000010E-0007  0.00000000000000000000E+0000 -6.17587496414603143872E-0004  3.15169579423890145625E-0004 -6.17587496414603143872E-0004  1.04999999999999999996E+0000  1.49496655693149805471E+0000  1.57191357427636136496E+0000  1.44606669831263095734E+0000  0.00000000000000000000E+0000  2.34433159148802059510E+0002  0.00000000000000000000E+0000  2.01535821021118952692E-0038  2.35491657434601597249E-0001  2.43056097295421501457E-0032  0.00000000000000000000E+0000  2.30582079491648197805E+0002  0.00000000000000000000E+0000  0.00000000000000000000E+0000  2.30619014096031889061E+0002  0.00000000000000000000E+0000  0.00000000000000000000E+0000  0.00000000000000000000E+0000  0.00000000000000000000E+0000  0.00000000000000000000E+0000 -9.76883197015859773431E-0007 -3.22975300055800101733E+0000  0.00000000000000000000E+0000  0.00000000000000000000E+0000  0.00000000000000000000E+0000  3.80653504512314558709E-0006
 8.47000000000000000020E-0007  0.00000000000000000000E+0000 -5.73608507700662825536E-0004  2.91111735216840472800E-0004 -5.73608507700662825536E-0004  1.04999999999999999996E+0000  1.49496937466267891146E+0000  1.57191675566126663115E+0000  1.44606992785897634055E+0000  0.00000000000000000000E+0000  2.34433159148802059510E+0002  0.00000000000000000000E+0000  2.01558584106761291015E-0038  2.35520914743990854905E-0001  2.43088544753972998110E-0032  0.00000000000000000000E+0000  2.30598591106209594256E+0002  0.00000000000000000000E+0000  0.00000000000000000000E+0000  2.30632682870686436472E+0002  0.00000000000000000000E+0000  0.00000000000000000000E+0000  0.00000000000000000000E+0000  0.00000000000000000000E+0000  0.00000000000000000000E+0000 -9.17253507172314868852E-0007 -3.22982952083065700307E+0000  0.00000000000000000000E+0000  0.00000000000000000000E+0000  0.00000000000000000000E+0000  3.50526014598243047148E-0006
 8.63899999999999999976E-0007  0.00000000000000000000E+0000 -5.45091497350423714278E-0004  2.69169191176913645738E-0004 -5.45091497350423714278E-0004  1.04999999999999999996E+0000  1.49497202296161104025E+0000  1.57191974581913080104E+0000  1.44607296318675083416E+0000  0.00000000000000000000E+0000  2.34433159148802059510E+0002  0.00000000000000000000E+0000  2.01579982499597640081E-0038  2.35548418742798220643E-0001  2.43119047437066553755E-0032  0.00000000000000000000E+0000  2.30614108948951383959E+0002  0.00000000000000000000E+0000  0.00000000000000000000E+0000  2.30645533690253600564E+0002  0.00000000000000000000E+0000  0.00000000000000000000E+0000  0.00000000000000000000E+0000  0.00000000000000000000E+0000  0.00000000000000000000E+0000 -9.51953915239149726238E-0007 -3.22978973117314687412E+0000  0.00000000000000000000E+0000  0.00000000000000000000E+0000  0.00000000000000000000E+0000  3.14367010082613525304E-0006
 8.81199999999999999999E-0007  0.00000000000000000000E+0000 -5.06344323562208809482E-0004  2.47645272191093716844E-0004 -5.06344323562208809482E-0004  1.04999999999999999996E+0000  1.49497451955611259007E+0000  1.57192256469739022014E+0000  1.44607582461501129104E+0000  0.00000000000000000000E+0000  2.34433159148802059510E+0002  0.00000000000000000000E+0000  2.01600155936287880750E-0038  2.35574348571499978347E-0001  2.43147804311457034967E-0032  0.00000000000000000000E+0000  2.30628729620065724887E+0002  0.00000000000000000000E+0000  0.00000000000000000000E+0000  2.30657653736735157618E+0002  0.00000000000000000000E+0000  0.00000000000000000000E+0000  0.00000000000000000000E+0000  0.00000000000000000000E+0000  0.00000000000000000000E+0000 -9.02035088305445725455E-0007 -3.22985394294857408180E+0000  0.00000000000000000000E+0000  0.00000000000000000000E+0000  0.00000000000000000000E+0000  2.86796691730102495895E-0006
 8.98800000000000000020E-0007  0.00000000000000000000E+0000 -4.81819650692336890386E-0004  2.28272591006953041936E-0004 -4.81819650692336890386E-0004  1.04999999999999999996E+0000  1.49497685694883009869E+0000  1.57192520388508356140E+0000  1.44607850355923845634E+0000  0.00000000000000000000E+0000  2.34433159148802059510E+0002  0.00000000000000000000E+0000  2.01619046264198233095E-0038  2.35598629753432832755E-0001  2.43174732553382307837E-0032  0.00000000000000000000E+0000  2.30642426031667370168E+0002  0.00000000000000000000E+0000  0.00000000000000000000E+0000  2.30668998733219061406E+0002  0.00000000000000000000E+0000  0.00000000000000000000E+0000  0.00000000000000000000E+0000  0.00000000000000000000E+0000  0.00000000000000000000E+0000 -9.33614661749132504997E-0007 -3.22981765278575966792E+0000  0.00000000000000000000E+0000  0.00000000000000000000E+0000  0.00000000000000000000E+0000  2.53463255837220252694E-0006
 9.16800000000000000004E-0007  0.00000000000000000000E+0000 -4.46570594180535946134E-0004  2.09289052384731273370E-0004 -4.46570594180535946134E-0004  1.04999999999999999996E+0000  1.49497905125909777337E+0000  1.57192768151935242384E+0000  1.44608101849296505099E+0000  0.00000000000000000000E+0000  2.34433159148802059510E+0002  0.00000000000000000000E+0000  2.01636780529153247316E-0038  2.35621425172010486536E-0001  2.43200013060923465648E-0032  0.00000000000000000000E+0000  2.30655276604005495436E+0002  0.00000000000000000000E+0000  0.00000000000000000000E+0000  2.30679653747377255271E+0002  0.00000000000000000000E+0000  0.00000000000000000000E+0000  0.00000000000000000000E+0000  0.00000000000000000000E+0000  0.00000000000000000000E+0000 -8.81994197404733048423E-0007 -3.22988362643625807088E+0000  0.00000000000000000000E+0000  0.00000000000000000000E+0000  0.00000000000000000000E+0000  2.28680113626195958650E-0006
 9.35099999999999999985E-0007  0.00000000000000000000E+0000 -4.12314230410467337456E-0004  1.91801758914543127364E-0004 -4.12314230410467337456E-0004  1.04999999999999999996E+0000  1.49498109600928864968E+0000  1.57192999026088312832E+0000  1.44608336199284101564E+0000  0.00000000000000000000E+0000  2.34433159148802059510E+0002  0.00000000000000000000E+0000  2.01653307120865470639E-0038  2.35642668267685019746E-0001  2.43223572147174507010E-0032  0.00000000000000000000E+0000  2.30667258413352009333E+0002  0.00000000000000000000E+0000  0.00000000000000000000E+0000  2.30689578757841941600E+0002  0.00000000000000000000E+0000  0.00000000000000000000E+0000  0.00000000000000000000E+0000  0.00000000000000000000E+0000  0.00000000000000000000E+0000 -8.20763045293315649123E-0007 -3.22996126649136964084E+0000  0.00000000000000000000E+0000  0.00000000000000000000E+0000  0.00000000000000000000E+0000  2.04561219324824958503E-0006
 9.53800000000000000033E-0007  0.00000000000000000000E+0000 -3.91202627582099071713E-0004  1.75956570485613057436E-0004 -3.91202627582099071713E-0004  1.04999999999999999996E+0000  1.49498300938281553096E+0000  1.57193215072918525421E+0000  1.44608555490971072961E+0000  0.00000000000000000000E+0000  2.34433159148802059510E+0002  0.00000000000000000000E+0000  2.01668774909953891731E-0038  2.35662550932673141481E-0001  2.43245622208997875393E-0032  0.00000000000000000000E+0000  2.30678463726298878411E+0002  0.00000000000000000000E+0000  0.00000000000000000000E+0000  2.30698872710998961838E+0002  0.00000000000000000000E+0000  0.00000000000000000000E+0000  0.00000000000000000000E+0000  0.00000000000000000000E+0000  0.00000000000000000000E+0000 -8.48279073851296583034E-0007 -3.22992951121817255906E+0000  0.00000000000000000000E+0000  0.00000000000000000000E+0000  0.00000000000000000000E+0000  1.75602966471230457910E-0006
 9.72900000000000000044E-0007  0.00000000000000000000E+0000 -3.61606240231178942322E-0004  1.60526462292157509607E-0004 -3.61606240231178942322E-0004  1.04999999999999999996E+0000  1.49498479413034795430E+0000  1.57193416598902276679E+0000  1.44608760039801656819E+0000  0.00000000000000000000E+0000  2.34433159148802059510E+0002  0.00000000000000000000E+0000  2.01683202600504436088E-0038  2.35681096951064690529E-0001  2.43266189789464401946E-0032  0.00000000000000000000E+0000  2.30688916339035622716E+0002  0.00000000000000000000E+0000  0.00000000000000000000E+0000  2.30707541268179105190E+0002  0.00000000000000000000E+0000  0.00000000000000000000E+0000  0.00000000000000000000E+0000  0.00000000000000000000E+0000  0.00000000000000000000E+0000 -7.97199750077696835226E-0007 -3.22999436713149451678E+0000  0.00000000000000000000E+0000  0.00000000000000000000E+0000  0.00000000000000000000E+0000  1.56582563312489882920E-0006
 9.92400000000000000018E-0007  0.00000000000000000000E+0000 -3.43684127632850952197E-0004  1.46737854562486334325E-0004 -3.43684127632850952197E-0004  1.04999999999999999996E+0000  1.49498645674128084271E+0000  1.57193604339194882959E+0000  1.44608950589805035618E+0000  0.00000000000000000000E+0000  2.34433159148802059510E+0002  0.00000000000000000000E+0000  2.01696645424313697010E-0038  2.35698377405439042837E-0001  2.43285353636478203885E-0032  0.00000000000000000000E+0000  2.30698653655778053842E+0002  0.00000000000000000000E+0000  0.00000000000000000000E+0000  2.30715618650457067879E+0002  0.00000000000000000000E+0000  0.00000000000000000000E+0000  0.00000000000000000000E+0000  0.00000000000000000000E+0000  0.00000000000000000000E+0000 -8.21554288790409256496E-0007 -3.22996622717402371216E+0000  0.00000000000000000000E+0000  0.00000000000000000000E+0000  0.00000000000000000000E+0000  1.31941939525372866468E-0006
 1.01199999999999999996E-0006  0.00000000000000000000E+0000 -3.28240037625563540726E-0004  1.33908677811098415843E-0004 -3.28240037625563540726E-0004  1.04999999999999999996E+0000  1.49498798088852060013E+0000  1.57193776451731251559E+0000  1.44609125270311843344E+0000  0.00000000000000000000E+0000  2.34433159148802059510E+0002  0.00000000000000000000E+0000  2.01708969499736632706E-0038  2.35714220292659286523E-0001  2.43302922910171021401E-0032  0.00000000000000000000E+0000  2.30707590708385622741E+0002  0.00000000000000000000E+0000  0.00000000000000000000E+0000  2.30723017879485380058E+0002  0.00000000000000000000E+0000  0.00000000000000000000E+0000  0.00000000000000000000E+0000  0.00000000000000000000E+0000  0.00000000000000000000E+0000 -8.44619138086854753155E-0007 -3.22993952216005087417E+0000  0.00000000000000000000E+0000  0.00000000000000000000E+0000  0.00000000000000000000E+0000  1.07079947686684769490E-0006
 1.03199999999999999996E-0006  0.00000000000000000000E+0000 -3.01579958356404038517E-0004  1.21560761504853071141E-0004 -3.01579958356404038517E-0004  1.04999999999999999996E+0000  1.49498939517868719459E+0000  1.57193936159249966712E+0000  1.44609287359258009210E+0000  0.00000000000000000000E+0000  2.34433159148802059510E+0002  0.00000000000000000000E+0000  2.01720404755954869858E-0038  2.35728920691946437858E-0001  2.43319225171318576455E-0032  0.00000000000000000000E+0000  2.30715869076253648096E+0002  0.00000000000000000000E+0000  0.00000000000000000000E+0000  2.30729892102110340918E+0002  0.00000000000000000000E+0000  0.00000000000000000000E+0000  0.00000000000000000000E+0000  0.00000000000000000000E+0000  0.00000000000000000000E+0000 -7.92684500612767452937E-0007 -3.23000502208549306157E+0000  0.00000000000000000000E+0000  0.00000000000000000000E+0000  0.00000000000000000000E+0000  9.35486102209922659489E-0007
 1.05300000000000000003E-0006  0.00000000000000000000E+0000 -2.76863064382407555612E-0004  1.10144190463036274358E-0004 -2.76863064382407555612E-0004  1.04999999999999999996E+0000  1.49499073964800152138E+0000  1.57194087983447463057E+0000  1.44609441445161113302E+0000  0.00000000000000000000E+0000  2.34433159148802059510E+0002  0.00000000000000000000E+0000  2.01731276667410115049E-0038  2.35742897013651617785E-0001  2.43334724405049823445E-0032  0.00000000000000000000E+0000  2.30723721594610383018E+0002  0.00000000000000000000E+0000  0.00000000000000000000E+0000  2.30736437814871169827E+0002  0.00000000000000000000E+0000  0.00000000000000000000E+0000  0.00000000000000000000E+0000  0.00000000000000000000E+0000  0.00000000000000000000E+0000 -7.48658484101636807734E-0007 -3.23006070884923954007E+0000  0.00000000000000000000E+0000  0.00000000000000000000E+0000  0.00000000000000000000E+0000  8.74417091943165101570E-0007
 1.07399999999999999999E-0006  0.00000000000000000000E+0000 -2.65136862964656304051E-0004  1.00059769549654617077E-0004 -2.65136862964656304051E-0004  1.04999999999999999996E+0000  1.49499195793568895644E+0000  1.57194225565761257072E+0000  1.44609581069790211442E+0000  0.00000000000000000000E+0000  2.34433159148802059510E+0002  0.00000000000000000000E+0000  2.01741129195390694987E-0038  2.35755563366527083412E-0001  2.43348770630349119223E-0032  0.00000000000000000000E+0000  2.30730871848471303612E+0002  0.00000000000000000000E+0000  0.00000000000000000000E+0000  2.30742349216652139959E+0002  0.00000000000000000000E+0000  0.00000000000000000000E+0000  0.00000000000000000000E+0000  0.00000000000000000000E+0000  0.00000000000000000000E+0000 -7.54075953767405414513E-0007 -3.23005539023380785525E+0000  0.00000000000000000000E+0000  0.00000000000000000000E+0000  0.00000000000000000000E+0000  7.03371612399747541176E-0007
 1.09600000000000000002E-0006  0.00000000000000000000E+0000 -2.42507143866623493822E-0004  9.00034173984245963893E-0005 -2.42507143866623493822E-0004  1.04999999999999999996E+0000  1.49499310823548507254E+0000  1.57194355472773873402E+0000  1.44609712901876235670E+0000  0.00000000000000000000E+0000  2.34433159148802059510E+0002  0.00000000000000000000E+0000  2.01750432144896054401E-0038  2.35767523411179382483E-0001  2.43362033457544893182E-0032  0.00000000000000000000E+0000  2.30737592366139873126E+0002  0.00000000000000000000E+0000  0.00000000000000000000E+0000  2.30747949397266490790E+0002  0.00000000000000000000E+0000  0.00000000000000000000E+0000  0.00000000000000000000E+0000  0.00000000000000000000E+0000  0.00000000000000000000E+0000 -7.16261568700669235112E-0007 -3.23010321589137760893E+0000  0.00000000000000000000E+0000  0.00000000000000000000E+0000  0.00000000000000000000E+0000  6.32859589048770465143E-0007
 1.11800000000000000004E-0006  0.00000000000000000000E+0000 -2.32092921293546237005E-0004  8.14148512493868378203E-0005 -2.32092921293546237005E-0004  1.04999999999999999996E+0000  1.49499414593216952850E+0000  1.57194472668524563841E+0000  1.44609831828867125745E+0000  0.00000000000000000000E+0000  2.34433159148802059510E+0002  0.00000000000000000000E+0000  2.01758825155998996447E-0038  2.35778313974556838196E-0001  2.43373999194939556406E-0032  0.00000000000000000000E+0000  2.30743682488070697284E+0002  0.00000000000000000000E+0000  0.00000000000000000000E+0000  2.30752985523587296965E+0002  0.00000000000000000000E+0000  0.00000000000000000000E+0000  0.00000000000000000000E+0000  0.00000000000000000000E+0000  0.00000000000000000000E+0000 -7.20097830308315035488E-0007 -3.23009964394512635215E+0000  0.00000000000000000000E+0000  0.00000000000000000000E+0000  0.00000000000000000000E+0000  4.92461192013676237589E-0007
 1.13999999999999999997E-0006  0.00000000000000000000E+0000 -2.20712585227968820639E-0004  7.34183595670986578499E-0005 -2.20712585227968820639E-0004  1.04999999999999999996E+0000  1.49499508225040223441E+0000  1.57194578419612782398E+0000  1.44609939137078951244E+0000  0.00000000000000000000E+0000  2.34433159148802059510E+0002  0.00000000000000000000E+0000  2.01766398798091323450E-0038  2.35788051441640512660E-0001  2.43384796921273085574E-0032  0.00000000000000000000E+0000  2.30749172224374333659E+0002  0.00000000000000000000E+0000  0.00000000000000000000E+0000  2.30757533766906069175E+0002  0.00000000000000000000E+0000  0.00000000000000000000E+0000  0.00000000000000000000E+0000  0.00000000000000000000E+0000  0.00000000000000000000E+0000 -7.33311332914173936867E-0007 -3.23008441603291924561E+0000  0.00000000000000000000E+0000  0.00000000000000000000E+0000  0.00000000000000000000E+0000  3.22358229565726453365E-0007
 1.16299999999999999995E-0006  0.00000000000000000000E+0000 -2.01435176382129896709E-0004  6.58208624380517024802E-0005 -2.01435176382129896709E-0004  1.04999999999999999996E+0000  1.49499596030211634066E+0000  1.57194677593612444752E+0000  1.44610039767237655458E+0000  0.00000000000000000000E+0000  2.34433159148802059510E+0002  0.00000000000000000000E+0000  2.01773501053798212995E-0038  2.35797183118357543791E-0001  2.43394922695667694700E-0032  0.00000000000000000000E+0000  2.30754298903065977897E+0002  0.00000000000000000000E+0000  0.00000000000000000000E+0000  2.30761811748091796095E+0002  0.00000000000000000000E+0000  0.00000000000000000000E+0000  0.00000000000000000000E+0000  0.00000000000000000000E+0000  0.00000000000000000000E+0000 -6.95580729407382320819E-0007 -3.23013183736823328881E+0000  0.00000000000000000000E+0000  0.00000000000000000000E+0000  0.00000000000000000000E+0000  3.15859218333906771201E-0007
 1.18600000000000000004E-0006  0.00000000000000000000E+0000 -1.93477563270379161978E-0004  5.92934420500467117009E-0005 -1.93477563270379161978E-0004  1.04999999999999999996E+0000  1.49499674887688755495E+0000  1.57194766666904632460E+0000  1.44610130142930406311E+0000  0.00000000000000000000E+0000  2.34433159148802059510E+0002  0.00000000000000000000E+0000  2.01779880156692533092E-0038  2.35805385349465977790E-0001  2.43404017611348566009E-0032  0.00000000000000000000E+0000  2.30758923416715890267E+0002  0.00000000000000000000E+0000  0.00000000000000000000E+0000  2.30765642149329557611E+0002  0.00000000000000000000E+0000  0.00000000000000000000E+0000  0.00000000000000000000E+0000  0.00000000000000000000E+0000  0.00000000000000000000E+0000 -6.97978955691603579019E-0007 -3.23012975953097247533E+0000  0.00000000000000000000E+0000  0.00000000000000000000E+0000  0.00000000000000000000E+0000  2.21691987860011247845E-0007
 1.20999999999999999998E-0006  0.00000000000000000000E+0000 -1.76454622794806662554E-0004  5.28625444449168068194E-0005 -1.76454622794806662554E-0004  1.04999999999999999996E+0000  1.49499748346661827131E+0000  1.57194849646559880953E+0000  1.44610214331468996986E+0000  0.00000000000000000000E+0000  2.34433159148802059510E+0002  0.00000000000000000000E+0000  2.01785822459962778163E-0038  2.35813026242551372126E-0001  2.43412489876100418012E-0032  0.00000000000000000000E+0000  2.30763214052763166992E+0002  0.00000000000000000000E+0000  0.00000000000000000000E+0000  2.30769220643768338153E+0002  0.00000000000000000000E+0000  0.00000000000000000000E+0000  0.00000000000000000000E+0000  0.00000000000000000000E+0000  0.00000000000000000000E+0000 -6.57935300982883676430E-0007 -3.23017986926517551680E+0000  0.00000000000000000000E+0000  0.00000000000000000000E+0000  0.00000000000000000000E+0000  2.25154323836270302304E-0007
 1.23400000000000000003E-0006  0.00000000000000000000E+0000 -1.69451638273724259648E-0004  4.73904895088469191444E-0005 -1.69451638273724259648E-0004  1.04999999999999999996E+0000  1.49499814025116639139E+0000  1.57194923841608117971E+0000  1.44610289603105934830E+0000  0.00000000000000000000E+0000  2.34433159148802059510E+0002  0.00000000000000000000E+0000  2.01791135933486150678E-0038  2.35819858811622333356E-0001  2.43420065689013306553E-0032  0.00000000000000000000E+0000  2.30767065968439124057E+0002  0.00000000000000000000E+0000  0.00000000000000000000E+0000  2.30772411149715965681E+0002  0.00000000000000000000E+0000  0.00000000000000000000E+0000  0.00000000000000000000E+0000  0.00000000000000000000E+0000  0.00000000000000000000E+0000 -6.58033633867449622647E-0007 -3.23018047658008887490E+0000  0.00000000000000000000E+0000  0.00000000000000000000E+0000  0.00000000000000000000E+0000  1.44211345686681672850E-0007
 1.25900000000000000004E-0006  0.00000000000000000000E+0000 -1.54207830522134868433E-0004  4.20663863281653537753E-0005 -1.54207830522134868433E-0004  1.04999999999999999996E+0000  1.49499874809600395459E+0000  1.57194992512258102072E+0000  1.44610359265881902545E+0000  0.00000000000000000000E+0000  2.34433159148802059510E+0002  0.00000000000000000000E+0000  2.01796053297179509214E-0038  2.35826182311623815970E-0001  2.43427076837278924808E-0032  0.00000000000000000000E+0000  2.30770617080816380029E+0002  0.00000000000000000000E+0000  0.00000000000000000000E+0000  2.30775372060240915387E+0002  0.00000000000000000000E+0000  0.00000000000000000000E+0000  0.00000000000000000000E+0000  0.00000000000000000000E+0000  0.00000000000000000000E+0000 -6.17766958027380063954E-0007 -3.23023072037056543275E+0000  0.00000000000000000000E+0000  0.00000000000000000000E+0000  0.00000000000000000000E+0000  1.63175598563535681780E-0007
 1.28400000000000000004E-0006  0.00000000000000000000E+0000 -1.48027876457672001484E-0004  3.75387945096087862700E-0005 -1.48027876457672001484E-0004  1.04999999999999999996E+0000  1.49499928912610594901E+0000  1.57195053638578374571E+0000  1.44610421271341963942E+0000  0.00000000000000000000E+0000  2.34433159148802059510E+0002  0.00000000000000000000E+0000  2.01800430666949987582E-0038  2.35831811636556444337E-0001  2.43433318153833252941E-0032  0.00000000000000000000E+0000  2.30773790011703893929E+0002  0.00000000000000000000E+0000  0.00000000000000000000E+0000  2.30778000670893986654E+0002  0.00000000000000000000E+0000  0.00000000000000000000E+0000  0.00000000000000000000E+0000  0.00000000000000000000E+0000  0.00000000000000000000E+0000 -6.16096206625865874091E-0007 -3.23023337693083129182E+0000  0.00000000000000000000E+0000  0.00000000000000000000E+0000  0.00000000000000000000E+0000  9.38730998982763093337E-0008
 1.30900000000000000005E-0006  0.00000000000000000000E+0000 -1.41889823623792578875E-0004  3.34614239556859552965E-0005 -1.41889823623792578875E-0004  1.04999999999999999996E+0000  1.49499977093806857710E+0000  1.57195108079870939316E+0000  1.44610476490226617160E+0000  0.00000000000000000000E+0000  2.34433159148802059510E+0002  0.00000000000000000000E+0000  2.01804329367994224974E-0038  2.35836825737318098569E-0001  2.43438877104578763982E-0032  0.00000000000000000000E+0000  2.30776612697044145234E+0002  0.00000000000000000000E+0000  0.00000000000000000000E+0000  2.30780343959859575331E+0002  0.00000000000000000000E+0000  0.00000000000000000000E+0000  0.00000000000000000000E+0000  0.00000000000000000000E+0000  0.00000000000000000000E+0000 -6.25480793880481732840E-0007 -3.23022235840247011083E+0000  0.00000000000000000000E+0000  0.00000000000000000000E+0000  0.00000000000000000000E+0000  2.32550097344005282854E-0008
 1.33599999999999999997E-0006  0.00000000000000000000E+0000 -1.29762297048868625062E-0004  2.95135451340532873354E-0005 -1.29762297048868625062E-0004  1.04999999999999999996E+0000  1.49500022936384257708E+0000  1.57195159885455117046E+0000  1.44610529029020191678E+0000  0.00000000000000000000E+0000  2.34433159148802059510E+0002  0.00000000000000000000E+0000  2.01808039446373576961E-0038  2.35841597694743064482E-0001  2.43444167253002299654E-0032  0.00000000000000000000E+0000  2.30779281855571548457E+0002  0.00000000000000000000E+0000  0.00000000000000000000E+0000  2.30782583683501215557E+0002  0.00000000000000000000E+0000  0.00000000000000000000E+0000  0.00000000000000000000E+0000  0.00000000000000000000E+0000  0.00000000000000000000E+0000 -6.03043442277389799060E-0007 -3.23025048838474168004E+0000  0.00000000000000000000E+0000  0.00000000000000000000E+0000  0.00000000000000000000E+0000  8.68299784223205387610E-0008
 1.36200000000000000004E-0006  0.00000000000000000000E+0000 -1.26777923264181502926E-0004  2.62310846579305305258E-0005 -1.26777923264181502926E-0004  1.04999999999999999996E+0000  1.49500062018922494497E+0000  1.57195204057157736160E+0000  1.44610573820766018704E+0000  0.00000000000000000000E+0000  2.34433159148802059510E+0002  0.00000000000000000000E+0000  2.01811201186904362960E-0038  2.35845664694614057325E-0001  2.43448675660349486389E-0032  0.00000000000000000000E+0000  2.30781581980112537975E+0002  0.00000000000000000000E+0000  0.00000000000000000000E+0000  2.30784477810395190753E+0002  0.00000000000000000000E+0000  0.00000000000000000000E+0000  0.00000000000000000000E+0000  0.00000000000000000000E+0000  0.00000000000000000000E+0000 -5.87886512970551615189E-0007 -3.23026957958537761580E+0000  0.00000000000000000000E+0000  0.00000000000000000000E+0000  0.00000000000000000000E+0000  5.68671810150884200403E-0008
 1.39000000000000000003E-0006  0.00000000000000000000E+0000 -1.14154032518217117535E-0004  2.29892615341622710931E-0005 -1.14154032518217117535E-0004  1.04999999999999999996E+0000  1.49500098905568896176E+0000  1.57195245751392527608E+0000  1.44610616095762078450E+0000  0.00000000000000000000E+0000  2.34433159148802059510E+0002  0.00000000000000000000E+0000  2.01814186630679948029E-0038  2.35849505205649113710E-0001  2.43452932763629503428E-0032  0.00000000000000000000E+0000  2.30783730323598755149E+0002  0.00000000000000000000E+0000  0.00000000000000000000E+0000  2.30786279793989095949E+0002  0.00000000000000000000E+0000  0.00000000000000000000E+0000  0.00000000000000000000E+0000  0.00000000000000000000E+0000  0.00000000000000000000E+0000 -5.60044110491210829367E-0007 -3.23030426326550736929E+0000  0.00000000000000000000E+0000  0.00000000000000000000E+0000  0.00000000000000000000E+0000  9.07769442697069876111E-0008
 1.41699999999999999995E-0006  0.00000000000000000000E+0000 -1.18451426581624830323E-0004  2.04978557075972067275E-0005 -1.18451426581624830323E-0004  1.04999999999999999996E+0000  1.49500130433126735983E+0000  1.57195281392716460368E+0000  1.44610652228991553062E+0000  0.00000000000000000000E+0000  2.34433159148802059510E+0002  0.00000000000000000000E+0000  2.01816738992142584901E-0038  2.35852788831527773741E-0001  2.43456572396243262245E-0032  0.00000000000000000000E+0000  2.30785584236581221604E+0002  0.00000000000000000000E+0000  0.00000000000000000000E+0000  2.30787810100439535491E+0002  0.00000000000000000000E+0000  0.00000000000000000000E+0000  0.00000000000000000000E+0000  0.00000000000000000000E+0000  0.00000000000000000000E+0000 -6.07235303495136025534E-0007 -3.23024651790106112279E+0000  0.00000000000000000000E+0000  0.00000000000000000000E+0000  0.00000000000000000000E+0000 -5.11445267935552515917E-0008
 1.44600000000000000000E-0006  0.00000000000000000000E+0000 -1.02453350300320382396E-0004  1.77969245757479429428E-0005 -1.02453350300320382396E-0004  1.04999999999999999996E+0000  1.49500159821219932160E+0000  1.57195314624330176193E+0000  1.44610685910679420847E+0000  0.00000000000000000000E+0000  2.34433159148802059510E+0002  0.00000000000000000000E+0000  2.01819116748246808056E-0038  2.35855848435200753847E-0001  2.43459963248647320438E-0032  0.00000000000000000000E+0000  2.30787295987396255420E+0002  0.00000000000000000000E+0000  0.00000000000000000000E+0000  2.30789245338764903007E+0002  0.00000000000000000000E+0000  0.00000000000000000000E+0000  0.00000000000000000000E+0000  0.00000000000000000000E+0000  0.00000000000000000000E+0000 -5.35749943291899501315E-0007 -3.23033484494722854296E+0000  0.00000000000000000000E+0000  0.00000000000000000000E+0000  0.00000000000000000000E+0000  1.43892877973105979334E-0007
 1.47500000000000000005E-0006  0.00000000000000000000E+0000 -1.05285280562827316923E-0004  1.58254849724538477775E-0005 -1.05285280562827316923E-0004  1.04999999999999999996E+0000  1.49500185667086352441E+0000  1.57195343854312127797E+0000  1.44610715532649267471E+0000  0.00000000000000000000E+0000  2.34433159148802059510E+0002  0.00000000000000000000E+0000  2.01821210118767267804E-0038  2.35858542294362106583E-0001  2.43462948602918755158E-0032  0.00000000000000000000E+0000  2.30788811609429688670E+0002  0.00000000000000000000E+0000  0.00000000000000000000E+0000  2.30790503103400391954E+0002  0.00000000000000000000E+0000  0.00000000000000000000E+0000  0.00000000000000000000E+0000  0.00000000000000000000E+0000  0.00000000000000000000E+0000 -5.79291963261347138812E-0007 -3.23028152812837071454E+0000  0.00000000000000000000E+0000  0.00000000000000000000E+0000  0.00000000000000000000E+0000 -1.79213245864051485768E-0008
 1.50399999999999999999E-0006  0.00000000000000000000E+0000 -9.79781891285199028914E-0005  1.37660584256366864979E-0005 -9.79781891285199028914E-0005  1.04999999999999999996E+0000  1.49500208167979074629E+0000  1.57195369308823136589E+0000  1.44610741321380702900E+0000  0.00000000000000000000E+0000  2.34433159148802059510E+0002  0.00000000000000000000E+0000  2.01823030694901422625E-0038  2.35860885578952003574E-0001  2.43465545088564276685E-0032  0.00000000000000000000E+0000  2.30790129714623767479E+0002  0.00000000000000000000E+0000  0.00000000000000000000E+0000  2.30791597836689491866E+0002  0.00000000000000000000E+0000  0.00000000000000000000E+0000  0.00000000000000000000E+0000  0.00000000000000000000E+0000  0.00000000000000000000E+0000 -5.46092525526996124129E-0007 -3.23032264663440957827E+0000  0.00000000000000000000E+0000  0.00000000000000000000E+0000  0.00000000000000000000E+0000  8.40941039290927357487E-0008
 1.53400000000000000000E-0006  0.00000000000000000000E+0000 -9.45612762799985272751E-0005  1.21861155756601055038E-0005 -9.45612762799985272751E-0005  1.04999999999999999996E+0000  1.49500228469832883635E+0000  1.57195392281465169562E+0000  1.44610764589919844664E+0000  0.00000000000000000000E+0000  2.34433159148802059510E+0002  0.00000000000000000000E+0000  2.01824675170520888307E-0038  2.35863002555158986329E-0001  2.43467890531753484294E-0032  0.00000000000000000000E+0000  2.30791315383716008292E+0002  0.00000000000000000000E+0000  0.00000000000000000000E+0000  2.30792588969707960972E+0002  0.00000000000000000000E+0000  0.00000000000000000000E+0000  0.00000000000000000000E+0000  0.00000000000000000000E+0000  0.00000000000000000000E+0000 -5.56194454478174980224E-0007 -3.23031043452972958449E+0000  0.00000000000000000000E+0000  0.00000000000000000000E+0000  0.00000000000000000000E+0000  3.50962215820515166300E-0008
 1.56499999999999999997E-0006  0.00000000000000000000E+0000 -8.78647389671643933041E-0005  1.04905050085108816899E-0005 -8.78647389671643933041E-0005  1.04999999999999999996E+0000  1.49500246551590129727E+0000  1.57195412748455813255E+0000  1.44610785314175613596E+0000  0.00000000000000000000E+0000  2.34433159148802059510E+0002  0.00000000000000000000E+0000  2.01826138795066630872E-0038  2.35864887116842598654E-0001  2.43469978160874961408E-0032  0.00000000000000000000E+0000  2.30792372696464061665E+0002  0.00000000000000000000E+0000  0.00000000000000000000E+0000  2.30793470196746776171E+0002  0.00000000000000000000E+0000  0.00000000000000000000E+0000  0.00000000000000000000E+0000  0.00000000000000000000E+0000  0.00000000000000000000E+0000 -5.22786058191245098074E-0007 -3.23035176095494765787E+0000  0.00000000000000000000E+0000  0.00000000000000000000E+0000  0.00000000000000000000E+0000  1.12887655462646665383E-0007
 1.59600000000000000004E-0006  0.00000000000000000000E+0000 -8.57324212714320471407E-0005  9.31221074432783150239E-0006 -8.57324212714320471407E-0005  1.04999999999999999996E+0000  1.49500262225332543298E+0000  1.57195430494917983539E+0000  1.44610803278681538601E+0000  0.00000000000000000000E+0000  2.34433159148802059510E+0002  0.00000000000000000000E+0000  2.01827407989477675330E-0038  2.35866521630627564077E-0001  2.43471788559119156039E-0032  0.00000000000000000000E+0000  2.30793291708585137520E+0002  0.00000000000000000000E+0000  0.00000000000000000000E+0000  2.30794233030186942426E+0002  0.00000000000000000000E+0000  0.00000000000000000000E+0000  0.00000000000000000000E+0000  0.00000000000000000000E+0000  0.00000000000000000000E+0000 -5.20416972121940244165E-0007 -3.23035484914930477599E+0000  0.00000000000000000000E+0000  0.00000000000000000000E+0000  0.00000000000000000000E+0000  7.57845811281386059091E-0008
 1.62799999999999999996E-0006  0.00000000000000000000E+0000 -7.89279516444200088240E-0005  7.94443009517557137233E-0006 -7.89279516444200088240E-0005  1.04999999999999999996E+0000  1.49500276078724707643E+0000  1.57195446186332704836E+0000  1.44610819157013652681E+0000  0.00000000000000000000E+0000  2.34433159148802059510E+0002  0.00000000000000000000E+0000  2.01828529411560822976E-0038  2.35867966207579751311E-0001  2.43473388288636935655E-0032  0.00000000000000000000E+0000  2.30794102135533371181E+0002  0.00000000000000000000E+0000  0.00000000000000000000E+0000  2.30794908036091918860E+0002  0.00000000000000000000E+0000  0.00000000000000000000E+0000  0.00000000000000000000E+0000  0.00000000000000000000E+0000  0.00000000000000000000E+0000 -4.86228248695900755396E-0007 -3.23039708875826951911E+0000  0.00000000000000000000E+0000  0.00000000000000000000E+0000  0.00000000000000000000E+0000  1.43589483259705951495E-0007
 1.66099999999999999995E-0006  0.00000000000000000000E+0000 -7.70336726047837777665E-0005  7.20407042706622390194E-0006 -7.70336726047837777665E-0005  1.04999999999999999996E+0000  1.49500288376261149118E+0000  1.57195460120600843490E+0000  1.44610833252204215528E+0000  0.00000000000000000000E+0000  2.34433159148802059510E+0002  0.00000000000000000000E+0000  2.01829526141866548178E-0038  2.35869250459524185047E-0001  2.43474810232022778905E-0032  0.00000000000000000000E+0000  2.30794821969029871761E+0002  0.00000000000000000000E+0000  0.00000000000000000000E+0000  2.30795507783909996713E+0002  0.00000000000000000000E+0000  0.00000000000000000000E+0000  0.00000000000000000000E+0000  0.00000000000000000000E+0000  0.00000000000000000000E+0000 -4.90207672634356788114E-0007 -3.23039232415679884443E+0000  0.00000000000000000000E+0000  0.00000000000000000000E+0000  0.00000000000000000000E+0000  8.98065914521689440983E-0008
 1.69400000000000000004E-0006  0.00000000000000000000E+0000 -7.73403382985637856313E-0005  6.54379169679922471690E-0006 -7.73403382985637856313E-0005  1.04999999999999999996E+0000  1.49500299011662980046E+0000  1.57195472177527740762E+0000  1.44610845442528916389E+0000  0.00000000000000000000E+0000  2.34433159148802059510E+0002  0.00000000000000000000E+0000  2.01830388382637648548E-0038  2.35870361775695778657E-0001  2.43476040423669644752E-0032  0.00000000000000000000E+0000  2.30795445126640660388E+0002  0.00000000000000000000E+0000  0.00000000000000000000E+0000  2.30796026438715473933E+0002  0.00000000000000000000E+0000  0.00000000000000000000E+0000  0.00000000000000000000E+0000  0.00000000000000000000E+0000  0.00000000000000000000E+0000 -5.08158938087768300717E-0007 -3.23037034142291206947E+0000  0.00000000000000000000E+0000  0.00000000000000000000E+0000  0.00000000000000000000E+0000  4.55464311012928532378E-0008
 1.72799999999999999999E-0006  0.00000000000000000000E+0000 -7.29479795780597627053E-0005  5.29186805365836991899E-0006 -7.29479795780597627053E-0005  1.04999999999999999996E+0000  1.49500308319403031946E+0000  1.57195482738167212409E+0000  1.44610856111559338733E+0000  0.00000000000000000000E+0000  2.34433159148802059510E+0002  0.00000000000000000000E+0000  2.01831142527297442064E-0038  2.35871334317373104348E-0001  2.43477116574802041170E-0032  0.00000000000000000000E+0000  2.30795989359737447139E+0002  0.00000000000000000000E+0000  0.00000000000000000000E+0000  2.30796480750652619349E+0002  0.00000000000000000000E+0000  0.00000000000000000000E+0000  0.00000000000000000000E+0000  0.00000000000000000000E+0000  0.00000000000000000000E+0000 -4.88627343892816702374E-0007 -3.23039448748276860962E+0000  0.00000000000000000000E+0000  0.00000000000000000000E+0000  0.00000000000000000000E+0000  1.29954323445438410978E-0007
 1.76200000000000000004E-0006  0.00000000000000000000E+0000 -7.24092941320234237024E-0005  5.12783280971794109820E-0006 -7.24092941320234237024E-0005  1.04999999999999999996E+0000  1.49500316313167657279E+0000  1.57195491815822675221E+0000  1.44610865274868869562E+0000  0.00000000000000000000E+0000  2.34433159148802059510E+0002  0.00000000000000000000E+0000  2.01831790789795662398E-0038  2.35872170799225890322E-0001  2.43478041795444961311E-0032  0.00000000000000000000E+0000  2.30796457736794415602E+0002  0.00000000000000000000E+0000  0.00000000000000000000E+0000  2.30796871012049866059E+0002  0.00000000000000000000E+0000  0.00000000000000000000E+0000  0.00000000000000000000E+0000  0.00000000000000000000E+0000  0.00000000000000000000E+0000 -4.96417865659569837393E-0007 -3.23038498332267306860E+0000  0.00000000000000000000E+0000  0.00000000000000000000E+0000  0.00000000000000000000E+0000  9.84080641989118024113E-0008
 1.79800000000000000000E-0006  0.00000000000000000000E+0000 -6.34414391999097931338E-0005  3.74780845369207139739E-0006 -6.34414391999097931338E-0005  1.04999999999999999996E+0000  1.49500323241955633438E+0000  1.57195499693817150957E+0000  1.44610873217869947158E+0000  0.00000000000000000000E+0000  2.34433159148802059510E+0002  0.00000000000000000000E+0000  2.01832351256263082594E-0038  2.35872894610070371941E-0001  2.43478841910524159628E-0032  0.00000000000000000000E+0000  2.30796863838502313057E+0002  0.00000000000000000000E+0000  0.00000000000000000000E+0000  2.30797208066405379001E+0002  0.00000000000000000000E+0000  0.00000000000000000000E+0000  0.00000000000000000000E+0000  0.00000000000000000000E+0000  0.00000000000000000000E+0000 -4.28370590524069676274E-0007 -3.23046882707820521077E+0000  0.00000000000000000000E+0000  0.00000000000000000000E+0000  0.00000000000000000000E+0000  2.53928387522823540790E-0007
 1.83300000000000000001E-0006  0.00000000000000000000E+0000 -6.52958302611566499357E-0005  4.89969809832342560261E-0006 -6.52958302611566499357E-0005  1.04999999999999999996E+0000  1.49500329059060796996E+0000  1.57195506312376707991E+0000  1.44610879886595948291E+0000  0.00000000000000000000E+0000  2.34433159148802059510E+0002  0.00000000000000000000E+0000  2.01832823380778151382E-0038  2.35873504591369177454E-0001  2.43479515984142049422E-0032  0.00000000000000000000E+0000  2.30797206579675462532E+0002  0.00000000000000000000E+0000  0.00000000000000000000E+0000  2.30797491373436264611E+0002  0.00000000000000000000E+0000  0.00000000000000000000E+0000  0.00000000000000000000E+0000  0.00000000000000000000E+0000  0.00000000000000000000E+0000 -4.48185071651844327499E-0007 -3.23044449529896592565E+0000  0.00000000000000000000E+0000  0.00000000000000000000E+0000  0.00000000000000000000E+0000  1.19892213911621102970E-0007
 1.87000000000000000004E-0006  0.00000000000000000000E+0000 -6.30027766679907795437E-0005  3.85308358403816658594E-0006 -6.30027766679907795437E-0005  1.04999999999999999996E+0000  1.49500334244592555195E+0000  1.57195512217986802276E+0000  1.44610885831389929875E+0000  0.00000000000000000000E+0000  2.34433159148802059510E+0002  0.00000000000000000000E+0000  2.01833244920388761162E-0038  2.35874049526912800263E-0001  2.43480117923629707594E-0032  0.00000000000000000000E+0000  2.30797509955353698993E+0002  0.00000000000000000000E+0000  0.00000000000000000000E+0000  2.30797745173056751994E+0002  0.00000000000000000000E+0000  0.00000000000000000000E+0000  0.00000000000000000000E+0000  0.00000000000000000000E+0000  0.00000000000000000000E+0000 -4.45055494332068836812E-0007 -3.23044840313614763940E+0000  0.00000000000000000000E+0000  0.00000000000000000000E+0000  0.00000000000000000000E+0000  1.20782579743379822006E-0007
 1.90799999999999999993E-0006  0.00000000000000000000E+0000 -5.94940690927045099346E-0005  2.82956625265648201228E-0006 -5.94940690927045099346E-0005  1.04999999999999999996E+0000  1.49500338632523701048E+0000  1.57195517222580803164E+0000  1.44610890862030038145E+0000  0.00000000000000000000E+0000  2.34433159148802059510E+0002  0.00000000000000000000E+0000  2.01833600715488359653E-0038  2.35874509911538097985E-0001  2.43480626117156040457E-0032  0.00000000000000000000E+0000  2.30797767882405500256E+0002  0.00000000000000000000E+0000  0.00000000000000000000E+0000  2.30797958728277697399E+0002  0.00000000000000000000E+0000  0.00000000000000000000E+0000  0.00000000000000000000E+0000  0.00000000000000000000E+0000  0.00000000000000000000E+0000 -4.20520424388428491677E-0007 -3.23047865308804699582E+0000  0.00000000000000000000E+0000  0.00000000000000000000E+0000  0.00000000000000000000E+0000  1.73284261876614772058E-0007
 1.94600000000000000002E-0006  0.00000000000000000000E+0000 -5.94410974125888532236E-0005  3.39870795020858464393E-0006 -5.94410974125888532236E-0005  1.04999999999999999996E+0000  1.49500342348371055622E+0000  1.57195521467268971045E+0000  1.44610895122405727403E+0000  0.00000000000000000000E+0000  2.34433159148802059510E+0002  0.00000000000000000000E+0000  2.01833902796665253981E-0038  2.35874901185868686697E-0001  2.43481057713160708027E-0032  0.00000000000000000000E+0000  2.30797986461818342804E+0002  0.00000000000000000000E+0000  0.00000000000000000000E+0000  2.30798140171748532717E+0002  0.00000000000000000000E+0000  0.00000000000000000000E+0000  0.00000000000000000000E+0000  0.00000000000000000000E+0000  0.00000000000000000000E+0000 -4.26319266665019069606E-0007 -3.23047155281611625454E+0000  0.00000000000000000000E+0000  0.00000000000000000000E+0000  0.00000000000000000000E+0000  1.37985589005765663923E-0007
 1.98499999999999999997E-0006  0.00000000000000000000E+0000 -5.71670421919396261163E-0005  2.78744776227553116792E-0006 -5.71670421919396261163E-0005  1.04999999999999999996E+0000  1.49500345492380357830E+0000  1.57195525066990409726E+0000  1.44610898727500780886E+0000  0.00000000000000000000E+0000  2.34433159148802059510E+0002  0.00000000000000000000E+0000  2.01834158335560713006E-0038  2.35875232674754792294E-0001  2.43481422971769993389E-0032  0.00000000000000000000E+0000  2.30798171295594551744E+0002  0.00000000000000000000E+0000  0.00000000000000000000E+0000  2.30798293658061862407E+0002  0.00000000000000000000E+0000  0.00000000000000000000E+0000  0.00000000000000000000E+0000  0.00000000000000000000E+0000  0.00000000000000000000E+0000 -4.13507478973018159677E-0007 -3.23048735711143677075E+0000  0.00000000000000000000E+0000  0.00000000000000000000E+0000  0.00000000000000000000E+0000  1.57329402499839845333E-0007
 2.02399999999999999991E-0006  0.00000000000000000000E+0000 -5.82064071002410679339E-0005  3.63500370088284798413E-0006 -5.82064071002410679339E-0005  1.04999999999999999996E+0000  1.49500348197415601850E+0000  1.57195528170818188017E+0000  1.44610901829549818036E+0000  0.00000000000000000000E+0000  2.34433159148802059510E+0002  0.00000000000000000000E+0000  2.01834379106791770326E-0038  2.35875519458629965579E-0001  2.43481738662388562092E-0032  0.00000000000000000000E+0000  2.30798330033551808413E+0002  0.00000000000000000000E+0000  0.00000000000000000000E+0000  2.30798426690791360083E+0002  0.00000000000000000000E+0000  0.00000000000000000000E+0000  0.00000000000000000000E+0000  0.00000000000000000000E+0000  0.00000000000000000000E+0000 -4.31579513988697245619E-0007 -3.23046513692037772793E+0000  0.00000000000000000000E+0000  0.00000000000000000000E+0000  0.00000000000000000000E+0000  1.21304993766060022308E-0007
 2.06499999999999999998E-0006  0.00000000000000000000E+0000 -5.30752210550758866285E-0005  1.63719214199441466179E-0006 -5.30752210550758866285E-0005  1.04999999999999999996E+0000  1.49500350379080672921E+0000  1.57195530686360714718E+0000  1.44610904331993894234E+0000  0.00000000000000000000E+0000  2.34433159148802059510E+0002  0.00000000000000000000E+0000  2.01834556022438458915E-0038  2.35875750033898318921E-0001  2.43481991888286529947E-0032  0.00000000000000000000E+0000  2.30798459032517567724E+0002  0.00000000000000000000E+0000  0.00000000000000000000E+0000  2.30798532515610200486E+0002  0.00000000000000000000E+0000  0.00000000000000000000E+0000  0.00000000000000000000E+0000  0.00000000000000000000E+0000  0.00000000000000000000E+0000 -3.88193987220831261548E-0007 -3.23051856834354232943E+0000  0.00000000000000000000E+0000  0.00000000000000000000E+0000  0.00000000000000000000E+0000  2.09983890330692216673E-0007
 2.10600000000000000006E-0006  0.00000000000000000000E+0000 -5.21569249269166711617E-0005  2.30708710989463991084E-0006 -5.21569249269166711617E-0005  1.04999999999999999996E+0000  1.49500352154240434110E+0000  1.57195532742559327744E+0000  1.44610906368616973325E+0000  0.00000000000000000000E+0000  2.34433159148802059510E+0002  0.00000000000000000000E+0000  2.01834700566738643126E-0038  2.35875938990740269217E-0001  2.43482198964927002964E-0032  0.00000000000000000000E+0000  2.30798564793498517791E+0002  0.00000000000000000000E+0000  0.00000000000000000000E+0000  2.30798618886169125269E+0002  0.00000000000000000000E+0000  0.00000000000000000000E+0000  0.00000000000000000000E+0000  0.00000000000000000000E+0000  0.00000000000000000000E+0000 -3.79145204668877832459E-0007 -3.23052972423079702395E+0000  0.00000000000000000000E+0000  0.00000000000000000000E+0000  0.00000000000000000000E+0000  2.19015633646149611192E-0007
 2.14799999999999999998E-0006  0.00000000000000000000E+0000 -5.01303751791676334145E-0005  2.42426041843263608695E-0006 -5.01303751791676334145E-0005  1.04999999999999999996E+0000  1.49500353577609678866E+0000  1.57195534401827739042E+0000  1.44610908002118990700E+0000  0.00000000000000000000E+0000  2.34433159148802059510E+0002  0.00000000000000000000E+0000  2.01834816586114942563E-0038  2.35876091302228383607E-0001  2.43482365381304103729E-0032  0.00000000000000000000E+0000  2.30798650100797777152E+0002  0.00000000000000000000E+0000  0.00000000000000000000E+0000  2.30798687864412214857E+0002  0.00000000000000000000E+0000  0.00000000000000000000E+0000  0.00000000000000000000E+0000  0.00000000000000000000E+0000  0.00000000000000000000E+0000 -3.59918063658293933214E-0007 -3.23055340613526946231E+0000  0.00000000000000000000E+0000  0.00000000000000000000E+0000  0.00000000000000000000E+0000  2.12580102945785444634E-0007
 2.19099999999999999997E-0006  0.00000000000000000000E+0000 -5.15430406804559276343E-0005  3.78435915698466468421E-0006 -5.15430406804559276343E-0005  1.04999999999999999996E+0000  1.49500354837366637088E+0000  1.57195535876738787229E+0000  1.44610909448127596274E+0000  0.00000000000000000000E+0000  2.34433159148802059510E+0002  0.00000000000000000000E+0000  2.01834920725966851739E-0038  2.35876228365994530662E-0001  2.43482514867262985462E-0032  0.00000000000000000000E+0000  2.30798725288683582321E+0002  0.00000000000000000000E+0000  0.00000000000000000000E+0000  2.30798750002393942782E+0002  0.00000000000000000000E+0000  0.00000000000000000000E+0000  0.00000000000000000000E+0000  0.00000000000000000000E+0000  0.00000000000000000000E+0000 -3.73679485394793227621E-0007 -3.23053647597704344878E+0000  0.00000000000000000000E+0000  0.00000000000000000000E+0000  0.00000000000000000000E+0000  1.66304813964602753373E-0007
 2.23500000000000000003E-0006  0.00000000000000000000E+0000 -5.16695391850533414749E-0005  3.71701698023079057328E-0006 -5.16695391850533414749E-0005  1.04999999999999999996E+0000  1.49500355921381003824E+0000  1.57195537153422035194E+0000  1.44610910692715117988E+0000  0.00000000000000000000E+0000  2.34433159148802059510E+0002  0.00000000000000000000E+0000  2.01835010353922087813E-0038  2.35876346772981228397E-0001  2.43482643659911180575E-0032  0.00000000000000000000E+0000  2.30798789538213281400E+0002  0.00000000000000000000E+0000  0.00000000000000000000E+0000  2.30798803795422310225E+0002  0.00000000000000000000E+0000  0.00000000000000000000E+0000  0.00000000000000000000E+0000  0.00000000000000000000E+0000  0.00000000000000000000E+0000 -3.80006261035362100108E-0007 -3.23052869632151270032E+0000  0.00000000000000000000E+0000  0.00000000000000000000E+0000  0.00000000000000000000E+0000  1.23311928723980577100E-0007
 2.27999999999999999993E-0006  0.00000000000000000000E+0000 -4.69004550044644285550E-0005  1.17850109748357400471E-0006 -4.69004550044644285550E-0005  1.04999999999999999996E+0000  1.49500356634676921197E+0000  1.57195538010840437011E+0000  1.44610911512374721514E+0000  0.00000000000000000000E+0000  2.34433159148802059510E+0002  0.00000000000000000000E+0000  2.01835067845051360761E-0038  2.35876423808252587506E-0001  2.43482726613038577353E-0032  0.00000000000000000000E+0000  2.30798833055997595798E+0002  0.00000000000000000000E+0000  0.00000000000000000000E+0000  2.30798837676947039568E+0002  0.00000000000000000000E+0000  0.00000000000000000000E+0000  0.00000000000000000000E+0000  0.00000000000000000000E+0000  0.00000000000000000000E+0000 -3.36916808587241100703E-0007 -3.23058174599034253916E+0000  0.00000000000000000000E+0000  0.00000000000000000000E+0000  0.00000000000000000000E+0000  1.94596038106293355734E-0007
 2.32500000000000000005E-0006  0.00000000000000000000E+0000 -4.61794735802603473497E-0005  1.60805846343076992799E-0006 -4.61794735802603473497E-0005  1.04999999999999999996E+0000  1.49500357167516263540E+0000  1.57195538663523207699E+0000  1.44610912125177756480E+0000  0.00000000000000000000E+0000  2.34433159148802059510E+0002  0.00000000000000000000E+0000  2.01835111755161957364E-0038  2.35876483333524267886E-0001  2.43482790188113676193E-0032  0.00000000000000000000E+0000  2.30798866380481145805E+0002  0.00000000000000000000E+0000  0.00000000000000000000E+0000  2.30798863259409526322E+0002  0.00000000000000000000E+0000  0.00000000000000000000E+0000  0.00000000000000000000E+0000  0.00000000000000000000E+0000  0.00000000000000000000E+0000 -3.25606052200613261310E-0007 -3.23059567245795890345E+0000  0.00000000000000000000E+0000  0.00000000000000000000E+0000  0.00000000000000000000E+0000  2.21327250778109386109E-0007
 2.37200000000000000008E-0006  0.00000000000000000000E+0000 -4.51874958130270343258E-0005  2.18015715656895104279E-0006 -4.51874958130270343258E-0005  1.04999999999999999996E+0000  1.49500357544652850647E+0000  1.57195539141543900888E+0000  1.44610912559587472556E+0000  0.00000000000000000000E+0000  2.34433159148802059510E+0002  0.00000000000000000000E+0000  2.01835143488413872838E-0038  2.35876527278170539396E-0001  2.43482836425182343624E-0032  0.00000000000000000000E+0000  2.30798890989203133783E+0002  0.00000000000000000000E+0000  0.00000000000000000000E+0000  2.30798880969192239332E+0002  0.00000000000000000000E+0000  0.00000000000000000000E+0000  0.00000000000000000000E+0000  0.00000000000000000000E+0000  0.00000000000000000000E+0000 -3.09465490080377170934E-0007 -3.23061554306038158134E+0000  0.00000000000000000000E+0000  0.00000000000000000000E+0000  0.00000000000000000000E+0000  2.10720080905398860231E-0007
 2.41899999999999999991E-0006  0.00000000000000000000E+0000 -4.34310291341284905345E-0005  2.22696383448062640005E-0006 -4.34310291341284905345E-0005  1.04999999999999999996E+0000  1.49500357754307378164E+0000  1.57195539429085460906E+0000  1.44610912801992692119E+0000  0.00000000000000000000E+0000  2.34433159148802059510E+0002  0.00000000000000000000E+0000  2.01835160764697890579E-0038  2.35876552560370187500E-0001  2.43482862025659056610E-0032  0.00000000000000000000E+0000  2.30798905536526042348E+0002  0.00000000000000000000E+0000  0.00000000000000000000E+0000  2.30798890470560627203E+0002  0.00000000000000000000E+0000  0.00000000000000000000E+0000  0.00000000000000000000E+0000  0.00000000000000000000E+0000  0.00000000000000000000E+0000 -2.88682927147522069459E-0007 -3.23064112582246794033E+0000  0.00000000000000000000E+0000  0.00000000000000000000E+0000  0.00000000000000000000E+0000  2.04894134088767198387E-0007
 2.46800000000000000006E-0006  0.00000000000000000000E+0000 -4.17164501609356948161E-0005  2.29711752131383390214E-0006 -4.17164501609356948161E-0005  1.04999999999999999996E+0000  1.49500357812954907662E+0000  1.57195539546603379772E+0000  1.44610912871348066926E+0000  0.00000000000000000000E+0000  2.34433159148802059510E+0002  0.00000000000000000000E+0000  2.01835166190845827037E-0038  2.35876562639566847291E-0001  2.43482870739443372472E-0032  0.00000000000000000000E+0000  2.30798911953752531212E+0002  0.00000000000000000000E+0000  0.00000000000000000000E+0000  2.30798892097973947196E+0002  0.00000000000000000000E+0000  0.00000000000000000000E+0000  0.00000000000000000000E+0000  0.00000000000000000000E+0000  0.00000000000000000000E+0000 -2.63922232513520498042E-0007 -3.23067160432858631043E+0000  0.00000000000000000000E+0000  0.00000000000000000000E+0000  0.00000000000000000000E+0000  2.09680120579659816881E-0007
 2.51700000000000000001E-0006  0.00000000000000000000E+0000 -3.94468266370596900349E-0005  2.01435473187953933597E-0006 -3.94468266370596900349E-0005  1.04999999999999999996E+0000  1.49500357728252265897E+0000  1.57195539500231974846E+0000  1.44610912776315126554E+0000  0.00000000000000000000E+0000  2.34433159148802059510E+0002  0.00000000000000000000E+0000  2.01835159241100736128E-0038  2.35876556687396483214E-0001  2.43482861768487968045E-0032  0.00000000000000000000E+0000  2.30798909802361513696E+0002  0.00000000000000000000E+0000  0.00000000000000000000E+0000  2.30798886677793909719E+0002  0.00000000000000000000E+0000  0.00000000000000000000E+0000  0.00000000000000000000E+0000  0.00000000000000000000E+0000  0.00000000000000000000E+0000 -2.36156670085314511848E-0007 -3.23070577993861365895E+0000  0.00000000000000000000E+0000  0.00000000000000000000E+0000  0.00000000000000000000E+0000  2.18558236578385452063E-0007
 2.56700000000000000002E-0006  0.00000000000000000000E+0000 -3.71934879281022992812E-0005  1.81364583121413241965E-0006 -3.71934879281022992812E-0005  1.04999999999999999996E+0000  1.49500357513884821008E+0000  1.57195539306068519144E+0000  1.44610912532600120706E+0000  0.00000000000000000000E+0000  2.34433159148802059510E+0002  0.00000000000000000000E+0000  2.01835141863204810724E-0038  2.35876537243989263255E-0001  2.43482837900018706582E-0032  0.00000000000000000000E+0000  2.30798900511962144927E+0002  0.00000000000000000000E+0000  0.00000000000000000000E+0000  2.30798874533615503230E+0002  0.00000000000000000000E+0000  0.00000000000000000000E+0000  0.00000000000000000000E+0000  0.00000000000000000000E+0000  0.00000000000000000000E+0000 -2.05895503783888182973E-0007 -3.23074302634658123371E+0000  0.00000000000000000000E+0000  0.00000000000000000000E+0000  0.00000000000000000000E+0000  2.24781287664210656599E-0007
 2.61899999999999999995E-0006  0.00000000000000000000E+0000 -3.49420145444630382056E-0005  1.67259822852849827210E-0006 -3.49420145444630382056E-0005  1.04999999999999999996E+0000  1.49500357178084447736E+0000  1.57195538973953224612E+0000  1.44610912149659032113E+0000  0.00000000000000000000E+0000  2.34433159148802059510E+0002  0.00000000000000000000E+0000  2.01835114670001195055E-0038  2.35876505129066882992E-0001  2.43482800017294268460E-0032  0.00000000000000000000E+0000  2.30798884505171218770E+0002  0.00000000000000000000E+0000  0.00000000000000000000E+0000  2.30798856107886317210E+0002  0.00000000000000000000E+0000  0.00000000000000000000E+0000  0.00000000000000000000E+0000  0.00000000000000000000E+0000  0.00000000000000000000E+0000 -1.73691731791999249548E-0007 -3.23078266275056960729E+0000  0.00000000000000000000E+0000  0.00000000000000000000E+0000  0.00000000000000000000E+0000  2.25539655962968954716E-0007
 2.67100000000000000009E-0006  0.00000000000000000000E+0000 -3.22831075902563876774E-0005  1.36284790181229535400E-0006 -3.22831075902563876774E-0005  1.04999999999999999996E+0000  1.49500356750057501634E+0000  1.57195538534586313594E+0000  1.44610911660864054182E+0000  0.00000000000000000000E+0000  2.34433159148802059510E+0002  0.00000000000000000000E+0000  2.01835079490566726896E-0038  2.35876462556848416375E-0001  2.43482750685258979223E-0032  0.00000000000000000000E+0000  2.30798862781139795891E+0002  0.00000000000000000000E+0000  0.00000000000000000000E+0000  2.30798833274891064413E+0002  0.00000000000000000000E+0000  0.00000000000000000000E+0000  0.00000000000000000000E+0000  0.00000000000000000000E+0000  0.00000000000000000000E+0000 -1.41112426412516773329E-0007 -3.23082276016671226713E+0000  0.00000000000000000000E+0000  0.00000000000000000000E+0000  0.00000000000000000000E+0000  2.21463164945125975159E-0007
 2.72400000000000000008E-0006  0.00000000000000000000E+0000 -2.97002029316126878679E-0005  1.18095579495721933198E-0006 -2.97002029316126878679E-0005  1.04999999999999999996E+0000  1.49500356240865094754E+0000  1.57195538000962176301E+0000  1.44610911078909350886E+0000  0.00000000000000000000E+0000  2.34433159148802059510E+0002  0.00000000000000000000E+0000  2.01835037790263240865E-0038  2.35876411439537396247E-0001  2.43482692000982681669E-0032  0.00000000000000000000E+0000  2.30798836501305784374E+0002  0.00000000000000000000E+0000  0.00000000000000000000E+0000  2.30798806242329202373E+0002  0.00000000000000000000E+0000  0.00000000000000000000E+0000  0.00000000000000000000E+0000  0.00000000000000000000E+0000  0.00000000000000000000E+0000 -1.08344888656207554811E-0007 -3.23086308851398561356E+0000  0.00000000000000000000E+0000  0.00000000000000000000E+0000  0.00000000000000000000E+0000  2.12339884455858545370E-0007
 2.77899999999999999999E-0006  0.00000000000000000000E+0000 -2.71348412075833798871E-0005  1.01901450717076942828E-0006 -2.71348412075833798871E-0005  1.04999999999999999996E+0000  1.49500355658426001119E+0000  1.57195537382431392624E+0000  1.44610910412888175403E+0000  0.00000000000000000000E+0000  2.34433159148802059510E+0002  0.00000000000000000000E+0000  2.01834990143032847755E-0038  2.35876352538685043309E-0001  2.43482624790294485202E-0032  0.00000000000000000000E+0000  2.30798806022038816593E+0002  0.00000000000000000000E+0000  0.00000000000000000000E+0000  2.30798775472860572502E+0002  0.00000000000000000000E+0000  0.00000000000000000000E+0000  0.00000000000000000000E+0000  0.00000000000000000000E+0000  0.00000000000000000000E+0000 -7.57495567787724446313E-0008 -3.23090320408803448413E+0000  0.00000000000000000000E+0000  0.00000000000000000000E+0000  0.00000000000000000000E+0000  1.99158753011783078218E-0007
 2.83499999999999999997E-0006  0.00000000000000000000E+0000 -2.43855451527666005767E-0005  7.59765726930314232983E-0007 -2.43855451527666005767E-0005  1.04999999999999999996E+0000  1.49500355031606797795E+0000  1.57195536710480132073E+0000  1.44610909695838794149E+0000  0.00000000000000000000E+0000  2.34433159148802059510E+0002  0.00000000000000000000E+0000  2.01834938715651059042E-0038  2.35876288573354957041E-0001  2.43482552122893014803E-0032  0.00000000000000000000E+0000  2.30798772622531926269E+0002  0.00000000000000000000E+0000  0.00000000000000000000E+0000  2.30798742675831786320E+0002  0.00000000000000000000E+0000  0.00000000000000000000E+0000  0.00000000000000000000E+0000  0.00000000000000000000E+0000  0.00000000000000000000E+0000 -4.45803310279741353387E-0008 -3.23094156361401868387E+0000  0.00000000000000000000E+0000  0.00000000000000000000E+0000  0.00000000000000000000E+0000  1.83457432223160847802E-0007
 2.89099999999999999994E-0006  0.00000000000000000000E+0000 -2.15750859333102072796E-0005  5.06999446394616905201E-0007 -2.15750859333102072796E-0005  1.04999999999999999996E+0000  1.49500354390719069502E+0000  1.57195536018422420870E+0000  1.44610908962460671281E+0000  0.00000000000000000000E+0000  2.34433159148802059510E+0002  0.00000000000000000000E+0000  2.01834886086985778254E-0038  2.35876222803880365093E-0001  2.43482477658941547374E-0032  0.00000000000000000000E+0000  2.30798738039904050776E+0002  0.00000000000000000000E+0000  0.00000000000000000000E+0000  2.30798709364802010116E+0002  0.00000000000000000000E+0000  0.00000000000000000000E+0000  0.00000000000000000000E+0000  0.00000000000000000000E+0000  0.00000000000000000000E+0000 -1.58328175407837675148E-0008 -3.23097694201765701580E+0000  0.00000000000000000000E+0000  0.00000000000000000000E+0000  0.00000000000000000000E+0000  1.65857191291086221034E-0007
 2.94900000000000000003E-0006  0.00000000000000000000E+0000 -1.89328112134768278706E-0005  3.13685518978423623280E-0007 -1.89328112134768278706E-0005  1.04999999999999999996E+0000  1.49500353731244608590E+0000  1.57195535302165731917E+0000  1.44610908207618352314E+0000  0.00000000000000000000E+0000  2.34433159148802059510E+0002  0.00000000000000000000E+0000  2.01834831983789934512E-0038  2.35876154937974504884E-0001  2.43482401026613886926E-0032  0.00000000000000000000E+0000  2.30798702306295076075E+0002  0.00000000000000000000E+0000  0.00000000000000000000E+0000  2.30798675091846897764E+0002  0.00000000000000000000E+0000  0.00000000000000000000E+0000  0.00000000000000000000E+0000  0.00000000000000000000E+0000  0.00000000000000000000E+0000  1.10434751369890177997E-0008 -3.23101001694353263125E+0000  0.00000000000000000000E+0000  0.00000000000000000000E+0000  0.00000000000000000000E+0000  1.46977609124680100329E-0007
 3.00799999999999999999E-0006  0.00000000000000000000E+0000 -1.62459444732744846556E-0005  1.28312205615998864165E-0007 -1.62459444732744846556E-0005  1.04999999999999999996E+0000  1.49500353081983834431E+0000  1.57195534593550515141E+0000  1.44610907464297702609E+0000  0.00000000000000000000E+0000  2.34433159148802059510E+0002  0.00000000000000000000E+0000  2.01834778696355797752E-0038  2.35876087881072281298E-0001  2.43482325481594685153E-0032  0.00000000000000000000E+0000  2.30798666720585401196E+0002  0.00000000000000000000E+0000  0.00000000000000000000E+0000  2.30798641581203375903E+0002  0.00000000000000000000E+0000  0.00000000000000000000E+0000  0.00000000000000000000E+0000  0.00000000000000000000E+0000  0.00000000000000000000E+0000  3.49365897395281028051E-0008 -3.23103941989226316005E+0000  0.00000000000000000000E+0000  0.00000000000000000000E+0000  0.00000000000000000000E+0000  1.28402425460995710184E-0007
 3.06800000000000000000E-0006  0.00000000000000000000E+0000 -1.36517245247677515208E-0005  2.52663436408373766327E-0007 -1.36517245247677515208E-0005  1.04999999999999999996E+0000  1.49500352458810300518E+0000  1.57195533910469234312E+0000  1.44610906750694453190E+0000  0.00000000000000000000E+0000  2.34433159148802059510E+0002  0.00000000000000000000E+0000  2.01834727562602935193E-0038  2.35876023351994035398E-0001  2.43482252931564826694E-0032  0.00000000000000000000E+0000  2.30798632290524183774E+0002  0.00000000000000000000E+0000  0.00000000000000000000E+0000  2.30798609556483123123E+0002  0.00000000000000000000E+0000  0.00000000000000000000E+0000  0.00000000000000000000E+0000  0.00000000000000000000E+0000  0.00000000000000000000E+0000  5.55774408226550625881E-0008 -3.23106481987430833197E+0000  0.00000000000000000000E+0000  0.00000000000000000000E+0000  0.00000000000000000000E+0000  1.10286477303567242805E-0007
 3.12999999999999999993E-0006  0.00000000000000000000E+0000 -1.11736110607635521235E-0005  4.80209538831933094161E-0007 -1.11736110607635521235E-0005  1.04999999999999999996E+0000  1.49500351866392952030E+0000  1.57195533258592799514E+0000  1.44610906072182600205E+0000  0.00000000000000000000E+0000  2.34433159148802059510E+0002  0.00000000000000000000E+0000  2.01834678912663276736E-0038  2.35875961799771537866E-0001  2.43482183855363279345E-0032  0.00000000000000000000E+0000  2.30798599306486852969E+0002  0.00000000000000000000E+0000  0.00000000000000000000E+0000  2.30798579239941527685E+0002  0.00000000000000000000E+0000  0.00000000000000000000E+0000  0.00000000000000000000E+0000  0.00000000000000000000E+0000  0.00000000000000000000E+0000  7.30934968382902404104E-0008 -3.23108637381060473750E+0000  0.00000000000000000000E+0000  0.00000000000000000000E+0000  0.00000000000000000000E+0000  9.29959466269046411763E-0008
 3.19200000000000000007E-0006  0.00000000000000000000E+0000 -8.82970845933588854945E-0006  6.44990879307262132275E-0007 -8.82970845933588854945E-0006  1.04999999999999999996E+0000  1.49500351335882565628E+0000  1.57195532672596636657E+0000  1.44610905464452205822E+0000  0.00000000000000000000E+0000  2.34433159148802059510E+0002  0.00000000000000000000E+0000  2.01834635494681752546E-0038  2.35875906731232001597E-0001  2.43482122165218150900E-0032  0.00000000000000000000E+0000  2.30798569475395426456E+0002  0.00000000000000000000E+0000  0.00000000000000000000E+0000  2.30798552278536937457E+0002  0.00000000000000000000E+0000  0.00000000000000000000E+0000  0.00000000000000000000E+0000  0.00000000000000000000E+0000  0.00000000000000000000E+0000  8.65429702155550704837E-0008 -3.23110292288506079734E+0000  0.00000000000000000000E+0000  0.00000000000000000000E+0000  0.00000000000000000000E+0000  7.65604265706892689290E-0008
 3.25599999999999999992E-0006  0.00000000000000000000E+0000 -6.66411107232695461769E-0006  8.13029287579675675463E-0007 -6.66411107232695461769E-0006  1.04999999999999999996E+0000  1.49500350860077620922E+0000  1.57195532145026684598E+0000  1.44610904919279380557E+0000  0.00000000000000000000E+0000  2.34433159148802059510E+0002  0.00000000000000000000E+0000  2.01834596452241750336E-0038  2.35875857085354472730E-0001  2.43482066651052636941E-0032  0.00000000000000000000E+0000  2.30798542477668661252E+0002  0.00000000000000000000E+0000  0.00000000000000000000E+0000  2.30798528228145575489E+0002  0.00000000000000000000E+0000  0.00000000000000000000E+0000  0.00000000000000000000E+0000  0.00000000000000000000E+0000  0.00000000000000000000E+0000  9.66211078198249967366E-0008 -3.23111532265727496686E+0000  0.00000000000000000000E+0000  0.00000000000000000000E+0000  0.00000000000000000000E+0000  6.07313590355957553122E-0008
 3.32100000000000000004E-0006  0.00000000000000000000E+0000 -4.68904369078063077183E-0006  9.38325737832270105587E-0007 -4.68904369078063077183E-0006  1.04999999999999999996E+0000  1.49500350455029794013E+0000  1.57195531694043418903E+0000  1.44610904455071130289E+0000  0.00000000000000000000E+0000  2.34433159148802059510E+0002  0.00000000000000000000E+0000  2.01834563332692027201E-0038  2.35875814856386452055E-0001  2.43482019522157595894E-0032  0.00000000000000000000E+0000  2.30798519215826542811E+0002  0.00000000000000000000E+0000  0.00000000000000000000E+0000  2.30798507931451128000E+0002  0.00000000000000000000E+0000  0.00000000000000000000E+0000  0.00000000000000000000E+0000  0.00000000000000000000E+0000  0.00000000000000000000E+0000  1.03005639570052719272E-0007 -3.23112317673568610736E+0000  0.00000000000000000000E+0000  0.00000000000000000000E+0000  0.00000000000000000000E+0000  4.60846520334298804161E-0008
 3.38800000000000000008E-0006  0.00000000000000000000E+0000 -2.89650629058273750818E-0006  1.07044003279736316792E-0006 -2.89650629058273750818E-0006  1.04999999999999999996E+0000  1.49500350120754191090E+0000  1.57195531320060600026E+0000  1.44610904071864799483E+0000  0.00000000000000000000E+0000  2.34433159148802059510E+0002  0.00000000000000000000E+0000  2.01834535968261242391E-0038  2.35875779852757962664E-0001  2.43481980546064123437E-0032  0.00000000000000000000E+0000  2.30798499707203279577E+0002  0.00000000000000000000E+0000  0.00000000000000000000E+0000  2.30798491382883957143E+0002  0.00000000000000000000E+0000  0.00000000000000000000E+0000  0.00000000000000000000E+0000  0.00000000000000000000E+0000  0.00000000000000000000E+0000  1.06032746901193229050E-0007 -3.23112689881934277603E+0000  0.00000000000000000000E+0000  0.00000000000000000000E+0000  0.00000000000000000000E+0000  3.25849108316635973750E-0008
 3.45499999999999999991E-0006  0.00000000000000000000E+0000 -1.40826118754764172075E-0006  1.07289840254331385721E-0006 -1.40826118754764172075E-0006  1.04999999999999999996E+0000  1.49500349869695306352E+0000  1.57195531037302806230E+0000  1.44610903783936857003E+0000  0.00000000000000000000E+0000  2.34433159148802059510E+0002  0.00000000000000000000E+0000  2.01834515672135481467E-0038  2.35875753775725114760E-0001  2.43481951599906022523E-0032  0.00000000000000000000E+0000  2.30798484786680024830E+0002  0.00000000000000000000E+0000  0.00000000000000000000E+0000  2.30798479120286949673E+0002  0.00000000000000000000E+0000  0.00000000000000000000E+0000  0.00000000000000000000E+0000  0.00000000000000000000E+0000  0.00000000000000000000E+0000  1.05605108266609197666E-0007 -3.23112636942778347652E+0000  0.00000000000000000000E+0000  0.00000000000000000000E+0000  0.00000000000000000000E+0000  1.96687657800877380885E-0008
 3.52400000000000000007E-0006  0.00000000000000000000E+0000 -8.55912678117373081387E-0008  1.11697359440007117809E-0006 -8.55912678117373081387E-0008  1.04999999999999999996E+0000  1.49500349694285945682E+0000  1.57195530837643152251E+0000  1.44610903582629188866E+0000  0.00000000000000000000E+0000  2.34433159148802059510E+0002  0.00000000000000000000E+0000  2.01834501437623006799E-0038  2.35875735355167978147E-0001  2.43481931254089352686E-0032  0.00000000000000000000E+0000  2.30798473924280813360E+0002  0.00000000000000000000E+0000  0.00000000000000000000E+0000  2.30798470848162671151E+0002  0.00000000000000000000E+0000  0.00000000000000000000E+0000  0.00000000000000000000E+0000  0.00000000000000000000E+0000  0.00000000000000000000E+0000  1.02252622476327244370E-0007 -3.23112224047838132333E+0000  0.00000000000000000000E+0000  0.00000000000000000000E+0000  0.00000000000000000000E+0000  7.43313228502166669572E-0009
 3.59499999999999999994E-0006  0.00000000000000000000E+0000  1.00982603747616783176E-0006  1.14072072616199335388E-0006  1.00982603747616783176E-0006  1.04999999999999999996E+0000  1.49500349594499178747E+0000  1.57195530721394733699E+0000  1.44610903467928002210E+0000  0.00000000000000000000E+0000  2.34433159148802059510E+0002  0.00000000000000000000E+0000  2.01834493458363825849E-0038  2.35875724861307988547E-0001  2.43481919791613836664E-0032  0.00000000000000000000E+0000  2.30798467212757438566E+0002  0.00000000000000000000E+0000  0.00000000000000000000E+0000  2.30798466496003667675E+0002  0.00000000000000000000E+0000  0.00000000000000000000E+0000  0.00000000000000000000E+0000  0.00000000000000000000E+0000  0.00000000000000000000E+0000  9.62908672851239759084E-0008 -3.23111490055327673439E+0000  0.00000000000000000000E+0000  0.00000000000000000000E+0000  0.00000000000000000000E+0000 -3.42113644224727273555E-0009
 3.66700000000000000008E-0006  0.00000000000000000000E+0000  1.81725111495790514937E-0006  1.08003948079227851367E-0006  1.81725111495790514937E-0006  1.04999999999999999996E+0000  1.49500349568322556712E+0000  1.57195530686690906961E+0000  1.44610903437546033047E+0000  0.00000000000000000000E+0000  2.34433159148802059510E+0002  0.00000000000000000000E+0000  2.01834491654629733548E-0038  2.35875722216577241982E-0001  2.43481917106453319278E-0032  0.00000000000000000000E+0000  2.30798464643782329925E+0002  0.00000000000000000000E+0000  0.00000000000000000000E+0000  2.30798465879532294046E+0002  0.00000000000000000000E+0000  0.00000000000000000000E+0000  0.00000000000000000000E+0000  0.00000000000000000000E+0000  0.00000000000000000000E+0000  8.80912840254777529274E-0008 -3.23110480690422729121E+0000  0.00000000000000000000E+0000  0.00000000000000000000E+0000  0.00000000000000000000E+0000 -1.31652433774902343916E-0008
 3.74000000000000000008E-0006  0.00000000000000000000E+0000  2.39044820951035579364E-0006  9.78160513320408467898E-0007  2.39044820951035579364E-0006  1.04999999999999999996E+0000  1.49500349609318259367E+0000  1.57195530726640725252E+0000  1.44610903484119334599E+0000  0.00000000000000000000E+0000  2.34433159148802059510E+0002  0.00000000000000000000E+0000  2.01834495397349376233E-0038  2.35875726634758943267E-0001  2.43481922308159084772E-0032  0.00000000000000000000E+0000  2.30798465846869447396E+0002  0.00000000000000000000E+0000  0.00000000000000000000E+0000  2.30798468686247967990E+0002  0.00000000000000000000E+0000  0.00000000000000000000E+0000  0.00000000000000000000E+0000  0.00000000000000000000E+0000  0.00000000000000000000E+0000  7.80870796346827946194E-0008 -3.23109249263622639496E+0000  0.00000000000000000000E+0000  0.00000000000000000000E+0000  0.00000000000000000000E+0000 -2.19766182994209793406E-0008
 3.81500000000000000000E-0006  0.00000000000000000000E+0000  2.78889572338355234242E-0006  8.82970354589010044529E-0007  2.78889572338355234242E-0006  1.04999999999999999996E+0000  1.49500349710776622779E+0000  1.57195530833953570754E+0000  1.44610903599967026715E+0000  0.00000000000000000000E+0000  2.34433159148802059510E+0002  0.00000000000000000000E+0000  2.01834504064800416551E-0038  2.35875737333108719679E-0001  2.43481934515110408633E-0032  0.00000000000000000000E+0000  2.30798470422941046740E+0002  0.00000000000000000000E+0000  0.00000000000000000000E+0000  2.30798474599453508987E+0002  0.00000000000000000000E+0000  0.00000000000000000000E+0000  0.00000000000000000000E+0000  0.00000000000000000000E+0000  0.00000000000000000000E+0000  6.66757039349314380629E-0008 -3.23107844686842116469E+0000  0.00000000000000000000E+0000  0.00000000000000000000E+0000  0.00000000000000000000E+0000 -2.92839321614836952144E-0008
 3.89100000000000000018E-0006  0.00000000000000000000E+0000  2.94314633799497126940E-0006  7.26451077188651564785E-0007  2.94314633799497126940E-0006  1.04999999999999999996E+0000  1.49500349862763588294E+0000  1.57195530997854069700E+0000  1.44610903773722258988E+0000  0.00000000000000000000E+0000  2.34433159148802059510E+0002  0.00000000000000000000E+0000  2.01834516966754754936E-0038  2.35875753450431282647E-0001  2.43481952751720899319E-0032  0.00000000000000000000E+0000  2.30798477939199617695E+0002  0.00000000000000000000E+0000  0.00000000000000000000E+0000  2.30798483003574137332E+0002  0.00000000000000000000E+0000  0.00000000000000000000E+0000  0.00000000000000000000E+0000  0.00000000000000000000E+0000  0.00000000000000000000E+0000  5.44407730670917787646E-0008 -3.23106338798658462071E+0000  0.00000000000000000000E+0000  0.00000000000000000000E+0000  0.00000000000000000000E+0000 -3.49672269802065173885E-0008
 3.96900000000000000008E-0006  0.00000000000000000000E+0000  2.95325635505033886930E-0006  5.77703402606608316216E-0007  2.95325635505033886930E-0006  1.04999999999999999996E+0000  1.49500350057483993936E+0000  1.57195531209774767639E+0000  1.44610903996457957179E+0000  0.00000000000000000000E+0000  2.34433159148802059510E+0002  0.00000000000000000000E+0000  2.01834533342443795507E-0038  2.35875774022075079050E-0001  2.43481975937428849707E-0032  0.00000000000000000000E+0000  2.30798487895370794495E+0002  0.00000000000000000000E+0000  0.00000000000000000000E+0000  2.30798493565623221005E+0002  0.00000000000000000000E+0000  0.00000000000000000000E+0000  0.00000000000000000000E+0000  0.00000000000000000000E+0000  0.00000000000000000000E+0000  4.17035729110687786926E-0008 -3.23104771130837820493E+0000  0.00000000000000000000E+0000  0.00000000000000000000E+0000  0.00000000000000000000E+0000 -3.87025534318191931349E-0008
 4.04799999999999999983E-0006  0.00000000000000000000E+0000  2.77525412179540148817E-0006  3.89030099561466755515E-0007  2.77525412179540148817E-0006  1.04999999999999999996E+0000  1.49500350282087846412E+0000  1.57195531455615454238E+0000  1.44610904253464341615E+0000  0.00000000000000000000E+0000  2.34433159148802059510E+0002  0.00000000000000000000E+0000  2.01834552214361117558E-0038  2.35875797815380413203E-0001  2.43482002686631011408E-0032  0.00000000000000000000E+0000  2.30798499669879636761E+0002  0.00000000000000000000E+0000  0.00000000000000000000E+0000  2.30798505542129270565E+0002  0.00000000000000000000E+0000  0.00000000000000000000E+0000  0.00000000000000000000E+0000  0.00000000000000000000E+0000  0.00000000000000000000E+0000  2.90612900386557881386E-0008 -3.23103215186267308926E+0000  0.00000000000000000000E+0000  0.00000000000000000000E+0000  0.00000000000000000000E+0000 -4.06338647536699767753E-0008
 4.12900000000000000011E-0006  0.00000000000000000000E+0000  2.49531931148882896259E-0006  2.10565882489682338505E-0007  2.49531931148882896259E-0006  1.04999999999999999996E+0000  1.49500350528631119481E+0000  1.57195531726585622742E+0000  1.44610904535642634825E+0000  0.00000000000000000000E+0000  2.34433159148802059510E+0002  0.00000000000000000000E+0000  2.01834572854383691725E-0038  2.35875823904578096543E-0001  2.43482031964721688411E-0032  0.00000000000000000000E+0000  2.30798512763354928823E+0002  0.00000000000000000000E+0000  0.00000000000000000000E+0000  2.30798518582597029403E+0002  0.00000000000000000000E+0000  0.00000000000000000000E+0000  0.00000000000000000000E+0000  0.00000000000000000000E+0000  0.00000000000000000000E+0000  1.67656404127483666922E-0008 -3.23101701935978417716E+0000  0.00000000000000000000E+0000  0.00000000000000000000E+0000  0.00000000000000000000E+0000 -4.06297749484903846463E-0008
 4.21200000000000000011E-0006  0.00000000000000000000E+0000  2.10555109459571193067E-0006  3.56905247867163470953E-0008  2.10555109459571193067E-0006  1.04999999999999999996E+0000  1.49500350786503636929E+0000  1.57195532010954501436E+0000  1.44610904830843212327E+0000  0.00000000000000000000E+0000  2.34433159148802059510E+0002  0.00000000000000000000E+0000  2.01834594418395181569E-0038  2.35875851219049841620E-0001  2.43482062573287177887E-0032  0.00000000000000000000E+0000  2.30798526628677926550E+0002  0.00000000000000000000E+0000  0.00000000000000000000E+0000  2.30798532103555639916E+0002  0.00000000000000000000E+0000  0.00000000000000000000E+0000  0.00000000000000000000E+0000  0.00000000000000000000E+0000  0.00000000000000000000E+0000  5.21867280395005492758E-0009 -3.23100280861238620274E+0000  0.00000000000000000000E+0000  0.00000000000000000000E+0000  0.00000000000000000000E+0000 -3.88860985061538663445E-0008
 4.29599999999999999997E-0006  0.00000000000000000000E+0000  1.63729518029823994278E-0006  1.77728851620706524623E-0007  1.63729518029823994278E-0006  1.04999999999999999996E+0000  1.49500351042382122928E+0000  1.57195532293970859159E+0000  1.44610905123810666876E+0000  0.00000000000000000000E+0000  2.34433159148802059510E+0002  0.00000000000000000000E+0000  2.01834615792363554375E-0038  2.35875878343851452633E-0001  2.43482092929995939024E-0032  0.00000000000000000000E+0000  2.30798540533465907226E+0002  0.00000000000000000000E+0000  0.00000000000000000000E+0000  2.30798545418409056088E+0002  0.00000000000000000000E+0000  0.00000000000000000000E+0000  0.00000000000000000000E+0000  0.00000000000000000000E+0000  0.00000000000000000000E+0000 -5.13712844059096798866E-0009 -3.23099006413391034499E+0000  0.00000000000000000000E+0000  0.00000000000000000000E+0000  0.00000000000000000000E+0000 -3.57434289196320269411E-0008
 4.38199999999999999995E-0006  0.00000000000000000000E+0000  1.13848490257675559716E-0006  3.53363698001457631430E-0007  1.13848490257675559716E-0006  1.04999999999999999996E+0000  1.49500351289816384398E+0000  1.57195532568438329601E+0000  1.44610905407156646184E+0000  0.00000000000000000000E+0000  2.34433159148802059510E+0002  0.00000000000000000000E+0000  2.01834636437504964181E-0038  2.35875904591510722748E-0001  2.43482122268719321457E-0032  0.00000000000000000000E+0000  2.30798554086531218996E+0002  0.00000000000000000000E+0000  0.00000000000000000000E+0000  2.30798558224168354258E+0002  0.00000000000000000000E+0000  0.00000000000000000000E+0000  0.00000000000000000000E+0000  0.00000000000000000000E+0000  0.00000000000000000000E+0000 -1.41838770887155657571E-0008 -3.23097893095643179016E+0000  0.00000000000000000000E+0000  0.00000000000000000000E+0000  0.00000000000000000000E+0000 -3.13614886897266977827E-0008
 4.47000000000000000005E-0006  0.00000000000000000000E+0000  6.21361922217552208576E-0007  5.19518470737851581445E-0007  6.21361922217552208576E-0007  1.04999999999999999996E+0000  1.49500351520180487571E+0000  1.57195532824739839163E+0000  1.44610905671001719740E+0000  0.00000000000000000000E+0000  2.34433159148802059510E+0002  0.00000000000000000000E+0000  2.01834655639800652030E-0038  2.35875929051418654594E-0001  2.43482149574016811291E-0032  0.00000000000000000000E+0000  2.30798566818388596680E+0002  0.00000000000000000000E+0000  0.00000000000000000000E+0000  2.30798570071487156169E+0002  0.00000000000000000000E+0000  0.00000000000000000000E+0000  0.00000000000000000000E+0000  0.00000000000000000000E+0000  0.00000000000000000000E+0000 -2.17056413231311950209E-0008 -3.23096967478046117814E+0000  0.00000000000000000000E+0000  0.00000000000000000000E+0000  0.00000000000000000000E+0000 -2.61599887974265543322E-0008
 4.55900000000000000001E-0006  0.00000000000000000000E+0000  1.30899807524130303013E-0007  6.50962033012977515980E-0007  1.30899807524130303013E-0007  1.04999999999999999996E+0000  1.49500351723854056759E+0000  1.57195533052129383868E+0000  1.44610905904327248527E+0000  0.00000000000000000000E+0000  2.34433159148802059510E+0002  0.00000000000000000000E+0000  2.01834672570943508482E-0038  2.35875950665714553849E-0001  2.43482173667304020913E-0032  0.00000000000000000000E+0000  2.30798578171112865068E+0002  0.00000000000000000000E+0000  0.00000000000000000000E+0000  2.30798580495226176565E+0002  0.00000000000000000000E+0000  0.00000000000000000000E+0000  0.00000000000000000000E+0000  0.00000000000000000000E+0000  0.00000000000000000000E+0000 -2.74941310690115189492E-0008 -3.23096255185769982467E+0000  0.00000000000000000000E+0000  0.00000000000000000000E+0000  0.00000000000000000000E+0000 -2.05162857817985784913E-0008
 4.65000000000000000010E-0006  0.00000000000000000000E+0000 -3.29554326549203341361E-0007  7.63707476257429806908E-0007 -3.29554326549203341361E-0007  1.04999999999999999996E+0000  1.49500351897640606786E+0000  1.57195533246977457275E+0000  1.44610906103469920585E+0000  0.00000000000000000000E+0000  2.34433159148802059510E+0002  0.00000000000000000000E+0000  2.01834687010145518366E-0038  2.35875969149542229593E-0001  2.43482194233565576901E-0032  0.00000000000000000000E+0000  2.30798587960806720024E+0002  0.00000000000000000000E+0000  0.00000000000000000000E+0000  2.30798589324257131944E+0002  0.00000000000000000000E+0000  0.00000000000000000000E+0000  0.00000000000000000000E+0000  0.00000000000000000000E+0000  0.00000000000000000000E+0000 -3.15781141430158498113E-0008 -3.23095752676610315532E+0000  0.00000000000000000000E+0000  0.00000000000000000000E+0000  0.00000000000000000000E+0000 -1.47092978724490099311E-0008
 4.74299999999999999989E-0006  0.00000000000000000000E+0000 -7.36006399208755713024E-0007  8.48509355104358821213E-0007 -7.36006399208755713024E-0007  1.04999999999999999996E+0000  1.49500352037318645247E+0000  1.57195533404489744852E+0000  1.44610906263590864877E+0000  0.00000000000000000000E+0000  2.34433159148802059510E+0002  0.00000000000000000000E+0000  2.01834698585623368327E-0038  2.35875984023382768439E-0001  2.43482210741996381325E-0032  0.00000000000000000000E+0000  2.30798595935039581373E+0002  0.00000000000000000000E+0000  0.00000000000000000000E+0000  2.30798596363042339372E+0002  0.00000000000000000000E+0000  0.00000000000000000000E+0000  0.00000000000000000000E+0000  0.00000000000000000000E+0000  0.00000000000000000000E+0000 -3.39656468538691249421E-0008 -3.23095458951429428691E+0000  0.00000000000000000000E+0000  0.00000000000000000000E+0000  0.00000000000000000000E+0000 -9.13316359668024543318E-0009
 4.83799999999999999981E-0006  0.00000000000000000000E+0000 -1.07059421752092339000E-0006  8.99714738104814434222E-0007 -1.07059421752092339000E-0006  1.04999999999999999996E+0000  1.49500352140353236392E+0000  1.57195533521727535194E+0000  1.44610906381781161381E+0000  0.00000000000000000000E+0000  2.34433159148802059510E+0002  0.00000000000000000000E+0000  2.01834707085802212689E-0038  2.35875995010709430132E-0001  2.43482222889171877136E-0032  0.00000000000000000000E+0000  2.30798601931484093877E+0002  0.00000000000000000000E+0000  0.00000000000000000000E+0000  2.30798601498076247793E+0002  0.00000000000000000000E+0000  0.00000000000000000000E+0000  0.00000000000000000000E+0000  0.00000000000000000000E+0000  0.00000000000000000000E+0000 -3.47249559416894229265E-0008 -3.23095365607927541805E+0000  0.00000000000000000000E+0000  0.00000000000000000000E+0000  0.00000000000000000000E+0000 -4.05738338558450287676E-0009
 4.93499999999999999986E-0006  0.00000000000000000000E+0000 -1.32154831321464804743E-0006  9.14104686700351716281E-0007 -1.32154831321464804743E-0006  1.04999999999999999996E+0000  1.49500352205912832610E+0000  1.57195533597631177463E+0000  1.44610906457081139353E+0000  0.00000000000000000000E+0000  2.34433159148802059510E+0002  0.00000000000000000000E+0000  2.01834712441825465941E-0038  2.35876002015708392668E-0001  2.43482230574142208461E-0032  0.00000000000000000000E+0000  2.30798605883225635527E+0002  0.00000000000000000000E+0000  0.00000000000000000000E+0000  2.30798604701723388585E+0002  0.00000000000000000000E+0000  0.00000000000000000000E+0000  0.00000000000000000000E+0000  0.00000000000000000000E+0000  0.00000000000000000000E+0000 -3.39818933042806421800E-0008 -3.23095457152668610878E+0000  0.00000000000000000000E+0000  0.00000000000000000000E+0000  0.00000000000000000000E+0000  3.63112511293204201883E-0010
 5.03400000000000000002E-0006  0.00000000000000000000E+0000 -1.48276212338776656336E-0006  8.90945692070360119900E-0007 -1.48276212338776656336E-0006  1.04999999999999999996E+0000  1.49500352234809996395E+0000  1.57195533632959791369E+0000  1.44610906490412664989E+0000  0.00000000000000000000E+0000  2.34433159148802059510E+0002  0.00000000000000000000E+0000  2.01834714722766981202E-0038  2.35876005117517073423E-0001  2.43482233891770526017E-0032  0.00000000000000000000E+0000  2.30798607815599291851E+0002  0.00000000000000000000E+0000  0.00000000000000000000E+0000  2.30798606028816752231E+0002  0.00000000000000000000E+0000  0.00000000000000000000E+0000  0.00000000000000000000E+0000  0.00000000000000000000E+0000  0.00000000000000000000E+0000 -3.19122303671040738777E-0008 -3.23095711949549358453E+0000  0.00000000000000000000E+0000  0.00000000000000000000E+0000  0.00000000000000000000E+0000  4.03924496647519555435E-0009
 5.13400000000000000005E-0006  0.00000000000000000000E+0000 -1.53332426012709537614E-0006  8.14866019781522246840E-0007 -1.53332426012709537614E-0006  1.04999999999999999996E+0000  1.49500352229402614257E+0000  1.57195533630162538976E+0000  1.44610906484464437239E+0000  0.00000000000000000000E+0000  2.34433159148802059510E+0002  0.00000000000000000000E+0000  2.01834714100490256123E-0038  2.35876004523953507232E-0001  2.43482233082212864239E-0032  0.00000000000000000000E+0000  2.30798607823153666241E+0002  0.00000000000000000000E+0000  0.00000000000000000000E+0000  2.30798605636519376785E+0002  0.00000000000000000000E+0000  0.00000000000000000000E+0000  0.00000000000000000000E+0000  0.00000000000000000000E+0000  0.00000000000000000000E+0000 -2.87518887750917421159E-0008 -3.23096100958125303192E+0000  0.00000000000000000000E+0000  0.00000000000000000000E+0000  0.00000000000000000000E+0000  6.97922190805918478116E-0009
 5.23700000000000000005E-0006  0.00000000000000000000E+0000 -1.53994291756094015195E-0006  7.40015053163861286340E-0007 -1.53994291756094015195E-0006  1.04999999999999999996E+0000  1.49500352193248663092E+0000  1.57195533593110584687E+0000  1.44610906443305296397E+0000  0.00000000000000000000E+0000  2.34433159148802059510E+0002  0.00000000000000000000E+0000  2.01834710955400388718E-0038  2.35876000715026576794E-0001  2.43482228684640354395E-0032  0.00000000000000000000E+0000  2.30798606140903835970E+0002  0.00000000000000000000E+0000  0.00000000000000000000E+0000  2.30798603638399272661E+0002  0.00000000000000000000E+0000  0.00000000000000000000E+0000  0.00000000000000000000E+0000  0.00000000000000000000E+0000  0.00000000000000000000E+0000 -2.46833146129965998073E-0008 -3.23096601731209197533E+0000  0.00000000000000000000E+0000  0.00000000000000000000E+0000  0.00000000000000000000E+0000  9.08273740683828662722E-0009
 5.34200000000000000018E-0006  0.00000000000000000000E+0000 -1.44609332005792908427E-0006  6.20623706542563016904E-0007 -1.44609332005792908427E-0006  1.04999999999999999996E+0000  1.49500352131120527394E+0000  1.57195533526943788697E+0000  1.44610906372387725482E+0000  0.00000000000000000000E+0000  2.34433159148802059510E+0002  0.00000000000000000000E+0000  2.01834705609706038825E-0038  2.35875994089604627878E-0001  2.43482221152827122217E-0032  0.00000000000000000000E+0000  2.30798602967115367046E+0002  0.00000000000000000000E+0000  0.00000000000000000000E+0000  2.30798600362699538713E+0002  0.00000000000000000000E+0000  0.00000000000000000000E+0000  0.00000000000000000000E+0000  0.00000000000000000000E+0000  0.00000000000000000000E+0000 -2.00318244453949765713E-0008 -3.23097174222922068417E+0000  0.00000000000000000000E+0000  0.00000000000000000000E+0000  0.00000000000000000000E+0000  1.04110444157731188333E-0008
 5.44900000000000000002E-0006  0.00000000000000000000E+0000 -1.28608609105726135522E-0006  4.79880225328377379093E-0007 -1.28608609105726135522E-0006  1.04999999999999999996E+0000  1.49500352048521965680E+0000  1.57195533437663610926E+0000  1.44610906278004659319E+0000  0.00000000000000000000E+0000  2.34433159148802059510E+0002  0.00000000000000000000E+0000  2.01834698553606999628E-0038  2.35875985264588138124E-0001  2.43482211180958820549E-0032  0.00000000000000000000E+0000  2.30798598613939864102E+0002  0.00000000000000000000E+0000  0.00000000000000000000E+0000  2.30798596067891320135E+0002  0.00000000000000000000E+0000  0.00000000000000000000E+0000  0.00000000000000000000E+0000  0.00000000000000000000E+0000  0.00000000000000000000E+0000 -1.50417585472768335663E-0008 -3.23097788365629650102E+0000  0.00000000000000000000E+0000  0.00000000000000000000E+0000  0.00000000000000000000E+0000  1.10615187870598374020E-0008
 5.55799999999999999999E-0006  0.00000000000000000000E+0000 -1.07464642046762162211E-0006  3.24898375884359762740E-0007 -1.07464642046762162211E-0006  1.04999999999999999996E+0000  1.49500351951432301377E+0000  1.57195533331822510578E+0000  1.44610906166994707600E+0000  0.00000000000000000000E+0000  2.34433159148802059510E+0002  0.00000000000000000000E+0000  2.01834690291167661598E-0038  2.35875974875558854489E-0001  2.43482199483336708492E-0032  0.00000000000000000000E+0000  2.30798593406140075485E+0002  0.00000000000000000000E+0000  0.00000000000000000000E+0000  2.30798591060176406672E+0002  0.00000000000000000000E+0000  0.00000000000000000000E+0000  0.00000000000000000000E+0000  0.00000000000000000000E+0000  0.00000000000000000000E+0000 -9.97091982626396101078E-0009 -3.23098412432800998319E+0000  0.00000000000000000000E+0000  0.00000000000000000000E+0000  0.00000000000000000000E+0000  1.11360659739422076961E-0008
 5.66900000000000000008E-0006  0.00000000000000000000E+0000 -8.28117450089251617031E-0007  1.63463151571690904804E-0007 -8.28117450089251617031E-0007  1.04999999999999999996E+0000  1.49500351845989299727E+0000  1.57195533216176339749E+0000  1.44610906046379573758E+0000  0.00000000000000000000E+0000  2.34433159148802059510E+0002  0.00000000000000000000E+0000  2.01834681340001852337E-0038  2.35875963577031183091E-0001  2.43482186794168353795E-0032  0.00000000000000000000E+0000  2.30798587680611386561E+0002  0.00000000000000000000E+0000  0.00000000000000000000E+0000  2.30798585651541830199E+0002  0.00000000000000000000E+0000  0.00000000000000000000E+0000  0.00000000000000000000E+0000  0.00000000000000000000E+0000  0.00000000000000000000E+0000 -5.05823320971737939369E-0009 -3.23099017021964947491E+0000  0.00000000000000000000E+0000  0.00000000000000000000E+0000  0.00000000000000000000E+0000  1.07288824096027148861E-0008
 5.78199999999999999988E-0006  0.00000000000000000000E+0000 -5.63471854137268208345E-0007  1.25783741213102375837E-0008 -5.63471854137268208345E-0007  1.04999999999999999996E+0000  1.49500351738181339230E+0000  1.57195533097345722722E+0000  1.44610905923012041346E+0000  0.00000000000000000000E+0000  2.34433159148802059510E+0002  0.00000000000000000000E+0000  2.01834672205300360795E-0038  2.35875952009646193950E-0001  2.43482173830732372665E-0032  0.00000000000000000000E+0000  2.30798581769289085058E+0002  0.00000000000000000000E+0000  0.00000000000000000000E+0000  2.30798580144431047370E+0002  0.00000000000000000000E+0000  0.00000000000000000000E+0000  0.00000000000000000000E+0000  0.00000000000000000000E+0000  0.00000000000000000000E+0000 -5.14060276843393287881E-0010 -3.23099576246495978908E+0000  0.00000000000000000000E+0000  0.00000000000000000000E+0000  0.00000000000000000000E+0000  9.93517873184863818540E-0009
 5.89800000000000000007E-0006  0.00000000000000000000E+0000 -2.94680399642788413185E-0007  1.51989455963302881990E-0007 -2.94680399642788413185E-0007  1.04999999999999999996E+0000  1.49500351632692751172E+0000  1.57195532980543856236E+0000  1.44610905802255007362E+0000  0.00000000000000000000E+0000  2.34433159148802059510E+0002  0.00000000000000000000E+0000  2.01834663279417251133E-0038  2.35875940673023559848E-0001  2.43482161150871484207E-0032  0.00000000000000000000E+0000  2.30798575935123487776E+0002  0.00000000000000000000E+0000  0.00000000000000000000E+0000  2.30798574775340153462E+0002  0.00000000000000000000E+0000  0.00000000000000000000E+0000  0.00000000000000000000E+0000  0.00000000000000000000E+0000  0.00000000000000000000E+0000  3.51912372460487972356E-0009 -3.23100072574212668981E+0000  0.00000000000000000000E+0000  0.00000000000000000000E+0000  0.00000000000000000000E+0000  8.83379898142321915260E-0009
 6.01599999999999999997E-0006  0.00000000000000000000E+0000 -3.73220304741491633421E-0008  2.90907619195381188209E-0007 -3.73220304741491633421E-0008  1.04999999999999999996E+0000  1.49500351535431076264E+0000  1.57195532872358289883E+0000  1.44610905690873111837E+0000  0.00000000000000000000E+0000  2.34433159148802059510E+0002  0.00000000000000000000E+0000  2.01834655063988869234E-0038  2.35875930207038786611E-0001  2.43482149468223378960E-0032  0.00000000000000000000E+0000  2.30798570507787369377E+0002  0.00000000000000000000E+0000  0.00000000000000000000E+0000  2.30798569841487273710E+0002  0.00000000000000000000E+0000  0.00000000000000000000E+0000  0.00000000000000000000E+0000  0.00000000000000000000E+0000  0.00000000000000000000E+0000  6.86655199079988715815E-0009 -3.23100484500220721629E+0000  0.00000000000000000000E+0000  0.00000000000000000000E+0000  0.00000000000000000000E+0000  7.55611223566636799039E-0009
 6.13600000000000000000E-0006  0.00000000000000000000E+0000  1.90781408173785478185E-0007  4.05870930400650666917E-0007  1.90781408173785478185E-0007  1.04999999999999999996E+0000  1.49500351450458474338E+0000  1.57195532777364103841E+0000  1.44610905593521269234E+0000  0.00000000000000000000E+0000  2.34433159148802059510E+0002  0.00000000000000000000E+0000  2.01834647902575528676E-0038  2.35875921052797867360E-0001  2.43482139272569849347E-0032  0.00000000000000000000E+0000  2.30798565725044975555E+0002  0.00000000000000000000E+0000  0.00000000000000000000E+0000  2.30798565539994359877E+0002  0.00000000000000000000E+0000  0.00000000000000000000E+0000  0.00000000000000000000E+0000  0.00000000000000000000E+0000  0.00000000000000000000E+0000  9.44349112525183715030E-0009 -3.23100801599628607158E+0000  0.00000000000000000000E+0000  0.00000000000000000000E+0000  0.00000000000000000000E+0000  6.14942159505412432438E-0009
 6.25900000000000000001E-0006  0.00000000000000000000E+0000  3.88503609415576297283E-0007  5.00235077593609495881E-0007  3.88503609415576297283E-0007  1.04999999999999999996E+0000  1.49500351380254461434E+0000  1.57195532698400981927E+0000  1.44610905513044365209E+0000  0.00000000000000000000E+0000  2.34433159148802059510E+0002  0.00000000000000000000E+0000  2.01834641993853635037E-0038  2.35875913468395725513E-0001  2.43482130848248374784E-0032  0.00000000000000000000E+0000  2.30798561727634313795E+0002  0.00000000000000000000E+0000  0.00000000000000000000E+0000  2.30798562003433764017E+0002  0.00000000000000000000E+0000  0.00000000000000000000E+0000  0.00000000000000000000E+0000  0.00000000000000000000E+0000  0.00000000000000000000E+0000  1.12207818862387107650E-0008 -3.23101020285235162027E+0000  0.00000000000000000000E+0000  0.00000000000000000000E+0000  0.00000000000000000000E+0000  4.67389776187019123781E-0009
 6.38400000000000000015E-0006  0.00000000000000000000E+0000  5.32174998747912833192E-0007  5.57563067457226401221E-0007  5.32174998747912833192E-0007  1.04999999999999999996E+0000  1.49500351327487829485E+0000  1.57195532638545760432E+0000  1.44610905452506748633E+0000  0.00000000000000000000E+0000  2.34433159148802059510E+0002  0.00000000000000000000E+0000  2.01834637582212009124E-0038  2.35875907772326978468E-0001  2.43482124545409532646E-0032  0.00000000000000000000E+0000  2.30798558683122872370E+0002  0.00000000000000000000E+0000  0.00000000000000000000E+0000  2.30798559342646497861E+0002  0.00000000000000000000E+0000  0.00000000000000000000E+0000  0.00000000000000000000E+0000  0.00000000000000000000E+0000  0.00000000000000000000E+0000  1.21879734152835221378E-0008 -3.23101139275847358719E+0000  0.00000000000000000000E+0000  0.00000000000000000000E+0000  0.00000000000000000000E+0000  3.22159116961365351448E-0009
 6.51199999999999999985E-0006  0.00000000000000000000E+0000  6.33501455967840833101E-0007  5.89526250035468693405E-0007  6.33501455967840833101E-0007  1.04999999999999999996E+0000  1.49500351292717978402E+0000  1.57195532598531610442E+0000  1.44610905412557690379E+0000  0.00000000000000000000E+0000  2.34433159148802059510E+0002  0.00000000000000000000E+0000  2.01834634693892211172E-0038  2.35875904004988373559E-0001  2.43482120403901366568E-0032  0.00000000000000000000E+0000  2.30798556623282903777E+0002  0.00000000000000000000E+0000  0.00000000000000000000E+0000  2.30798557603862948273E+0002  0.00000000000000000000E+0000  0.00000000000000000000E+0000  0.00000000000000000000E+0000  0.00000000000000000000E+0000  0.00000000000000000000E+0000  1.23835903955738507329E-0008 -3.23101163312342103844E+0000  0.00000000000000000000E+0000  0.00000000000000000000E+0000  0.00000000000000000000E+0000  1.83808298106351572681E-0009
 6.64200000000000000008E-0006  0.00000000000000000000E+0000  6.71711746205940172932E-0007  5.80599432536763424653E-0007  6.71711746205940172932E-0007  1.04999999999999999996E+0000  1.49500351276118884449E+0000  1.57195532578683934530E+0000  1.44610905393407679137E+0000  0.00000000000000000000E+0000  2.34433159148802059510E+0002  0.00000000000000000000E+0000  2.01834633365084705310E-0038  2.35875902221376030656E-0001  2.43482118478462410018E-0032  0.00000000000000000000E+0000  2.30798555580601872733E+0002  0.00000000000000000000E+0000  0.00000000000000000000E+0000  2.30798556766682257113E+0002  0.00000000000000000000E+0000  0.00000000000000000000E+0000  0.00000000000000000000E+0000  0.00000000000000000000E+0000  0.00000000000000000000E+0000  1.18921038332496694672E-0008 -3.23101102794961620389E+0000  0.00000000000000000000E+0000  0.00000000000000000000E+0000  0.00000000000000000000E+0000  5.76918763756389980617E-0010
 6.77499999999999999989E-0006  0.00000000000000000000E+0000  6.68112344674757904992E-0007  5.47796607090309697418E-0007  6.68112344674757904992E-0007  1.04999999999999999996E+0000  1.49500351276452914670E+0000  1.57195532577736648682E+0000  1.44610905393649015797E+0000  0.00000000000000000000E+0000  2.34433159148802059510E+0002  0.00000000000000000000E+0000  2.01834633468030296132E-0038  2.35875902265817287794E-0001  2.43482118590022952961E-0032  0.00000000000000000000E+0000  2.30798555482966495742E+0002  0.00000000000000000000E+0000  0.00000000000000000000E+0000  2.30798556792393118525E+0002  0.00000000000000000000E+0000  0.00000000000000000000E+0000  0.00000000000000000000E+0000  0.00000000000000000000E+0000  0.00000000000000000000E+0000  1.08040593096334588053E-0008 -3.23100968865589345514E+0000  0.00000000000000000000E+0000  0.00000000000000000000E+0000  0.00000000000000000000E+0000 -5.19625010865757168696E-0010
 6.90999999999999999982E-0006  0.00000000000000000000E+0000  6.09010557802101851841E-0007  4.79985435371523263558E-0007  6.09010557802101851841E-0007  1.04999999999999999996E+0000  1.49500351291772702871E+0000  1.57195532593640909891E+0000  1.44610905411062791860E+0000  0.00000000000000000000E+0000  2.34433159148802059510E+0002  0.00000000000000000000E+0000  2.01834634856415569072E-0038  2.35875903959938444237E-0001  2.43482120533523476325E-0032  0.00000000000000000000E+0000  2.30798556242706189093E+0002  0.00000000000000000000E+0000  0.00000000000000000000E+0000  2.30798557555711426059E+0002  0.00000000000000000000E+0000  0.00000000000000000000E+0000  0.00000000000000000000E+0000  0.00000000000000000000E+0000  0.00000000000000000000E+0000  9.26607707920284472106E-0009 -3.23100779571765012697E+0000  0.00000000000000000000E+0000  0.00000000000000000000E+0000  0.00000000000000000000E+0000 -1.42378442334537625765E-0009
 7.04800000000000000014E-0006  0.00000000000000000000E+0000  5.19232203003476238592E-0007  3.95361750566178723268E-0007  5.19232203003476238592E-0007  1.04999999999999999996E+0000  1.49500351319552045890E+0000  1.57195532623666998267E+0000  1.44610905442763969524E+0000  0.00000000000000000000E+0000  2.34433159148802059510E+0002  0.00000000000000000000E+0000  2.01834637295935122549E-0038  2.35875907010464802636E-0001  2.43482123977754929368E-0032  0.00000000000000000000E+0000  2.30798557713419035156E+0002  0.00000000000000000000E+0000  0.00000000000000000000E+0000  2.30798558952761014712E+0002  0.00000000000000000000E+0000  0.00000000000000000000E+0000  0.00000000000000000000E+0000  0.00000000000000000000E+0000  0.00000000000000000000E+0000  7.39576786821411117003E-0009 -3.23100549385596906072E+0000  0.00000000000000000000E+0000  0.00000000000000000000E+0000  0.00000000000000000000E+0000 -2.10449947464977695471E-0009
 7.18900000000000000003E-0006  0.00000000000000000000E+0000  3.98182699797895213663E-0007  2.92387572193599372454E-0007  3.98182699797895213663E-0007  1.04999999999999999996E+0000  1.49500351356760204959E+0000  1.57195532664508554478E+0000  1.44610905485289012321E+0000  0.00000000000000000000E+0000  2.34433159148802059510E+0002  0.00000000000000000000E+0000  2.01834640537060083585E-0038  2.35875911103993521134E-0001  2.43482128569627667019E-0032  0.00000000000000000000E+0000  2.30798559736819863863E+0002  0.00000000000000000000E+0000  0.00000000000000000000E+0000  2.30798560817968074099E+0002  0.00000000000000000000E+0000  0.00000000000000000000E+0000  0.00000000000000000000E+0000  0.00000000000000000000E+0000  0.00000000000000000000E+0000  5.34593591970827252897E-0009 -3.23100297113424102051E+0000  0.00000000000000000000E+0000  0.00000000000000000000E+0000  0.00000000000000000000E+0000 -2.55580366614033838510E-0009
 7.33299999999999999990E-0006  0.00000000000000000000E+0000  2.56858043056522617899E-0007  1.78124889998125194616E-0007  2.56858043056522617899E-0007  1.04999999999999999996E+0000  1.49500351400086199855E+0000  1.57195532712517780727E+0000  1.44610905534851189676E+0000  0.00000000000000000000E+0000  2.34433159148802059510E+0002  0.00000000000000000000E+0000  2.01834644296101137672E-0038  2.35875915881537662032E-0001  2.43482133906762234764E-0032  0.00000000000000000000E+0000  2.30798562130097015835E+0002  0.00000000000000000000E+0000  0.00000000000000000000E+0000  2.30798562986014350357E+0002  0.00000000000000000000E+0000  0.00000000000000000000E+0000  0.00000000000000000000E+0000  0.00000000000000000000E+0000  0.00000000000000000000E+0000  3.25547543308715320579E-0009 -3.23100039847962611792E+0000  0.00000000000000000000E+0000  0.00000000000000000000E+0000  0.00000000000000000000E+0000 -2.78467677553317821845E-0009
 7.48000000000000000016E-0006  0.00000000000000000000E+0000  1.07078057342531129316E-0007  6.02990792262790267132E-0008  1.07078057342531129316E-0007  1.04999999999999999996E+0000  1.49500351446165084259E+0000  1.57195532763955074377E+0000  1.44610905587599384572E+0000  0.00000000000000000000E+0000  2.34433159148802059510E+0002  0.00000000000000000000E+0000  2.01834648284278629789E-0038  2.35875920975501256679E-0001  2.43482139578792834921E-0032  0.00000000000000000000E+0000  2.30798564704857444976E+0002  0.00000000000000000000E+0000  0.00000000000000000000E+0000  2.30798565289924947880E+0002  0.00000000000000000000E+0000  0.00000000000000000000E+0000  0.00000000000000000000E+0000  0.00000000000000000000E+0000  0.00000000000000000000E+0000  1.25202642434065137733E-0009 -3.23099793296509979696E+0000  0.00000000000000000000E+0000  0.00000000000000000000E+0000  0.00000000000000000000E+0000 -2.80996431145657070418E-0009
 7.62900000000000000014E-0006  0.00000000000000000000E+0000 -3.83185811234290239879E-0008  5.34714253771601784072E-0008 -3.83185811234290239879E-0008  1.04999999999999999996E+0000  1.49500351491505621367E+0000  1.57195532814907873182E+0000  1.44610905639535281236E+0000  0.00000000000000000000E+0000  2.34433159148802059510E+0002  0.00000000000000000000E+0000  2.01834652201030096199E-0038  2.35875926001077749084E-0001  2.43482145157839412068E-0032  0.00000000000000000000E+0000  2.30798567263294234178E+0002  0.00000000000000000000E+0000  0.00000000000000000000E+0000  2.30798567557790381924E+0002  0.00000000000000000000E+0000  0.00000000000000000000E+0000  0.00000000000000000000E+0000  0.00000000000000000000E+0000  0.00000000000000000000E+0000 -5.44576701936477057107E-0010 -3.23099572205256498980E+0000  0.00000000000000000000E+0000  0.00000000000000000000E+0000  0.00000000000000000000E+0000 -2.66706378505024476359E-0009
 7.78200000000000000036E-0006  0.00000000000000000000E+0000 -1.71199125482526237938E-0007  1.56738953563095233960E-0007 -1.71199125482526237938E-0007  1.04999999999999999996E+0000  1.49500351533865812644E+0000  1.57195532862830281064E+0000  1.44610905688088337299E+0000  0.00000000000000000000E+0000  2.34433159148802059510E+0002  0.00000000000000000000E+0000  2.01834655854877975080E-0038  2.35875930710915894970E-0001  2.43482150370515341823E-0032  0.00000000000000000000E+0000  2.30798569675432280884E+0002  0.00000000000000000000E+0000  0.00000000000000000000E+0000  2.30798569677988212573E+0002  0.00000000000000000000E+0000  0.00000000000000000000E+0000  0.00000000000000000000E+0000  0.00000000000000000000E+0000  0.00000000000000000000E+0000 -2.07004557908989823786E-0009 -3.23099384484976352347E+0000  0.00000000000000000000E+0000  0.00000000000000000000E+0000  0.00000000000000000000E+0000 -2.37241092270392224139E-0009
 7.93800000000000000015E-0006  0.00000000000000000000E+0000 -2.81398302286616357219E-0007  2.43252521512819869994E-0007 -2.81398302286616357219E-0007  1.04999999999999999996E+0000  1.49500351570594215548E+0000  1.57195532904689390223E+0000  1.44610905730216777088E+0000  0.00000000000000000000E+0000  2.34433159148802059510E+0002  0.00000000000000000000E+0000  2.01834659015703713874E-0038  2.35875934806239106027E-0001  2.43482154887748982737E-0032  0.00000000000000000000E+0000  2.30798571787828406987E+0002  0.00000000000000000000E+0000  0.00000000000000000000E+0000  2.30798571521235602641E+0002  0.00000000000000000000E+0000  0.00000000000000000000E+0000  0.00000000000000000000E+0000  0.00000000000000000000E+0000  0.00000000000000000000E+0000 -3.25274682179143264351E-0009 -3.23099238949553831069E+0000  0.00000000000000000000E+0000  0.00000000000000000000E+0000  0.00000000000000000000E+0000 -1.98867003206444957090E-0009
 8.09599999999999999965E-0006  0.00000000000000000000E+0000 -3.57767825799838245331E-0007  3.04613527912469381721E-0007 -3.57767825799838245331E-0007  1.04999999999999999996E+0000  1.49500351599782235540E+0000  1.57195532938260371342E+0000  1.44610905763727305359E+0000  0.00000000000000000000E+0000  2.34433159148802059510E+0002  0.00000000000000000000E+0000  2.01834661515513809418E-0038  2.35875938066131473440E-0001  2.43482158468307889614E-0032  0.00000000000000000000E+0000  2.30798573483793582076E+0002  0.00000000000000000000E+0000  0.00000000000000000000E+0000  2.30798572999236942194E+0002  0.00000000000000000000E+0000  0.00000000000000000000E+0000  0.00000000000000000000E+0000  0.00000000000000000000E+0000  0.00000000000000000000E+0000 -4.05791363711660365702E-0009 -3.23099139875655497352E+0000  0.00000000000000000000E+0000  0.00000000000000000000E+0000  0.00000000000000000000E+0000 -1.55691611783175868932E-0009
 8.25800000000000000023E-0006  0.00000000000000000000E+0000 -4.08997315986339972754E-0007  3.47502781556796620208E-0007 -4.08997315986339972754E-0007  1.04999999999999999996E+0000  1.49500351620749773207E+0000  1.57195532962694859628E+0000  1.44610905787833677108E+0000  0.00000000000000000000E+0000  2.34433159148802059510E+0002  0.00000000000000000000E+0000  2.01834663306626800100E-0038  2.35875940423745019873E-0001  2.43482161042236903070E-0032  0.00000000000000000000E+0000  2.30798574725212303660E+0002  0.00000000000000000000E+0000  0.00000000000000000000E+0000  2.30798574061719897282E+0002  0.00000000000000000000E+0000  0.00000000000000000000E+0000  0.00000000000000000000E+0000  0.00000000000000000000E+0000  0.00000000000000000000E+0000 -4.48217825408004099801E-0009 -3.23099087678144786533E+0000  0.00000000000000000000E+0000  0.00000000000000000000E+0000  0.00000000000000000000E+0000 -1.10307050349528021121E-0009
 8.42400000000000000023E-0006  0.00000000000000000000E+0000 -4.26400629086727541671E-0007  3.65128396759911734316E-0007 -4.26400629086727541671E-0007  1.04999999999999999996E+0000  1.49500351633015070231E+0000  1.57195532977351740145E+0000  1.44610905801975298912E+0000  0.00000000000000000000E+0000  2.34433159148802059510E+0002  0.00000000000000000000E+0000  2.01834664340601607723E-0038  2.35875941810177972976E-0001  2.43482162538113346026E-0032  0.00000000000000000000E+0000  2.30798575474890828557E+0002  0.00000000000000000000E+0000  0.00000000000000000000E+0000  2.30798574694986158448E+0002  0.00000000000000000000E+0000  0.00000000000000000000E+0000  0.00000000000000000000E+0000  0.00000000000000000000E+0000  0.00000000000000000000E+0000 -4.54959166805240045038E-0009 -3.23099079395103699485E+0000  0.00000000000000000000E+0000  0.00000000000000000000E+0000  0.00000000000000000000E+0000 -6.70444539575082057188E-0010
 8.59199999999999999994E-0006  0.00000000000000000000E+0000 -4.01549869477435991588E-0007  3.50487802361739460880E-0007 -4.01549869477435991588E-0007  1.04999999999999999996E+0000  1.49500351636698951589E+0000  1.57195532982259090072E+0000  1.44610905806280573549E+0000  0.00000000000000000000E+0000  2.34433159148802059510E+0002  0.00000000000000000000E+0000  2.01834664619263024839E-0038  2.35875942220425405897E-0001  2.43482162955864516943E-0032  0.00000000000000000000E+0000  2.30798575727347638736E+0002  0.00000000000000000000E+0000  0.00000000000000000000E+0000  2.30798574918307763490E+0002  0.00000000000000000000E+0000  0.00000000000000000000E+0000  0.00000000000000000000E+0000  0.00000000000000000000E+0000  0.00000000000000000000E+0000 -4.30651320488476978547E-0009 -3.23099109319211383979E+0000  0.00000000000000000000E+0000  0.00000000000000000000E+0000  0.00000000000000000000E+0000 -2.90323210560098457633E-0010
 8.76399999999999999990E-0006  0.00000000000000000000E+0000 -3.56211189582704547126E-0007  3.19297765705647459864E-0007 -3.56211189582704547126E-0007  1.04999999999999999996E+0000  1.49500351632694985940E+0000  1.57195532978344609603E+0000  1.44610905801766124481E+0000  0.00000000000000000000E+0000  2.34433159148802059510E+0002  0.00000000000000000000E+0000  2.01834664236033614712E-0038  2.35875941769094814101E-0001  2.43482162426638534911E-0032  0.00000000000000000000E+0000  2.30798575538127047499E+0002  0.00000000000000000000E+0000  0.00000000000000000000E+0000  2.30798574748586880614E+0002  0.00000000000000000000E+0000  0.00000000000000000000E+0000  0.00000000000000000000E+0000  0.00000000000000000000E+0000  0.00000000000000000000E+0000 -3.79344140533831507847E-0009 -3.23099172468298470855E+0000  0.00000000000000000000E+0000  0.00000000000000000000E+0000  0.00000000000000000000E+0000  2.33384712751305469607E-0011
 8.93900000000000000025E-0006  0.00000000000000000000E+0000 -2.83331409135898389997E-0007  2.65581948197542220553E-0007 -2.83331409135898389997E-0007  1.04999999999999999996E+0000  1.49500351622277319710E+0000  1.57195532966968885228E+0000  1.44610905789884333845E+0000  0.00000000000000000000E+0000  2.34433159148802059510E+0002  0.00000000000000000000E+0000  2.01834663290562633086E-0038  2.35875940579128788170E-0001  2.43482161090551121763E-0032  0.00000000000000000000E+0000  2.30798574968265830701E+0002  0.00000000000000000000E+0000  0.00000000000000000000E+0000  2.30798574266050793610E+0002  0.00000000000000000000E+0000  0.00000000000000000000E+0000  0.00000000000000000000E+0000  0.00000000000000000000E+0000  0.00000000000000000000E+0000 -3.09418855058611257087E-0009 -3.23099258526101166329E+0000  0.00000000000000000000E+0000  0.00000000000000000000E+0000  0.00000000000000000000E+0000  2.64603880409072932106E-0010
 9.11800000000000000002E-0006  0.00000000000000000000E+0000 -1.96983757021712921324E-0007  1.99419004483644424953E-0007 -1.96983757021712921324E-0007  1.04999999999999999996E+0000  1.49500351606975393967E+0000  1.57195532949811158014E+0000  1.44610905772382875121E+0000  0.00000000000000000000E+0000  2.34433159148802059510E+0002  0.00000000000000000000E+0000  2.01834661922273675859E-0038  2.35875938826642211795E-0001  2.43482159145120436667E-0032  0.00000000000000000000E+0000  2.30798574106041834028E+0002  0.00000000000000000000E+0000  0.00000000000000000000E+0000  2.30798573534075700503E+0002  0.00000000000000000000E+0000  0.00000000000000000000E+0000  0.00000000000000000000E+0000  0.00000000000000000000E+0000  0.00000000000000000000E+0000 -2.27256454218153516903E-0009 -3.23099359640787524468E+0000  0.00000000000000000000E+0000  0.00000000000000000000E+0000  0.00000000000000000000E+0000  4.29029971311958471023E-0010
 9.30000000000000000019E-0006  0.00000000000000000000E+0000 -1.00152022185739859745E-0007  1.22739359801584726944E-0007 -1.00152022185739859745E-0007  1.04999999999999999996E+0000  1.49500351588631885202E+0000  1.57195532928928466757E+0000  1.44610905751369991663E+0000  0.00000000000000000000E+0000  2.34433159148802059510E+0002  0.00000000000000000000E+0000  2.01834660287632481628E-0038  2.35875936711372854364E-0001  2.43482156812734502281E-0032  0.00000000000000000000E+0000  2.30798573052211157666E+0002  0.00000000000000000000E+0000  0.00000000000000000000E+0000  2.30798572649695708084E+0002  0.00000000000000000000E+0000  0.00000000000000000000E+0000  0.00000000000000000000E+0000  0.00000000000000000000E+0000  0.00000000000000000000E+0000 -1.41160920799397773966E-0009 -3.23099465592726760809E+0000  0.00000000000000000000E+0000  0.00000000000000000000E+0000  0.00000000000000000000E+0000  5.25603832233091660463E-0010
 9.48599999999999999978E-0006  0.00000000000000000000E+0000 -4.75880823625287507309E-0009  4.44234916746495327807E-0008 -4.75880823625287507309E-0009  1.04999999999999999996E+0000  1.49500351568941369394E+0000  1.57195532906242383937E+0000  1.44610905728787171641E+0000  0.00000000000000000000E+0000  2.34433159148802059510E+0002  0.00000000000000000000E+0000  2.01834658538451591699E-0038  2.35875934429200924712E-0001  2.43482154309911533865E-0032  0.00000000000000000000E+0000  2.30798571906362157038E+0002  0.00000000000000000000E+0000  0.00000000000000000000E+0000  2.30798571688920634293E+0002  0.00000000000000000000E+0000  0.00000000000000000000E+0000  0.00000000000000000000E+0000  0.00000000000000000000E+0000  0.00000000000000000000E+0000 -5.71307776408013851886E-0010 -3.23099569000820222649E+0000  0.00000000000000000000E+0000  0.00000000000000000000E+0000  0.00000000000000000000E+0000  5.61078078963558255050E-0010
 9.67599999999999999962E-0006  0.00000000000000000000E+0000  8.37438515850119472722E-0008  3.15361587972457291150E-0008  8.37438515850119472722E-0008  1.04999999999999999996E+0000  1.49500351549589479306E+0000  1.57195532883693421522E+0000  1.44610905706568027365E+0000  0.00000000000000000000E+0000  2.34433159148802059510E+0002  0.00000000000000000000E+0000  2.01834656821088947403E-0038  2.35875932171003445658E-0001  2.43482151846102753027E-0032  0.00000000000000000000E+0000  2.30798570765582137632E+0002  0.00000000000000000000E+0000  0.00000000000000000000E+0000  2.30798570736909833170E+0002  0.00000000000000000000E+0000  0.00000000000000000000E+0000  0.00000000000000000000E+0000  0.00000000000000000000E+0000  0.00000000000000000000E+0000  1.86965537860429512001E-0010 -3.23099662312438756047E+0000  0.00000000000000000000E+0000  0.00000000000000000000E+0000  0.00000000000000000000E+0000  5.51495792105986804376E-0010
 9.86999999999999999971E-0006  0.00000000000000000000E+0000  1.58294142764478081019E-0007  9.88526666234769390478E-0008  1.58294142764478081019E-0007  1.04999999999999999996E+0000  1.49500351532044180205E+0000  1.57195532863002538466E+0000  1.44610905686399113170E+0000  0.00000000000000000000E+0000  2.34433159148802059510E+0002  0.00000000000000000000E+0000  2.01834655265238351657E-0038  2.35875930108003993902E-0001  2.43482149607642041538E-0032  0.00000000000000000000E+0000  2.30798569717519854283E+0002  0.00000000000000000000E+0000  0.00000000000000000000E+0000  2.30798569864837275947E+0002  0.00000000000000000000E+0000  0.00000000000000000000E+0000  0.00000000000000000000E+0000  0.00000000000000000000E+0000  0.00000000000000000000E+0000  8.17732375955551935717E-0010 -3.23099739931555965063E+0000  0.00000000000000000000E+0000  0.00000000000000000000E+0000  0.00000000000000000000E+0000  5.11475786435501543171E-0010
 1.00699999999999999998E-0005  0.00000000000000000000E+0000  2.17034968450056598453E-0007  1.55875299239353976844E-0007  2.17034968450056598453E-0007  1.04999999999999999996E+0000  1.49500351517319669478E+0000  1.57195532845390028925E+0000  1.44610905669448238460E+0000  0.00000000000000000000E+0000  2.34433159148802059510E+0002  0.00000000000000000000E+0000  2.01834653958589704457E-0038  2.35875928358186918215E-0001  2.43482147721299833092E-0032  0.00000000000000000000E+0000  2.30798568823091189955E+0002  0.00000000000000000000E+0000  0.00000000000000000000E+0000  2.30798569126972371549E+0002  0.00000000000000000000E+0000  0.00000000000000000000E+0000  0.00000000000000000000E+0000  0.00000000000000000000E+0000  0.00000000000000000000E+0000  1.29216365317251115439E-0009 -3.23099798310614523826E+0000  0.00000000000000000000E+0000  0.00000000000000000000E+0000  0.00000000000000000000E+0000  4.50113701806647749857E-0010
 1.02699999999999999998E-0005  0.00000000000000000000E+0000  2.42155887473329099340E-0007  1.88259087118854784479E-0007  2.42155887473329099340E-0007  1.04999999999999999996E+0000  1.49500351506596323872E+0000  1.57195532832312874656E+0000  1.44610905657078182135E+0000  0.00000000000000000000E+0000  2.34433159148802059510E+0002  0.00000000000000000000E+0000  2.01834653016459935359E-0038  2.35875927078423053916E-0001  2.43482146354391222754E-0032  0.00000000000000000000E+0000  2.30798568162492237679E+0002  0.00000000000000000000E+0000  0.00000000000000000000E+0000  2.30798568562116195965E+0002  0.00000000000000000000E+0000  0.00000000000000000000E+0000  0.00000000000000000000E+0000  0.00000000000000000000E+0000  0.00000000000000000000E+0000  1.59546267344240170558E-0009 -3.23099835631161737422E+0000  0.00000000000000000000E+0000  0.00000000000000000000E+0000  0.00000000000000000000E+0000  3.94900787724582276914E-0010
 1.04699999999999999999E-0005  0.00000000000000000000E+0000  2.42246019586274057632E-0007  2.00935475315960837720E-0007  2.42246019586274057632E-0007  1.04999999999999999996E+0000  1.49500351500076221728E+0000  1.57195532824095338521E+0000  1.44610905649529096267E+0000  0.00000000000000000000E+0000  2.34433159148802059510E+0002  0.00000000000000000000E+0000  2.01834652451437129053E-0038  2.35875926291614627413E-0001  2.43482145527281768209E-0032  0.00000000000000000000E+0000  2.30798567749196904569E+0002  0.00000000000000000000E+0000  0.00000000000000000000E+0000  2.30798568195714465495E+0002  0.00000000000000000000E+0000  0.00000000000000000000E+0000  0.00000000000000000000E+0000  0.00000000000000000000E+0000  0.00000000000000000000E+0000  1.72413356602521343551E-0009 -3.23099851462366371448E+0000  0.00000000000000000000E+0000  0.00000000000000000000E+0000  0.00000000000000000000E+0000  3.47588420303440686804E-0010
 1.06800000000000000001E-0005  0.00000000000000000000E+0000  2.40765384086190889269E-0007  2.10342514386440541427E-0007  2.40765384086190889269E-0007  1.04999999999999999996E+0000  1.49500351497448468439E+0000  1.57195532820432273141E+0000  1.44610905646448474008E+0000  0.00000000000000000000E+0000  2.34433159148802059510E+0002  0.00000000000000000000E+0000  2.01834652219506870763E-0038  2.35875925944399114208E-0001  2.43482145178426789577E-0032  0.00000000000000000000E+0000  2.30798567557342288320E+0002  0.00000000000000000000E+0000  0.00000000000000000000E+0000  2.30798568047679737325E+0002  0.00000000000000000000E+0000  0.00000000000000000000E+0000  0.00000000000000000000E+0000  0.00000000000000000000E+0000  0.00000000000000000000E+0000  1.67914529701664620298E-0009 -3.23099845920983217676E+0000  0.00000000000000000000E+0000  0.00000000000000000000E+0000  0.00000000000000000000E+0000  2.86933043800858347466E-0010
 1.08999999999999999998E-0005  0.00000000000000000000E+0000  2.17006668635294298484E-0007  2.00986667019388975743E-0007  2.17006668635294298484E-0007  1.04999999999999999996E+0000  1.49500351498572461222E+0000  1.57195532821247746437E+0000  1.44610905647682530810E+0000  0.00000000000000000000E+0000  2.34433159148802059510E+0002  0.00000000000000000000E+0000  2.01834652325186669607E-0038  2.35875926048179000952E-0001  2.43482145316223959721E-0032  0.00000000000000000000E+0000  2.30798567593351610358E+0002  0.00000000000000000000E+0000  0.00000000000000000000E+0000  2.30798568079479687526E+0002  0.00000000000000000000E+0000  0.00000000000000000000E+0000  0.00000000000000000000E+0000  0.00000000000000000000E+0000  0.00000000000000000000E+0000  1.50467018982634333418E-0009 -3.23099824446029703197E+0000  0.00000000000000000000E+0000  0.00000000000000000000E+0000  0.00000000000000000000E+0000  2.19084787704749324832E-0010
 1.11100000000000000000E-0005  0.00000000000000000000E+0000  1.46681709299416459111E-0007  1.54204496204941128050E-0007  1.46681709299416459111E-0007  1.04999999999999999996E+0000  1.49500351502631936449E+0000  1.57195532825719717885E+0000  1.44610905652307662164E+0000  0.00000000000000000000E+0000  2.34433159148802059510E+0002  0.00000000000000000000E+0000  2.01834652720730715498E-0038  2.35875926548344910753E-0001  2.43482145875228846287E-0032  0.00000000000000000000E+0000  2.30798567830753342020E+0002  0.00000000000000000000E+0000  0.00000000000000000000E+0000  2.30798568207766356328E+0002  0.00000000000000000000E+0000  0.00000000000000000000E+0000  0.00000000000000000000E+0000  0.00000000000000000000E+0000  0.00000000000000000000E+0000  1.27414925712406078821E-0009 -3.23099796079205416272E+0000  0.00000000000000000000E+0000  0.00000000000000000000E+0000  0.00000000000000000000E+0000  1.78508634617006140051E-0010
 1.13399999999999999999E-0005  0.00000000000000000000E+0000  1.07497730722053394620E-0007  1.26890201310007199077E-0007  1.07497730722053394620E-0007  1.04999999999999999996E+0000  1.49500351509344195193E+0000  1.57195532833514692143E+0000  1.44610905659997150663E+0000  0.00000000000000000000E+0000  2.34433159148802059510E+0002  0.00000000000000000000E+0000  2.01834653324786176276E-0038  2.35875927339564574298E-0001  2.43482146739303075281E-0032  0.00000000000000000000E+0000  2.30798568216499931788E+0002  0.00000000000000000000E+0000  0.00000000000000000000E+0000  2.30798568538119168253E+0002  0.00000000000000000000E+0000  0.00000000000000000000E+0000  0.00000000000000000000E+0000  0.00000000000000000000E+0000  0.00000000000000000000E+0000  9.14413057464592710406E-0010 -3.23099751806713935960E+0000  0.00000000000000000000E+0000  0.00000000000000000000E+0000  0.00000000000000000000E+0000  1.53017817680424572093E-0010
 1.15600000000000000003E-0005  0.00000000000000000000E+0000  3.47172879729731100801E-0008  7.08716960312628656419E-0008  3.47172879729731100801E-0008  1.04999999999999999996E+0000  1.49500351516984325377E+0000  1.57195532842671799225E+0000  1.44610905668777861707E+0000  0.00000000000000000000E+0000  2.34433159148802059510E+0002  0.00000000000000000000E+0000  2.01834654038134552141E-0038  2.35875928293075459591E-0001  2.43482147766857937816E-0032  0.00000000000000000000E+0000  2.30798568687126516061E+0002  0.00000000000000000000E+0000  0.00000000000000000000E+0000  2.30798568873289063202E+0002  0.00000000000000000000E+0000  0.00000000000000000000E+0000  0.00000000000000000000E+0000  0.00000000000000000000E+0000  0.00000000000000000000E+0000  5.83357564350920975055E-0010 -3.23099711068469795899E+0000  0.00000000000000000000E+0000  0.00000000000000000000E+0000  0.00000000000000000000E+0000  1.11719585359445877173E-0010
 1.17900000000000000002E-0005  0.00000000000000000000E+0000 -2.00844321981738211604E-0008  2.47299556848607434164E-0008 -2.00844321981738211604E-0008  1.04999999999999999996E+0000  1.49500351525284673135E+0000  1.57195532852875255014E+0000  1.44610905678341613591E+0000  0.00000000000000000000E+0000  2.34433159148802059510E+0002  0.00000000000000000000E+0000  2.01834654801134757953E-0038  2.35875929331453805193E-0001  2.43482148872729338818E-0032  0.00000000000000000000E+0000  2.30798569202599777039E+0002  0.00000000000000000000E+0000  0.00000000000000000000E+0000  2.30798569278034717472E+0002  0.00000000000000000000E+0000  0.00000000000000000000E+0000  0.00000000000000000000E+0000  0.00000000000000000000E+0000  0.00000000000000000000E+0000  2.30436456775889805720E-0010 -3.23099667637991874725E+0000  0.00000000000000000000E+0000  0.00000000000000000000E+0000  0.00000000000000000000E+0000  7.87246634714455413226E-0011
 1.20300000000000000002E-0005  0.00000000000000000000E+0000 -7.36155876344864929892E-0008  2.35803186627249695555E-0008 -7.36155876344864929892E-0008  1.04999999999999999996E+0000  1.49500351533390959263E+0000  1.57195532863096866581E+0000  1.44610905687705688894E+0000  0.00000000000000000000E+0000  2.34433159148802059510E+0002  0.00000000000000000000E+0000  2.01834655551478079172E-0038  2.35875930370117677958E-0001  2.43482149966639454283E-0032  0.00000000000000000000E+0000  2.30798569721203359714E+0002  0.00000000000000000000E+0000  0.00000000000000000000E+0000  2.30798569677939372599E+0002  0.00000000000000000000E+0000  0.00000000000000000000E+0000  0.00000000000000000000E+0000  0.00000000000000000000E+0000  0.00000000000000000000E+0000 -8.71797929036965490609E-0011 -3.23099628553165894211E+0000  0.00000000000000000000E+0000  0.00000000000000000000E+0000  0.00000000000000000000E+0000  3.82108676217017768303E-0011
 1.22700000000000000003E-0005  0.00000000000000000000E+0000 -1.12602549758380768615E-0007  6.32188253216315587729E-0008 -1.12602549758380768615E-0007  1.04999999999999999996E+0000  1.49500351540263959360E+0000  1.57195532872031483397E+0000  1.44610905695669866031E+0000  0.00000000000000000000E+0000  2.34433159148802059510E+0002  0.00000000000000000000E+0000  2.01834656189909644639E-0038  2.35875931272395719939E-0001  2.43482150904148647539E-0032  0.00000000000000000000E+0000  2.30798570174037079139E+0002  0.00000000000000000000E+0000  0.00000000000000000000E+0000  2.30798570032920334572E+0002  0.00000000000000000000E+0000  0.00000000000000000000E+0000  0.00000000000000000000E+0000  0.00000000000000000000E+0000  0.00000000000000000000E+0000 -3.42888004079394821621E-0010 -3.23099597086566118001E+0000  0.00000000000000000000E+0000  0.00000000000000000000E+0000  0.00000000000000000000E+0000 -1.58664941019858144612E-0011
 1.25199999999999999997E-0005  0.00000000000000000000E+0000 -1.42625345394348897569E-0007  9.72283585617452080372E-0008 -1.42625345394348897569E-0007  1.04999999999999999996E+0000  1.49500351545673448720E+0000  1.57195532879358455054E+0000  1.44610905701965640631E+0000  0.00000000000000000000E+0000  2.34433159148802059510E+0002  0.00000000000000000000E+0000  2.01834656698574284041E-0038  2.35875932011098889360E-0001  2.43482151658324700187E-0032  0.00000000000000000000E+0000  2.30798570546862857597E+0002  0.00000000000000000000E+0000  0.00000000000000000000E+0000  2.30798570319506247212E+0002  0.00000000000000000000E+0000  0.00000000000000000000E+0000  0.00000000000000000000E+0000  0.00000000000000000000E+0000  0.00000000000000000000E+0000 -5.24844193501517062293E-0010 -3.23099574696443475716E+0000  0.00000000000000000000E+0000  0.00000000000000000000E+0000  0.00000000000000000000E+0000 -6.65479242712053624877E-0011
 1.27700000000000000000E-0005  0.00000000000000000000E+0000 -1.48613652022236673487E-0007  1.13489454521988235553E-0007 -1.48613652022236673487E-0007  1.04999999999999999996E+0000  1.49500351549114041919E+0000  1.57195532884347913673E+0000  1.44610905706000820179E+0000  0.00000000000000000000E+0000  2.34433159148802059510E+0002  0.00000000000000000000E+0000  2.01834657021753819348E-0038  2.35875932503638356756E-0001  2.43482152146006672516E-0032  0.00000000000000000000E+0000  2.30798570798219119374E+0002  0.00000000000000000000E+0000  0.00000000000000000000E+0000  2.30798570530441153198E+0002  0.00000000000000000000E+0000  0.00000000000000000000E+0000  0.00000000000000000000E+0000  0.00000000000000000000E+0000  0.00000000000000000000E+0000 -6.34261479506172928064E-0010 -3.23099561231698689584E+0000  0.00000000000000000000E+0000  0.00000000000000000000E+0000  0.00000000000000000000E+0000 -1.21810345978441765244E-0010
 1.30200000000000000003E-0005  0.00000000000000000000E+0000 -1.38763148389520267592E-0007  1.16701808216791846457E-0007 -1.38763148389520267592E-0007  1.04999999999999999996E+0000  1.49500351550604446138E+0000  1.57195532886921205741E+0000  1.44610905707787815329E+0000  0.00000000000000000000E+0000  2.34433159148802059510E+0002  0.00000000000000000000E+0000  2.01834657163288109104E-0038  2.35875932747959770862E-0001  2.43482152370121717500E-0032  0.00000000000000000000E+0000  2.30798570926512928492E+0002  0.00000000000000000000E+0000  0.00000000000000000000E+0000  2.30798570651121969802E+0002  0.00000000000000000000E+0000  0.00000000000000000000E+0000  0.00000000000000000000E+0000  0.00000000000000000000E+0000  0.00000000000000000000E+0000 -6.66835539424923045896E-0010 -3.23099557222837804318E+0000  0.00000000000000000000E+0000  0.00000000000000000000E+0000  0.00000000000000000000E+0000 -1.79957841382879397574E-0010
 1.32799999999999999999E-0005  0.00000000000000000000E+0000 -1.24784580319653052551E-0007  1.14400071522553042177E-0007 -1.24784580319653052551E-0007  1.04999999999999999996E+0000  1.49500351550351883096E+0000  1.57195532887265730887E+0000  1.44610905707559751429E+0000  0.00000000000000000000E+0000  2.34433159148802059510E+0002  0.00000000000000000000E+0000  2.01834657147478516673E-0038  2.35875932771986554666E-0001  2.43482152364052628871E-0032  0.00000000000000000000E+0000  2.30798570945398649853E+0002  0.00000000000000000000E+0000  0.00000000000000000000E+0000  2.30798570672991983324E+0002  0.00000000000000000000E+0000  0.00000000000000000000E+0000  0.00000000000000000000E+0000  0.00000000000000000000E+0000  0.00000000000000000000E+0000 -6.23147481149310626336E-0010 -3.23099562599553875798E+0000  0.00000000000000000000E+0000  0.00000000000000000000E+0000  0.00000000000000000000E+0000 -2.17016292394164676052E-0010
 1.35499999999999999998E-0005  0.00000000000000000000E+0000 -9.88573330133152786093E-0008  1.00559233510170034096E-0007 -9.88573330133152786093E-0008  1.04999999999999999996E+0000  1.49500351548602162079E+0000  1.57195532885591263052E+0000  1.44610905705591745592E+0000  0.00000000000000000000E+0000  2.34433159148802059510E+0002  0.00000000000000000000E+0000  2.01834656989267547812E-0038  2.35875932590251845530E-0001  2.43482152147401685546E-0032  0.00000000000000000000E+0000  2.30798570861742064778E+0002  0.00000000000000000000E+0000  0.00000000000000000000E+0000  2.30798570620646721172E+0002  0.00000000000000000000E+0000  0.00000000000000000000E+0000  0.00000000000000000000E+0000  0.00000000000000000000E+0000  0.00000000000000000000E+0000 -5.28293969665937180659E-0010 -3.23099574272260756103E+0000  0.00000000000000000000E+0000  0.00000000000000000000E+0000  0.00000000000000000000E+0000 -2.25830287072805360384E-0010
 1.38199999999999999996E-0005  0.00000000000000000000E+0000 -5.97766202292852934975E-0008  7.42352304515915557090E-0008 -5.97766202292852934975E-0008  1.04999999999999999996E+0000  1.49500351545832982163E+0000  1.57195532882389969092E+0000  1.44610905702425297586E+0000  0.00000000000000000000E+0000  2.34433159148802059510E+0002  0.00000000000000000000E+0000  2.01834656727118264717E-0038  2.35875932248906872287E-0001  2.43482151773655482876E-0032  0.00000000000000000000E+0000  2.30798570698164842274E+0002  0.00000000000000000000E+0000  0.00000000000000000000E+0000  2.30798570521722836574E+0002  0.00000000000000000000E+0000  0.00000000000000000000E+0000  0.00000000000000000000E+0000  0.00000000000000000000E+0000  0.00000000000000000000E+0000 -4.07380512566748304300E-0010 -3.23099589150965956115E+0000  0.00000000000000000000E+0000  0.00000000000000000000E+0000  0.00000000000000000000E+0000 -2.21477231543092786596E-0010
 1.40999999999999999997E-0005  0.00000000000000000000E+0000 -2.32154730553885567325E-0008  4.68751216322921534899E-0008 -2.32154730553885567325E-0008  1.04999999999999999996E+0000  1.49500351542422666297E+0000  1.57195532878098511928E+0000  1.44610905698493799327E+0000  0.00000000000000000000E+0000  2.34433159148802059510E+0002  0.00000000000000000000E+0000  2.01834656403059614737E-0038  2.35875931802551135885E-0001  2.43482151302758604855E-0032  0.00000000000000000000E+0000  2.30798570481794397463E+0002  0.00000000000000000000E+0000  0.00000000000000000000E+0000  2.30798570372101264733E+0002  0.00000000000000000000E+0000  0.00000000000000000000E+0000  0.00000000000000000000E+0000  0.00000000000000000000E+0000  0.00000000000000000000E+0000 -2.59720281000166235585E-0010 -3.23099607321783920079E+0000  0.00000000000000000000E+0000  0.00000000000000000000E+0000  0.00000000000000000000E+0000 -2.05921333522968117062E-0010
 1.43799999999999999998E-0005  0.00000000000000000000E+0000  1.39150060805125893618E-0008  1.63460393068851362801E-0008  1.39150060805125893618E-0008  1.04999999999999999996E+0000  1.49500351538959143968E+0000  1.57195532873429749611E+0000  1.44610905694473149043E+0000  0.00000000000000000000E+0000  2.34433159148802059510E+0002  0.00000000000000000000E+0000  2.01834656066318836743E-0038  2.35875931317824552631E-0001  2.43482150805874952884E-0032  0.00000000000000000000E+0000  2.30798570245359189634E+0002  0.00000000000000000000E+0000  0.00000000000000000000E+0000  2.30798570210767483704E+0002  0.00000000000000000000E+0000  0.00000000000000000000E+0000  0.00000000000000000000E+0000  0.00000000000000000000E+0000  0.00000000000000000000E+0000 -1.16642598642040223061E-0010 -3.23099624928561125715E+0000  0.00000000000000000000E+0000  0.00000000000000000000E+0000  0.00000000000000000000E+0000 -1.73472731455487091175E-0010
 1.46700000000000000000E-0005  0.00000000000000000000E+0000  4.49665191737109036870E-0008  1.19908564135678478992E-0008  4.49665191737109036870E-0008  1.04999999999999999996E+0000  1.49500351535737571068E+0000  1.57195532868767153510E+0000  1.44610905690705007244E+0000  0.00000000000000000000E+0000  2.34433159148802059510E+0002  0.00000000000000000000E+0000  2.01834655747662700227E-0038  2.35875930837704408211E-0001  2.43482150327956408548E-0032  0.00000000000000000000E+0000  2.30798570010197985028E+0002  0.00000000000000000000E+0000  0.00000000000000000000E+0000  2.30798570044849053404E+0002  0.00000000000000000000E+0000  0.00000000000000000000E+0000  0.00000000000000000000E+0000  0.00000000000000000000E+0000  0.00000000000000000000E+0000  1.69649465142791244943E-0011 -3.23099641370404988029E+0000  0.00000000000000000000E+0000  0.00000000000000000000E+0000  0.00000000000000000000E+0000 -1.27314765205542530340E-0010
 1.49600000000000000003E-0005  0.00000000000000000000E+0000  6.64945649331914458290E-0008  3.48947892620862316837E-0008  6.64945649331914458290E-0008  1.04999999999999999996E+0000  1.49500351533190413747E+0000  1.57195532864725163688E+0000  1.44610905687694401623E+0000  0.00000000000000000000E+0000  2.34433159148802059510E+0002  0.00000000000000000000E+0000  2.01834655488562658761E-0038  2.35875930424165376756E-0001  2.43482149931016517396E-0032  0.00000000000000000000E+0000  2.30798569806801029305E+0002  0.00000000000000000000E+0000  0.00000000000000000000E+0000  2.30798569896281615621E+0002  0.00000000000000000000E+0000  0.00000000000000000000E+0000  0.00000000000000000000E+0000  0.00000000000000000000E+0000  0.00000000000000000000E+0000  1.25672893360380089766E-0010 -3.23099654748668096548E+0000  0.00000000000000000000E+0000  0.00000000000000000000E+0000  0.00000000000000000000E+0000 -6.62572040998033735885E-0011
 1.52600000000000000000E-0005  0.00000000000000000000E+0000  8.10044496953526375165E-0008  5.32855232392089120803E-0008  8.10044496953526375165E-0008  1.04999999999999999996E+0000  1.49500351531432626733E+0000  1.57195532861507176700E+0000  1.44610905685578983062E+0000  0.00000000000000000000E+0000  2.34433159148802059510E+0002  0.00000000000000000000E+0000  2.01834655299787750080E-0038  2.35875930096164983539E-0001  2.43482149632193610330E-0032  0.00000000000000000000E+0000  2.30798569644587285021E+0002  0.00000000000000000000E+0000  0.00000000000000000000E+0000  2.30798569778070308767E+0002  0.00000000000000000000E+0000  0.00000000000000000000E+0000  0.00000000000000000000E+0000  0.00000000000000000000E+0000  0.00000000000000000000E+0000  2.02075583204172296672E-0010 -3.23099664151592808298E+0000  0.00000000000000000000E+0000  0.00000000000000000000E+0000  0.00000000000000000000E+0000 -1.39375089199137251470E-0012
 1.55599999999999999996E-0005  0.00000000000000000000E+0000  8.18938433578967762832E-0008  6.15255715927373162874E-0008  8.18938433578967762832E-0008  1.04999999999999999996E+0000  1.49500351530602573443E+0000  1.57195532859424122343E+0000  1.44610905684530362844E+0000  0.00000000000000000000E+0000  2.34433159148802059510E+0002  0.00000000000000000000E+0000  2.01834655200074854418E-0038  2.35875929888454461403E-0001  2.43482149461903054096E-0032  0.00000000000000000000E+0000  2.30798569540708107345E+0002  0.00000000000000000000E+0000  0.00000000000000000000E+0000  2.30798569691768493684E+0002  0.00000000000000000000E+0000  0.00000000000000000000E+0000  0.00000000000000000000E+0000  0.00000000000000000000E+0000  0.00000000000000000000E+0000  2.47918993742962530418E-0010 -3.23099669794643579320E+0000  0.00000000000000000000E+0000  0.00000000000000000000E+0000  0.00000000000000000000E+0000  6.38802480714841397521E-0011
 1.58699999999999999995E-0005  0.00000000000000000000E+0000  7.76083216580063004286E-0008  6.48978756336667455178E-0008  7.76083216580063004286E-0008  1.04999999999999999996E+0000  1.49500351530628382475E+0000  1.57195532858463427582E+0000  1.44610905684472311472E+0000  0.00000000000000000000E+0000  2.34433159148802059510E+0002  0.00000000000000000000E+0000  2.01834655180715491999E-0038  2.35875929794671682389E-0001  2.43482149409517708581E-0032  0.00000000000000000000E+0000  2.30798569492069993406E+0002  0.00000000000000000000E+0000  0.00000000000000000000E+0000  2.30798569649878130380E+0002  0.00000000000000000000E+0000  0.00000000000000000000E+0000  0.00000000000000000000E+0000  0.00000000000000000000E+0000  0.00000000000000000000E+0000  2.56689910793577822830E-0010 -3.23099670875296598343E+0000  0.00000000000000000000E+0000  0.00000000000000000000E+0000  0.00000000000000000000E+0000  1.17777868008487789272E-0010
 1.61899999999999999996E-0005  0.00000000000000000000E+0000  6.53247257842326864088E-0008  6.08431398649417683433E-0008  6.53247257842326864088E-0008  1.04999999999999999996E+0000  1.49500351531394428035E+0000  1.57195532858589363681E+0000  1.44610905685280978982E+0000  0.00000000000000000000E+0000  2.34433159148802059510E+0002  0.00000000000000000000E+0000  2.01834655235211712149E-0038  2.35875929813039734518E-0001  2.43482149468141967429E-0032  0.00000000000000000000E+0000  2.30798569497906944356E+0002  0.00000000000000000000E+0000  0.00000000000000000000E+0000  2.30798569644506110149E+0002  0.00000000000000000000E+0000  0.00000000000000000000E+0000  0.00000000000000000000E+0000  0.00000000000000000000E+0000  0.00000000000000000000E+0000  2.37578348742663386427E-0010 -3.23099668524786142279E+0000  0.00000000000000000000E+0000  0.00000000000000000000E+0000  0.00000000000000000000E+0000  1.51593520708279885535E-0010
 1.65199999999999999999E-0005  0.00000000000000000000E+0000  4.68210849821149246734E-0008  5.04201769651785714520E-0008  4.68210849821149246734E-0008  1.04999999999999999996E+0000  1.49500351532705360604E+0000  1.57195532859651725187E+0000  1.44610905686739422298E+0000  0.00000000000000000000E+0000  2.34433159148802059510E+0002  0.00000000000000000000E+0000  2.01834655347547637098E-0038  2.35875929927881866944E-0001  2.43482149616791530251E-0032  0.00000000000000000000E+0000  2.30798569550632603528E+0002  0.00000000000000000000E+0000  0.00000000000000000000E+0000  2.30798569670307520102E+0002  0.00000000000000000000E+0000  0.00000000000000000000E+0000  0.00000000000000000000E+0000  0.00000000000000000000E+0000  0.00000000000000000000E+0000  1.97062782046240148227E-0010 -3.23099663540189669785E+0000  0.00000000000000000000E+0000  0.00000000000000000000E+0000  0.00000000000000000000E+0000  1.66416104427163140196E-0010
 1.68500000000000000002E-0005  0.00000000000000000000E+0000  2.31687457072810096330E-0008  3.42761093063983939691E-0008  2.31687457072810096330E-0008  1.04999999999999999996E+0000  1.49500351534269761730E+0000  1.57195532861371453800E+0000  1.44610905688519473112E+0000  0.00000000000000000000E+0000  2.34433159148802059510E+0002  0.00000000000000000000E+0000  2.01834655493495077273E-0038  2.35875930111572257831E-0001  2.43482149822343011918E-0032  0.00000000000000000000E+0000  2.30798569636925314436E+0002  0.00000000000000000000E+0000  0.00000000000000000000E+0000  2.30798569715014008974E+0002  0.00000000000000000000E+0000  0.00000000000000000000E+0000  0.00000000000000000000E+0000  0.00000000000000000000E+0000  0.00000000000000000000E+0000  1.46173846293808451157E-0010 -3.23099657278926288536E+0000  0.00000000000000000000E+0000  0.00000000000000000000E+0000  0.00000000000000000000E+0000  1.67501175614496796196E-0010
 1.71800000000000000005E-0005  0.00000000000000000000E+0000  1.15729750671595915773E-0009  1.73521913756399277842E-0008  1.15729750671595915773E-0009  1.04999999999999999996E+0000  1.49500351535831048800E+0000  1.57195532863449061428E+0000  1.44610905690327459523E+0000  0.00000000000000000000E+0000  2.34433159148802059510E+0002  0.00000000000000000000E+0000  2.01834655647342717740E-0038  2.35875930330485059129E-0001  2.43482150048114614165E-0032  0.00000000000000000000E+0000  2.30798569740503651634E+0002  0.00000000000000000000E+0000  0.00000000000000000000E+0000  2.30798569775977333474E+0002  0.00000000000000000000E+0000  0.00000000000000000000E+0000  0.00000000000000000000E+0000  0.00000000000000000000E+0000  0.00000000000000000000E+0000  8.78180469436366408799E-0011 -3.23099650098055611765E+0000  0.00000000000000000000E+0000  0.00000000000000000000E+0000  0.00000000000000000000E+0000  1.53662520081679780029E-0010
 1.75299999999999999995E-0005  0.00000000000000000000E+0000 -1.79771122770251798072E-0008  9.96133311679024014245E-0010 -1.79771122770251798072E-0008  1.04999999999999999996E+0000  1.49500351537261942463E+0000  1.57195532865714742256E+0000  1.44610905692015851928E+0000  0.00000000000000000000E+0000  2.34433159148802059510E+0002  0.00000000000000000000E+0000  2.01834655796288233332E-0038  2.35875930566390173515E-0001  2.43482150275296951367E-0032  0.00000000000000000000E+0000  2.30798569852578441750E+0002  0.00000000000000000000E+0000  0.00000000000000000000E+0000  2.30798569847361305776E+0002  0.00000000000000000000E+0000  0.00000000000000000000E+0000  0.00000000000000000000E+0000  0.00000000000000000000E+0000  0.00000000000000000000E+0000  2.69971191519201138846E-0011 -3.23099642613109409276E+0000  0.00000000000000000000E+0000  0.00000000000000000000E+0000  0.00000000000000000000E+0000  1.22356874544885584613E-0010
 1.78800000000000000002E-0005  0.00000000000000000000E+0000 -3.29732736894997345814E-0008  1.40828230019846952057E-0008 -3.29732736894997345814E-0008  1.04999999999999999996E+0000  1.49500351538299133738E+0000  1.57195532867777590315E+0000  1.44610905693276144048E+0000  0.00000000000000000000E+0000  2.34433159148802059510E+0002  0.00000000000000000000E+0000  2.01834655915364345613E-0038  2.35875930780802205589E-0001  2.43482150466196390215E-0032  0.00000000000000000000E+0000  2.30798569954784766486E+0002  0.00000000000000000000E+0000  0.00000000000000000000E+0000  2.30798569914023543062E+0002  0.00000000000000000000E+0000  0.00000000000000000000E+0000  0.00000000000000000000E+0000  0.00000000000000000000E+0000  0.00000000000000000000E+0000 -2.48365686642460270729E-0011 -3.23099636233528432982E+0000  0.00000000000000000000E+0000  0.00000000000000000000E+0000  0.00000000000000000000E+0000  7.60257075884923931269E-0011
 1.82299999999999999993E-0005  0.00000000000000000000E+0000 -4.12167442848224018300E-0008  2.46472059993513269607E-0008 -4.12167442848224018300E-0008  1.04999999999999999996E+0000  1.49500351538853688143E+0000  1.57195532869441576516E+0000  1.44610905693998533568E+0000  0.00000000000000000000E+0000  2.34433159148802059510E+0002  0.00000000000000000000E+0000  2.01834655992908344286E-0038  2.35875930952142916645E-0001  2.43482150601909946331E-0032  0.00000000000000000000E+0000  2.30798570036755501714E+0002  0.00000000000000000000E+0000  0.00000000000000000000E+0000  2.30798569972013916163E+0002  0.00000000000000000000E+0000  0.00000000000000000000E+0000  0.00000000000000000000E+0000  0.00000000000000000000E+0000  0.00000000000000000000E+0000 -6.55632910268219436813E-0011 -3.23099631220065590582E+0000  0.00000000000000000000E+0000  0.00000000000000000000E+0000  0.00000000000000000000E+0000  2.06418185349745693079E-0011
 1.86000000000000000004E-0005  0.00000000000000000000E+0000 -4.68111190043061658936E-0008  3.32064488656463632342E-0008 -4.68111190043061658936E-0008  1.04999999999999999996E+0000  1.49500351538927225630E+0000  1.57195532870656964799E+0000  1.44610905694180573043E+0000  0.00000000000000000000E+0000  2.34433159148802059510E+0002  0.00000000000000000000E+0000  2.01834656029442995733E-0038  2.35875931077464755692E-0001  2.43482150681884133525E-0032  0.00000000000000000000E+0000  2.30798570097181951960E+0002  0.00000000000000000000E+0000  0.00000000000000000000E+0000  2.30798570012446097696E+0002  0.00000000000000000000E+0000  0.00000000000000000000E+0000  0.00000000000000000000E+0000  0.00000000000000000000E+0000  0.00000000000000000000E+0000 -8.95983037621408468526E-0011 -3.23099628260578018170E+0000  0.00000000000000000000E+0000  0.00000000000000000000E+0000  0.00000000000000000000E+0000 -2.88542817025685770735E-0011
 1.89699999999999999999E-0005  0.00000000000000000000E+0000 -4.31796444320212065699E-0008  3.46217427312006715487E-0008 -4.31796444320212065699E-0008  1.04999999999999999996E+0000  1.49500351538543870932E+0000  1.57195532871281686417E+0000  1.44610905693835033170E+0000  0.00000000000000000000E+0000  2.34433159148802059510E+0002  0.00000000000000000000E+0000  2.01834656020519848822E-0038  2.35875931139379801035E-0001  2.43482150695659040208E-0032  0.00000000000000000000E+0000  2.30798570127767097640E+0002  0.00000000000000000000E+0000  0.00000000000000000000E+0000  2.30798570041752352425E+0002  0.00000000000000000000E+0000  0.00000000000000000000E+0000  0.00000000000000000000E+0000  0.00000000000000000000E+0000  0.00000000000000000000E+0000 -1.03218130168906326024E-0010 -3.23099626582208321042E+0000  0.00000000000000000000E+0000  0.00000000000000000000E+0000  0.00000000000000000000E+0000 -7.05511497896816280611E-0011
 1.93499999999999999995E-0005  0.00000000000000000000E+0000 -3.65379309484792862231E-0008  3.29531307224941597382E-0008 -3.65379309484792862231E-0008  1.04999999999999999996E+0000  1.49500351537798155616E+0000  1.57195532871350694779E+0000  1.44610905693063556321E+0000  0.00000000000000000000E+0000  2.34433159148802059510E+0002  0.00000000000000000000E+0000  2.01834655974918424434E-0038  2.35875931144123959158E-0001  2.43482150653852988202E-0032  0.00000000000000000000E+0000  2.30798570131569826494E+0002  0.00000000000000000000E+0000  0.00000000000000000000E+0000  2.30798570051357992514E+0002  0.00000000000000000000E+0000  0.00000000000000000000E+0000  0.00000000000000000000E+0000  0.00000000000000000000E+0000  0.00000000000000000000E+0000 -1.01010466843643345470E-0010 -3.23099626851793922909E+0000  0.00000000000000000000E+0000  0.00000000000000000000E+0000  0.00000000000000000000E+0000 -1.01431636696574463146E-0010
 1.97399999999999999994E-0005  0.00000000000000000000E+0000 -2.62605777548425137490E-0008  2.74900142616712704492E-0008 -2.62605777548425137490E-0008  1.04999999999999999996E+0000  1.49500351536824264552E+0000  1.57195532870930067596E+0000  1.44610905692011784511E+0000  0.00000000000000000000E+0000  2.34433159148802059510E+0002  0.00000000000000000000E+0000  2.01834655902135345940E-0038  2.35875931097958740849E-0001  2.43482150567807152432E-0032  0.00000000000000000000E+0000  2.30798570111542575942E+0002  0.00000000000000000000E+0000  0.00000000000000000000E+0000  2.30798570046180609019E+0002  0.00000000000000000000E+0000  0.00000000000000000000E+0000  0.00000000000000000000E+0000  0.00000000000000000000E+0000  0.00000000000000000000E+0000 -8.80518937769537910767E-0011 -3.23099628444636829353E+0000  0.00000000000000000000E+0000  0.00000000000000000000E+0000  0.00000000000000000000E+0000 -1.16386919481264944483E-0010
 2.01299999999999999993E-0005  0.00000000000000000000E+0000 -1.32008848117255962415E-0008  1.87795771793295452366E-0008 -1.32008848117255962415E-0008  1.04999999999999999996E+0000  1.49500351535804663840E+0000  1.57195532870150172535E+0000  1.44610905690881170484E+0000  0.00000000000000000000E+0000  2.34433159148802059510E+0002  0.00000000000000000000E+0000  2.01834655816486106654E-0038  2.35875931013993910074E-0001  2.43482150455905179674E-0032  0.00000000000000000000E+0000  2.30798570073808924003E+0002  0.00000000000000000000E+0000  0.00000000000000000000E+0000  2.30798570031245241521E+0002  0.00000000000000000000E+0000  0.00000000000000000000E+0000  0.00000000000000000000E+0000  0.00000000000000000000E+0000  0.00000000000000000000E+0000 -6.90426267110360434681E-0011 -3.23099630782494939840E+0000  0.00000000000000000000E+0000  0.00000000000000000000E+0000  0.00000000000000000000E+0000 -1.16486885607577328863E-0010
 2.05399999999999999996E-0005  0.00000000000000000000E+0000 -1.46235251441309204612E-0009  9.86730989848174919695E-0009 -1.46235251441309204612E-0009  1.04999999999999999996E+0000  1.49500351534836950875E+0000  1.57195532869119487720E+0000  1.44610905689782856195E+0000  0.00000000000000000000E+0000  2.34433159148802059510E+0002  0.00000000000000000000E+0000  2.01834655728371314529E-0038  2.35875930905419815386E-0001  2.43482150332810098412E-0032  0.00000000000000000000E+0000  2.30798570024612021645E+0002  0.00000000000000000000E+0000  0.00000000000000000000E+0000  2.30798570004499680117E+0002  0.00000000000000000000E+0000  0.00000000000000000000E+0000  0.00000000000000000000E+0000  0.00000000000000000000E+0000  0.00000000000000000000E+0000 -4.30077762922014634010E-0011 -3.23099633985723436592E+0000  0.00000000000000000000E+0000  0.00000000000000000000E+0000  0.00000000000000000000E+0000 -1.01486954915300469271E-0010
 2.09499999999999999999E-0005  0.00000000000000000000E+0000  9.80694227886831103985E-0009  6.44967864608417280386E-0010  9.80694227886831103985E-0009  1.04999999999999999996E+0000  1.49500351534101764668E+0000  1.57195532868035911934E+0000  1.44610905688922261180E+0000  0.00000000000000000000E+0000  2.34433159148802059510E+0002  0.00000000000000000000E+0000  2.01834655652818911667E-0038  2.35875930791090004983E-0001  2.43482150219638099213E-0032  0.00000000000000000000E+0000  2.30798569972583802981E+0002  0.00000000000000000000E+0000  0.00000000000000000000E+0000  2.30798569976214524718E+0002  0.00000000000000000000E+0000  0.00000000000000000000E+0000  0.00000000000000000000E+0000  0.00000000000000000000E+0000  0.00000000000000000000E+0000 -1.81958894282557779392E-0011 -3.23099637039114874026E+0000  0.00000000000000000000E+0000  0.00000000000000000000E+0000  0.00000000000000000000E+0000 -7.38842131823091274625E-0011
 2.13600000000000000002E-0005  0.00000000000000000000E+0000  1.76353365350590487200E-0008  7.51645313945615315040E-0009  1.76353365350590487200E-0008  1.04999999999999999996E+0000  1.49500351533681697877E+0000  1.57195532867036486847E+0000  1.44610905688397383014E+0000  0.00000000000000000000E+0000  2.34433159148802059510E+0002  0.00000000000000000000E+0000  2.01834655599493841246E-0038  2.35875930686416544817E-0001  2.43482150131138923174E-0032  0.00000000000000000000E+0000  2.30798569924863269942E+0002  0.00000000000000000000E+0000  0.00000000000000000000E+0000  2.30798569947049756923E+0002  0.00000000000000000000E+0000  0.00000000000000000000E+0000  0.00000000000000000000E+0000  0.00000000000000000000E+0000  0.00000000000000000000E+0000  5.01604156314066069796E-0012 -3.23099639896467814024E+0000  0.00000000000000000000E+0000  0.00000000000000000000E+0000  0.00000000000000000000E+0000 -3.81811728909663889708E-0011
 2.17899999999999999993E-0005  0.00000000000000000000E+0000  2.32493170356360965146E-0008  1.39315499767348275823E-0008  2.32493170356360965146E-0008  1.04999999999999999996E+0000  1.49500351533594104869E+0000  1.57195532866185391536E+0000  1.44610905688231797955E+0000  0.00000000000000000000E+0000  2.34433159148802059510E+0002  0.00000000000000000000E+0000  2.01834655570813900969E-0038  2.35875930597610456723E-0001  2.43482150071846387567E-0032  0.00000000000000000000E+0000  2.30798569884241774219E+0002  0.00000000000000000000E+0000  0.00000000000000000000E+0000  2.30798569921804881760E+0002  0.00000000000000000000E+0000  0.00000000000000000000E+0000  0.00000000000000000000E+0000  0.00000000000000000000E+0000  0.00000000000000000000E+0000  2.32180425265339513824E-0011 -3.23099642137859858039E+0000  0.00000000000000000000E+0000  0.00000000000000000000E+0000  0.00000000000000000000E+0000 -2.00163719790731596195E-0012
 2.22300000000000000002E-0005  0.00000000000000000000E+0000  2.50022837618533734936E-0008  1.75834339535239415862E-0008  2.50022837618533734936E-0008  1.04999999999999999996E+0000  1.49500351533845975214E+0000  1.57195532865586332343E+0000  1.44610905688441815288E+0000  0.00000000000000000000E+0000  2.34433159148802059510E+0002  0.00000000000000000000E+0000  2.01834655570076745238E-0038  2.35875930535522677198E-0001  2.43482150048781184966E-0032  0.00000000000000000000E+0000  2.30798569855603589576E+0002  0.00000000000000000000E+0000  0.00000000000000000000E+0000  2.30798569901388921491E+0002  0.00000000000000000000E+0000  0.00000000000000000000E+0000  0.00000000000000000000E+0000  0.00000000000000000000E+0000  0.00000000000000000000E+0000  3.61946245349711805769E-0011 -3.23099643736733281823E+0000  0.00000000000000000000E+0000  0.00000000000000000000E+0000  0.00000000000000000000E+0000  3.00005907774550722181E-0011
 2.26699999999999999995E-0005  0.00000000000000000000E+0000  2.25484940302846553855E-0008  1.79469423343360230673E-0008  2.25484940302846553855E-0008  1.04999999999999999996E+0000  1.49500351534380636104E+0000  1.57195532865286681339E+0000  1.44610905688972628583E+0000  0.00000000000000000000E+0000  2.34433159148802059510E+0002  0.00000000000000000000E+0000  2.01834655595320533693E-0038  2.35875930505347816338E-0001  2.43482150061937033224E-0032  0.00000000000000000000E+0000  2.30798569841278333817E+0002  0.00000000000000000000E+0000  0.00000000000000000000E+0000  2.30798569886636800355E+0002  0.00000000000000000000E+0000  0.00000000000000000000E+0000  0.00000000000000000000E+0000  0.00000000000000000000E+0000  0.00000000000000000000E+0000  4.38068121266545434514E-0011 -3.23099644675786215197E+0000  0.00000000000000000000E+0000  0.00000000000000000000E+0000  0.00000000000000000000E+0000  5.69594301824503778090E-0011
 2.31299999999999999992E-0005  0.00000000000000000000E+0000  1.90511708917906277703E-0008  1.70239440959854249241E-0008  1.90511708917906277703E-0008  1.04999999999999999996E+0000  1.49500351535134905342E+0000  1.57195532865267684371E+0000  1.44610905689756756240E+0000  0.00000000000000000000E+0000  2.34433159148802059510E+0002  0.00000000000000000000E+0000  2.01834655641293815759E-0038  2.35875930504029633091E-0001  2.43482150105215180527E-0032  0.00000000000000000000E+0000  2.30798569839787219210E+0002  0.00000000000000000000E+0000  0.00000000000000000000E+0000  2.30798569882084671293E+0002  0.00000000000000000000E+0000  0.00000000000000000000E+0000  0.00000000000000000000E+0000  0.00000000000000000000E+0000  0.00000000000000000000E+0000  4.31796590328392399058E-0011 -3.23099644600762240447E+0000  0.00000000000000000000E+0000  0.00000000000000000000E+0000  0.00000000000000000000E+0000  7.31610080616486244752E-0011
 2.35900000000000000006E-0005  0.00000000000000000000E+0000  1.22405856558479841960E-0008  1.30805694938416437115E-0008  1.22405856558479841960E-0008  1.04999999999999999996E+0000  1.49500351535972815281E+0000  1.57195532865497199411E+0000  1.44610905690649895264E+0000  0.00000000000000000000E+0000  2.34433159148802059510E+0002  0.00000000000000000000E+0000  2.01834655699725443160E-0038  2.35875930529344005610E-0001  2.43482150169922915764E-0032  0.00000000000000000000E+0000  2.30798569850161352707E+0002  0.00000000000000000000E+0000  0.00000000000000000000E+0000  2.30798569881624706907E+0002  0.00000000000000000000E+0000  0.00000000000000000000E+0000  0.00000000000000000000E+0000  0.00000000000000000000E+0000  0.00000000000000000000E+0000  3.95927532617312745227E-0011 -3.23099644161381391663E+0000  0.00000000000000000000E+0000  0.00000000000000000000E+0000  0.00000000000000000000E+0000  7.77907215064125992735E-0011
 2.40600000000000000005E-0005  0.00000000000000000000E+0000  5.42889561137666096728E-0009  8.46679870849319771865E-0009  5.42889561137666096728E-0009  1.04999999999999999996E+0000  1.49500351536799281368E+0000  1.57195532865913242284E+0000  1.44610905691547662075E+0000  0.00000000000000000000E+0000  2.34433159148802059510E+0002  0.00000000000000000000E+0000  2.01834655762296983785E-0038  2.35875930573796138692E-0001  2.43482150245460690064E-0032  0.00000000000000000000E+0000  2.30798569868993749252E+0002  0.00000000000000000000E+0000  0.00000000000000000000E+0000  2.30798569888344188100E+0002  0.00000000000000000000E+0000  0.00000000000000000000E+0000  0.00000000000000000000E+0000  0.00000000000000000000E+0000  0.00000000000000000000E+0000  3.10273012125945796880E-0011 -3.23099643108780627842E+0000  0.00000000000000000000E+0000  0.00000000000000000000E+0000  0.00000000000000000000E+0000  7.16129763675067559028E-0011
 2.45400000000000000006E-0005  0.00000000000000000000E+0000 -1.22442838622020819443E-0009  3.36141622896669777035E-0009 -1.22442838622020819443E-0009  1.04999999999999999996E+0000  1.49500351537510556244E+0000  1.57195532866439484549E+0000  1.44610905692335380598E+0000  0.00000000000000000000E+0000  2.34433159148802059510E+0002  0.00000000000000000000E+0000  2.01834655820752036634E-0038  2.35875930629623517288E-0001  2.43482150321179104624E-0032  0.00000000000000000000E+0000  2.30798569892866291542E+0002  0.00000000000000000000E+0000  0.00000000000000000000E+0000  2.30798569899134624367E+0002  0.00000000000000000000E+0000  0.00000000000000000000E+0000  0.00000000000000000000E+0000  0.00000000000000000000E+0000  0.00000000000000000000E+0000  2.02380539394577938589E-0011 -3.23099641781892646755E+0000  0.00000000000000000000E+0000  0.00000000000000000000E+0000  0.00000000000000000000E+0000  5.53782468529338866852E-0011
 2.50299999999999999993E-0005  0.00000000000000000000E+0000 -6.86953939672884512505E-0009  1.65663598664691691873E-0009 -6.86953939672884512505E-0009  1.04999999999999999996E+0000  1.49500351538023242134E+0000  1.57195532866995976880E+0000  1.44610905692919215358E+0000  0.00000000000000000000E+0000  2.34433159148802059510E+0002  0.00000000000000000000E+0000  2.01834655867768363053E-0038  2.35875930688419790056E-0001  2.43482150387095305527E-0032  0.00000000000000000000E+0000  2.30798569918102177798E+0002  0.00000000000000000000E+0000  0.00000000000000000000E+0000  2.30798569912153839892E+0002  0.00000000000000000000E+0000  0.00000000000000000000E+0000  0.00000000000000000000E+0000  0.00000000000000000000E+0000  0.00000000000000000000E+0000  8.79017365585229191030E-0012 -3.23099640373246101946E+0000  0.00000000000000000000E+0000  0.00000000000000000000E+0000  0.00000000000000000000E+0000  3.22613949898041676453E-0011
 2.55299999999999999998E-0005  0.00000000000000000000E+0000 -1.08870113886384833224E-0008  5.61169735560204693364E-0009 -1.08870113886384833224E-0008  1.04999999999999999996E+0000  1.49500351538283423095E+0000  1.57195532867509369908E+0000  1.44610905693236557322E+0000  0.00000000000000000000E+0000  2.34433159148802059510E+0002  0.00000000000000000000E+0000  2.01834655898026246033E-0038  2.35875930742491984559E-0001  2.43482150435389516278E-0032  0.00000000000000000000E+0000  2.30798569941376585934E+0002  0.00000000000000000000E+0000  0.00000000000000000000E+0000  2.30798569925583784049E+0002  0.00000000000000000000E+0000  0.00000000000000000000E+0000  0.00000000000000000000E+0000  0.00000000000000000000E+0000  0.00000000000000000000E+0000 -1.91279222865699694653E-0012 -3.23099639055568962453E+0000  0.00000000000000000000E+0000  0.00000000000000000000E+0000  0.00000000000000000000E+0000  6.44092357570276863966E-0012
 2.60400000000000000005E-0005  0.00000000000000000000E+0000 -1.29461970599875492501E-0008  8.32059034695534149168E-0009 -1.29461970599875492501E-0008  1.04999999999999999996E+0000  1.49500351538271443702E+0000  1.57195532867921088679E+0000  1.44610905693261707918E+0000  0.00000000000000000000E+0000  2.34433159148802059510E+0002  0.00000000000000000000E+0000  2.01834655908722486309E-0038  2.35875930785713627824E-0001  2.43482150461197565699E-0032  0.00000000000000000000E+0000  2.30798569960076699434E+0002  0.00000000000000000000E+0000  0.00000000000000000000E+0000  2.30798569937823384521E+0002  0.00000000000000000000E+0000  0.00000000000000000000E+0000  0.00000000000000000000E+0000  0.00000000000000000000E+0000  0.00000000000000000000E+0000 -1.07567761496347520084E-0011 -3.23099637966049649924E+0000  0.00000000000000000000E+0000  0.00000000000000000000E+0000  0.00000000000000000000E+0000 -1.79850592596588346862E-0011
 2.65599999999999999998E-0005  0.00000000000000000000E+0000 -1.30162899005863612801E-0008  9.53770640362603710455E-0009 -1.30162899005863612801E-0008  1.04999999999999999996E+0000  1.49500351538002080557E+0000  1.57195532868192707648E+0000  1.44610905693006532924E+0000  0.00000000000000000000E+0000  2.34433159148802059510E+0002  0.00000000000000000000E+0000  2.01834655899724434765E-0038  2.35875930814083680238E-0001  2.43482150462955593873E-0032  0.00000000000000000000E+0000  2.30798569972524798694E+0002  0.00000000000000000000E+0000  0.00000000000000000000E+0000  2.30798569947633386498E+0002  0.00000000000000000000E+0000  0.00000000000000000000E+0000  0.00000000000000000000E+0000  0.00000000000000000000E+0000  0.00000000000000000000E+0000 -1.69976483480024498160E-0011 -3.23099637196421083122E+0000  0.00000000000000000000E+0000  0.00000000000000000000E+0000  0.00000000000000000000E+0000 -3.75895184050713668765E-0011
 2.70999999999999999996E-0005  0.00000000000000000000E+0000 -1.17293089858160746663E-0008  9.57011648565316373171E-0009 -1.17293089858160746663E-0008  1.04999999999999999996E+0000  1.49500351537514506524E+0000  1.57195532868311588193E+0000  1.44610905692510598359E+0000  0.00000000000000000000E+0000  2.34433159148802059510E+0002  0.00000000000000000000E+0000  2.01834655873209419146E-0038  2.35875930826439300306E-0001  2.43482150442313710700E-0032  0.00000000000000000000E+0000  2.30798569978275880929E+0002  0.00000000000000000000E+0000  0.00000000000000000000E+0000  2.30798569953591184239E+0002  0.00000000000000000000E+0000  0.00000000000000000000E+0000  0.00000000000000000000E+0000  0.00000000000000000000E+0000  0.00000000000000000000E+0000 -1.98216439504480565879E-0011 -3.23099636847056976663E+0000  0.00000000000000000000E+0000  0.00000000000000000000E+0000  0.00000000000000000000E+0000 -4.92247885873405724621E-0011
 2.76399999999999999993E-0005  0.00000000000000000000E+0000 -8.32424242443783616049E-0009  7.81045974622919407774E-0009 -8.32424242443783616049E-0009  1.04999999999999999996E+0000  1.49500351536891532282E+0000  1.57195532868276847754E+0000  1.44610905691859751416E+0000  0.00000000000000000000E+0000  2.34433159148802059510E+0002  0.00000000000000000000E+0000  2.01834655833961956991E-0038  2.35875930822385704224E-0001  2.43482150403671449945E-0032  0.00000000000000000000E+0000  2.30798569977165877104E+0002  0.00000000000000000000E+0000  0.00000000000000000000E+0000  2.30798569957458070370E+0002  0.00000000000000000000E+0000  0.00000000000000000000E+0000  0.00000000000000000000E+0000  0.00000000000000000000E+0000  0.00000000000000000000E+0000 -2.08516837626315598830E-0011 -3.23099636718384768640E+0000  0.00000000000000000000E+0000  0.00000000000000000000E+0000  0.00000000000000000000E+0000 -5.31635033578709622503E-0011
 2.81899999999999999992E-0005  0.00000000000000000000E+0000 -4.59045548022823561864E-0009  5.47349820973779150522E-0009 -4.59045548022823561864E-0009  1.04999999999999999996E+0000  1.49500351536204987798E+0000  1.57195532868114677607E+0000  1.44610905691130928966E+0000  0.00000000000000000000E+0000  2.34433159148802059510E+0002  0.00000000000000000000E+0000  2.01834655787366347398E-0038  2.35875930805005752362E-0001  2.43482150353233636620E-0032  0.00000000000000000000E+0000  2.30798569970517364350E+0002  0.00000000000000000000E+0000  0.00000000000000000000E+0000  2.30798569957112648790E+0002  0.00000000000000000000E+0000  0.00000000000000000000E+0000  0.00000000000000000000E+0000  0.00000000000000000000E+0000  0.00000000000000000000E+0000 -1.86808250265446155674E-0011 -3.23099636983859204759E+0000  0.00000000000000000000E+0000  0.00000000000000000000E+0000  0.00000000000000000000E+0000 -4.96189478079965322960E-0011
 2.87499999999999999993E-0005  0.00000000000000000000E+0000 -7.13647922378437425256E-0010  2.70224184106493090640E-0009 -7.13647922378437425256E-0010  1.04999999999999999996E+0000  1.49500351535538237397E+0000  1.57195532867862234835E+0000  1.44610905690414068639E+0000  0.00000000000000000000E+0000  2.34433159148802059510E+0002  0.00000000000000000000E+0000  2.01834655739496390933E-0038  2.35875930778146133612E-0001  2.43482150298144940960E-0032  0.00000000000000000000E+0000  2.30798569959930592432E+0002  0.00000000000000000000E+0000  0.00000000000000000000E+0000  2.30798569953841851227E+0002  0.00000000000000000000E+0000  0.00000000000000000000E+0000  0.00000000000000000000E+0000  0.00000000000000000000E+0000  0.00000000000000000000E+0000 -1.45547558492604767099E-0011 -3.23099637490319980290E+0000  0.00000000000000000000E+0000  0.00000000000000000000E+0000  0.00000000000000000000E+0000 -3.87669715386157864919E-0011
 2.93299999999999999999E-0005  0.00000000000000000000E+0000  2.75950103891677112919E-0009  5.17034451585837184689E-0010  2.75950103891677112919E-0009  1.04999999999999999996E+0000  1.49500351534955713828E+0000  1.57195532867558913643E+0000  1.44610905689779663166E+0000  0.00000000000000000000E+0000  2.34433159148802059510E+0002  0.00000000000000000000E+0000  2.01834655695453749616E-0038  2.35875930746043515048E-0001  2.43482150244763628965E-0032  0.00000000000000000000E+0000  2.30798569947154849996E+0002  0.00000000000000000000E+0000  0.00000000000000000000E+0000  2.30798569948264733917E+0002  0.00000000000000000000E+0000  0.00000000000000000000E+0000  0.00000000000000000000E+0000  0.00000000000000000000E+0000  0.00000000000000000000E+0000 -9.10897169032839918260E-0012 -3.23099638159668353546E+0000  0.00000000000000000000E+0000  0.00000000000000000000E+0000  0.00000000000000000000E+0000 -2.27394633574256572147E-0011
 2.99200000000000000007E-0005  0.00000000000000000000E+0000  5.53322984868878034140E-0009  2.68420877070012188602E-0009  5.53322984868878034140E-0009  1.04999999999999999996E+0000  1.49500351534530233170E+0000  1.57195532867254647569E+0000  1.44610905689307970797E+0000  0.00000000000000000000E+0000  2.34433159148802059510E+0002  0.00000000000000000000E+0000  2.01834655660933779500E-0038  2.35875930713784037827E-0001  2.43482150200317524310E-0032  0.00000000000000000000E+0000  2.30798569934235559414E+0002  0.00000000000000000000E+0000  0.00000000000000000000E+0000  2.30798569941734597388E+0002  0.00000000000000000000E+0000  0.00000000000000000000E+0000  0.00000000000000000000E+0000  0.00000000000000000000E+0000  0.00000000000000000000E+0000 -3.46482804490830515701E-0012 -3.23099638853977747703E+0000  0.00000000000000000000E+0000  0.00000000000000000000E+0000  0.00000000000000000000E+0000 -4.43331025809834184762E-0012
 3.05099999999999999998E-0005  0.00000000000000000000E+0000  6.98306472233385034726E-0009  4.33395915819790089973E-0009  6.98306472233385034726E-0009  1.04999999999999999996E+0000  1.49500351534306850703E+0000  1.57195532866994219139E+0000  1.44610905689050054203E+0000  0.00000000000000000000E+0000  2.34433159148802059510E+0002  0.00000000000000000000E+0000  2.01834655639987883610E-0038  2.35875930686161803493E-0001  2.43482150170376180750E-0032  0.00000000000000000000E+0000  2.30798569923109325647E+0002  0.00000000000000000000E+0000  0.00000000000000000000E+0000  2.30798569934719440697E+0002  0.00000000000000000000E+0000  0.00000000000000000000E+0000  0.00000000000000000000E+0000  0.00000000000000000000E+0000  0.00000000000000000000E+0000  2.01649232711218298229E-0012 -3.23099639528835140892E+0000  0.00000000000000000000E+0000  0.00000000000000000000E+0000  0.00000000000000000000E+0000  1.35566510150895714296E-0011
 3.11199999999999999993E-0005  0.00000000000000000000E+0000  7.50804698121131088123E-0009  5.31658485583231786505E-0009  7.50804698121131088123E-0009  1.04999999999999999996E+0000  1.49500351534287609519E+0000  1.57195532866798190149E+0000  1.44610905689010004187E+0000  0.00000000000000000000E+0000  2.34433159148802059510E+0002  0.00000000000000000000E+0000  2.01834655633344134976E-0038  2.35875930665399637445E-0001  2.43482150156437263843E-0032  0.00000000000000000000E+0000  2.30798569914660246155E+0002  0.00000000000000000000E+0000  0.00000000000000000000E+0000  2.30798569928718313338E+0002  0.00000000000000000000E+0000  0.00000000000000000000E+0000  0.00000000000000000000E+0000  0.00000000000000000000E+0000  0.00000000000000000000E+0000  6.24273261612359718547E-0012 -3.23099640049689448449E+0000  0.00000000000000000000E+0000  0.00000000000000000000E+0000  0.00000000000000000000E+0000  2.78373224157477900644E-0011
 3.17499999999999999992E-0005  0.00000000000000000000E+0000  6.97846678390232463176E-0009  5.46409678100512956594E-0009  6.97846678390232463176E-0009  1.04999999999999999996E+0000  1.49500351534464788526E+0000  1.57195532866686337240E+0000  1.44610905689181811591E+0000  0.00000000000000000000E+0000  2.34433159148802059510E+0002  0.00000000000000000000E+0000  2.01834655641002008388E-0038  2.35875930653490404663E-0001  2.43482150159222733775E-0032  0.00000000000000000000E+0000  2.30798569909643465081E+0002  0.00000000000000000000E+0000  0.00000000000000000000E+0000  2.30798569924026552247E+0002  0.00000000000000000000E+0000  0.00000000000000000000E+0000  0.00000000000000000000E+0000  0.00000000000000000000E+0000  0.00000000000000000000E+0000  9.11351139776684866804E-0012 -3.23099640404088442845E+0000  0.00000000000000000000E+0000  0.00000000000000000000E+0000  0.00000000000000000000E+0000  3.62520923500442782262E-0011
 3.23799999999999999992E-0005  0.00000000000000000000E+0000  5.13770761349106819172E-0009  4.56240916837849911835E-0009  5.13770761349106819172E-0009  1.04999999999999999996E+0000  1.49500351534802655067E+0000  1.57195532866667916840E+0000  1.44610905689529555462E+0000  0.00000000000000000000E+0000  2.34433159148802059510E+0002  0.00000000000000000000E+0000  2.01834655661118602772E-0038  2.35875930651521606112E-0001  2.43482150177397798073E-0032  0.00000000000000000000E+0000  2.30798569908495311648E+0002  0.00000000000000000000E+0000  0.00000000000000000000E+0000  2.30798569920311598666E+0002  0.00000000000000000000E+0000  0.00000000000000000000E+0000  0.00000000000000000000E+0000  0.00000000000000000000E+0000  0.00000000000000000000E+0000  1.10045369448402672261E-0011 -3.23099640638140997570E+0000  0.00000000000000000000E+0000  0.00000000000000000000E+0000  0.00000000000000000000E+0000  3.90266414078766579317E-0011
 3.30299999999999999995E-0005  0.00000000000000000000E+0000  3.08856825298008048366E-0009  3.33373408505009347801E-0009  3.08856825298008048366E-0009  1.04999999999999999996E+0000  1.49500351535260010423E+0000  1.57195532866733174578E+0000  1.44610905690009708239E+0000  0.00000000000000000000E+0000  2.34433159148802059510E+0002  0.00000000000000000000E+0000  2.01834655690810209710E-0038  2.35875930658361440421E-0001  2.43482150207843884175E-0032  0.00000000000000000000E+0000  2.30798569910768038238E+0002  0.00000000000000000000E+0000  0.00000000000000000000E+0000  2.30798569919248045851E+0002  0.00000000000000000000E+0000  0.00000000000000000000E+0000  0.00000000000000000000E+0000  0.00000000000000000000E+0000  0.00000000000000000000E+0000  1.07658755315993552820E-0011 -3.23099640610114877690E+0000  0.00000000000000000000E+0000  0.00000000000000000000E+0000  0.00000000000000000000E+0000  3.60605784121198500875E-0011
 3.36900000000000000001E-0005  0.00000000000000000000E+0000  6.44556252225904103736E-0010  1.69036278696234232951E-0009  6.44556252225904103736E-0010  1.04999999999999999996E+0000  1.49500351535772430965E+0000  1.57195532866864002349E+0000  1.44610905690553907907E+0000  0.00000000000000000000E+0000  2.34433159148802059510E+0002  0.00000000000000000000E+0000  2.01834655725722548500E-0038  2.35875930672208877778E-0001  2.43482150245803698307E-0032  0.00000000000000000000E+0000  2.30798569915771142239E+0002  0.00000000000000000000E+0000  0.00000000000000000000E+0000  2.30798569919681675858E+0002  0.00000000000000000000E+0000  0.00000000000000000000E+0000  0.00000000000000000000E+0000  0.00000000000000000000E+0000  0.00000000000000000000E+0000  9.44932619503200523785E-0012 -3.23099640449332255795E+0000  0.00000000000000000000E+0000  0.00000000000000000000E+0000  0.00000000000000000000E+0000  2.78041833953394443000E-0011
 3.43600000000000000009E-0005  0.00000000000000000000E+0000 -1.61014358884475845258E-0009  6.94929212372622107386E-0010 -1.61014358884475845258E-0009  1.04999999999999999996E+0000  1.49500351536279006432E+0000  1.57195532867035066402E+0000  1.44610905691096664394E+0000  0.00000000000000000000E+0000  2.34433159148802059510E+0002  0.00000000000000000000E+0000  2.01834655761411417306E-0038  2.35875930690372012511E-0001  2.43482150286116651242E-0032  0.00000000000000000000E+0000  2.30798569922475343127E+0002  0.00000000000000000000E+0000  0.00000000000000000000E+0000  2.30798569921752243062E+0002  0.00000000000000000000E+0000  0.00000000000000000000E+0000  0.00000000000000000000E+0000  0.00000000000000000000E+0000  0.00000000000000000000E+0000  7.05017488439811703137E-0012 -3.23099640155062625278E+0000  0.00000000000000000000E+0000  0.00000000000000000000E+0000  0.00000000000000000000E+0000  1.59236596634674419744E-0011
 3.50499999999999999988E-0005  0.00000000000000000000E+0000 -3.40260636005875831103E-0009  1.86715382612671972945E-0009 -3.40260636005875831103E-0009  1.04999999999999999996E+0000  1.49500351536731280555E+0000  1.57195532867220809023E+0000  1.44610905691585310225E+0000  0.00000000000000000000E+0000  2.34433159148802059510E+0002  0.00000000000000000000E+0000  2.01834655794170939651E-0038  2.35875930710107108474E-0001  2.43482150324293953304E-0032  0.00000000000000000000E+0000  2.30798569929837500872E+0002  0.00000000000000000000E+0000  0.00000000000000000000E+0000  2.30798569925027385566E+0002  0.00000000000000000000E+0000  0.00000000000000000000E+0000  0.00000000000000000000E+0000  0.00000000000000000000E+0000  0.00000000000000000000E+0000  3.98622774321602376707E-0012 -3.23099639778654197870E+0000  0.00000000000000000000E+0000  0.00000000000000000000E+0000  0.00000000000000000000E+0000  2.51231474490365364332E-0012
 3.57500000000000000002E-0005  0.00000000000000000000E+0000 -4.51252046570223725877E-0009  2.96722976887870309130E-0009 -4.51252046570223725877E-0009  1.04999999999999999996E+0000  1.49500351537076640808E+0000  1.57195532867391225362E+0000  1.44610905691962298987E+0000  0.00000000000000000000E+0000  2.34433159148802059510E+0002  0.00000000000000000000E+0000  2.01834655820028105452E-0038  2.35875930728333120008E-0001  2.43482150355466894374E-0032  0.00000000000000000000E+0000  2.30798569936710335729E+0002  0.00000000000000000000E+0000  0.00000000000000000000E+0000  2.30798569928910515744E+0002  0.00000000000000000000E+0000  0.00000000000000000000E+0000  0.00000000000000000000E+0000  0.00000000000000000000E+0000  0.00000000000000000000E+0000  7.58429035087436745085E-0013 -3.23099639381701557038E+0000  0.00000000000000000000E+0000  0.00000000000000000000E+0000  0.00000000000000000000E+0000 -1.05732512556437341228E-0011
 3.64699999999999999987E-0005  0.00000000000000000000E+0000 -4.90195615109548144889E-0009  3.60492081683059589109E-0009 -4.90195615109548144889E-0009  1.04999999999999999996E+0000  1.49500351537290230815E+0000  1.57195532867525888834E+0000  1.44610905692199741735E+0000  0.00000000000000000000E+0000  2.34433159148802059510E+0002  0.00000000000000000000E+0000  2.01834655836842705356E-0038  2.35875930742810284335E-0001  2.43482150376794537301E-0032  0.00000000000000000000E+0000  2.30798569942247101761E+0002  0.00000000000000000000E+0000  0.00000000000000000000E+0000  2.30798569932761087967E+0002  0.00000000000000000000E+0000  0.00000000000000000000E+0000  0.00000000000000000000E+0000  0.00000000000000000000E+0000  0.00000000000000000000E+0000 -2.14630901370098991286E-0012 -3.23099639024149638909E+0000  0.00000000000000000000E+0000  0.00000000000000000000E+0000  0.00000000000000000000E+0000 -2.12409488866609494244E-0011
 3.72000000000000000008E-0005  0.00000000000000000000E+0000 -4.40338399577563507242E-0009  3.59746276396322983417E-0009 -4.40338399577563507242E-0009  1.04999999999999999996E+0000  1.49500351537354894433E+0000  1.57195532867606574878E+0000  1.44610905692277759535E+0000  0.00000000000000000000E+0000  2.34433159148802059510E+0002  0.00000000000000000000E+0000  2.01834655843095948036E-0038  2.35875930751640045205E-0001  2.43482150386138017160E-0032  0.00000000000000000000E+0000  2.30798569945745924714E+0002  0.00000000000000000000E+0000  0.00000000000000000000E+0000  2.30798569936376696654E+0002  0.00000000000000000000E+0000  0.00000000000000000000E+0000  0.00000000000000000000E+0000  0.00000000000000000000E+0000  0.00000000000000000000E+0000 -4.61063925495915844423E-0012 -3.23099638720466582624E+0000  0.00000000000000000000E+0000  0.00000000000000000000E+0000  0.00000000000000000000E+0000 -2.83170583041492598348E-0011
 3.79399999999999999997E-0005  0.00000000000000000000E+0000 -3.22192025408206403338E-0009  3.04319937729988234300E-0009 -3.22192025408206403338E-0009  1.04999999999999999996E+0000  1.49500351537276280874E+0000  1.57195532867626545741E+0000  1.44610905692201195856E+0000  0.00000000000000000000E+0000  2.34433159148802059510E+0002  0.00000000000000000000E+0000  2.01834655838902353006E-0038  2.35875930754028866076E-0001  2.43482150383290699439E-0032  0.00000000000000000000E+0000  2.30798569946891092328E+0002  0.00000000000000000000E+0000  0.00000000000000000000E+0000  2.30798569939172891444E+0002  0.00000000000000000000E+0000  0.00000000000000000000E+0000  0.00000000000000000000E+0000  0.00000000000000000000E+0000  0.00000000000000000000E+0000 -6.24458174109896055083E-0012 -3.23099638518735171101E+0000  0.00000000000000000000E+0000  0.00000000000000000000E+0000  0.00000000000000000000E+0000 -3.11242704763473565738E-0011
 3.86999999999999999991E-0005  0.00000000000000000000E+0000 -1.68027759115168743878E-0009  2.15302378317753302742E-0009 -1.68027759115168743878E-0009  1.04999999999999999996E+0000  1.49500351537074601847E+0000  1.57195532867588336256E+0000  1.44610905691990920189E+0000  0.00000000000000000000E+0000  2.34433159148802059510E+0002  0.00000000000000000000E+0000  2.01834655825573466917E-0038  2.35875930750226305108E-0001  2.43482150369555185459E-0032  0.00000000000000000000E+0000  2.30798569945764457667E+0002  0.00000000000000000000E+0000  0.00000000000000000000E+0000  2.30798569940673030054E+0002  0.00000000000000000000E+0000  0.00000000000000000000E+0000  0.00000000000000000000E+0000  0.00000000000000000000E+0000  0.00000000000000000000E+0000 -6.77250794729709038757E-0012 -3.23099638452983028611E+0000  0.00000000000000000000E+0000  0.00000000000000000000E+0000  0.00000000000000000000E+0000 -2.92448321071355969155E-0011
 3.94699999999999999986E-0005  0.00000000000000000000E+0000  1.43361007662098117698E-0010  1.16510863719854263178E-0009  1.43361007662098117698E-0010  1.04999999999999999996E+0000  1.49500351536784188851E+0000  1.57195532867502264795E+0000  1.44610905691683126805E+0000  0.00000000000000000000E+0000  2.34433159148802059510E+0002  0.00000000000000000000E+0000  2.01834655805462161356E-0038  2.35875930741256812371E-0001  2.43482150347493657163E-0032  0.00000000000000000000E+0000  2.30798569942723968834E+0002  0.00000000000000000000E+0000  0.00000000000000000000E+0000  2.30798569941150212792E+0002  0.00000000000000000000E+0000  0.00000000000000000000E+0000  0.00000000000000000000E+0000  0.00000000000000000000E+0000  0.00000000000000000000E+0000 -6.49939119778539274689E-0012 -3.23099638485771847776E+0000  0.00000000000000000000E+0000  0.00000000000000000000E+0000  0.00000000000000000000E+0000 -2.31364212831498597640E-0011
 4.02599999999999999986E-0005  0.00000000000000000000E+0000  1.82576345070823418121E-0009  1.20169222100888976316E-0009  1.82576345070823418121E-0009  1.04999999999999999996E+0000  1.49500351536441731116E+0000  1.57195532867383863630E+0000  1.44610905691317106093E+0000  0.00000000000000000000E+0000  2.34433159148802059510E+0002  0.00000000000000000000E+0000  2.01834655781262606555E-0038  2.35875930728767445625E-0001  2.43482150320221492719E-0032  0.00000000000000000000E+0000  2.30798569938353983058E+0002  0.00000000000000000000E+0000  0.00000000000000000000E+0000  2.30798569940341090564E+0002  0.00000000000000000000E+0000  0.00000000000000000000E+0000  0.00000000000000000000E+0000  0.00000000000000000000E+0000  0.00000000000000000000E+0000 -5.30327655277105863310E-0012 -3.23099638632213032778E+0000  0.00000000000000000000E+0000  0.00000000000000000000E+0000  0.00000000000000000000E+0000 -1.39852501509282187065E-0011
 4.10699999999999999990E-0005  0.00000000000000000000E+0000  3.20608443680358809755E-0009  2.13626266659451571947E-0009  3.20608443680358809755E-0009  1.04999999999999999996E+0000  1.49500351536089311102E+0000  1.57195532867253049672E+0000  1.44610905690938245272E+0000  0.00000000000000000000E+0000  2.34433159148802059510E+0002  0.00000000000000000000E+0000  2.01834655756076472580E-0038  2.35875930714821420558E-0001  2.43482150291395908271E-0032  0.00000000000000000000E+0000  2.30798569933382596991E+0002  0.00000000000000000000E+0000  0.00000000000000000000E+0000  2.30798569938613997610E+0002  0.00000000000000000000E+0000  0.00000000000000000000E+0000  0.00000000000000000000E+0000  0.00000000000000000000E+0000  0.00000000000000000000E+0000 -3.54070729236188986720E-0012 -3.23099638848496435620E+0000  0.00000000000000000000E+0000  0.00000000000000000000E+0000  0.00000000000000000000E+0000 -3.22408858646599125918E-0012
 4.18899999999999999996E-0005  0.00000000000000000000E+0000  4.00060924466383258446E-0009  2.91793608393501436420E-0009  4.00060924466383258446E-0009  1.04999999999999999996E+0000  1.49500351535770939168E+0000  1.57195532867132517160E+0000  1.44610905690594376838E+0000  0.00000000000000000000E+0000  2.34433159148802059510E+0002  0.00000000000000000000E+0000  2.01834655733184606012E-0038  2.35875930701764533010E-0001  2.43482150264955268592E-0032  0.00000000000000000000E+0000  2.30798569928643002094E+0002  0.00000000000000000000E+0000  0.00000000000000000000E+0000  2.30798569936143806836E+0002  0.00000000000000000000E+0000  0.00000000000000000000E+0000  0.00000000000000000000E+0000  0.00000000000000000000E+0000  0.00000000000000000000E+0000 -1.39167476203836505292E-0012 -3.23099639112538660054E+0000  0.00000000000000000000E+0000  0.00000000000000000000E+0000  0.00000000000000000000E+0000  7.72629006875580255696E-0012
 4.27300000000000000007E-0005  0.00000000000000000000E+0000  4.14423960883624883279E-0009  3.29778984829130403850E-0009  4.14423960883624883279E-0009  1.04999999999999999996E+0000  1.49500351535514888041E+0000  1.57195532867039307519E+0000  1.44610905690316613869E+0000  0.00000000000000000000E+0000  2.34433159148802059510E+0002  0.00000000000000000000E+0000  2.01834655714855831203E-0038  2.35875930691495650694E-0001  2.43482150243737550490E-0032  0.00000000000000000000E+0000  2.30798569924833068406E+0002  0.00000000000000000000E+0000  0.00000000000000000000E+0000  2.30798569933383122432E+0002  0.00000000000000000000E+0000  0.00000000000000000000E+0000  0.00000000000000000000E+0000  0.00000000000000000000E+0000  0.00000000000000000000E+0000  7.75127240999658833793E-0013 -3.23099639378977105384E+0000  0.00000000000000000000E+0000  0.00000000000000000000E+0000  0.00000000000000000000E+0000  1.72513170495261812259E-0011
 4.35799999999999999986E-0005  0.00000000000000000000E+0000  3.50039603747684633744E-0009  3.11788135353837728725E-0009  3.50039603747684633744E-0009  1.04999999999999999996E+0000  1.49500351535346751714E+0000  1.57195532866988631063E+0000  1.44610905690133349853E+0000  0.00000000000000000000E+0000  2.34433159148802059510E+0002  0.00000000000000000000E+0000  2.01834655703042376586E-0038  2.35875930685603352557E-0001  2.43482150230182022891E-0032  0.00000000000000000000E+0000  2.30798569922529717854E+0002  0.00000000000000000000E+0000  0.00000000000000000000E+0000  2.30798569930492592658E+0002  0.00000000000000000000E+0000  0.00000000000000000000E+0000  0.00000000000000000000E+0000  0.00000000000000000000E+0000  0.00000000000000000000E+0000  2.84112654657556471117E-0012 -3.23099639633231016473E+0000  0.00000000000000000000E+0000  0.00000000000000000000E+0000  0.00000000000000000000E+0000  2.42614986699761308496E-0011
 4.44500000000000000003E-0005  0.00000000000000000000E+0000  2.29145431106216612668E-0009  2.50147080499288136646E-0009  2.29145431106216612668E-0009  1.04999999999999999996E+0000  1.49500351535273958749E+0000  1.57195532866986547715E+0000  1.44610905690053307023E+0000  0.00000000000000000000E+0000  2.34433159148802059510E+0002  0.00000000000000000000E+0000  2.01834655698435111332E-0038  2.35875930684852856592E-0001  2.43482150225252116054E-0032  0.00000000000000000000E+0000  2.30798569922048302835E+0002  0.00000000000000000000E+0000  0.00000000000000000000E+0000  2.30798569928116749400E+0002  0.00000000000000000000E+0000  0.00000000000000000000E+0000  0.00000000000000000000E+0000  0.00000000000000000000E+0000  0.00000000000000000000E+0000  4.33956801045184261990E-0012 -3.23099639817814216305E+0000  0.00000000000000000000E+0000  0.00000000000000000000E+0000  0.00000000000000000000E+0000  2.77755496513636552287E-0011
 4.53399999999999999990E-0005  0.00000000000000000000E+0000  6.13978082732490967576E-0010  1.60673804687316252196E-0009  6.13978082732490967576E-0010  1.04999999999999999996E+0000  1.49500351535294981027E+0000  1.57195532867032699263E+0000  1.44610905690075432749E+0000  0.00000000000000000000E+0000  2.34433159148802059510E+0002  0.00000000000000000000E+0000  2.01834655700927605980E-0038  2.35875930689248484998E-0001  2.43482150228889078816E-0032  0.00000000000000000000E+0000  2.30798569923420649988E+0002  0.00000000000000000000E+0000  0.00000000000000000000E+0000  2.30798569926381425557E+0002  0.00000000000000000000E+0000  0.00000000000000000000E+0000  0.00000000000000000000E+0000  0.00000000000000000000E+0000  0.00000000000000000000E+0000  5.23007861459948498783E-0012 -3.23099639927720491011E+0000  0.00000000000000000000E+0000  0.00000000000000000000E+0000  0.00000000000000000000E+0000  2.72997536292668970915E-0011
 4.62500000000000000015E-0005  0.00000000000000000000E+0000 -1.29447543153220294905E-0009  1.28878165529112366811E-0009 -1.29447543153220294905E-0009  1.04999999999999999996E+0000  1.49500351535397443977E+0000  1.57195532867119194343E+0000  1.44610905690186726795E+0000  0.00000000000000000000E+0000  2.34433159148802059510E+0002  0.00000000000000000000E+0000  2.01834655709573990462E-0038  2.35875930698047200240E-0001  2.43482150239977116971E-0032  0.00000000000000000000E+0000  2.30798569926431439189E+0002  0.00000000000000000000E+0000  0.00000000000000000000E+0000  2.30798569925484419726E+0002  0.00000000000000000000E+0000  0.00000000000000000000E+0000  0.00000000000000000000E+0000  0.00000000000000000000E+0000  0.00000000000000000000E+0000  5.42185805476307190062E-0012 -3.23099639951722757245E+0000  0.00000000000000000000E+0000  0.00000000000000000000E+0000  0.00000000000000000000E+0000  2.30091198722199879451E-0011
 4.71700000000000000009E-0005  0.00000000000000000000E+0000 -3.12400243657438396527E-0009  2.27565316634844799140E-0009 -3.12400243657438396527E-0009  1.04999999999999999996E+0000  1.49500351535559120812E+0000  1.57195532867230310136E+0000  1.44610905690363189795E+0000  0.00000000000000000000E+0000  2.34433159148802059510E+0002  0.00000000000000000000E+0000  2.01834655722642233269E-0038  2.35875930709725347296E-0001  2.43482150256375583046E-0032  0.00000000000000000000E+0000  2.30798569930590297655E+0002  0.00000000000000000000E+0000  0.00000000000000000000E+0000  2.30798569925546685641E+0002  0.00000000000000000000E+0000  0.00000000000000000000E+0000  0.00000000000000000000E+0000  0.00000000000000000000E+0000  0.00000000000000000000E+0000  4.88839288844843115941E-0012 -3.23099639886499786817E+0000  0.00000000000000000000E+0000  0.00000000000000000000E+0000  0.00000000000000000000E+0000  1.54666855252444298811E-0011
 4.81200000000000000009E-0005  0.00000000000000000000E+0000 -4.59210819724284274022E-0009  3.49918077763487074272E-0009 -4.59210819724284274022E-0009  1.04999999999999999996E+0000  1.49500351535757083682E+0000  1.57195532867349542006E+0000  1.44610905690579808879E+0000  0.00000000000000000000E+0000  2.34433159148802059510E+0002  0.00000000000000000000E+0000  2.01834655738191826880E-0038  2.35875930722475038939E-0001  2.43482150275625441366E-0032  0.00000000000000000000E+0000  2.30798569935280496010E+0002  0.00000000000000000000E+0000  0.00000000000000000000E+0000  2.30798569926564931712E+0002  0.00000000000000000000E+0000  0.00000000000000000000E+0000  0.00000000000000000000E+0000  0.00000000000000000000E+0000  0.00000000000000000000E+0000  3.69665318707706232701E-0012 -3.23099639740250784174E+0000  0.00000000000000000000E+0000  0.00000000000000000000E+0000  0.00000000000000000000E+0000  5.75644578822649969992E-0012
 4.90800000000000000012E-0005  0.00000000000000000000E+0000 -5.33818669835466647594E-0009  4.36600936576800917898E-0009 -5.33818669835466647594E-0009  1.04999999999999999996E+0000  1.49500351535959345598E+0000  1.57195532867452802625E+0000  1.44610905690801290512E+0000  0.00000000000000000000E+0000  2.34433159148802059510E+0002  0.00000000000000000000E+0000  2.01834655753751045557E-0038  2.35875930733984959939E-0001  2.43482150294578944645E-0032  0.00000000000000000000E+0000  2.30798569939718832708E+0002  0.00000000000000000000E+0000  0.00000000000000000000E+0000  2.30798569928588235126E+0002  0.00000000000000000000E+0000  0.00000000000000000000E+0000  0.00000000000000000000E+0000  0.00000000000000000000E+0000  0.00000000000000000000E+0000  1.86794596711246654788E-0012 -3.23099639515543852965E+0000  0.00000000000000000000E+0000  0.00000000000000000000E+0000  0.00000000000000000000E+0000 -5.21292353158552755179E-0012
 5.00599999999999999985E-0005  0.00000000000000000000E+0000 -5.21980545045442608479E-0009  4.64973665732211726292E-0009 -5.21980545045442608479E-0009  1.04999999999999999996E+0000  1.49500351536142396557E+0000  1.57195532867521360566E+0000  1.44610905691001371035E+0000  0.00000000000000000000E+0000  2.34433159148802059510E+0002  0.00000000000000000000E+0000  2.01834655767222151269E-0038  2.35875930742102828417E-0001  2.43482150310466491807E-0032  0.00000000000000000000E+0000  2.30798569943089234680E+0002  0.00000000000000000000E+0000  0.00000000000000000000E+0000  2.30798569931234123426E+0002  0.00000000000000000000E+0000  0.00000000000000000000E+0000  0.00000000000000000000E+0000  0.00000000000000000000E+0000  0.00000000000000000000E+0000 -2.58689879788849222136E-0013 -3.23099639254080377160E+0000  0.00000000000000000000E+0000  0.00000000000000000000E+0000  0.00000000000000000000E+0000 -1.60847762788982317309E-0011
 5.10599999999999999996E-0005  0.00000000000000000000E+0000 -4.10172557811022970028E-0009  4.17795639658828001243E-0009 -4.10172557811022970028E-0009  1.04999999999999999996E+0000  1.49500351536285765012E+0000  1.57195532867539314412E+0000  1.44610905691156918257E+0000  0.00000000000000000000E+0000  2.34433159148802059510E+0002  0.00000000000000000000E+0000  2.01834655776922404552E-0038  2.35875930745143982674E-0001  2.43482150321062955397E-0032  0.00000000000000000000E+0000  2.30798569944743523566E+0002  0.00000000000000000000E+0000  0.00000000000000000000E+0000  2.30798569934302154338E+0002  0.00000000000000000000E+0000  0.00000000000000000000E+0000  0.00000000000000000000E+0000  0.00000000000000000000E+0000  0.00000000000000000000E+0000 -2.50992345421195507638E-0012 -3.23099638977170718567E+0000  0.00000000000000000000E+0000  0.00000000000000000000E+0000  0.00000000000000000000E+0000 -2.54047553506769349387E-0011
 5.20800000000000000011E-0005  0.00000000000000000000E+0000 -1.99408012161739696039E-0009  2.93383196361837508954E-0009 -1.99408012161739696039E-0009  1.04999999999999999996E+0000  1.49500351536376384310E+0000  1.57195532867497601371E+0000  1.44610905691252849745E+0000  0.00000000000000000000E+0000  2.34433159148802059510E+0002  0.00000000000000000000E+0000  2.01834655781747337344E-0038  2.35875930742030065577E-0001  2.43482150324884010067E-0032  0.00000000000000000000E+0000  2.30798569944190289677E+0002  0.00000000000000000000E+0000  0.00000000000000000000E+0000  2.30798569937464890148E+0002  0.00000000000000000000E+0000  0.00000000000000000000E+0000  0.00000000000000000000E+0000  0.00000000000000000000E+0000  0.00000000000000000000E+0000 -4.63347334975921266438E-0012 -3.23099638715852680504E+0000  0.00000000000000000000E+0000  0.00000000000000000000E+0000  0.00000000000000000000E+0000 -3.19141863688924081303E-0011
 5.31299999999999999999E-0005  0.00000000000000000000E+0000  9.14625183216740532573E-0010  1.47654418093691476158E-0009  9.14625183216740532573E-0010  1.04999999999999999996E+0000  1.49500351536410474879E+0000  1.57195532867395502464E+0000  1.44610905691284334054E+0000  0.00000000000000000000E+0000  2.34433159148802059510E+0002  0.00000000000000000000E+0000  2.01834655781389494554E-0038  2.35875930732533201168E-0001  2.43482150321490499219E-0032  0.00000000000000000000E+0000  2.30798569941202958475E+0002  0.00000000000000000000E+0000  0.00000000000000000000E+0000  2.30798569940277013071E+0002  0.00000000000000000000E+0000  0.00000000000000000000E+0000  0.00000000000000000000E+0000  0.00000000000000000000E+0000  0.00000000000000000000E+0000 -6.31154151789941137396E-0012 -3.23099638509240437174E+0000  0.00000000000000000000E+0000  0.00000000000000000000E+0000  0.00000000000000000000E+0000 -3.45286460645464424931E-0011
 5.41899999999999999989E-0005  0.00000000000000000000E+0000  4.42067081384089741717E-0009  2.82142086901135116007E-0009  4.42067081384089741717E-0009  1.04999999999999999996E+0000  1.49500351536391252181E+0000  1.57195532867244585674E+0000  1.44610905691254640294E+0000  0.00000000000000000000E+0000  2.34433159148802059510E+0002  0.00000000000000000000E+0000  2.01834655776234603815E-0038  2.35875930717577104572E-0001  2.43482150311494325607E-0032  0.00000000000000000000E+0000  2.30798569935920245652E+0002  0.00000000000000000000E+0000  0.00000000000000000000E+0000  2.30798569942598026467E+0002  0.00000000000000000000E+0000  0.00000000000000000000E+0000  0.00000000000000000000E+0000  0.00000000000000000000E+0000  0.00000000000000000000E+0000 -7.47958789072637426611E-0012 -3.23099638365266009069E+0000  0.00000000000000000000E+0000  0.00000000000000000000E+0000  0.00000000000000000000E+0000 -3.26842448751931406665E-0011
 5.52700000000000000016E-0005  0.00000000000000000000E+0000  7.94163503020626117250E-0009  5.75719269328385467387E-0009  7.94163503020626117250E-0009  1.04999999999999999996E+0000  1.49500351536331163300E+0000  1.57195532867064236991E+0000  1.44610905691177512537E+0000  0.00000000000000000000E+0000  2.34433159148802059510E+0002  0.00000000000000000000E+0000  2.01834655767519059402E-0038  2.35875930698995231512E-0001  2.43482150296649740747E-0032  0.00000000000000000000E+0000  2.30798569928817111599E+0002  0.00000000000000000000E+0000  0.00000000000000000000E+0000  2.30798569943768776908E+0002  0.00000000000000000000E+0000  0.00000000000000000000E+0000  0.00000000000000000000E+0000  0.00000000000000000000E+0000  0.00000000000000000000E+0000 -7.69302850938773317396E-0012 -3.23099638338667019934E+0000  0.00000000000000000000E+0000  0.00000000000000000000E+0000  0.00000000000000000000E+0000 -2.60396427236744609027E-0011
 5.63799999999999999984E-0005  0.00000000000000000000E+0000  1.10882681207040444756E-0008  8.82041881784001546220E-0009  1.10882681207040444756E-0008  1.04999999999999999996E+0000  1.49500351536246512785E+0000  1.57195532866880968790E+0000  1.44610905691071427647E+0000  0.00000000000000000000E+0000  2.34433159148802059510E+0002  0.00000000000000000000E+0000  2.01834655756989902083E-0038  2.35875930679465272699E-0001  2.43482150279512254467E-0032  0.00000000000000000000E+0000  2.30798569920689741808E+0002  0.00000000000000000000E+0000  0.00000000000000000000E+0000  2.30798569943764243242E+0002  0.00000000000000000000E+0000  0.00000000000000000000E+0000  0.00000000000000000000E+0000  0.00000000000000000000E+0000  0.00000000000000000000E+0000 -7.01618362085732381732E-0012 -3.23099638421525494811E+0000  0.00000000000000000000E+0000  0.00000000000000000000E+0000  0.00000000000000000000E+0000 -1.48284184633807175297E-0011
 5.75099999999999999989E-0005  0.00000000000000000000E+0000  1.30927380558536821325E-0008  1.12901842879547705107E-0008  1.30927380558536821325E-0008  1.04999999999999999996E+0000  1.49500351536159206678E+0000  1.57195532866732603236E+0000  1.44610905690962034565E+0000  0.00000000000000000000E+0000  2.34433159148802059510E+0002  0.00000000000000000000E+0000  2.01834655746755606271E-0038  2.35875930662471339826E-0001  2.43482150263288023731E-0032  0.00000000000000000000E+0000  2.30798569912651064237E+0002  0.00000000000000000000E+0000  0.00000000000000000000E+0000  2.30798569941989894921E+0002  0.00000000000000000000E+0000  0.00000000000000000000E+0000  0.00000000000000000000E+0000  0.00000000000000000000E+0000  0.00000000000000000000E+0000 -5.08362707656080918858E-0012 -3.23099638658847112638E+0000  0.00000000000000000000E+0000  0.00000000000000000000E+0000  0.00000000000000000000E+0000  4.52308252495546514225E-0013
 5.86599999999999999998E-0005  0.00000000000000000000E+0000  1.32514287676854902812E-0008  1.25081690532527601978E-0008  1.32514287676854902812E-0008  1.04999999999999999996E+0000  1.49500351536091300917E+0000  1.57195532866658572524E+0000  1.44610905690875821800E+0000  0.00000000000000000000E+0000  2.34433159148802059510E+0002  0.00000000000000000000E+0000  2.01834655739272255990E-0038  2.35875930652089712506E-0001  2.43482150251781363470E-0032  0.00000000000000000000E+0000  2.30798569906228653162E+0002  0.00000000000000000000E+0000  0.00000000000000000000E+0000  2.30798569938262280218E+0002  0.00000000000000000000E+0000  0.00000000000000000000E+0000  0.00000000000000000000E+0000  0.00000000000000000000E+0000  0.00000000000000000000E+0000 -1.86748006982463522015E-0012 -3.23099639054114859860E+0000  0.00000000000000000000E+0000  0.00000000000000000000E+0000  0.00000000000000000000E+0000  1.89530905846416569008E-0011
 5.98300000000000000011E-0005  0.00000000000000000000E+0000  1.08841346246899450812E-0008  1.17930799376609368917E-0008  1.08841346246899450812E-0008  1.04999999999999999996E+0000  1.49500351536062629342E+0000  1.57195532866696742751E+0000  1.44610905690837523844E+0000  0.00000000000000000000E+0000  2.34433159148802059510E+0002  0.00000000000000000000E+0000  2.01834655736785628432E-0038  2.35875930652258138353E-0001  2.43482150248603635835E-0032  0.00000000000000000000E+0000  2.30798569903077270493E+0002  0.00000000000000000000E+0000  0.00000000000000000000E+0000  2.30798569932445159197E+0002  0.00000000000000000000E+0000  0.00000000000000000000E+0000  0.00000000000000000000E+0000  0.00000000000000000000E+0000  0.00000000000000000000E+0000  2.62235931077597316011E-0012 -3.23099639606194524916E+0000  0.00000000000000000000E+0000  0.00000000000000000000E+0000  0.00000000000000000000E+0000  3.91339400733736884965E-0011
 6.10299999999999999997E-0005  0.00000000000000000000E+0000  5.58490295047788810408E-0009  8.64405757009057461417E-0009  5.58490295047788810408E-0009  1.04999999999999999996E+0000  1.49500351536087219340E+0000  1.57195532866877238397E+0000  1.44610905690865831745E+0000  0.00000000000000000000E+0000  2.34433159148802059510E+0002  0.00000000000000000000E+0000  2.01834655741092740972E-0038  2.35875930666344745356E-0001  2.43482150256796872171E-0032  0.00000000000000000000E+0000  2.30798569904868192473E+0002  0.00000000000000000000E+0000  0.00000000000000000000E+0000  2.30798569924882811047E+0002  0.00000000000000000000E+0000  0.00000000000000000000E+0000  0.00000000000000000000E+0000  0.00000000000000000000E+0000  0.00000000000000000000E+0000  8.01930875864201361211E-0012 -3.23099640270072646750E+0000  0.00000000000000000000E+0000  0.00000000000000000000E+0000  0.00000000000000000000E+0000  5.84985113416227137289E-0011
 6.22500000000000000021E-0005  0.00000000000000000000E+0000 -3.30673698571517054571E-0009  3.02279454647061389588E-0009 -3.30673698571517054571E-0009  1.04999999999999999996E+0000  1.49500351536174330019E+0000  1.57195532867217790691E+0000  1.44610905690974545228E+0000  0.00000000000000000000E+0000  2.34433159148802059510E+0002  0.00000000000000000000E+0000  2.01834655753157140102E-0038  2.35875930696301756552E-0001  2.43482150278179376561E-0032  0.00000000000000000000E+0000  2.30798569913059172271E+0002  0.00000000000000000000E+0000  0.00000000000000000000E+0000  2.30798569915074717668E+0002  0.00000000000000000000E+0000  0.00000000000000000000E+0000  0.00000000000000000000E+0000  0.00000000000000000000E+0000  0.00000000000000000000E+0000  1.46137530383551763068E-0011 -3.23099641081689758723E+0000  0.00000000000000000000E+0000  0.00000000000000000000E+0000  0.00000000000000000000E+0000  7.46866909289541924609E-0011
 6.34900000000000000016E-0005  0.00000000000000000000E+0000 -1.57360141022012160281E-0008  8.63388642125930739013E-0009 -1.57360141022012160281E-0008  1.04999999999999999996E+0000  1.49500351536324590986E+0000  1.57195532867716195058E+0000  1.44610905691167523771E+0000  0.00000000000000000000E+0000  2.34433159148802059510E+0002  0.00000000000000000000E+0000  2.01834655773287837977E-0038  2.35875930742687657573E-0001  2.43482150313523449392E-0032  0.00000000000000000000E+0000  2.30798569928993084599E+0002  0.00000000000000000000E+0000  0.00000000000000000000E+0000  2.30798569903823352426E+0002  0.00000000000000000000E+0000  0.00000000000000000000E+0000  0.00000000000000000000E+0000  0.00000000000000000000E+0000  0.00000000000000000000E+0000  2.16995402877274996291E-0011 -3.23099641954367149880E+0000  0.00000000000000000000E+0000  0.00000000000000000000E+0000  0.00000000000000000000E+0000  8.49564299742502479293E-0011
 6.47599999999999999984E-0005  0.00000000000000000000E+0000 -3.16145913934674243179E-0008  2.22577659299211308378E-0008 -3.16145913934674243179E-0008  1.04999999999999999996E+0000  1.49500351536534121805E+0000  1.57195532868351476946E+0000  1.44610905691443137082E+0000  0.00000000000000000000E+0000  2.34433159148802059510E+0002  0.00000000000000000000E+0000  2.01834655800627850682E-0038  2.35875930803764042516E-0001  2.43482150361713433398E-0032  0.00000000000000000000E+0000  2.30798569953441207264E+0002  0.00000000000000000000E+0000  0.00000000000000000000E+0000  2.30798569891435188625E+0002  0.00000000000000000000E+0000  0.00000000000000000000E+0000  0.00000000000000000000E+0000  0.00000000000000000000E+0000  0.00000000000000000000E+0000  2.89975229648591754359E-0011 -3.23099642854064910986E+0000  0.00000000000000000000E+0000  0.00000000000000000000E+0000  0.00000000000000000000E+0000  8.61011128542302306654E-0011
 6.60599999999999999991E-0005  0.00000000000000000000E+0000 -5.05285750362177287117E-0008  3.98132252600151939691E-0008 -5.05285750362177287117E-0008  1.04999999999999999996E+0000  1.49500351536792854251E+0000  1.57195532869071513660E+0000  1.44610905691791476061E+0000  0.00000000000000000000E+0000  2.34433159148802059510E+0002  0.00000000000000000000E+0000  2.01834655833420968557E-0038  2.35875930875173362407E-0001  2.43482150419898110224E-0032  0.00000000000000000000E+0000  2.30798569986657640465E+0002  0.00000000000000000000E+0000  0.00000000000000000000E+0000  2.30798569878408092168E+0002  0.00000000000000000000E+0000  0.00000000000000000000E+0000  0.00000000000000000000E+0000  0.00000000000000000000E+0000  0.00000000000000000000E+0000  3.61050020062999772532E-0011 -3.23099643731633286311E+0000  0.00000000000000000000E+0000  0.00000000000000000000E+0000  0.00000000000000000000E+0000  7.52738194764356846851E-0011
 6.73800000000000000002E-0005  0.00000000000000000000E+0000 -7.05312582626119476729E-0008  5.99737032553825085855E-0008 -7.05312582626119476729E-0008  1.04999999999999999996E+0000  1.49500351537073843892E+0000  1.57195532869774545206E+0000  1.44610905692180684941E+0000  0.00000000000000000000E+0000  2.34433159148802059510E+0002  0.00000000000000000000E+0000  2.01834655868568781662E-0038  2.35875930948920024694E-0001  2.43482150482650823302E-0032  0.00000000000000000000E+0000  2.30798570027774548330E+0002  0.00000000000000000000E+0000  0.00000000000000000000E+0000  2.30798569867494050623E+0002  0.00000000000000000000E+0000  0.00000000000000000000E+0000  0.00000000000000000000E+0000  0.00000000000000000000E+0000  0.00000000000000000000E+0000  4.09765734194043422163E-0011 -3.23099644335694227660E+0000  0.00000000000000000000E+0000  0.00000000000000000000E+0000  0.00000000000000000000E+0000  4.86743938092286583422E-0011
 6.87200000000000000018E-0005  0.00000000000000000000E+0000 -8.89282332992027604390E-0008  8.07454357828104770973E-0008 -8.89282332992027604390E-0008  1.04999999999999999996E+0000  1.49500351537338292186E+0000  1.57195532870318537249E+0000  1.44610905692562421087E+0000  0.00000000000000000000E+0000  2.34433159148802059510E+0002  0.00000000000000000000E+0000  2.01834655900452949133E-0038  2.35875931011996380125E-0001  2.43482150540249524008E-0032  0.00000000000000000000E+0000  2.30798570073700932734E+0002  0.00000000000000000000E+0000  0.00000000000000000000E+0000  2.30798569861179456150E+0002  0.00000000000000000000E+0000  0.00000000000000000000E+0000  0.00000000000000000000E+0000  0.00000000000000000000E+0000  0.00000000000000000000E+0000  4.19437505682590375544E-0011 -3.23099644461169257397E+0000  0.00000000000000000000E+0000  0.00000000000000000000E+0000  0.00000000000000000000E+0000  1.87697565306247878759E-0012
 7.00999999999999999976E-0005  0.00000000000000000000E+0000 -1.04472020003297624056E-0007  1.00898101601098389035E-0007 -1.04472020003297624056E-0007  1.04999999999999999996E+0000  1.49500351537563510120E+0000  1.57195532870552928358E+0000  1.44610905692904679633E+0000  0.00000000000000000000E+0000  2.34433159148802059510E+0002  0.00000000000000000000E+0000  2.01834655922081710425E-0038  2.35875931047820238653E-0001  2.43482150580302580857E-0032  0.00000000000000000000E+0000  2.30798570119903535172E+0002  0.00000000000000000000E+0000  0.00000000000000000000E+0000  2.30798569857859592877E+0002  0.00000000000000000000E+0000  0.00000000000000000000E+0000  0.00000000000000000000E+0000  0.00000000000000000000E+0000  0.00000000000000000000E+0000  4.05178518293765967586E-0011 -3.23099644294492102485E+0000  0.00000000000000000000E+0000  0.00000000000000000000E+0000  0.00000000000000000000E+0000 -6.48164905874183927291E-0011
 7.15000000000000000004E-0005  0.00000000000000000000E+0000 -1.09393368889440674277E-0007  1.14316551659768655272E-0007 -1.09393368889440674277E-0007  1.04999999999999999996E+0000  1.49500351537671304493E+0000  1.57195532870231537083E+0000  1.44610905693103879524E+0000  0.00000000000000000000E+0000  2.34433159148802059510E+0002  0.00000000000000000000E+0000  2.01834655928033679607E-0038  2.35875931039466004506E-0001  2.43482150591593124651E-0032  0.00000000000000000000E+0000  2.30798570161237025219E+0002  0.00000000000000000000E+0000  0.00000000000000000000E+0000  2.30798569869629000256E+0002  0.00000000000000000000E+0000  0.00000000000000000000E+0000  0.00000000000000000000E+0000  0.00000000000000000000E+0000  0.00000000000000000000E+0000  2.79091632549293940286E-0011 -3.23099642753544171272E+0000  0.00000000000000000000E+0000  0.00000000000000000000E+0000  0.00000000000000000000E+0000 -1.54155565870604345967E-0010
 7.29300000000000000006E-0005  0.00000000000000000000E+0000 -9.76836344876976793742E-0008  1.15366311931771955254E-0007 -9.76836344876976793742E-0008  1.04999999999999999996E+0000  1.49500351537564611008E+0000  1.57195532869072454791E+0000  1.44610905693030588020E+0000  0.00000000000000000000E+0000  2.34433159148802059510E+0002  0.00000000000000000000E+0000  2.01834655904092099735E-0038  2.35875930957371018694E-0001  2.43482150549495665960E-0032  0.00000000000000000000E+0000  2.30798570184902891680E+0002  0.00000000000000000000E+0000  0.00000000000000000000E+0000  2.30798569898516080776E+0002  0.00000000000000000000E+0000  0.00000000000000000000E+0000  0.00000000000000000000E+0000  0.00000000000000000000E+0000  0.00000000000000000000E+0000  3.59309955876110281961E-0012 -3.23099639773092882009E+0000  0.00000000000000000000E+0000  0.00000000000000000000E+0000  0.00000000000000000000E+0000 -2.68993643017132608667E-0010
 7.43899999999999999980E-0005  0.00000000000000000000E+0000 -5.73450038294683362730E-0008  9.33860502621491060056E-0008 -5.73450038294683362730E-0008  1.04999999999999999996E+0000  1.49500351537076348464E+0000  1.57195532866718729200E+0000  1.44610905692466526647E+0000  0.00000000000000000000E+0000  2.34433159148802059510E+0002  0.00000000000000000000E+0000  2.01834655835902439073E-0038  2.35875930771384163166E-0001  2.43482150428518919796E-0032  0.00000000000000000000E+0000  2.30798570175361139431E+0002  0.00000000000000000000E+0000  0.00000000000000000000E+0000  2.30798569957816295944E+0002  0.00000000000000000000E+0000  0.00000000000000000000E+0000  0.00000000000000000000E+0000  0.00000000000000000000E+0000  0.00000000000000000000E+0000 -4.12537200795899949787E-0011 -3.23099634265282905439E+0000  0.00000000000000000000E+0000  0.00000000000000000000E+0000  0.00000000000000000000E+0000 -4.08786535520389036710E-0010
 7.58799999999999999994E-0005  0.00000000000000000000E+0000  2.96579693980075969093E-0008  3.39162864013906991009E-0008  2.96579693980075969093E-0008  1.04999999999999999996E+0000  1.49500351535915323900E+0000  1.57195532862710142541E+0000  1.44610905691040695113E+0000  0.00000000000000000000E+0000  2.34433159148802059510E+0002  0.00000000000000000000E+0000  2.01834655700697645316E-0038  2.35875930441790891559E-0001  2.43482150190688100829E-0032  0.00000000000000000000E+0000  2.30798570107393577880E+0002  0.00000000000000000000E+0000  0.00000000000000000000E+0000  2.30798570066344498841E+0002  0.00000000000000000000E+0000  0.00000000000000000000E+0000  0.00000000000000000000E+0000  0.00000000000000000000E+0000  0.00000000000000000000E+0000 -1.18725681201262930909E-0010 -3.23099624737713292605E+0000  0.00000000000000000000E+0000  0.00000000000000000000E+0000  0.00000000000000000000E+0000 -5.74062197176282938933E-0010
 7.73999999999999999981E-0005  0.00000000000000000000E+0000  1.92288241190659605216E-0007  1.00082277806253363022E-0007  1.92288241190659605216E-0007  1.04999999999999999996E+0000  1.49500351533566162767E+0000  1.57195532856422175410E+0000  1.44610905688110443889E+0000  0.00000000000000000000E+0000  2.34433159148802059510E+0002  0.00000000000000000000E+0000  2.01834655463092849040E-0038  2.35875929916610218684E-0001  2.43482149780007802199E-0032  0.00000000000000000000E+0000  2.30798569941420675708E+0002  0.00000000000000000000E+0000  0.00000000000000000000E+0000  2.30798570255387049469E+0002  0.00000000000000000000E+0000  0.00000000000000000000E+0000  0.00000000000000000000E+0000  0.00000000000000000000E+0000  0.00000000000000000000E+0000 -2.49027390912468277956E-0010 -3.23099608696430268349E+0000  0.00000000000000000000E+0000  0.00000000000000000000E+0000  0.00000000000000000000E+0000 -7.67084194261832266505E-0010
 7.89399999999999999973E-0005  0.00000000000000000000E+0000  4.74436060803084246766E-0007  3.35387456200274545465E-0007  4.74436060803084246766E-0007  1.04999999999999999996E+0000  1.49500351529191619190E+0000  1.57195532847061458315E+0000  1.44610905682645440255E+0000  0.00000000000000000000E+0000  2.34433159148802059510E+0002  0.00000000000000000000E+0000  2.01834655067097264443E-0038  2.35875929126902076150E-0001  2.43482149112161840650E-0032  0.00000000000000000000E+0000  2.30798569615077214537E+0002  0.00000000000000000000E+0000  0.00000000000000000000E+0000  2.30798570570866808035E+0002  0.00000000000000000000E+0000  0.00000000000000000000E+0000  0.00000000000000000000E+0000  0.00000000000000000000E+0000  0.00000000000000000000E+0000 -4.61306066615543543924E-0010 -3.23099582541470418235E+0000  0.00000000000000000000E+0000  0.00000000000000000000E+0000  0.00000000000000000000E+0000 -9.90971985228163507452E-0010
 8.05199999999999999972E-0005  0.00000000000000000000E+0000  9.63162408423807191475E-0007  7.57102641657263011832E-0007  9.63162408423807191475E-0007  1.04999999999999999996E+0000  1.49500351521038831869E+0000  1.57195532833016995240E+0000  1.44610905672520667132E+0000  0.00000000000000000000E+0000  2.34433159148802059510E+0002  0.00000000000000000000E+0000  2.01834654420404345844E-0038  2.35875927966940038933E-0001  2.43482148051047588953E-0032  0.00000000000000000000E+0000  2.30798569027065800630E+0002  0.00000000000000000000E+0000  0.00000000000000000000E+0000  2.30798571120862390113E+0002  0.00000000000000000000E+0000  0.00000000000000000000E+0000  0.00000000000000000000E+0000  0.00000000000000000000E+0000  0.00000000000000000000E+0000 -8.28064609835751852203E-0010 -3.23099537326486443349E+0000  0.00000000000000000000E+0000  0.00000000000000000000E+0000  0.00000000000000000000E+0000 -1.26287166108568970243E-0009
 8.21300000000000000011E-0005  0.00000000000000000000E+0000  1.80542510990819253708E-0006  1.49762084448142030527E-0006  1.80542510990819253708E-0006  1.04999999999999999996E+0000  1.49500351506073456088E+0000  1.57195532811804763811E+0000  1.44610905654083939293E+0000  0.00000000000000000000E+0000  2.34433159148802059510E+0002  0.00000000000000000000E+0000  2.01834653338228086207E-0038  2.35875926240760779370E-0001  2.43482146332005813655E-0032  0.00000000000000000000E+0000  2.30798567988417151223E+0002  0.00000000000000000000E+0000  0.00000000000000000000E+0000  2.30798572070686150520E+0002  0.00000000000000000000E+0000  0.00000000000000000000E+0000  0.00000000000000000000E+0000  0.00000000000000000000E+0000  0.00000000000000000000E+0000 -1.45743510511499363838E-0009 -3.23099459701779970558E+0000  0.00000000000000000000E+0000  0.00000000000000000000E+0000  0.00000000000000000000E+0000 -1.63278382975008376340E-0009
 8.37700000000000000024E-0005  0.00000000000000000000E+0000  3.27642152584262723698E-0006  2.80231567850682411205E-0006  3.27642152584262723698E-0006  1.04999999999999999996E+0000  1.49500351478510238451E+0000  1.57195532778624712180E+0000  1.44610905620400589868E+0000  0.00000000000000000000E+0000  2.34433159148802059510E+0002  0.00000000000000000000E+0000  2.01834651501767804601E-0038  2.35875923617814981678E-0001  2.43482143501382252566E-0032  0.00000000000000000000E+0000  2.30798566175515622048E+0002  0.00000000000000000000E+0000  0.00000000000000000000E+0000  2.30798573754174679934E+0002  0.00000000000000000000E+0000  0.00000000000000000000E+0000  0.00000000000000000000E+0000  0.00000000000000000000E+0000  0.00000000000000000000E+0000 -2.57238481428751014798E-0009 -3.23099322151314197345E+0000  0.00000000000000000000E+0000  0.00000000000000000000E+0000  0.00000000000000000000E+0000 -2.19995178117533553370E-0009
 8.54499999999999999978E-0005  0.00000000000000000000E+0000  5.97092828682893787368E-0006  5.18796963681475958387E-0006  5.97092828682893787368E-0006  1.04999999999999999996E+0000  1.49500351425948375614E+0000  1.57195532722561095973E+0000  1.44610905556659767579E+0000  0.00000000000000000000E+0000  2.34433159148802059510E+0002  0.00000000000000000000E+0000  2.01834648278492571189E-0038  2.35875919427769277425E-0001  2.43482138658486894715E-0032  0.00000000000000000000E+0000  2.30798562964593951541E+0002  0.00000000000000000000E+0000  0.00000000000000000000E+0000  2.30798576944322567789E+0002  0.00000000000000000000E+0000  0.00000000000000000000E+0000  0.00000000000000000000E+0000  0.00000000000000000000E+0000  0.00000000000000000000E+0000 -4.70072864880212899672E-0009 -3.23099059567909434386E+0000  0.00000000000000000000E+0000  0.00000000000000000000E+0000  0.00000000000000000000E+0000 -3.26094915285454126472E-0009
 8.71599999999999999972E-0005  0.00000000000000000000E+0000  1.10276488898012428701E-0005  9.64932736678575668677E-0006  1.10276488898012428701E-0005  1.04999999999999999996E+0000  1.49500351324426176459E+0000  1.57195532622039772807E+0000  1.44610905434269272954E+0000  0.00000000000000000000E+0000  2.34433159148802059510E+0002  0.00000000000000000000E+0000  2.01834642292529119360E-0038  2.35875912151880490157E-0001  2.43482129837146888057E-0032  0.00000000000000000000E+0000  2.30798557059907838526E+0002  0.00000000000000000000E+0000  0.00000000000000000000E+0000  2.30798583022654805713E+0002  0.00000000000000000000E+0000  0.00000000000000000000E+0000  0.00000000000000000000E+0000  0.00000000000000000000E+0000  0.00000000000000000000E+0000 -8.77247414964845758061E-0009 -3.23098557210546821067E+0000  0.00000000000000000000E+0000  0.00000000000000000000E+0000  0.00000000000000000000E+0000 -5.45931314696146578296E-0009
