 t Vext Jext errJ Jint  G_frac QLFSL1 QLFSL2 QLFSL3 JphotoL1 JphotoL2 JphotoL3 JdirL1 JdirL2 JdirL3 JbulkElecL1 JbulkElecL2 JbulkElecL3 JbulkHolesL1 JbulkHolesL2 JbulkHolesL3 JintElecL1L2 JintElecL2L3 JintHolesL1L2 JintHolesL2L3 JminLeft JminRight JShunt Jnion Jpion JD
 0.00000000000000000000E+0000  0.00000000000000000000E+0000  4.08198412104449208700E-0005  2.33565141537546313862E-0005  4.08198412104449208700E-0005  1.00000000000000000000E+0000  1.44099641560401493464E+0000  1.51453936532613190398E+0000  1.38060577846483420255E+0000  0.00000000000000000000E+0000  2.23269675379811485205E+0002  0.00000000000000000000E+0000  2.48575765929857334431E-0039  2.57256626222961782167E-0002  1.80883220850193609651E-0033  0.00000000000000000000E+0000  2.20215557421312799105E+0002  0.00000000000000000000E+0000  0.00000000000000000000E+0000  2.20215617875076021315E+0002  0.00000000000000000000E+0000  0.00000000000000000000E+0000  0.00000000000000000000E+0000  0.00000000000000000000E+0000  0.00000000000000000000E+0000  2.12416947742154206896E-0014 -2.85228388510826519819E+0000  0.00000000000000000000E+0000  0.00000000000000000000E+0000  0.00000000000000000000E+0000  0.00000000000000000000E+0000
 9.99999999999999999990E-0014  0.00000000000000000000E+0000  1.28053929519578742549E+0000  4.44240023453138634145E+0000  1.28053929519578742549E+0000  1.04999999999999999996E+0000  1.44099641563118859315E+0000  1.51453936563265168164E+0000  1.38060577846766946225E+0000  0.00000000000000000000E+0000  2.34433159148802059510E+0002  0.00000000000000000000E+0000  2.48575771309824686883E-0039  2.57256637924301547704E-0002  1.80883223980154008103E-0033  0.00000000000000000000E+0000  2.20215559303287299983E+0002  0.00000000000000000000E+0000  0.00000000000000000000E+0000  2.20215565441709596656E+0002  0.00000000000000000000E+0000  0.00000000000000000000E+0000  0.00000000000000000000E+0000  0.00000000000000000000E+0000  0.00000000000000000000E+0000  7.68167621634554386694E-0003 -1.30216800778805111951E+0001  0.00000000000000000000E+0000  0.00000000000000000000E+0000  0.00000000000000000000E+0000  1.28361171212302784352E+0000
 2.02000000000000000006E-0013  0.00000000000000000000E+0000  1.72705686496995749088E-0001  2.37612657777172121181E+0000  1.72705686496995749088E-0001  1.04999999999999999996E+0000  1.44099641568558760817E+0000  1.51453936622982595142E+0000  1.38060577847333769983E+0000  0.00000000000000000000E+0000  2.34433159148802059510E+0002  0.00000000000000000000E+0000  2.48575771365754904808E-0039  2.57256645842687022877E-0002  1.80883224226162076846E-0033  0.00000000000000000000E+0000  2.20215562281895451457E+0002  0.00000000000000000000E+0000  0.00000000000000000000E+0000  2.20215568548876163127E+0002  0.00000000000000000000E+0000  0.00000000000000000000E+0000  0.00000000000000000000E+0000  0.00000000000000000000E+0000  0.00000000000000000000E+0000  6.99063048090550182623E-0003 -1.21068360810035556899E+0001  0.00000000000000000000E+0000  0.00000000000000000000E+0000  0.00000000000000000000E+0000  1.75516536389690335420E-0001
 3.05999999999999999989E-0013  0.00000000000000000000E+0000 -2.42065006623072840399E-0002  2.68677446844627980296E-0001 -2.42065006623072840399E-0002  1.04999999999999999996E+0000  1.44099641576838421336E+0000  1.51453936710271535974E+0000  1.38060577848196568921E+0000  0.00000000000000000000E+0000  2.34433159148802059510E+0002  0.00000000000000000000E+0000  2.48575771458032567146E-0039  2.57256657268197418693E-0002  1.80883224593244723243E-0033  0.00000000000000000000E+0000  2.20215566579760168422E+0002  0.00000000000000000000E+0000  0.00000000000000000000E+0000  2.20215573032236713563E+0002  0.00000000000000000000E+0000  0.00000000000000000000E+0000  0.00000000000000000000E+0000  0.00000000000000000000E+0000  0.00000000000000000000E+0000  6.36175025051574353265E-0003 -1.12742896690077362429E+0001  0.00000000000000000000E+0000  0.00000000000000000000E+0000  0.00000000000000000000E+0000 -2.16335387755386825170E-0002
 4.12200000000000000012E-0013  0.00000000000000000000E+0000 -3.02467556325899873279E-0002  5.54012829352874521752E-0001 -3.02467556325899873279E-0002  1.04999999999999999996E+0000  1.44099641588187956103E+0000  1.51453936823940885927E+0000  1.38060577849380798068E+0000  0.00000000000000000000E+0000  2.34433159148802059510E+0002  0.00000000000000000000E+0000  2.48575771600926725185E-0039  2.57256672043691582848E-0002  1.80883225091158693923E-0033  0.00000000000000000000E+0000  2.20215572137779347556E+0002  0.00000000000000000000E+0000  0.00000000000000000000E+0000  2.20215578830128090621E+0002  0.00000000000000000000E+0000  0.00000000000000000000E+0000  0.00000000000000000000E+0000  0.00000000000000000000E+0000  0.00000000000000000000E+0000  5.78944314475138523423E-0003 -1.05166371844224434849E+0001  0.00000000000000000000E+0000  0.00000000000000000000E+0000  0.00000000000000000000E+0000 -2.78900838551393419995E-0002
 5.20400000000000000019E-0013  0.00000000000000000000E+0000 -1.86441268734224512525E-0002  4.11992320362501436993E-0001 -1.86441268734224512525E-0002  1.04999999999999999996E+0000  1.44099641602863993387E+0000  1.51453936962498324616E+0000  1.38060577850915194669E+0000  0.00000000000000000000E+0000  2.34433159148802059510E+0002  0.00000000000000000000E+0000  2.48575771812946148209E-0039  2.57256689991707827639E-0002  1.80883225731665833325E-0033  0.00000000000000000000E+0000  2.20215578889209104063E+0002  0.00000000000000000000E+0000  0.00000000000000000000E+0000  2.20215585872913281559E+0002  0.00000000000000000000E+0000  0.00000000000000000000E+0000  0.00000000000000000000E+0000  0.00000000000000000000E+0000  0.00000000000000000000E+0000  5.26861987819992322996E-0003 -9.82714103416645434579E+0000  0.00000000000000000000E+0000  0.00000000000000000000E+0000  0.00000000000000000000E+0000 -1.64839969339344024668E-0002
 6.30799999999999999979E-0013  0.00000000000000000000E+0000 -5.22662239768180560961E-0003  8.30130971606491681626E-0002 -5.22662239768180560961E-0003  1.04999999999999999996E+0000  1.44099641621214683538E+0000  1.51453937124995118718E+0000  1.38060577852838639655E+0000  0.00000000000000000000E+0000  2.34433159148802059510E+0002  0.00000000000000000000E+0000  2.48575772116746548647E-0039  2.57256710980514018557E-0002  1.80883226529161938198E-0033  0.00000000000000000000E+0000  2.20215586784508567580E+0002  0.00000000000000000000E+0000  0.00000000000000000000E+0000  2.20215594108899806916E+0002  0.00000000000000000000E+0000  0.00000000000000000000E+0000  0.00000000000000000000E+0000  0.00000000000000000000E+0000  0.00000000000000000000E+0000  4.79464899088900262564E-0003 -9.19966973025903509559E+0000  0.00000000000000000000E+0000  0.00000000000000000000E+0000  0.00000000000000000000E+0000 -3.24495517129524909364E-0003
 7.43399999999999999992E-0013  0.00000000000000000000E+0000  1.26410284740124400369E-0003  7.29961831763579006757E-0002  1.26410284740124400369E-0003  1.04999999999999999996E+0000  1.44099641643585204501E+0000  1.51453937310335233816E+0000  1.38060577855190586808E+0000  0.00000000000000000000E+0000  2.34433159148802059510E+0002  0.00000000000000000000E+0000  2.48575772539485854072E-0039  2.57256734876643276070E-0002  1.80883227498712852051E-0033  0.00000000000000000000E+0000  2.20215595773486084649E+0002  0.00000000000000000000E+0000  0.00000000000000000000E+0000  2.20215603485714507354E+0002  0.00000000000000000000E+0000  0.00000000000000000000E+0000  0.00000000000000000000E+0000  0.00000000000000000000E+0000  0.00000000000000000000E+0000  4.36331567249572950225E-0003 -8.62864339248949426767E+0000  0.00000000000000000000E+0000  0.00000000000000000000E+0000  0.00000000000000000000E+0000  3.08386224169735782332E-0003
 8.58300000000000000006E-0013  0.00000000000000000000E+0000  1.24530646244229998356E-0003  6.88381385279233710649E-0002  1.24530646244229998356E-0003  1.04999999999999999996E+0000  1.44099641670340625796E+0000  1.51453937517667249120E+0000  1.38060577858013793157E+0000  0.00000000000000000000E+0000  2.34433159148802059510E+0002  0.00000000000000000000E+0000  2.48575773112654989028E-0039  2.57256761569937340337E-0002  1.80883228655737598005E-0033  0.00000000000000000000E+0000  2.20215605814719626671E+0002  0.00000000000000000000E+0000  0.00000000000000000000E+0000  2.20215613960130373386E+0002  0.00000000000000000000E+0000  0.00000000000000000000E+0000  0.00000000000000000000E+0000  0.00000000000000000000E+0000  0.00000000000000000000E+0000  3.97078427245585107828E-0003 -8.10898411091532056623E+0000  0.00000000000000000000E+0000  0.00000000000000000000E+0000  0.00000000000000000000E+0000  2.91832335288264543339E-0003
 9.75499999999999999972E-0013  0.00000000000000000000E+0000 -6.68084667530349644312E-0004  1.97405346934957842740E-0002 -6.68084667530349644312E-0004  1.04999999999999999996E+0000  1.44099641701806661508E+0000  1.51453937746049633229E+0000  1.38060577861348321937E+0000  0.00000000000000000000E+0000  2.34433159148802059510E+0002  0.00000000000000000000E+0000  2.48575773871893089763E-0039  2.57256790943091982929E-0002  1.80883230014199681582E-0033  0.00000000000000000000E+0000  2.20215616864100928771E+0002  0.00000000000000000000E+0000  0.00000000000000000000E+0000  2.20215625486116112430E+0002  0.00000000000000000000E+0000  0.00000000000000000000E+0000  0.00000000000000000000E+0000  0.00000000000000000000E+0000  0.00000000000000000000E+0000  3.61356419836874121378E-0003 -7.63607080211599432073E+0000  0.00000000000000000000E+0000  0.00000000000000000000E+0000  0.00000000000000000000E+0000  8.72089201040795942433E-0004
 1.09499999999999999999E-0012  0.00000000000000000000E+0000 -1.73302850434164913358E-0003  8.65443517119682855062E-0003 -1.73302850434164913358E-0003  1.04999999999999999996E+0000  1.44099641738270039615E+0000  1.51453937994595746086E+0000  1.38060577865231738138E+0000  0.00000000000000000000E+0000  2.34433159148802059510E+0002  0.00000000000000000000E+0000  2.48575774856709159806E-0039  2.57256822883343680993E-0002  1.80883231586219036854E-0033  0.00000000000000000000E+0000  2.20215628879231350962E+0002  0.00000000000000000000E+0000  0.00000000000000000000E+0000  2.20215638019422030300E+0002  0.00000000000000000000E+0000  0.00000000000000000000E+0000  0.00000000000000000000E+0000  0.00000000000000000000E+0000  0.00000000000000000000E+0000  3.28847887153159210485E-0003 -7.20569810734956112510E+0000  0.00000000000000000000E+0000  0.00000000000000000000E+0000  0.00000000000000000000E+0000 -3.12950004417114793328E-0004
 1.21700000000000000000E-0012  0.00000000000000000000E+0000 -1.72231615085809913586E-0003  1.11086586047319468404E-0002 -1.72231615085809913586E-0003  1.04999999999999999996E+0000  1.44099641780034615419E+0000  1.51453938262911445302E+0000  1.38060577869705308676E+0000  0.00000000000000000000E+0000  2.34433159148802059510E+0002  0.00000000000000000000E+0000  2.48575776112130090611E-0039  2.57256857337822882906E-0002  1.80883233384364656492E-0033  0.00000000000000000000E+0000  2.20215641840244317137E+0002  0.00000000000000000000E+0000  0.00000000000000000000E+0000  2.20215651539300598383E+0002  0.00000000000000000000E+0000  0.00000000000000000000E+0000  0.00000000000000000000E+0000  0.00000000000000000000E+0000  0.00000000000000000000E+0000  2.99263746267202291359E-0003 -6.81403896876756990991E+0000  0.00000000000000000000E+0000  0.00000000000000000000E+0000  0.00000000000000000000E+0000 -4.10632702781294424602E-0004
 1.34099999999999999997E-0012  0.00000000000000000000E+0000 -1.32572684681745923113E-0003  4.11510567315980881204E-0003 -1.32572684681745923113E-0003  1.04999999999999999996E+0000  1.44099641827104066295E+0000  1.51453938549102543835E+0000  1.38060577874779917518E+0000  0.00000000000000000000E+0000  2.34433159148802059510E+0002  0.00000000000000000000E+0000  2.48575777681307673089E-0039  2.57256894075406794406E-0002  1.80883235409606266257E-0033  0.00000000000000000000E+0000  2.20215655660220256631E+0002  0.00000000000000000000E+0000  0.00000000000000000000E+0000  2.20215665955057847539E+0002  0.00000000000000000000E+0000  0.00000000000000000000E+0000  0.00000000000000000000E+0000  0.00000000000000000000E+0000  0.00000000000000000000E+0000  2.72340925146468565684E-0003 -6.45761070074431582644E+0000  0.00000000000000000000E+0000  0.00000000000000000000E+0000  0.00000000000000000000E+0000 -1.11690942101390841148E-0004
 1.46799999999999999998E-0012  0.00000000000000000000E+0000 -1.02437493869554989390E-0003  8.34600624685602148623E-0004 -1.02437493869554989390E-0003  1.04999999999999999996E+0000  1.44099641879986708039E+0000  1.51453938854779013767E+0000  1.38060577880523140690E+0000  0.00000000000000000000E+0000  2.34433159148802059510E+0002  0.00000000000000000000E+0000  2.48575779624553371073E-0039  2.57256933281579314191E-0002  1.80883237681584314158E-0033  0.00000000000000000000E+0000  2.20215670408958436727E+0002  0.00000000000000000000E+0000  0.00000000000000000000E+0000  2.20215681339475480419E+0002  0.00000000000000000000E+0000  0.00000000000000000000E+0000  0.00000000000000000000E+0000  0.00000000000000000000E+0000  0.00000000000000000000E+0000  2.47840006371932336423E-0003 -6.13324375761758922194E+0000  0.00000000000000000000E+0000  0.00000000000000000000E+0000  0.00000000000000000000E+0000  1.01894659649264329567E-0004
 1.59700000000000000005E-0012  0.00000000000000000000E+0000 -9.00995483790846123219E-0004  1.74819609323425384945E-0003 -9.00995483790846123219E-0004  1.04999999999999999996E+0000  1.44099641938340751858E+0000  1.51453939176880951478E+0000  1.38060577886912304519E+0000  0.00000000000000000000E+0000  2.34433159148802059510E+0002  0.00000000000000000000E+0000  2.48575781986812552649E-0039  2.57256974592065191267E-0002  1.80883240188376638517E-0033  0.00000000000000000000E+0000  2.20215685949453066378E+0002  0.00000000000000000000E+0000  0.00000000000000000000E+0000  2.20215697549610431014E+0002  0.00000000000000000000E+0000  0.00000000000000000000E+0000  0.00000000000000000000E+0000  0.00000000000000000000E+0000  0.00000000000000000000E+0000  2.25543125466594586158E-0003 -5.83805396170280409924E+0000  0.00000000000000000000E+0000  0.00000000000000000000E+0000  0.00000000000000000000E+0000  1.46604691079236093802E-0004
 1.72900000000000000005E-0012  0.00000000000000000000E+0000 -8.63073896928241498501E-0004  8.15341776930732757171E-0004 -8.63073896928241498501E-0004  1.04999999999999999996E+0000  1.44099642002636064379E+0000  1.51453939517286742934E+0000  1.38060577894015508883E+0000  0.00000000000000000000E+0000  2.34433159148802059510E+0002  0.00000000000000000000E+0000  2.48575784838040529265E-0039  2.57257018223253716269E-0002  1.80883242947567589656E-0033  0.00000000000000000000E+0000  2.20215702363133107602E+0002  0.00000000000000000000E+0000  0.00000000000000000000E+0000  2.20215714670371214542E+0002  0.00000000000000000000E+0000  0.00000000000000000000E+0000  0.00000000000000000000E+0000  0.00000000000000000000E+0000  0.00000000000000000000E+0000  2.05252001474924053240E-0003 -5.56941637756800573753E+0000  0.00000000000000000000E+0000  0.00000000000000000000E+0000  0.00000000000000000000E+0000  1.14239281474003200367E-0004
 1.86400000000000000009E-0012  0.00000000000000000000E+0000 -8.28303469466806809085E-0004  3.06792165667710730636E-0005 -8.28303469466806809085E-0004  1.04999999999999999996E+0000  1.44099642072883242798E+0000  1.51453939875493332910E+0000  1.38060577901852921481E+0000  0.00000000000000000000E+0000  2.34433159148802059510E+0002  0.00000000000000000000E+0000  2.48575788245586792346E-0039  2.57257064123679258991E-0002  1.80883245961239865602E-0033  0.00000000000000000000E+0000  2.20215719630669972587E+0002  0.00000000000000000000E+0000  0.00000000000000000000E+0000  2.20215732681560191306E+0002  0.00000000000000000000E+0000  0.00000000000000000000E+0000  0.00000000000000000000E+0000  0.00000000000000000000E+0000  0.00000000000000000000E+0000  1.86786197652398967175E-0003 -5.32494231580409568523E+0000  0.00000000000000000000E+0000  0.00000000000000000000E+0000  0.00000000000000000000E+0000  8.64617332716882971920E-0005
 2.00100000000000000008E-0012  0.00000000000000000000E+0000 -7.74774493796076927925E-0004  2.44085109734654377259E-0004 -7.74774493796076927925E-0004  1.04999999999999999996E+0000  1.44099642148511598709E+0000  1.51453940248301591512E+0000  1.38060577910380661887E+0000  0.00000000000000000000E+0000  2.34433159148802059510E+0002  0.00000000000000000000E+0000  2.48575792251127493823E-0039  2.57257111893148328752E-0002  1.80883249206718024993E-0033  0.00000000000000000000E+0000  2.20215737601545553159E+0002  0.00000000000000000000E+0000  0.00000000000000000000E+0000  2.20215751426139854138E+0002  0.00000000000000000000E+0000  0.00000000000000000000E+0000  0.00000000000000000000E+0000  0.00000000000000000000E+0000  0.00000000000000000000E+0000  1.69981519468020274210E-0003 -5.10245813664845509908E+0000  0.00000000000000000000E+0000  0.00000000000000000000E+0000  0.00000000000000000000E+0000  8.46002367237724894173E-0005
 2.14099999999999999992E-0012  0.00000000000000000000E+0000 -7.13157397441038318424E-0004  1.29778497089259869103E-0004 -7.13157397441038318424E-0004  1.04999999999999999996E+0000  1.44099642230005204398E+0000  1.51453940637917799873E+0000  1.38060577919674544380E+0000  0.00000000000000000000E+0000  2.34433159148802059510E+0002  0.00000000000000000000E+0000  2.48575796940573727895E-0039  2.57257161795865474990E-0002  1.80883252702755297657E-0033  0.00000000000000000000E+0000  2.20215756375183062468E+0002  0.00000000000000000000E+0000  0.00000000000000000000E+0000  2.20215771007780512683E+0002  0.00000000000000000000E+0000  0.00000000000000000000E+0000  0.00000000000000000000E+0000  0.00000000000000000000E+0000  0.00000000000000000000E+0000  1.54688525138910372585E-0003 -4.89998549330989081191E+0000  0.00000000000000000000E+0000  0.00000000000000000000E+0000  0.00000000000000000000E+0000  9.74514602710903767369E-0005
 2.28399999999999999999E-0012  0.00000000000000000000E+0000 -6.56322786669983542466E-0004  3.77249542862704691173E-0005 -6.56322786669983542466E-0004  1.04999999999999999996E+0000  1.44099642317327798367E+0000  1.51453941043918429582E+0000  1.38060577929753206016E+0000  0.00000000000000000000E+0000  2.34433159148802059510E+0002  0.00000000000000000000E+0000  2.48575802388719074435E-0039  2.57257213787387808073E-0002  1.80883256449828700850E-0033  0.00000000000000000000E+0000  2.20215775934900201125E+0002  0.00000000000000000000E+0000  0.00000000000000000000E+0000  2.20215791409039588045E+0002  0.00000000000000000000E+0000  0.00000000000000000000E+0000  0.00000000000000000000E+0000  0.00000000000000000000E+0000  0.00000000000000000000E+0000  1.40771224536249148188E-0003 -4.71572412877124806348E+0000  0.00000000000000000000E+0000  0.00000000000000000000E+0000  0.00000000000000000000E+0000  1.11669132298174801476E-0004
 2.43000000000000000009E-0012  0.00000000000000000000E+0000 -6.08468212512456101570E-0004  7.52774860295462650283E-0005 -6.08468212512456101570E-0004  1.04999999999999999996E+0000  1.44099642410458811544E+0000  1.51453941465902899919E+0000  1.38060577940637398955E+0000  0.00000000000000000000E+0000  2.34433159148802059510E+0002  0.00000000000000000000E+0000  2.48575808668175235706E-0039  2.57257267816669286066E-0002  1.80883260447893552860E-0033  0.00000000000000000000E+0000  2.20215796261530402947E+0002  0.00000000000000000000E+0000  0.00000000000000000000E+0000  2.20215812609883308540E+0002  0.00000000000000000000E+0000  0.00000000000000000000E+0000  0.00000000000000000000E+0000  0.00000000000000000000E+0000  0.00000000000000000000E+0000  1.28105861788924814211E-0003 -4.54803575721853965697E+0000  0.00000000000000000000E+0000  0.00000000000000000000E+0000  0.00000000000000000000E+0000  1.22629423365074933984E-0004
 2.57799999999999999995E-0012  0.00000000000000000000E+0000 -5.68012693445463184739E-0004  7.04159362404202932673E-0005 -5.68012693445463184739E-0004  1.04999999999999999996E+0000  1.44099642508740492233E+0000  1.51453941900556027895E+0000  1.38060577952271932461E+0000  0.00000000000000000000E+0000  2.34433159148802059510E+0002  0.00000000000000000000E+0000  2.48575815809372741905E-0039  2.57257323465933329340E-0002  1.80883264670857582111E-0033  0.00000000000000000000E+0000  2.20215817197938712332E+0002  0.00000000000000000000E+0000  0.00000000000000000000E+0000  2.20215834446374321323E+0002  0.00000000000000000000E+0000  0.00000000000000000000E+0000  0.00000000000000000000E+0000  0.00000000000000000000E+0000  0.00000000000000000000E+0000  1.16579824438276647133E-0003 -4.39542963533720951229E+0000  0.00000000000000000000E+0000  0.00000000000000000000E+0000  0.00000000000000000000E+0000  1.31527468317417765631E-0004
 2.72999999999999999993E-0012  0.00000000000000000000E+0000 -5.32510473725316682025E-0004  6.03196001915232413641E-0005 -5.32510473725316682025E-0004  1.04999999999999999996E+0000  1.44099642613555674114E+0000  1.51453942353394647308E+0000  1.38060577964842300048E+0000  0.00000000000000000000E+0000  2.34433159148802059510E+0002  0.00000000000000000000E+0000  2.48575823967100745519E-0039  2.57257381422891566042E-0002  1.80883269175033735345E-0033  0.00000000000000000000E+0000  2.20215839002889928605E+0002  0.00000000000000000000E+0000  0.00000000000000000000E+0000  2.20215857188363626523E+0002  0.00000000000000000000E+0000  0.00000000000000000000E+0000  0.00000000000000000000E+0000  0.00000000000000000000E+0000  0.00000000000000000000E+0000  1.06090600009075629506E-0003 -4.25654870975692247110E+0000  0.00000000000000000000E+0000  0.00000000000000000000E+0000  0.00000000000000000000E+0000  1.40457309050660800441E-0004
 2.88400000000000000007E-0012  0.00000000000000000000E+0000 -5.00734057982955516812E-0004  6.02288805630752939606E-0005 -5.00734057982955516812E-0004  1.04999999999999999996E+0000  1.44099642723625604227E+0000  1.51453942818127982131E+0000  1.38060577978215152765E+0000  0.00000000000000000000E+0000  2.34433159148802059510E+0002  0.00000000000000000000E+0000  2.48575833130284183147E-0039  2.57257440906105722353E-0002  1.80883273911165359382E-0033  0.00000000000000000000E+0000  2.20215861382437121690E+0002  0.00000000000000000000E+0000  0.00000000000000000000E+0000  2.20215880529214212802E+0002  0.00000000000000000000E+0000  0.00000000000000000000E+0000  0.00000000000000000000E+0000  0.00000000000000000000E+0000  0.00000000000000000000E+0000  9.65449379904013977467E-0004 -4.13015856823665993610E+0000  0.00000000000000000000E+0000  0.00000000000000000000E+0000  0.00000000000000000000E+0000  1.50342660754682493101E-0004
 3.04199999999999999992E-0012  0.00000000000000000000E+0000 -4.72478657227165590337E-0004  6.61432355302656104408E-0005 -4.72478657227165590337E-0004  1.04999999999999999996E+0000  1.44099642840547669496E+0000  1.51453943300475186388E+0000  1.38060577992602217850E+0000  0.00000000000000000000E+0000  2.34433159148802059510E+0002  0.00000000000000000000E+0000  2.48575843470056114293E-0039  2.57257502626230014766E-0002  1.80883278943148187780E-0033  0.00000000000000000000E+0000  2.20215884603984913881E+0002  0.00000000000000000000E+0000  0.00000000000000000000E+0000  2.20215904747778517231E+0002  0.00000000000000000000E+0000  0.00000000000000000000E+0000  0.00000000000000000000E+0000  0.00000000000000000000E+0000  0.00000000000000000000E+0000  8.78579365845065172854E-0004 -4.01513531197704995682E+0000  0.00000000000000000000E+0000  0.00000000000000000000E+0000  0.00000000000000000000E+0000  1.61108764618080416837E-0004
 3.20300000000000000000E-0012  0.00000000000000000000E+0000 -4.47818252139998935585E-0004  7.36177601339596470155E-0005 -4.47818252139998935585E-0004  1.04999999999999999996E+0000  1.44099642963833484669E+0000  1.51453943797121155096E+0000  1.38060578007959371073E+0000  0.00000000000000000000E+0000  2.34433159148802059510E+0002  0.00000000000000000000E+0000  2.48575855019856815481E-0039  2.57257566174287512963E-0002  1.80883284253686257102E-0033  0.00000000000000000000E+0000  2.20215908513715162328E+0002  0.00000000000000000000E+0000  0.00000000000000000000E+0000  2.20215929683570948591E+0002  0.00000000000000000000E+0000  0.00000000000000000000E+0000  0.00000000000000000000E+0000  0.00000000000000000000E+0000  0.00000000000000000000E+0000  7.99523613246283455961E-0004 -3.91045655538254473683E+0000  0.00000000000000000000E+0000  0.00000000000000000000E+0000  0.00000000000000000000E+0000  1.72444071561674036436E-0004
 3.36699999999999999993E-0012  0.00000000000000000000E+0000 -4.26707580028658420629E-0004  8.04634754043267013178E-0005 -4.26707580028658420629E-0004  1.04999999999999999996E+0000  1.44099643093770121065E+0000  1.51453944307786657840E+0000  1.38060578024333863644E+0000  0.00000000000000000000E+0000  2.34433159148802059510E+0002  0.00000000000000000000E+0000  2.48575867849009008430E-0039  2.57257631509764528011E-0002  1.80883289853296860602E-0033  0.00000000000000000000E+0000  2.20215933096428263652E+0002  0.00000000000000000000E+0000  0.00000000000000000000E+0000  2.20215955320689094565E+0002  0.00000000000000000000E+0000  0.00000000000000000000E+0000  0.00000000000000000000E+0000  0.00000000000000000000E+0000  0.00000000000000000000E+0000  7.27579168889232646163E-0004 -3.81519178570851168826E+0000  0.00000000000000000000E+0000  0.00000000000000000000E+0000  0.00000000000000000000E+0000  1.84178841339058079504E-0004
 3.53400000000000000009E-0012  0.00000000000000000000E+0000 -4.08969644009618350929E-0004  8.64763905814746516894E-0005 -4.08969644009618350929E-0004  1.04999999999999999996E+0000  1.44099643230700769656E+0000  1.51453944832209730777E+0000  1.38060578041776809268E+0000  0.00000000000000000000E+0000  2.34433159148802059510E+0002  0.00000000000000000000E+0000  2.48575882032086141944E-0039  2.57257698599265379211E-0002  1.80883295755541733206E-0033  0.00000000000000000000E+0000  2.20215958339606327057E+0002  0.00000000000000000000E+0000  0.00000000000000000000E+0000  2.20215981646023099841E+0002  0.00000000000000000000E+0000  0.00000000000000000000E+0000  0.00000000000000000000E+0000  0.00000000000000000000E+0000  0.00000000000000000000E+0000  6.62106310139498286651E-0004 -3.72849420194035592884E+0000  0.00000000000000000000E+0000  0.00000000000000000000E+0000  0.00000000000000000000E+0000  1.96297172653021430562E-0004
 3.70499999999999999996E-0012  0.00000000000000000000E+0000 -3.94381754547387797202E-0004  9.23284383145654305368E-0005 -3.94381754547387797202E-0004  1.04999999999999999996E+0000  1.44099643375872102933E+0000  1.51453945373309147666E+0000  1.38060578060452133825E+0000  0.00000000000000000000E+0000  2.34433159148802059510E+0002  0.00000000000000000000E+0000  2.48575897728344928011E-0039  2.57257767812949177106E-0002  1.80883302010778012605E-0033  0.00000000000000000000E+0000  2.20215984382574526720E+0002  0.00000000000000000000E+0000  0.00000000000000000000E+0000  2.20216008804814054045E+0002  0.00000000000000000000E+0000  0.00000000000000000000E+0000  0.00000000000000000000E+0000  0.00000000000000000000E+0000  0.00000000000000000000E+0000  6.02522749756046760060E-0004 -3.64959303731425967351E+0000  0.00000000000000000000E+0000  0.00000000000000000000E+0000  0.00000000000000000000E+0000  2.08857705066380300577E-0004
 3.87900000000000000007E-0012  0.00000000000000000000E+0000 -3.82782558428608971559E-0004  9.83084290456146418667E-0005 -3.82782558428608971559E-0004  1.04999999999999999996E+0000  1.44099643528898160427E+0000  1.51453945927712513980E+0000  1.38060578080311898959E+0000  0.00000000000000000000E+0000  2.34433159148802059510E+0002  0.00000000000000000000E+0000  2.48575914941059171290E-0039  2.57257838726157055480E-0002  1.80883308602358804445E-0033  0.00000000000000000000E+0000  2.20216011065607345662E+0002  0.00000000000000000000E+0000  0.00000000000000000000E+0000  2.20216036630422545256E+0002  0.00000000000000000000E+0000  0.00000000000000000000E+0000  0.00000000000000000000E+0000  0.00000000000000000000E+0000  0.00000000000000000000E+0000  5.48298801989866537941E-0004 -3.57778716536270972848E+0000  0.00000000000000000000E+0000  0.00000000000000000000E+0000  0.00000000000000000000E+0000  2.21883830202085769051E-0004
 4.05700000000000000010E-0012  0.00000000000000000000E+0000 -3.74042720628566884257E-0004  1.04566767624424532511E-0004 -3.74042720628566884257E-0004  1.04999999999999999996E+0000  1.44099643691155292647E+0000  1.51453946498408800216E+0000  1.38060578101532952975E+0000  0.00000000000000000000E+0000  2.34433159148802059510E+0002  0.00000000000000000000E+0000  2.48575933836405858863E-0039  2.57257911715142841451E-0002  1.80883315583275466317E-0033  0.00000000000000000000E+0000  2.20216038530329048004E+0002  0.00000000000000000000E+0000  0.00000000000000000000E+0000  2.20216065270479971538E+0002  0.00000000000000000000E+0000  0.00000000000000000000E+0000  0.00000000000000000000E+0000  0.00000000000000000000E+0000  0.00000000000000000000E+0000  4.98952216337168822087E-0004 -3.51243826326916243363E+0000  0.00000000000000000000E+0000  0.00000000000000000000E+0000  0.00000000000000000000E+0000  2.35384920779009476110E-0004
 4.23799999999999999997E-0012  0.00000000000000000000E+0000 -3.68068337672658082778E-0004  1.10888198431278720702E-0004 -3.68068337672658082778E-0004  1.04999999999999999996E+0000  1.44099643862240859443E+0000  1.51453947082006933197E+0000  1.38060578124058209689E+0000  0.00000000000000000000E+0000  2.34433159148802059510E+0002  0.00000000000000000000E+0000  2.48575954403833571781E-0039  2.57257986351756525474E-0002  1.80883322934636070163E-0033  0.00000000000000000000E+0000  2.20216066615697350903E+0002  0.00000000000000000000E+0000  0.00000000000000000000E+0000  2.20216094556976778054E+0002  0.00000000000000000000E+0000  0.00000000000000000000E+0000  0.00000000000000000000E+0000  0.00000000000000000000E+0000  0.00000000000000000000E+0000  4.54044341687384815869E-0004 -3.45296572639809603677E+0000  0.00000000000000000000E+0000  0.00000000000000000000E+0000  0.00000000000000000000E+0000  2.49352905356352450673E-0004
 4.42300000000000000014E-0012  0.00000000000000000000E+0000 -3.64785450803572519445E-0004  1.17302865805044370677E-0004 -3.64785450803572519445E-0004  1.04999999999999999996E+0000  1.44099644043614598409E+0000  1.51453947681556374454E+0000  1.38060578148073018776E+0000  0.00000000000000000000E+0000  2.34433159148802059510E+0002  0.00000000000000000000E+0000  2.48575976823127383184E-0039  2.57258063020967274926E-0002  1.80883330711217795865E-0033  0.00000000000000000000E+0000  2.20216095466625198934E+0002  0.00000000000000000000E+0000  0.00000000000000000000E+0000  2.20216124640962605322E+0002  0.00000000000000000000E+0000  0.00000000000000000000E+0000  0.00000000000000000000E+0000  0.00000000000000000000E+0000  0.00000000000000000000E+0000  4.13175769409899392041E-0004 -3.39884091023828534533E+0000  0.00000000000000000000E+0000  0.00000000000000000000E+0000  0.00000000000000000000E+0000  2.63775915884153147882E-0004
 4.61100000000000000016E-0012  0.00000000000000000000E+0000 -3.64118318055919801304E-0004  1.23666503279597932662E-0004 -3.64118318055919801304E-0004  1.04999999999999999996E+0000  1.44099644234797654417E+0000  1.51453948293652719916E+0000  1.38060578173505692527E+0000  0.00000000000000000000E+0000  2.34433159148802059510E+0002  0.00000000000000000000E+0000  2.48576001068916336472E-0039  2.57258141292009710385E-0002  1.80883338889454431157E-0033  0.00000000000000000000E+0000  2.20216124921082314972E+0002  0.00000000000000000000E+0000  0.00000000000000000000E+0000  2.20216155353401443096E+0002  0.00000000000000000000E+0000  0.00000000000000000000E+0000  0.00000000000000000000E+0000  0.00000000000000000000E+0000  0.00000000000000000000E+0000  3.75983240850081035635E-0004 -3.34958302213160146040E+0000  0.00000000000000000000E+0000  0.00000000000000000000E+0000  0.00000000000000000000E+0000  2.78657348082186519372E-0004
 4.80300000000000000009E-0012  0.00000000000000000000E+0000 -3.66011307786104223814E-0004  1.30083660278202179994E-0004 -3.66011307786104223814E-0004  1.04999999999999999996E+0000  1.44099644437287912951E+0000  1.51453948921397476494E+0000  1.38060578200546186091E+0000  0.00000000000000000000E+0000  2.34433159148802059510E+0002  0.00000000000000000000E+0000  2.48576027335072544014E-0039  2.57258221557313580369E-0002  1.80883347524061643378E-0033  0.00000000000000000000E+0000  2.20216155126798885266E+0002  0.00000000000000000000E+0000  0.00000000000000000000E+0000  2.20216186848268645745E+0002  0.00000000000000000000E+0000  0.00000000000000000000E+0000  0.00000000000000000000E+0000  0.00000000000000000000E+0000  0.00000000000000000000E+0000  3.42135954820907803954E-0004 -3.30475424949876006001E+0000  0.00000000000000000000E+0000  0.00000000000000000000E+0000  0.00000000000000000000E+0000  2.93995267445738100291E-0004
 4.99899999999999999994E-0012  0.00000000000000000000E+0000 -3.70423516074582040233E-0004  1.36496272576053399945E-0004 -3.70423516074582040233E-0004  1.04999999999999999996E+0000  1.44099644651574321621E+0000  1.51453949564658913460E+0000  1.38060578229250734519E+0000  0.00000000000000000000E+0000  2.34433159148802059510E+0002  0.00000000000000000000E+0000  2.48576055717578468896E-0039  2.57258303802092298752E-0002  1.80883356629967166448E-0033  0.00000000000000000000E+0000  2.20216186078282649949E+0002  0.00000000000000000000E+0000  0.00000000000000000000E+0000  2.20216219119751549185E+0002  0.00000000000000000000E+0000  0.00000000000000000000E+0000  0.00000000000000000000E+0000  0.00000000000000000000E+0000  0.00000000000000000000E+0000  3.11332972390458391910E-0004 -3.26395630665113966316E+0000  0.00000000000000000000E+0000  0.00000000000000000000E+0000  0.00000000000000000000E+0000  3.09792783627510475341E-0004
 5.19900000000000000009E-0012  0.00000000000000000000E+0000 -3.77331297519492505794E-0004  1.42875856440032447760E-0004 -3.77331297519492505794E-0004  1.04999999999999999996E+0000  1.44099644878109770831E+0000  1.51453950223312627170E+0000  1.38060578259671153827E+0000  0.00000000000000000000E+0000  2.34433159148802059510E+0002  0.00000000000000000000E+0000  2.48576086305017443433E-0039  2.57258388010393639657E-0002  1.80883366218623872122E-0033  0.00000000000000000000E+0000  2.20216217769600537651E+0002  0.00000000000000000000E+0000  0.00000000000000000000E+0000  2.20216252161579853927E+0002  0.00000000000000000000E+0000  0.00000000000000000000E+0000  0.00000000000000000000E+0000  0.00000000000000000000E+0000  0.00000000000000000000E+0000  2.83300433271510574821E-0004 -3.22682675822779212920E+0000  0.00000000000000000000E+0000  0.00000000000000000000E+0000  0.00000000000000000000E+0000  3.26049410573226804211E-0004
 5.40300000000000000017E-0012  0.00000000000000000000E+0000 -3.86723953280884247244E-0004  1.49209792716580599979E-0004 -3.86723953280884247244E-0004  1.04999999999999999996E+0000  1.44099645117306385668E+0000  1.51453950897241280786E+0000  1.38060578291854608513E+0000  0.00000000000000000000E+0000  2.34433159148802059510E+0002  0.00000000000000000000E+0000  2.48576119185874752540E-0039  2.57258474167165599016E-0002  1.80883376299261588220E-0033  0.00000000000000000000E+0000  2.20216250195160152064E+0002  0.00000000000000000000E+0000  0.00000000000000000000E+0000  2.20216285967835874421E+0002  0.00000000000000000000E+0000  0.00000000000000000000E+0000  0.00000000000000000000E+0000  0.00000000000000000000E+0000  0.00000000000000000000E+0000  2.57789113362221455533E-0004 -3.19303578494625034606E+0000  0.00000000000000000000E+0000  0.00000000000000000000E+0000  0.00000000000000000000E+0000  3.42760777389248919214E-0004
 5.61100000000000000016E-0012  0.00000000000000000000E+0000 -3.98585229183807379653E-0004  1.55495076837150709143E-0004 -3.98585229183807379653E-0004  1.04999999999999999996E+0000  1.44099645369533764440E+0000  1.51453951586334330953E+0000  1.38060578325843652124E+0000  0.00000000000000000000E+0000  2.34433159148802059510E+0002  0.00000000000000000000E+0000  2.48576154448354506704E-0039  2.57258562258221348643E-0002  1.80883386878920798250E-0033  0.00000000000000000000E+0000  2.20216283349696578892E+0002  0.00000000000000000000E+0000  0.00000000000000000000E+0000  2.20216320532940771193E+0002  0.00000000000000000000E+0000  0.00000000000000000000E+0000  0.00000000000000000000E+0000  0.00000000000000000000E+0000  0.00000000000000000000E+0000  2.34572208490673190315E-0004 -3.16228324900684762736E+0000  0.00000000000000000000E+0000  0.00000000000000000000E+0000  0.00000000000000000000E+0000  3.59936073140977132423E-0004
 5.82400000000000000014E-0012  0.00000000000000000000E+0000 -4.12929401443506064290E-0004  1.61782679536650586468E-0004 -4.12929401443506064290E-0004  1.04999999999999999996E+0000  1.44099645636373864381E+0000  1.51453952293809221516E+0000  1.38060578361845714263E+0000  0.00000000000000000000E+0000  2.34433159148802059510E+0002  0.00000000000000000000E+0000  2.48576192349969911133E-0039  2.57258652693624528754E-0002  1.80883398013474259206E-0033  0.00000000000000000000E+0000  2.20216317387620414622E+0002  0.00000000000000000000E+0000  0.00000000000000000000E+0000  2.20216356017781971263E+0002  0.00000000000000000000E+0000  0.00000000000000000000E+0000  0.00000000000000000000E+0000  0.00000000000000000000E+0000  0.00000000000000000000E+0000  2.13443197581234532459E-0004 -3.13429587266461094370E+0000  0.00000000000000000000E+0000  0.00000000000000000000E+0000  0.00000000000000000000E+0000  3.77574295730162917479E-0004
 6.03999999999999999997E-0012  0.00000000000000000000E+0000 -4.29764752019596092842E-0004  1.67870047133762012983E-0004 -4.29764752019596092842E-0004  1.04999999999999999996E+0000  1.44099645915614184559E+0000  1.51453953012925193039E+0000  1.38060578399557459675E+0000  0.00000000000000000000E+0000  2.34433159148802059510E+0002  0.00000000000000000000E+0000  2.48576232647952426278E-0039  2.57258744615042134729E-0002  1.80883409605769624039E-0033  0.00000000000000000000E+0000  2.20216351985968708888E+0002  0.00000000000000000000E+0000  0.00000000000000000000E+0000  2.20216392085553452282E+0002  0.00000000000000000000E+0000  0.00000000000000000000E+0000  0.00000000000000000000E+0000  0.00000000000000000000E+0000  0.00000000000000000000E+0000  1.94214491296069809103E-0004 -3.10882541448756875824E+0000  0.00000000000000000000E+0000  0.00000000000000000000E+0000  0.00000000000000000000E+0000  3.95669247154139550060E-0004
 6.26100000000000000018E-0012  0.00000000000000000000E+0000 -4.49097722847586712160E-0004  1.73997499270572648136E-0004 -4.49097722847586712160E-0004  1.04999999999999999996E+0000  1.44099646210099863533E+0000  1.51453953750248157496E+0000  1.38060578439359483928E+0000  0.00000000000000000000E+0000  2.34433159148802059510E+0002  0.00000000000000000000E+0000  2.48576275767581504080E-0039  2.57258838857411089211E-0002  1.80883421759528535536E-0033  0.00000000000000000000E+0000  2.20216387459062524948E+0002  0.00000000000000000000E+0000  0.00000000000000000000E+0000  2.20216429063852480202E+0002  0.00000000000000000000E+0000  0.00000000000000000000E+0000  0.00000000000000000000E+0000  0.00000000000000000000E+0000  0.00000000000000000000E+0000  1.76714914638012077757E-0004 -3.08564540099433421197E+0000  0.00000000000000000000E+0000  0.00000000000000000000E+0000  0.00000000000000000000E+0000  4.14231996749486445865E-0004
 6.48599999999999999992E-0012  0.00000000000000000000E+0000 -4.70954643093696264670E-0004  1.79992834347541970758E-0004 -4.70954643093696264670E-0004  1.04999999999999999996E+0000  1.44099646518775479460E+0000  1.51453954502362022434E+0000  1.38060578481106481605E+0000  0.00000000000000000000E+0000  2.34433159148802059510E+0002  0.00000000000000000000E+0000  2.48576321633736047705E-0039  2.57258934987016392064E-0002  1.80883434425720135844E-0033  0.00000000000000000000E+0000  2.20216423643755570647E+0002  0.00000000000000000000E+0000  0.00000000000000000000E+0000  2.20216466782482789694E+0002  0.00000000000000000000E+0000  0.00000000000000000000E+0000  0.00000000000000000000E+0000  0.00000000000000000000E+0000  0.00000000000000000000E+0000  1.60789026156713286865E-0004 -3.06455015568849199812E+0000  0.00000000000000000000E+0000  0.00000000000000000000E+0000  0.00000000000000000000E+0000  4.33258205469835536145E-0004
 6.71600000000000000004E-0012  0.00000000000000000000E+0000 -4.95372654993068731528E-0004  1.85938519329437777011E-0004 -4.95372654993068731528E-0004  1.04999999999999999996E+0000  1.44099646843275008292E+0000  1.51453955272533933218E+0000  1.38060578525017343618E+0000  0.00000000000000000000E+0000  2.34433159148802059510E+0002  0.00000000000000000000E+0000  2.48576370526312335748E-0039  2.57259033419573696362E-0002  1.80883447659383737114E-0033  0.00000000000000000000E+0000  2.20216460696609153153E+0002  0.00000000000000000000E+0000  0.00000000000000000000E+0000  2.20216505404544407989E+0002  0.00000000000000000000E+0000  0.00000000000000000000E+0000  0.00000000000000000000E+0000  0.00000000000000000000E+0000  0.00000000000000000000E+0000  1.46295145810395952974E-0004 -3.04535224088071254352E+0000  0.00000000000000000000E+0000  0.00000000000000000000E+0000  0.00000000000000000000E+0000  4.52747284520252256971E-0004
 6.95000000000000000008E-0012  0.00000000000000000000E+0000 -5.22379497859199458665E-0004  1.91716904453031994909E-0004 -5.22379497859199458665E-0004  1.04999999999999999996E+0000  1.44099647182443296820E+0000  1.51453956057344351488E+0000  1.38060578570933829184E+0000  0.00000000000000000000E+0000  2.34433159148802059510E+0002  0.00000000000000000000E+0000  2.48576422342471706018E-0039  2.57259133719541915943E-0002  1.80883461406500607985E-0033  0.00000000000000000000E+0000  2.20216498453778777702E+0002  0.00000000000000000000E+0000  0.00000000000000000000E+0000  2.20216544759124882802E+0002  0.00000000000000000000E+0000  0.00000000000000000000E+0000  0.00000000000000000000E+0000  0.00000000000000000000E+0000  0.00000000000000000000E+0000  1.33104567815246591879E-0004 -3.02788136990260020576E+0000  0.00000000000000000000E+0000  0.00000000000000000000E+0000  0.00000000000000000000E+0000  4.72701258968333940951E-0004
 7.18900000000000000011E-0012  0.00000000000000000000E+0000 -5.52006724812983775502E-0004  1.97455174073117657908E-0004 -5.52006724812983775502E-0004  1.04999999999999999996E+0000  1.44099647537988080073E+0000  1.51453956860080105821E+0000  1.38060578619084970906E+0000  0.00000000000000000000E+0000  2.34433159148802059510E+0002  0.00000000000000000000E+0000  2.48576477376634927004E-0039  2.57259236305418628759E-0002  1.80883475724372553844E-0033  0.00000000000000000000E+0000  2.20216537072888327242E+0002  0.00000000000000000000E+0000  0.00000000000000000000E+0000  2.20216585010412632534E+0002  0.00000000000000000000E+0000  0.00000000000000000000E+0000  0.00000000000000000000E+0000  0.00000000000000000000E+0000  0.00000000000000000000E+0000  1.21099935232838463878E-0004 -3.01198230148155918543E+0000  0.00000000000000000000E+0000  0.00000000000000000000E+0000  0.00000000000000000000E+0000  4.93128920797954294135E-0004
 7.43299999999999999974E-0012  0.00000000000000000000E+0000 -5.84305973936752055149E-0004  2.03106614190567879321E-0004 -5.84305973936752055149E-0004  1.04999999999999999996E+0000  1.44099647910216900712E+0000  1.51453957680682735896E+0000  1.38060578669509701226E+0000  0.00000000000000000000E+0000  2.34433159148802059510E+0002  0.00000000000000000000E+0000  2.48576535735679586941E-0039  2.57259341170332292442E-0002  1.80883490616704372420E-0033  0.00000000000000000000E+0000  2.20216576551462263039E+0002  0.00000000000000000000E+0000  0.00000000000000000000E+0000  2.20216626155690545635E+0002  0.00000000000000000000E+0000  0.00000000000000000000E+0000  0.00000000000000000000E+0000  0.00000000000000000000E+0000  0.00000000000000000000E+0000  1.10174556518709035355E-0004 -2.99751390059246603285E+0000  0.00000000000000000000E+0000  0.00000000000000000000E+0000  0.00000000000000000000E+0000  5.14027429105085629358E-0004
 7.68199999999999999977E-0012  0.00000000000000000000E+0000 -6.19324697214594239817E-0004  2.08649412606816751338E-0004 -6.19324697214594239817E-0004  1.04999999999999999996E+0000  1.44099648299453842620E+0000  1.51453958519096963361E+0000  1.38060578722248220170E+0000  0.00000000000000000000E+0000  2.34433159148802059510E+0002  0.00000000000000000000E+0000  2.48576597516374461868E-0039  2.57259448307081161758E-0002  1.80883506086513309489E-0033  0.00000000000000000000E+0000  2.20216616886897636418E+0002  0.00000000000000000000E+0000  0.00000000000000000000E+0000  2.20216668192111634433E+0002  0.00000000000000000000E+0000  0.00000000000000000000E+0000  0.00000000000000000000E+0000  0.00000000000000000000E+0000  0.00000000000000000000E+0000  1.00231344448226340996E-0004 -2.98434774383520353661E+0000  0.00000000000000000000E+0000  0.00000000000000000000E+0000  0.00000000000000000000E+0000  5.35400798008194779884E-0004
 7.93500000000000000010E-0012  0.00000000000000000000E+0000 -6.57091128575920954714E-0004  2.14041835532683233311E-0004 -6.57091128575920954714E-0004  1.04999999999999999996E+0000  1.44099648704439431423E+0000  1.51453959371899823645E+0000  1.38060578777124985347E+0000  0.00000000000000000000E+0000  2.34433159148802059510E+0002  0.00000000000000000000E+0000  2.48576662565382470904E-0039  2.57259557278624140763E-0002  1.80883522075337648285E-0033  0.00000000000000000000E+0000  2.20216657914766305415E+0002  0.00000000000000000000E+0000  0.00000000000000000000E+0000  2.20216710948175420512E+0002  0.00000000000000000000E+0000  0.00000000000000000000E+0000  0.00000000000000000000E+0000  0.00000000000000000000E+0000  0.00000000000000000000E+0000  9.11820675825242988129E-0005 -2.97236711092187843707E+0000  0.00000000000000000000E+0000  0.00000000000000000000E+0000  0.00000000000000000000E+0000  5.57251935927054972975E-0004
 8.19400000000000000011E-0012  0.00000000000000000000E+0000 -6.97655684242496157648E-0004  2.19503638795369127735E-0004 -6.97655684242496157648E-0004  1.04999999999999999996E+0000  1.44099649128742842211E+0000  1.51453960245783586340E+0000  1.38060578834617202096E+0000  0.00000000000000000000E+0000  2.34433159148802059510E+0002  0.00000000000000000000E+0000  2.48576731462257820027E-0039  2.57259668938532387066E-0002  1.80883538710545295834E-0033  0.00000000000000000000E+0000  2.20216699956530777213E+0002  0.00000000000000000000E+0000  0.00000000000000000000E+0000  2.20216754758768420805E+0002  0.00000000000000000000E+0000  0.00000000000000000000E+0000  0.00000000000000000000E+0000  0.00000000000000000000E+0000  0.00000000000000000000E+0000  8.29460722896052721954E-0005 -2.96146535237482084763E+0000  0.00000000000000000000E+0000  0.00000000000000000000E+0000  0.00000000000000000000E+0000  5.79586966019718680070E-0004
 8.45800000000000000011E-0012  0.00000000000000000000E+0000 -7.41067806214829055394E-0004  2.24847279433409143182E-0004 -7.41067806214829055394E-0004  1.04999999999999999996E+0000  1.44099649571153380287E+0000  1.51453961137331069608E+0000  1.38060578894552987185E+0000  0.00000000000000000000E+0000  2.34433159148802059510E+0002  0.00000000000000000000E+0000  2.48576804067695552242E-0039  2.57259782851396507427E-0002  1.80883555937222026997E-0033  0.00000000000000000000E+0000  2.20216742848397928276E+0002  0.00000000000000000000E+0000  0.00000000000000000000E+0000  2.20216799453026435190E+0002  0.00000000000000000000E+0000  0.00000000000000000000E+0000  0.00000000000000000000E+0000  0.00000000000000000000E+0000  0.00000000000000000000E+0000  7.54503068491024018092E-0005 -2.95154584034879843672E+0000  0.00000000000000000000E+0000  0.00000000000000000000E+0000  0.00000000000000000000E+0000  6.02410839684234799577E-0004
 8.72700000000000000011E-0012  0.00000000000000000000E+0000 -7.87376511393187505315E-0004  2.30129473631642584477E-0004 -7.87376511393187505315E-0004  1.04999999999999999996E+0000  1.44099650032081450283E+0000  1.51453962046498564326E+0000  1.38060578956978733864E+0000  0.00000000000000000000E+0000  2.34433159148802059510E+0002  0.00000000000000000000E+0000  2.48576880461774627808E-0039  2.57259899011028326926E-0002  1.80883573759823173029E-0033  0.00000000000000000000E+0000  2.20216786588150960427E+0002  0.00000000000000000000E+0000  0.00000000000000000000E+0000  2.20216845028497002837E+0002  0.00000000000000000000E+0000  0.00000000000000000000E+0000  0.00000000000000000000E+0000  0.00000000000000000000E+0000  0.00000000000000000000E+0000  6.86281886315872284466E-0005 -2.94252051531580038728E+0000  0.00000000000000000000E+0000  0.00000000000000000000E+0000  0.00000000000000000000E+0000  6.25719830511531594591E-0004
 9.00199999999999999978E-0012  0.00000000000000000000E+0000 -8.36624222700613948097E-0004  2.35469344230952597966E-0004 -8.36624222700613948097E-0004  1.04999999999999999996E+0000  1.44099650513708715978E+0000  1.51453962976627228769E+0000  1.38060579022179347457E+0000  0.00000000000000000000E+0000  2.34433159148802059510E+0002  0.00000000000000000000E+0000  2.48576961015174247266E-0039  2.57260017843809292226E-0002  1.80883592250485930756E-0033  0.00000000000000000000E+0000  2.20216831336466163829E+0002  0.00000000000000000000E+0000  0.00000000000000000000E+0000  2.20216891652445075162E+0002  0.00000000000000000000E+0000  0.00000000000000000000E+0000  0.00000000000000000000E+0000  0.00000000000000000000E+0000  0.00000000000000000000E+0000  6.24189957984369318780E-0005 -2.93430908915146097240E+0000  0.00000000000000000000E+0000  0.00000000000000000000E+0000  0.00000000000000000000E+0000  6.49529926025606284400E-0004
 9.28200000000000000024E-0012  0.00000000000000000000E+0000 -8.88858204831086986572E-0004  2.40756830877337467527E-0004 -8.88858204831086986572E-0004  1.04999999999999999996E+0000  1.44099651014763009769E+0000  1.51453963924298367282E+0000  1.38060579089971212027E+0000  0.00000000000000000000E+0000  2.34433159148802059510E+0002  0.00000000000000000000E+0000  2.48577045546989285630E-0039  2.57260138913447928610E-0002  1.80883611351081979021E-0033  0.00000000000000000000E+0000  2.20216876929201506294E+0002  0.00000000000000000000E+0000  0.00000000000000000000E+0000  2.20216939153661045311E+0002  0.00000000000000000000E+0000  0.00000000000000000000E+0000  0.00000000000000000000E+0000  0.00000000000000000000E+0000  0.00000000000000000000E+0000  5.67677071985459812556E-0005 -2.92683878548449520835E+0000  0.00000000000000000000E+0000  0.00000000000000000000E+0000  0.00000000000000000000E+0000  6.73838895534456886990E-0004
 9.56699999999999999991E-0012  0.00000000000000000000E+0000 -9.44108640018846387735E-0004  2.46093321145333309160E-0004 -9.44108640018846387735E-0004  1.04999999999999999996E+0000  1.44099651535690210862E+0000  1.51453964889475450146E+0000  1.38060579160402928150E+0000  0.00000000000000000000E+0000  2.34433159148802059510E+0002  0.00000000000000000000E+0000  2.48577134131134891046E-0039  2.57260262214776843482E-0002  1.80883631066597786545E-0033  0.00000000000000000000E+0000  2.20216923364533226026E+0002  0.00000000000000000000E+0000  0.00000000000000000000E+0000  2.20216987530089850458E+0002  0.00000000000000000000E+0000  0.00000000000000000000E+0000  0.00000000000000000000E+0000  0.00000000000000000000E+0000  0.00000000000000000000E+0000  5.16241419151533319513E-0005 -2.92004323736480477436E+0000  0.00000000000000000000E+0000  0.00000000000000000000E+0000  0.00000000000000000000E+0000  6.98647109876539627030E-0004
 9.85899999999999999972E-0012  0.00000000000000000000E+0000 -1.00242133749724035612E-0003  2.51647361161574475289E-0004 -1.00242133749724035612E-0003  1.04999999999999999996E+0000  1.44099652080672395980E+0000  1.51453965878901062171E+0000  1.38060579234027769118E+0000  0.00000000000000000000E+0000  2.34433159148802059510E+0002  0.00000000000000000000E+0000  2.48577227469830628882E-0039  2.57260388608474927299E-0002  1.80883651541059338360E-0033  0.00000000000000000000E+0000  2.20216970966725331116E+0002  0.00000000000000000000E+0000  0.00000000000000000000E+0000  2.20217037119382622379E+0002  0.00000000000000000000E+0000  0.00000000000000000000E+0000  0.00000000000000000000E+0000  0.00000000000000000000E+0000  0.00000000000000000000E+0000  4.69423814661824278771E-0005 -2.91386175388645039374E+0000  0.00000000000000000000E+0000  0.00000000000000000000E+0000  0.00000000000000000000E+0000  7.23973484147164364216E-0004
 1.01599999999999999998E-0011  0.00000000000000000000E+0000 -1.06389949095796303762E-0003  2.57419516363783252709E-0004 -1.06389949095796303762E-0003  1.04999999999999999996E+0000  1.44099652654126438457E+0000  1.51453966899329998984E+0000  1.38060579311429834832E+0000  0.00000000000000000000E+0000  2.34433159148802059510E+0002  0.00000000000000000000E+0000  2.48577326336259790726E-0039  2.57260518957258055546E-0002  1.80883672925693143441E-0033  0.00000000000000000000E+0000  2.20217020060878973076E+0002  0.00000000000000000000E+0000  0.00000000000000000000E+0000  2.20217088259977091677E+0002  0.00000000000000000000E+0000  0.00000000000000000000E+0000  0.00000000000000000000E+0000  0.00000000000000000000E+0000  0.00000000000000000000E+0000  4.26806248105820491710E-0005 -2.90823911305687814047E+0000  0.00000000000000000000E+0000  0.00000000000000000000E+0000  0.00000000000000000000E+0000  7.49841145599041352144E-0004
 1.04600000000000000003E-0011  0.00000000000000000000E+0000 -1.12852340163702464552E-0003  2.62714455671825835315E-0004 -1.12852340163702464552E-0003  1.04999999999999999996E+0000  1.44099653237347308970E+0000  1.51453967916827436559E+0000  1.38060579390074766534E+0000  0.00000000000000000000E+0000  2.34433159148802059510E+0002  0.00000000000000000000E+0000  2.48577427613773650925E-0039  2.57260648928567163447E-0002  1.80883694524006758896E-0033  0.00000000000000000000E+0000  2.20217069015424474585E+0002  0.00000000000000000000E+0000  0.00000000000000000000E+0000  2.20217139252007383196E+0002  0.00000000000000000000E+0000  0.00000000000000000000E+0000  0.00000000000000000000E+0000  0.00000000000000000000E+0000  0.00000000000000000000E+0000  3.88023040791388425588E-0005 -2.90312678564567751369E+0000  0.00000000000000000000E+0000  0.00000000000000000000E+0000  0.00000000000000000000E+0000  7.76202080491462054499E-0004
 1.07699999999999999999E-0011  0.00000000000000000000E+0000 -1.19628412904806826489E-0003  2.68940016385953584829E-0004 -1.19628412904806826489E-0003  1.04999999999999999996E+0000  1.44099653852089511447E+0000  1.51453968968671063156E+0000  1.38060579472888035201E+0000  0.00000000000000000000E+0000  2.34433159148802059510E+0002  0.00000000000000000000E+0000  2.48577534892616582410E-0039  2.57260783279778828692E-0002  1.80883717111196239558E-0033  0.00000000000000000000E+0000  2.20217119622202863655E+0002  0.00000000000000000000E+0000  0.00000000000000000000E+0000  2.20217191961944708398E+0002  0.00000000000000000000E+0000  0.00000000000000000000E+0000  0.00000000000000000000E+0000  0.00000000000000000000E+0000  0.00000000000000000000E+0000  3.52716410228138426313E-0005 -2.89847758980535111120E+0000  0.00000000000000000000E+0000  0.00000000000000000000E+0000  0.00000000000000000000E+0000  8.03105512695314010212E-0004
 1.10800000000000000003E-0011  0.00000000000000000000E+0000 -1.26714710251003158616E-0003  2.74944138260394125846E-0004 -1.26714710251003158616E-0003  1.04999999999999999996E+0000  1.44099654478902235567E+0000  1.51453970020903951998E+0000  1.38060579557242872183E+0000  0.00000000000000000000E+0000  2.34433159148802059510E+0002  0.00000000000000000000E+0000  2.48577644969647440001E-0039  2.57260917677132307520E-0002  1.80883739980329471146E-0033  0.00000000000000000000E+0000  2.20217170249129687215E+0002  0.00000000000000000000E+0000  0.00000000000000000000E+0000  2.20217244689465455748E+0002  0.00000000000000000000E+0000  0.00000000000000000000E+0000  0.00000000000000000000E+0000  0.00000000000000000000E+0000  0.00000000000000000000E+0000  3.20585187077617417453E-0005 -2.89425153362420980660E+0000  0.00000000000000000000E+0000  0.00000000000000000000E+0000  0.00000000000000000000E+0000  8.30521313950331949364E-0004
 1.14099999999999999999E-0011  0.00000000000000000000E+0000 -1.34130513503704628154E-0003  2.82303283186124424151E-0004 -1.34130513503704628154E-0003  1.04999999999999999996E+0000  1.44099655158987916795E+0000  1.51453971141397953411E+0000  1.38060579648678760124E+0000  0.00000000000000000000E+0000  2.34433159148802059510E+0002  0.00000000000000000000E+0000  2.48577764838590126948E-0039  2.57261060784610943437E-0002  1.80883764590911793569E-0033  0.00000000000000000000E+0000  2.20217224159844668918E+0002  0.00000000000000000000E+0000  0.00000000000000000000E+0000  2.20217300833660997963E+0002  0.00000000000000000000E+0000  0.00000000000000000000E+0000  0.00000000000000000000E+0000  0.00000000000000000000E+0000  0.00000000000000000000E+0000  2.91319794284961524908E-0005 -2.89040800905649467923E+0000  0.00000000000000000000E+0000  0.00000000000000000000E+0000  0.00000000000000000000E+0000  8.58521841453998016651E-0004
 1.17300000000000000003E-0011  0.00000000000000000000E+0000 -1.41869547478098121603E-0003  2.88321994234774817178E-0004 -1.41869547478098121603E-0003  1.04999999999999999996E+0000  1.44099655830860168488E+0000  1.51453972228266756832E+0000  1.38060579738926734582E+0000  0.00000000000000000000E+0000  2.34433159148802059510E+0002  0.00000000000000000000E+0000  2.48577884103926364960E-0039  2.57261199596017813727E-0002  1.80883788749227975436E-0033  0.00000000000000000000E+0000  2.20217276455348752659E+0002  0.00000000000000000000E+0000  0.00000000000000000000E+0000  2.20217355291807867335E+0002  0.00000000000000000000E+0000  0.00000000000000000000E+0000  0.00000000000000000000E+0000  0.00000000000000000000E+0000  0.00000000000000000000E+0000  2.64698011765853251251E-0005 -2.88691717637950016439E+0000  0.00000000000000000000E+0000  0.00000000000000000000E+0000  0.00000000000000000000E+0000  8.87011856402264092289E-0004
 1.20699999999999999999E-0011  0.00000000000000000000E+0000 -1.49934332899248551634E-0003  2.96349280161496633141E-0004 -1.49934332899248551634E-0003  1.04999999999999999996E+0000  1.44099656557821303093E+0000  1.51453973383380972168E+0000  1.38060579836493557096E+0000  0.00000000000000000000E+0000  2.34433159148802059510E+0002  0.00000000000000000000E+0000  2.48578013478508431149E-0039  2.57261347113925520805E-0002  1.80883814669183392021E-0033  0.00000000000000000000E+0000  2.20217332033755354301E+0002  0.00000000000000000000E+0000  0.00000000000000000000E+0000  2.20217413165095830876E+0002  0.00000000000000000000E+0000  0.00000000000000000000E+0000  0.00000000000000000000E+0000  0.00000000000000000000E+0000  0.00000000000000000000E+0000  2.40447087044261453208E-0005 -2.88374333953921885916E+0000  0.00000000000000000000E+0000  0.00000000000000000000E+0000  0.00000000000000000000E+0000  9.16091231213298210930E-0004
 1.24100000000000000003E-0011  0.00000000000000000000E+0000 -1.58328958256698683591E-0003  3.03946584002244949866E-0004 -1.58328958256698683591E-0003  1.04999999999999999996E+0000  1.44099657297796285911E+0000  1.51453974538780684412E+0000  1.38060579935734789537E+0000  0.00000000000000000000E+0000  2.34433159148802059510E+0002  0.00000000000000000000E+0000  2.48578145934489286696E-0039  2.57261494664590843591E-0002  1.80883840875290723281E-0033  0.00000000000000000000E+0000  2.20217387627922423832E+0002  0.00000000000000000000E+0000  0.00000000000000000000E+0000  2.20217471050563109933E+0002  0.00000000000000000000E+0000  0.00000000000000000000E+0000  0.00000000000000000000E+0000  0.00000000000000000000E+0000  0.00000000000000000000E+0000  2.18376403979251138392E-0005 -2.88086105523026105826E+0000  0.00000000000000000000E+0000  0.00000000000000000000E+0000  0.00000000000000000000E+0000  9.45744783048762196225E-0004
 1.27599999999999999999E-0011  0.00000000000000000000E+0000 -1.67056869768970232559E-0003  3.12448071400480539341E-0004 -1.67056869768970232559E-0003  1.04999999999999999996E+0000  1.44099658072830073580E+0000  1.51453975728427850064E+0000  1.38060580039616351885E+0000  0.00000000000000000000E+0000  2.34433159148802059510E+0002  0.00000000000000000000E+0000  2.48578285176573691619E-0039  2.57261646581742018230E-0002  1.80883868114547060184E-0033  0.00000000000000000000E+0000  2.20217444870575040805E+0002  0.00000000000000000000E+0000  0.00000000000000000000E+0000  2.20217530648376129759E+0002  0.00000000000000000000E+0000  0.00000000000000000000E+0000  0.00000000000000000000E+0000  0.00000000000000000000E+0000  0.00000000000000000000E+0000  1.98278828185807969042E-0005 -2.87824301120929193607E+0000  0.00000000000000000000E+0000  0.00000000000000000000E+0000  0.00000000000000000000E+0000  9.75964752235023336385E-0004
 1.31100000000000000003E-0011  0.00000000000000000000E+0000 -1.76107613588157619190E-0003  3.21128801120103874728E-0004 -1.76107613588157619190E-0003  1.04999999999999999996E+0000  1.44099658861039776501E+0000  1.51453976918313908194E+0000  1.38060580145216325648E+0000  0.00000000000000000000E+0000  2.34433159148802059510E+0002  0.00000000000000000000E+0000  2.48578427462627432801E-0039  2.57261798524048324856E-0002  1.80883895624939400357E-0033  0.00000000000000000000E+0000  2.20217502126271411897E+0002  0.00000000000000000000E+0000  0.00000000000000000000E+0000  2.20217590255335565086E+0002  0.00000000000000000000E+0000  0.00000000000000000000E+0000  0.00000000000000000000E+0000  0.00000000000000000000E+0000  0.00000000000000000000E+0000  1.79988525746630717566E-0005 -2.87586708418290198453E+0000  0.00000000000000000000E+0000  0.00000000000000000000E+0000  0.00000000000000000000E+0000  1.00674638110284476800E-0003
 1.34699999999999999999E-0011  0.00000000000000000000E+0000 -1.85477673629665635834E-0003  3.30938494706345382636E-0004 -1.85477673629665635834E-0003  1.04999999999999999996E+0000  1.44099659685197712333E+0000  1.51453978142417782459E+0000  1.38060580255601110912E+0000  0.00000000000000000000E+0000  2.34433159148802059510E+0002  0.00000000000000000000E+0000  2.48578576748241897193E-0039  2.57261954828644323246E-0002  1.80883924177678942442E-0033  0.00000000000000000000E+0000  2.20217561029307106080E+0002  0.00000000000000000000E+0000  0.00000000000000000000E+0000  2.20217651572890461692E+0002  0.00000000000000000000E+0000  0.00000000000000000000E+0000  0.00000000000000000000E+0000  0.00000000000000000000E+0000  0.00000000000000000000E+0000  1.63331263873063925953E-0005 -2.87371029708383258572E+0000  0.00000000000000000000E+0000  0.00000000000000000000E+0000  0.00000000000000000000E+0000  1.03810693970807910553E-0003
 1.38400000000000000002E-0011  0.00000000000000000000E+0000 -1.95174998806300862230E-0003  3.41415648681657148331E-0004 -1.95174998806300862230E-0003  1.04999999999999999996E+0000  1.44099660545936925906E+0000  1.51453979400728600446E+0000  1.38060580370873233521E+0000  0.00000000000000000000E+0000  2.34433159148802059510E+0002  0.00000000000000000000E+0000  2.48578733264693590385E-0039  2.57262115494515503135E-0002  1.80883953789280984850E-0033  0.00000000000000000000E+0000  2.20217621579688005426E+0002  0.00000000000000000000E+0000  0.00000000000000000000E+0000  2.20217714600559382604E+0002  0.00000000000000000000E+0000  0.00000000000000000000E+0000  0.00000000000000000000E+0000  0.00000000000000000000E+0000  0.00000000000000000000E+0000  1.48159498062902153156E-0005 -2.87175315787068152003E+0000  0.00000000000000000000E+0000  0.00000000000000000000E+0000  0.00000000000000000000E+0000  1.07007209547880211309E-0003
 1.42199999999999999998E-0011  0.00000000000000000000E+0000 -2.05211163747803934491E-0003  3.52482805224901445880E-0004 -2.05211163747803934491E-0003  1.04999999999999999996E+0000  1.44099661443900083752E+0000  1.51453980693235646618E+0000  1.38060580491139926989E+0000  0.00000000000000000000E+0000  2.34433159148802059510E+0002  0.00000000000000000000E+0000  2.48578897160477019650E-0039  2.57262280519859625016E-0002  1.80883984469527613905E-0033  0.00000000000000000000E+0000  2.20217683777028575068E+0002  0.00000000000000000000E+0000  0.00000000000000000000E+0000  2.20217779337565230380E+0002  0.00000000000000000000E+0000  0.00000000000000000000E+0000  0.00000000000000000000E+0000  0.00000000000000000000E+0000  0.00000000000000000000E+0000  1.34339600574709283398E-0005 -2.86997800747581896432E+0000  0.00000000000000000000E+0000  0.00000000000000000000E+0000  0.00000000000000000000E+0000  1.10264800004874247663E-0003
 1.46100000000000000001E-0011  0.00000000000000000000E+0000 -2.15592742539208727414E-0003  3.64242407099607721724E-0004 -2.15592742539208727414E-0003  1.04999999999999999996E+0000  1.44099662379744211573E+0000  1.51453982019928388189E+0000  1.38060580616513579562E+0000  0.00000000000000000000E+0000  2.34433159148802059510E+0002  0.00000000000000000000E+0000  2.48579068584109748555E-0039  2.57262449902886136997E-0002  1.80884016229205259024E-0033  0.00000000000000000000E+0000  2.20217747620957854007E+0002  0.00000000000000000000E+0000  0.00000000000000000000E+0000  2.20217845783132487633E+0002  0.00000000000000000000E+0000  0.00000000000000000000E+0000  0.00000000000000000000E+0000  0.00000000000000000000E+0000  0.00000000000000000000E+0000  1.21749964824661454608E-0005 -2.86836876724536479397E+0000  0.00000000000000000000E+0000  0.00000000000000000000E+0000  0.00000000000000000000E+0000  1.13587283325213631751E-0003
 1.49999999999999999996E-0011  0.00000000000000000000E+0000 -2.26310117504369282664E-0003  3.76457714337135446923E-0004 -2.26310117504369282664E-0003  1.04999999999999999996E+0000  1.44099663329757373862E+0000  1.51453983346774877878E+0000  1.38060580743842071703E+0000  0.00000000000000000000E+0000  2.34433159148802059510E+0002  0.00000000000000000000E+0000  2.48579243286884321197E-0039  2.57262619298714566555E-0002  1.80884048265800601315E-0033  0.00000000000000000000E+0000  2.20217811474119983778E+0002  0.00000000000000000000E+0000  0.00000000000000000000E+0000  2.20217912232780723206E+0002  0.00000000000000000000E+0000  0.00000000000000000000E+0000  0.00000000000000000000E+0000  0.00000000000000000000E+0000  0.00000000000000000000E+0000  1.10292233379112611608E-0005 -2.86691221158081178196E+0000  0.00000000000000000000E+0000  0.00000000000000000000E+0000  0.00000000000000000000E+0000  1.16971909320282327417E-0003
 1.54000000000000000008E-0011  0.00000000000000000000E+0000 -2.37351397247868076881E-0003  3.89937508125861517088E-0004 -2.37351397247868076881E-0003  1.04999999999999999996E+0000  1.44099664318602847910E+0000  1.51453984707783280504E+0000  1.38060580876458356843E+0000  0.00000000000000000000E+0000  2.34433159148802059510E+0002  0.00000000000000000000E+0000  2.48579425640373695396E-0039  2.57262793048101700855E-0002  1.80884081391617786821E-0033  0.00000000000000000000E+0000  2.20217876972701982655E+0002  0.00000000000000000000E+0000  0.00000000000000000000E+0000  2.20217980389267066116E+0002  0.00000000000000000000E+0000  0.00000000000000000000E+0000  0.00000000000000000000E+0000  0.00000000000000000000E+0000  0.00000000000000000000E+0000  9.98529201631797508397E-0006 -2.86559334728066536242E+0000  0.00000000000000000000E+0000  0.00000000000000000000E+0000  0.00000000000000000000E+0000  1.20422246741887812329E-0003
 1.58100000000000000003E-0011  0.00000000000000000000E+0000 -2.48720504322611199570E-0003  4.04273623707058948458E-0004 -2.48720504322611199570E-0003  1.04999999999999999996E+0000  1.44099665346972073872E+0000  1.51453986102944184247E+0000  1.38060581014486451765E+0000  0.00000000000000000000E+0000  2.34433159148802059510E+0002  0.00000000000000000000E+0000  2.48579615867283892040E-0039  2.57262971149768305932E-0002  1.80884115627646948591E-0033  0.00000000000000000000E+0000  2.20217944116658467163E+0002  0.00000000000000000000E+0000  0.00000000000000000000E+0000  2.20218050251991841096E+0002  0.00000000000000000000E+0000  0.00000000000000000000E+0000  0.00000000000000000000E+0000  0.00000000000000000000E+0000  0.00000000000000000000E+0000  9.03397734092842123478E-0006 -2.86439996649629532804E+0000  0.00000000000000000000E+0000  0.00000000000000000000E+0000  0.00000000000000000000E+0000  1.23940189370210573320E-0003
 1.62199999999999999998E-0011  0.00000000000000000000E+0000 -2.60411395906800295991E-0003  4.19092135542925818999E-0004 -2.60411395906800295991E-0003  1.04999999999999999996E+0000  1.44099666390108870843E+0000  1.51453987498217411780E+0000  1.38060581154632436762E+0000  0.00000000000000000000E+0000  2.34433159148802059510E+0002  0.00000000000000000000E+0000  2.48579809468860164348E-0039  2.57263149258163504504E-0002  1.80884150153793556154E-0033  0.00000000000000000000E+0000  2.20218011268061133495E+0002  0.00000000000000000000E+0000  0.00000000000000000000E+0000  2.20218120116279396481E+0002  0.00000000000000000000E+0000  0.00000000000000000000E+0000  0.00000000000000000000E+0000  0.00000000000000000000E+0000  0.00000000000000000000E+0000  8.16817929915997433711E-0006 -2.86332245803325425638E+0000  0.00000000000000000000E+0000  0.00000000000000000000E+0000  0.00000000000000000000E+0000  1.27518975266021452325E-0003
 1.66499999999999999993E-0011  0.00000000000000000000E+0000 -2.72425999925322703995E-0003  4.35305919960722561534E-0004 -2.72425999925322703995E-0003  1.04999999999999999996E+0000  1.44099667499639082495E+0000  1.51453988961656041336E+0000  1.38060581303868468823E+0000  0.00000000000000000000E+0000  2.34433159148802059510E+0002  0.00000000000000000000E+0000  2.48580015779624768806E-0039  2.57263336059360730067E-0002  1.80884186648208309771E-0033  0.00000000000000000000E+0000  2.20218081701719290241E+0002  0.00000000000000000000E+0000  0.00000000000000000000E+0000  2.20218193389288520320E+0002  0.00000000000000000000E+0000  0.00000000000000000000E+0000  0.00000000000000000000E+0000  0.00000000000000000000E+0000  0.00000000000000000000E+0000  7.37780741658317829334E-0006 -2.86234768337827377954E+0000  0.00000000000000000000E+0000  0.00000000000000000000E+0000  0.00000000000000000000E+0000  1.31167469021178043276E-0003
 1.70800000000000000003E-0011  0.00000000000000000000E+0000 -2.84768484722966643284E-0003  4.51819653958823773153E-0004 -2.84768484722966643284E-0003  1.04999999999999999996E+0000  1.44099668624692119534E+0000  1.51453990425184742321E+0000  1.38060581455387877280E+0000  0.00000000000000000000E+0000  2.34433159148802059510E+0002  0.00000000000000000000E+0000  2.48580225662593485251E-0039  2.57263522863943271255E-0002  1.80884223458846023490E-0033  0.00000000000000000000E+0000  2.20218152142132755425E+0002  0.00000000000000000000E+0000  0.00000000000000000000E+0000  2.20218266662410303208E+0002  0.00000000000000000000E+0000  0.00000000000000000000E+0000  0.00000000000000000000E+0000  0.00000000000000000000E+0000  0.00000000000000000000E+0000  6.65841111507941066232E-0006 -2.86146952192184777998E+0000  0.00000000000000000000E+0000  0.00000000000000000000E+0000  0.00000000000000000000E+0000  1.34882720587647675410E-0003
 1.75199999999999999998E-0011  0.00000000000000000000E+0000 -2.97430336332404572662E-0003  4.69435478650479177429E-0004 -2.97430336332404572662E-0003  1.04999999999999999996E+0000  1.44099669791827065971E+0000  1.51453991922828718072E+0000  1.38060581612800990911E+0000  0.00000000000000000000E+0000  2.34433159148802059510E+0002  0.00000000000000000000E+0000  2.48580443814957448481E-0039  2.57263714014245592126E-0002  1.80884261430320024531E-0033  0.00000000000000000000E+0000  2.20218224226536473803E+0002  0.00000000000000000000E+0000  0.00000000000000000000E+0000  2.20218341638912189412E+0002  0.00000000000000000000E+0000  0.00000000000000000000E+0000  0.00000000000000000000E+0000  0.00000000000000000000E+0000  0.00000000000000000000E+0000  6.00250305330425146555E-0006 -2.86067805545543727102E+0000  0.00000000000000000000E+0000  0.00000000000000000000E+0000  0.00000000000000000000E+0000  1.38664051540341848953E-0003
 1.79699999999999999993E-0011  0.00000000000000000000E+0000 -3.10408337978948321907E-0003  4.87920972081392174704E-0004 -3.10408337978948321907E-0003  1.04999999999999999996E+0000  1.44099671001820275602E+0000  1.51453993454579884115E+0000  1.38060581776252198460E+0000  0.00000000000000000000E+0000  2.34433159148802059510E+0002  0.00000000000000000000E+0000  2.48580670452676019608E-0039  2.57263909508857818401E-0002  1.80884300587882681509E-0033  0.00000000000000000000E+0000  2.20218297954882601730E+0002  0.00000000000000000000E+0000  0.00000000000000000000E+0000  2.20218418318129069644E+0002  0.00000000000000000000E+0000  0.00000000000000000000E+0000  0.00000000000000000000E+0000  0.00000000000000000000E+0000  0.00000000000000000000E+0000  5.40430849626702290786E-0006 -2.85996562373271045391E+0000  0.00000000000000000000E+0000  0.00000000000000000000E+0000  0.00000000000000000000E+0000  1.42517533018533710127E-0003
 1.84300000000000000003E-0011  0.00000000000000000000E+0000 -3.23708789353702071382E-0003  5.07237625742874880145E-0004 -3.23708789353702071382E-0003  1.04999999999999999996E+0000  1.44099672255465782733E+0000  1.51453995020430321784E+0000  1.38060581945890159831E+0000  0.00000000000000000000E+0000  2.34433159148802059510E+0002  0.00000000000000000000E+0000  2.48580905714354800003E-0039  2.57264109346269077388E-0002  1.80884340950257570445E-0033  0.00000000000000000000E+0000  2.20218373326965346920E+0002  0.00000000000000000000E+0000  0.00000000000000000000E+0000  2.20218496699375372361E+0002  0.00000000000000000000E+0000  0.00000000000000000000E+0000  0.00000000000000000000E+0000  0.00000000000000000000E+0000  0.00000000000000000000E+0000  4.85863621954803916028E-0006 -2.85932533558213044372E+0000  0.00000000000000000000E+0000  0.00000000000000000000E+0000  0.00000000000000000000E+0000  1.46442126109349494912E-0003
 1.88999999999999999998E-0011  0.00000000000000000000E+0000 -3.37334036022352817249E-0003  5.27385898342316890673E-0004 -3.37334036022352817249E-0003  1.04999999999999999996E+0000  1.44099673553572732031E+0000  1.51453996620372272834E+0000  1.38060582121867414052E+0000  0.00000000000000000000E+0000  2.34433159148802059510E+0002  0.00000000000000000000E+0000  2.48581149739381946937E-0039  2.57264313524979691648E-0002  1.80884382536546636494E-0033  0.00000000000000000000E+0000  2.20218450342592614324E+0002  0.00000000000000000000E+0000  0.00000000000000000000E+0000  2.20218576781966943301E+0002  0.00000000000000000000E+0000  0.00000000000000000000E+0000  0.00000000000000000000E+0000  0.00000000000000000000E+0000  0.00000000000000000000E+0000  4.36076200106802232395E-0006 -2.85875091347884014987E+0000  0.00000000000000000000E+0000  0.00000000000000000000E+0000  0.00000000000000000000E+0000  1.50439721615389842788E-0003
 1.93800000000000000008E-0011  0.00000000000000000000E+0000 -3.51285261968825022926E-0003  5.48377566819544119928E-0004 -3.51285261968825022926E-0003  1.04999999999999999996E+0000  1.44099674896963120100E+0000  1.51453998254398133504E+0000  1.38060582304340010004E+0000  0.00000000000000000000E+0000  2.34433159148802059510E+0002  0.00000000000000000000E+0000  2.48581402668014079692E-0039  2.57264522043500724523E-0002  1.80884425366079301394E-0033  0.00000000000000000000E+0000  2.20218529001585699240E+0002  0.00000000000000000000E+0000  0.00000000000000000000E+0000  2.20218658565220877357E+0002  0.00000000000000000000E+0000  0.00000000000000000000E+0000  0.00000000000000000000E+0000  0.00000000000000000000E+0000  0.00000000000000000000E+0000  3.90638661187190359458E-0006 -2.85823663886043874069E+0000  0.00000000000000000000E+0000  0.00000000000000000000E+0000  0.00000000000000000000E+0000  1.54512477137784278535E-0003
 1.98600000000000000002E-0011  0.00000000000000000000E+0000 -3.65549359771482101779E-0003  5.70073762260895967020E-0004 -3.65549359771482101779E-0003  1.04999999999999999996E+0000  1.44099676258083113714E+0000  1.51453999888457655008E+0000  1.38060582489601876323E+0000  0.00000000000000000000E+0000  2.34433159148802059510E+0002  0.00000000000000000000E+0000  2.48581659370787802849E-0039  2.57264730556238171678E-0002  1.80884468565755513019E-0033  0.00000000000000000000E+0000  2.20218607665065281620E+0002  0.00000000000000000000E+0000  0.00000000000000000000E+0000  2.20218740344652371133E+0002  0.00000000000000000000E+0000  0.00000000000000000000E+0000  0.00000000000000000000E+0000  0.00000000000000000000E+0000  0.00000000000000000000E+0000  3.49282838932291660894E-0006 -2.85777873360272362236E+0000  0.00000000000000000000E+0000  0.00000000000000000000E+0000  0.00000000000000000000E+0000  1.58656526068756150845E-0003
 2.03599999999999999996E-0011  0.00000000000000000000E+0000 -3.80123394986476784509E-0003  5.92838074071433776036E-0004 -3.80123394986476784509E-0003  1.04999999999999999996E+0000  1.44099677694486201171E+0000  1.51454001590629322731E+0000  1.38060582685534306705E+0000  0.00000000000000000000E+0000  2.34433159148802059510E+0002  0.00000000000000000000E+0000  2.48581930443523436658E-0039  2.57264947750138224062E-0002  1.80884513931229657518E-0033  0.00000000000000000000E+0000  2.20218689610199164261E+0002  0.00000000000000000000E+0000  0.00000000000000000000E+0000  2.20218825527292912617E+0002  0.00000000000000000000E+0000  0.00000000000000000000E+0000  0.00000000000000000000E+0000  0.00000000000000000000E+0000  0.00000000000000000000E+0000  3.11401819270238288020E-0006 -2.85736933558469646246E+0000  0.00000000000000000000E+0000  0.00000000000000000000E+0000  0.00000000000000000000E+0000  1.62879001607728292092E-0003
 2.08700000000000000006E-0011  0.00000000000000000000E+0000 -3.95024228299637251526E-0003  6.16256002418788113094E-0004 -3.95024228299637251526E-0003  1.04999999999999999996E+0000  1.44099679178670490268E+0000  1.51454003326863039717E+0000  1.38060582888442776842E+0000  0.00000000000000000000E+0000  2.34433159148802059510E+0002  0.00000000000000000000E+0000  2.48582210916172744778E-0039  2.57265169279350210568E-0002  1.80884560604883628582E-0033  0.00000000000000000000E+0000  2.20218773198340487196E+0002  0.00000000000000000000E+0000  0.00000000000000000000E+0000  2.20218912408493715266E+0002  0.00000000000000000000E+0000  0.00000000000000000000E+0000  0.00000000000000000000E+0000  0.00000000000000000000E+0000  0.00000000000000000000E+0000  2.76793413855405947971E-0006 -2.85700574441043731030E+0000  0.00000000000000000000E+0000  0.00000000000000000000E+0000  0.00000000000000000000E+0000  1.67181728312935097898E-0003
 2.13900000000000000000E-0011  0.00000000000000000000E+0000 -4.10258133856061135730E-0003  6.40502341553318592864E-0004 -4.10258133856061135730E-0003  1.04999999999999999996E+0000  1.44099680711501185149E+0000  1.51454005097151738791E+0000  1.38060583098494871136E+0000  0.00000000000000000000E+0000  2.34433159148802059510E+0002  0.00000000000000000000E+0000  2.48582500857891152419E-0039  2.57265395142541126986E-0002  1.80884608598570144216E-0033  0.00000000000000000000E+0000  2.20218858429257902096E+0002  0.00000000000000000000E+0000  0.00000000000000000000E+0000  2.20219000987647582468E+0002  0.00000000000000000000E+0000  0.00000000000000000000E+0000  0.00000000000000000000E+0000  0.00000000000000000000E+0000  0.00000000000000000000E+0000  2.45169660110975840605E-0006 -2.85668411487976688957E+0000  0.00000000000000000000E+0000  0.00000000000000000000E+0000  0.00000000000000000000E+0000  1.71562501593283355203E-0003
 2.19099999999999999994E-0011  0.00000000000000000000E+0000 -4.25806762879501364440E-0003  6.65475598225231474987E-0004 -4.25806762879501364440E-0003  1.04999999999999999996E+0000  1.44099682263967860979E+0000  1.51454006867444500816E+0000  1.38060583311753516764E+0000  0.00000000000000000000E+0000  2.34433159148802059510E+0002  0.00000000000000000000E+0000  2.48582794837386173512E-0039  2.57265620994755765483E-0002  1.80884657008236588205E-0033  0.00000000000000000000E+0000  2.20218943663792115203E+0002  0.00000000000000000000E+0000  0.00000000000000000000E+0000  2.20219089560641128972E+0002  0.00000000000000000000E+0000  0.00000000000000000000E+0000  0.00000000000000000000E+0000  0.00000000000000000000E+0000  0.00000000000000000000E+0000  2.16385172901858183149E-0006 -2.85640229294369236090E+0000  0.00000000000000000000E+0000  0.00000000000000000000E+0000  0.00000000000000000000E+0000  1.76020703165098895925E-0003
 2.24500000000000000003E-0011  0.00000000000000000000E+0000 -4.41665782304761292977E-0003  6.91341184064124233242E-0004 -4.41665782304761292977E-0003  1.04999999999999999996E+0000  1.44099683896669499255E+0000  1.51454008705822650883E+0000  1.38060583536593014598E+0000  0.00000000000000000000E+0000  2.34433159148802059510E+0002  0.00000000000000000000E+0000  2.48583104068585840093E-0039  2.57265855521847917948E-0002  1.80884707690147664169E-0033  0.00000000000000000000E+0000  2.20219032179835000368E+0002  0.00000000000000000000E+0000  0.00000000000000000000E+0000  2.20219181533803351508E+0002  0.00000000000000000000E+0000  0.00000000000000000000E+0000  0.00000000000000000000E+0000  0.00000000000000000000E+0000  0.00000000000000000000E+0000  1.89944863109680650645E-0006 -2.85615388787429353096E+0000  0.00000000000000000000E+0000  0.00000000000000000000E+0000  0.00000000000000000000E+0000  1.80562286874213927452E-0003
 2.29999999999999999997E-0011  0.00000000000000000000E+0000 -4.57850447209638750184E-0003  7.17873898155809156487E-0004 -4.57850447209638750184E-0003  1.04999999999999999996E+0000  1.44099685580659795411E+0000  1.51454010578235341979E+0000  1.38060583769086951016E+0000  0.00000000000000000000E+0000  2.34433159148802059510E+0002  0.00000000000000000000E+0000  2.48583423278629361837E-0039  2.57266094378417463445E-0002  1.80884759756015033113E-0033  0.00000000000000000000E+0000  2.20219122338411772144E+0002  0.00000000000000000000E+0000  0.00000000000000000000E+0000  2.20219275202777313841E+0002  0.00000000000000000000E+0000  0.00000000000000000000E+0000  0.00000000000000000000E+0000  0.00000000000000000000E+0000  0.00000000000000000000E+0000  1.65748254394620977209E-0006 -2.85593754757428855764E+0000  0.00000000000000000000E+0000  0.00000000000000000000E+0000  0.00000000000000000000E+0000  1.85189093633755493342E-0003
 2.35600000000000000006E-0011  0.00000000000000000000E+0000 -4.74366590420610834054E-0003  7.45212348088701917438E-0004 -4.74366590420610834054E-0003  1.04999999999999999996E+0000  1.44099687316866608040E+0000  1.51454012484675907342E+0000  1.38060584009412145342E+0000  0.00000000000000000000E+0000  2.34433159148802059510E+0002  0.00000000000000000000E+0000  2.48583752542124403658E-0039  2.57266337563242231028E-0002  1.80884813216900234278E-0033  0.00000000000000000000E+0000  2.20219214139355858886E+0002  0.00000000000000000000E+0000  0.00000000000000000000E+0000  2.20219370566990115104E+0002  0.00000000000000000000E+0000  0.00000000000000000000E+0000  0.00000000000000000000E+0000  0.00000000000000000000E+0000  0.00000000000000000000E+0000  1.43599928177514516355E-0006 -2.85575065326705737948E+0000  0.00000000000000000000E+0000  0.00000000000000000000E+0000  0.00000000000000000000E+0000  1.89897894424268697381E-0003
 2.41299999999999999999E-0011  0.00000000000000000000E+0000 -4.91209296648116067424E-0003  7.73307398002111746918E-0004 -4.91209296648116067424E-0003  1.04999999999999999996E+0000  1.44099689106239724570E+0000  1.51454014425137760674E+0000  1.38060584257747450754E+0000  0.00000000000000000000E+0000  2.34433159148802059510E+0002  0.00000000000000000000E+0000  2.48584092009569930672E-0039  2.57266585074892614344E-0002  1.80884868091408952780E-0033  0.00000000000000000000E+0000  2.20219307582590217542E+0002  0.00000000000000000000E+0000  0.00000000000000000000E+0000  2.20219467625755418644E+0002  0.00000000000000000000E+0000  0.00000000000000000000E+0000  0.00000000000000000000E+0000  0.00000000000000000000E+0000  0.00000000000000000000E+0000  1.23315691160969999186E-0006 -2.85559073420767404669E+0000  0.00000000000000000000E+0000  0.00000000000000000000E+0000  0.00000000000000000000E+0000  1.94692567416055235207E-0003
 2.47199999999999999992E-0011  0.00000000000000000000E+0000 -5.08389695401930051244E-0003  8.02155935319577643161E-0004 -5.08389695401930051244E-0003  1.04999999999999999996E+0000  1.44099690981576438939E+0000  1.51454016433656948111E+0000  1.38060584518702832938E+0000  0.00000000000000000000E+0000  2.34433159148802059510E+0002  0.00000000000000000000E+0000  2.48584447789311226091E-0039  2.57266841254241770705E-0002  1.80884925360908120728E-0033  0.00000000000000000000E+0000  2.20219404307387495695E+0002  0.00000000000000000000E+0000  0.00000000000000000000E+0000  2.20219568081158329945E+0002  0.00000000000000000000E+0000  0.00000000000000000000E+0000  0.00000000000000000000E+0000  0.00000000000000000000E+0000  0.00000000000000000000E+0000  1.04604935000090567503E-0006 -2.85545410364663411170E+0000  0.00000000000000000000E+0000  0.00000000000000000000E+0000  0.00000000000000000000E+0000  1.99579586207366506207E-0003
 2.53100000000000000001E-0011  0.00000000000000000000E+0000 -5.25909266509435223910E-0003  8.31756163919444381675E-0004 -5.25909266509435223910E-0003  1.04999999999999999996E+0000  1.44099692880306322991E+0000  1.51454018442141634621E+0000  1.38060584783615125702E+0000  0.00000000000000000000E+0000  2.34433159148802059510E+0002  0.00000000000000000000E+0000  2.48584808207337493501E-0039  2.57267097414894105309E-0002  1.80884983127244620434E-0033  0.00000000000000000000E+0000  2.20219501035074692707E+0002  0.00000000000000000000E+0000  0.00000000000000000000E+0000  2.20219668526774534870E+0002  0.00000000000000000000E+0000  0.00000000000000000000E+0000  0.00000000000000000000E+0000  0.00000000000000000000E+0000  0.00000000000000000000E+0000  8.75658228558138423944E-0007 -2.85534183798315626237E+0000  0.00000000000000000000E+0000  0.00000000000000000000E+0000  0.00000000000000000000E+0000  2.04554865077102847425E-0003
 2.59199999999999999994E-0011  0.00000000000000000000E+0000 -5.43765185526241142085E-0003  8.62112072110874097196E-0004 -5.43765185526241142085E-0003  1.04999999999999999996E+0000  1.44099694867865743368E+0000  1.51454020518669427663E+0000  1.38060585061655568075E+0000  0.00000000000000000000E+0000  2.34433159148802059510E+0002  0.00000000000000000000E+0000  2.48585185326182576864E-0039  2.57267362240060521662E-0002  1.80885043333962723708E-0033  0.00000000000000000000E+0000  2.20219601044248381949E+0002  0.00000000000000000000E+0000  0.00000000000000000000E+0000  2.20219772367462079343E+0002  0.00000000000000000000E+0000  0.00000000000000000000E+0000  0.00000000000000000000E+0000  0.00000000000000000000E+0000  0.00000000000000000000E+0000  7.18147626727064312635E-0007 -2.85524900954854292346E+0000  0.00000000000000000000E+0000  0.00000000000000000000E+0000  0.00000000000000000000E+0000  2.09621053722130185075E-0003
 2.65300000000000000002E-0011  0.00000000000000000000E+0000 -5.61950982307116111939E-0003  8.93166729162210161605E-0004 -5.61950982307116111939E-0003  1.04999999999999999996E+0000  1.44099696880145621339E+0000  1.51454022595151121448E+0000  1.38060585343893737283E+0000  0.00000000000000000000E+0000  2.34433159148802059510E+0002  0.00000000000000000000E+0000  2.48585567244081508483E-0039  2.57267627044214414408E-0002  1.80885104057942100730E-0033  0.00000000000000000000E+0000  2.20219701056117913490E+0002  0.00000000000000000000E+0000  0.00000000000000000000E+0000  2.20219876197257786385E+0002  0.00000000000000000000E+0000  0.00000000000000000000E+0000  0.00000000000000000000E+0000  0.00000000000000000000E+0000  0.00000000000000000000E+0000  5.74692188573566882138E-0007 -2.85517695378685094020E+0000  0.00000000000000000000E+0000  0.00000000000000000000E+0000  0.00000000000000000000E+0000  2.14778831435643404569E-0003
 2.71699999999999999995E-0011  0.00000000000000000000E+0000 -5.80481855763946510515E-0003  9.24902156516057183350E-0004 -5.80481855763946510515E-0003  1.04999999999999999996E+0000  1.44099699017697594969E+0000  1.51454024773701260368E+0000  1.38060585644480091354E+0000  0.00000000000000000000E+0000  2.34433159148802059510E+0002  0.00000000000000000000E+0000  2.48585972589233662921E-0039  2.57267904850428046840E-0002  1.80885168270102344993E-0033  0.00000000000000000000E+0000  2.20219805989009209418E+0002  0.00000000000000000000E+0000  0.00000000000000000000E+0000  2.20219985122505366018E+0002  0.00000000000000000000E+0000  0.00000000000000000000E+0000  0.00000000000000000000E+0000  0.00000000000000000000E+0000  0.00000000000000000000E+0000  4.40466504550118624109E-0007 -2.85511962516411143642E+0000  0.00000000000000000000E+0000  0.00000000000000000000E+0000  0.00000000000000000000E+0000  2.20031320061998245448E-0003
 2.78100000000000000003E-0011  0.00000000000000000000E+0000 -5.99366557974719368002E-0003  9.57445111800090921638E-0004 -5.99366557974719368002E-0003  1.04999999999999999996E+0000  1.44099701181895722100E+0000  1.51454026952193009504E+0000  1.38060585949589685324E+0000  0.00000000000000000000E+0000  2.34433159148802059510E+0002  0.00000000000000000000E+0000  2.48586383059775981999E-0039  2.57268182632596099257E-0002  1.80885233035961831078E-0033  0.00000000000000000000E+0000  2.20219910924542775124E+0002  0.00000000000000000000E+0000  0.00000000000000000000E+0000  2.20220094035377407238E+0002  0.00000000000000000000E+0000  0.00000000000000000000E+0000  0.00000000000000000000E+0000  0.00000000000000000000E+0000  0.00000000000000000000E+0000  3.18139617171337773244E-0007 -2.85508033868882923792E+0000  0.00000000000000000000E+0000  0.00000000000000000000E+0000  0.00000000000000000000E+0000  2.25381495588506802341E-0003
 2.84599999999999999995E-0011  0.00000000000000000000E+0000 -6.18595043837252523577E-0003  9.90776708159315614274E-0004 -6.18595043837252523577E-0003  1.04999999999999999996E+0000  1.44099703407329105887E+0000  1.51454029164659787550E+0000  1.38060586264114305963E+0000  0.00000000000000000000E+0000  2.34433159148802059510E+0002  0.00000000000000000000E+0000  2.48586804845070567368E-0039  2.57268464731378687566E-0002  1.80885299343433674280E-0033  0.00000000000000000000E+0000  2.20220017502047832866E+0002  0.00000000000000000000E+0000  0.00000000000000000000E+0000  2.20220204637801339240E+0002  0.00000000000000000000E+0000  0.00000000000000000000E+0000  0.00000000000000000000E+0000  0.00000000000000000000E+0000  0.00000000000000000000E+0000  2.05601941762065619448E-0007 -2.85505625355771498709E+0000  0.00000000000000000000E+0000  0.00000000000000000000E+0000  0.00000000000000000000E+0000  2.30820707917477495563E-0003
 2.91299999999999999987E-0011  0.00000000000000000000E+0000 -6.38164840123268946673E-0003  1.02464790289922563120E-0003 -6.38164840123268946673E-0003  1.04999999999999999996E+0000  1.44099705729924324035E+0000  1.51454031445131935161E+0000  1.38060586593167128799E+0000  0.00000000000000000000E+0000  2.34433159148802059510E+0002  0.00000000000000000000E+0000  2.48587244670435641052E-0039  2.57268755484926927854E-0002  1.80885368237279021730E-0033  0.00000000000000000000E+0000  2.20220127361201597385E+0002  0.00000000000000000000E+0000  0.00000000000000000000E+0000  2.20220318630435924007E+0002  0.00000000000000000000E+0000  0.00000000000000000000E+0000  0.00000000000000000000E+0000  0.00000000000000000000E+0000  0.00000000000000000000E+0000  1.00681687654417006635E-0007 -2.85504464495306724205E+0000  0.00000000000000000000E+0000  0.00000000000000000000E+0000  0.00000000000000000000E+0000  2.36362005441813171833E-0003
 2.98199999999999999995E-0011  0.00000000000000000000E+0000 -6.58105412002557268097E-0003  1.05926161532615091968E-0003 -6.58105412002557268097E-0003  1.04999999999999999996E+0000  1.44099708151880277556E+0000  1.51454033793600523271E+0000  1.38060586937103758941E+0000  0.00000000000000000000E+0000  2.34433159148802059510E+0002  0.00000000000000000000E+0000  2.48587702937309174096E-0039  2.57269054890533998844E-0002  1.80885439759040183789E-0033  0.00000000000000000000E+0000  2.20220240502121568912E+0002  0.00000000000000000000E+0000  0.00000000000000000000E+0000  2.20220436011921177344E+0002  0.00000000000000000000E+0000  0.00000000000000000000E+0000  0.00000000000000000000E+0000  0.00000000000000000000E+0000  0.00000000000000000000E+0000  2.63177242640128748593E-0009 -2.85504467330921735992E+0000  0.00000000000000000000E+0000  0.00000000000000000000E+0000  0.00000000000000000000E+0000  2.42007210280767520999E-0003
 3.05100000000000000003E-0011  0.00000000000000000000E+0000 -6.78417208193919413264E-0003  1.09484925359877964071E-0003 -6.78417208193919413264E-0003  1.04999999999999999996E+0000  1.44099710604305809468E+0000  1.51454036141987443082E+0000  1.38060587286158207199E+0000  0.00000000000000000000E+0000  2.34433159148802059510E+0002  0.00000000000000000000E+0000  2.48588166690221165553E-0039  2.57269354267375165685E-0002  1.80885511868379938566E-0033  0.00000000000000000000E+0000  2.20220353645458673406E+0002  0.00000000000000000000E+0000  0.00000000000000000000E+0000  2.20220553378702116970E+0002  0.00000000000000000000E+0000  0.00000000000000000000E+0000  0.00000000000000000000E+0000  0.00000000000000000000E+0000  0.00000000000000000000E+0000 -8.67076762533666303259E-0008 -2.85505853760386894033E+0000  0.00000000000000000000E+0000  0.00000000000000000000E+0000  0.00000000000000000000E+0000  2.47750847273222047907E-0003
 3.12200000000000000010E-0011  0.00000000000000000000E+0000 -6.99090018184091148211E-0003  1.13101561967626719853E-0003 -6.99090018184091148211E-0003  1.04999999999999999996E+0000  1.44099713159667781079E+0000  1.51454038558355109543E+0000  1.38060587650657389338E+0000  0.00000000000000000000E+0000  2.34433159148802059510E+0002  0.00000000000000000000E+0000  2.48588649222862804826E-0039  2.57269662293158280848E-0002  1.80885586636760913839E-0033  0.00000000000000000000E+0000  2.20220470070523998210E+0002  0.00000000000000000000E+0000  0.00000000000000000000E+0000  2.20220674132754683616E+0002  0.00000000000000000000E+0000  0.00000000000000000000E+0000  0.00000000000000000000E+0000  0.00000000000000000000E+0000  0.00000000000000000000E+0000 -1.70450598462784380666E-0007 -2.85508223922523246530E+0000  0.00000000000000000000E+0000  0.00000000000000000000E+0000  0.00000000000000000000E+0000  2.53596398324196904417E-0003
 3.19499999999999999986E-0011  0.00000000000000000000E+0000 -7.20138140778853031354E-0003  1.16780094833243670652E-0003 -7.20138140778853031354E-0003  1.04999999999999999996E+0000  1.44099715820315094344E+0000  1.51454041042694048853E+0000  1.38060588030968260393E+0000  0.00000000000000000000E+0000  2.34433159148802059510E+0002  0.00000000000000000000E+0000  2.48589151017075021392E-0039  2.57269978964619507920E-0002  1.80885664111258931766E-0033  0.00000000000000000000E+0000  2.20220589777494594338E+0002  0.00000000000000000000E+0000  0.00000000000000000000E+0000  2.20220798272438002346E+0002  0.00000000000000000000E+0000  0.00000000000000000000E+0000  0.00000000000000000000E+0000  0.00000000000000000000E+0000  0.00000000000000000000E+0000 -2.49224940818608051776E-0007 -2.85511508013554481697E+0000  0.00000000000000000000E+0000  0.00000000000000000000E+0000  0.00000000000000000000E+0000  2.59554608698196068649E-0003
 3.26900000000000000008E-0011  0.00000000000000000000E+0000 -7.41577669391101018074E-0003  1.20551633245398766151E-0003 -7.41577669391101018074E-0003  1.04999999999999999996E+0000  1.44099718551720254640E+0000  1.51454043560963958013E+0000  1.38060588422173353355E+0000  0.00000000000000000000E+0000  2.34433159148802059510E+0002  0.00000000000000000000E+0000  2.48589665532206543861E-0039  2.57270299941260977142E-0002  1.80885743260873073351E-0033  0.00000000000000000000E+0000  2.20220711126644667688E+0002  0.00000000000000000000E+0000  0.00000000000000000000E+0000  2.20220924095932797368E+0002  0.00000000000000000000E+0000  0.00000000000000000000E+0000  0.00000000000000000000E+0000  0.00000000000000000000E+0000  0.00000000000000000000E+0000 -3.22248427692858766914E-0007 -2.85515803306727521419E+0000  0.00000000000000000000E+0000  0.00000000000000000000E+0000  0.00000000000000000000E+0000  2.65620023224484015839E-0003
 3.34400000000000000015E-0011  0.00000000000000000000E+0000 -7.63399373208718361505E-0003  1.24402162016890354123E-0003 -7.63399373208718361505E-0003  1.04999999999999999996E+0000  1.44099721355356045441E+0000  1.51454046113157899506E+0000  1.38060588824487743219E+0000  0.00000000000000000000E+0000  2.34433159148802059510E+0002  0.00000000000000000000E+0000  2.48590192862928751806E-0039  2.57270625221871420896E-0002  1.80885824090111610338E-0033  0.00000000000000000000E+0000  2.20220834117942021582E+0002  0.00000000000000000000E+0000  0.00000000000000000000E+0000  2.20221051602617680726E+0002  0.00000000000000000000E+0000  0.00000000000000000000E+0000  0.00000000000000000000E+0000  0.00000000000000000000E+0000  0.00000000000000000000E+0000 -3.89974778360958206212E-0007 -2.85521042134253599711E+0000  0.00000000000000000000E+0000  0.00000000000000000000E+0000  0.00000000000000000000E+0000  2.71792157979883407192E-0003
 3.42099999999999999991E-0011  0.00000000000000000000E+0000 -7.85602151871349312689E-0003  1.28308435952384753468E-0003 -7.85602151871349312689E-0003  1.04999999999999999996E+0000  1.44099724270611182625E+0000  1.51454048733296537874E+0000  1.38060589243575148374E+0000  0.00000000000000000000E+0000  2.34433159148802059510E+0002  0.00000000000000000000E+0000  2.48590740209323667301E-0039  2.57270959141892858386E-0002  1.80885907688129248412E-0033  0.00000000000000000000E+0000  2.20220960391275347889E+0002  0.00000000000000000000E+0000  0.00000000000000000000E+0000  2.20221182491740580120E+0002  0.00000000000000000000E+0000  0.00000000000000000000E+0000  0.00000000000000000000E+0000  0.00000000000000000000E+0000  0.00000000000000000000E+0000 -4.54107197463202165799E-0007 -2.85527009543066238786E+0000  0.00000000000000000000E+0000  0.00000000000000000000E+0000  0.00000000000000000000E+0000  2.78077279360724957277E-0003
 3.49900000000000000013E-0011  0.00000000000000000000E+0000 -8.08191726800715510465E-0003  1.32296555143448410085E-0003 -8.08191726800715510465E-0003  1.04999999999999999996E+0000  1.44099727261646044297E+0000  1.51454051387343472388E+0000  1.38060589674292845375E+0000  0.00000000000000000000E+0000  2.34433159148802059510E+0002  0.00000000000000000000E+0000  2.48591300871863127959E-0039  2.57271297361610321295E-0002  1.80885993004423794654E-0033  0.00000000000000000000E+0000  2.20221088306888615568E+0002  0.00000000000000000000E+0000  0.00000000000000000000E+0000  2.20221315061885123301E+0002  0.00000000000000000000E+0000  0.00000000000000000000E+0000  0.00000000000000000000E+0000  0.00000000000000000000E+0000  0.00000000000000000000E+0000 -5.13802932631608279581E-0007 -2.85533809661907839205E+0000  0.00000000000000000000E+0000  0.00000000000000000000E+0000  0.00000000000000000000E+0000  2.84475244001660399223E-0003
 3.57900000000000000003E-0011  0.00000000000000000000E+0000 -8.31174797109291038956E-0003  1.36353003928787445305E-0003 -8.31174797109291038956E-0003  1.04999999999999999996E+0000  1.44099730368896234128E+0000  1.51454054109316030438E+0000  1.38060590122470867576E+0000  0.00000000000000000000E+0000  2.34433159148802059510E+0002  0.00000000000000000000E+0000  2.48591882130273251073E-0039  2.57271644215944256380E-0002  1.80886081134927940404E-0033  0.00000000000000000000E+0000  2.20221219504690119168E+0002  0.00000000000000000000E+0000  0.00000000000000000000E+0000  2.20221451012017472679E+0002  0.00000000000000000000E+0000  0.00000000000000000000E+0000  0.00000000000000000000E+0000  0.00000000000000000000E+0000  0.00000000000000000000E+0000 -5.70624744746258097543E-0007 -2.85541244743388987286E+0000  0.00000000000000000000E+0000  0.00000000000000000000E+0000  0.00000000000000000000E+0000  2.90985314985568768478E-0003
 3.66099999999999999994E-0011  0.00000000000000000000E+0000 -8.54563718940757048856E-0003  1.40483225546440481660E-0003 -8.54563718940757048856E-0003  1.04999999999999999996E+0000  1.44099733595013899544E+0000  1.51454056899203423658E+0000  1.38060590588506412399E+0000  0.00000000000000000000E+0000  2.34433159148802059510E+0002  0.00000000000000000000E+0000  2.48592484395200644004E-0039  2.57271999701682711029E-0002  1.80886172113280910451E-0033  0.00000000000000000000E+0000  2.20221353984828281211E+0002  0.00000000000000000000E+0000  0.00000000000000000000E+0000  2.20221590340502420283E+0002  0.00000000000000000000E+0000  0.00000000000000000000E+0000  0.00000000000000000000E+0000  0.00000000000000000000E+0000  0.00000000000000000000E+0000 -6.24892265324180913977E-0007 -2.85549281512311785400E+0000  0.00000000000000000000E+0000  0.00000000000000000000E+0000  0.00000000000000000000E+0000  2.97615745291836269959E-0003
 3.74400000000000000000E-0011  0.00000000000000000000E+0000 -8.78364578067603650166E-0003  1.44708286430157802770E-0003 -8.78364578067603650166E-0003  1.04999999999999999996E+0000  1.44099736902823142746E+0000  1.51454059722973400563E+0000  1.38060591067033737824E+0000  0.00000000000000000000E+0000  2.34433159148802059510E+0002  0.00000000000000000000E+0000  2.48593100655708844387E-0039  2.57272359480817067150E-0002  1.80886264855316679091E-0033  0.00000000000000000000E+0000  2.20221490107423826840E+0002  0.00000000000000000000E+0000  0.00000000000000000000E+0000  2.20221731346777733804E+0002  0.00000000000000000000E+0000  0.00000000000000000000E+0000  0.00000000000000000000E+0000  0.00000000000000000000E+0000  0.00000000000000000000E+0000 -6.75607079904875211415E-0007 -2.85558042281926969109E+0000  0.00000000000000000000E+0000  0.00000000000000000000E+0000  0.00000000000000000000E+0000  3.04364453657661666835E-0003
 3.82900000000000000005E-0011  0.00000000000000000000E+0000 -9.02576002490339179109E-0003  1.48996617132865193689E-0003 -9.02576002490339179109E-0003  1.04999999999999999996E+0000  1.44099740334410937115E+0000  1.51454062614637758731E+0000  1.38060591564144863352E+0000  0.00000000000000000000E+0000  2.34433159148802059510E+0002  0.00000000000000000000E+0000  2.48593738426210621906E-0039  2.57272727886735487409E-0002  1.80886360479382559457E-0033  0.00000000000000000000E+0000  2.20221629512485016611E+0002  0.00000000000000000000E+0000  0.00000000000000000000E+0000  2.20221875729017992018E+0002  0.00000000000000000000E+0000  0.00000000000000000000E+0000  0.00000000000000000000E+0000  0.00000000000000000000E+0000  0.00000000000000000000E+0000 -7.24251917139351958980E-0007 -2.85567336898345315523E+0000  0.00000000000000000000E+0000  0.00000000000000000000E+0000  0.00000000000000000000E+0000  3.11233782584451324342E-0003
 3.91600000000000000011E-0011  0.00000000000000000000E+0000 -9.27206611062429790933E-0003  1.53354303100827070871E-0003 -9.27206611062429790933E-0003  1.04999999999999999996E+0000  1.44099743892598246709E+0000  1.51454065574184935353E+0000  1.38060592080259320156E+0000  0.00000000000000000000E+0000  2.34433159148802059510E+0002  0.00000000000000000000E+0000  2.48594398115312204009E-0039  2.57273104916032881757E-0002  1.80886459017488300657E-0033  0.00000000000000000000E+0000  2.20221772200173381340E+0002  0.00000000000000000000E+0000  0.00000000000000000000E+0000  2.20222023485481508215E+0002  0.00000000000000000000E+0000  0.00000000000000000000E+0000  0.00000000000000000000E+0000  0.00000000000000000000E+0000  0.00000000000000000000E+0000 -7.71073814541906238784E-0007 -2.85577139013995479674E+0000  0.00000000000000000000E+0000  0.00000000000000000000E+0000  0.00000000000000000000E+0000  3.18231180594226096713E-0003
 4.00400000000000000001E-0011  0.00000000000000000000E+0000 -9.52260265445293888981E-0003  1.57807190317681156253E-0003 -9.52260265445293888981E-0003  1.04999999999999999996E+0000  1.44099747538794640753E+0000  1.51454068567587304506E+0000  1.38060592609782360762E+0000  0.00000000000000000000E+0000  2.34433159148802059510E+0002  0.00000000000000000000E+0000  2.48595072469791956350E-0039  2.57273486232060827677E-0002  1.80886559361195699259E-0033  0.00000000000000000000E+0000  2.20221916530536860085E+0002  0.00000000000000000000E+0000  0.00000000000000000000E+0000  2.20222172916293340753E+0002  0.00000000000000000000E+0000  0.00000000000000000000E+0000  0.00000000000000000000E+0000  0.00000000000000000000E+0000  0.00000000000000000000E+0000 -8.15009133865562770718E-0007 -2.85587577516656540262E+0000  0.00000000000000000000E+0000  0.00000000000000000000E+0000  0.00000000000000000000E+0000  3.25352996619961778250E-0003
 4.09399999999999999990E-0011  0.00000000000000000000E+0000 -9.77732858313567980194E-0003  1.62321831104690100257E-0003 -9.77732858313567980194E-0003  1.04999999999999999996E+0000  1.44099751316809675911E+0000  1.51454071628850664465E+0000  1.38060593159079091118E+0000  0.00000000000000000000E+0000  2.34433159148802059510E+0002  0.00000000000000000000E+0000  2.48595769234914027798E-0039  2.57273876166592469954E-0002  1.80886662651494308660E-0033  0.00000000000000000000E+0000  2.20222064143680348283E+0002  0.00000000000000000000E+0000  0.00000000000000000000E+0000  2.20222325718793082425E+0002  0.00000000000000000000E+0000  0.00000000000000000000E+0000  0.00000000000000000000E+0000  0.00000000000000000000E+0000  0.00000000000000000000E+0000 -8.57480145196795828974E-0007 -2.85598467776463340890E+0000  0.00000000000000000000E+0000  0.00000000000000000000E+0000  0.00000000000000000000E+0000  3.32600389876204560943E-0003
 4.18600000000000000011E-0011  0.00000000000000000000E+0000 -1.00363025708177818873E-0002  1.66905361474906279521E-0003 -1.00363025708177818873E-0002  1.04999999999999999996E+0000  1.44099755229631603282E+0000  1.51454074757962686140E+0000  1.38060593728594223134E+0000  0.00000000000000000000E+0000  2.34433159148802059510E+0002  0.00000000000000000000E+0000  2.48596488811266043089E-0039  2.57274274716037906231E-0002  1.80886768919658620675E-0033  0.00000000000000000000E+0000  2.20222215039778700163E+0002  0.00000000000000000000E+0000  0.00000000000000000000E+0000  2.20222481891135860574E+0002  0.00000000000000000000E+0000  0.00000000000000000000E+0000  0.00000000000000000000E+0000  0.00000000000000000000E+0000  0.00000000000000000000E+0000 -8.98679125649383572870E-0007 -2.85609788545268698172E+0000  0.00000000000000000000E+0000  0.00000000000000000000E+0000  0.00000000000000000000E+0000  3.39980034136483635486E-0003
 4.28000000000000000000E-0011  0.00000000000000000000E+0000 -1.02996582851552353987E-0002  1.71571462265600234907E-0003 -1.02996582851552353987E-0002  1.04999999999999999996E+0000  1.44099759280325564776E+0000  1.51454077954910698513E+0000  1.38060594318784674299E+0000  0.00000000000000000000E+0000  2.34433159148802059510E+0002  0.00000000000000000000E+0000  2.48597231519996172330E-0039  2.57274681877260880317E-0002  1.80886878189673506260E-0033  0.00000000000000000000E+0000  2.20222369218961244744E+0002  0.00000000000000000000E+0000  0.00000000000000000000E+0000  2.20222641431693512040E+0002  0.00000000000000000000E+0000  0.00000000000000000000E+0000  0.00000000000000000000E+0000  0.00000000000000000000E+0000  0.00000000000000000000E+0000 -9.38718843839383927063E-0007 -2.85621528080573546362E+0000  0.00000000000000000000E+0000  0.00000000000000000000E+0000  0.00000000000000000000E+0000  3.47492155177097681330E-0003
 4.37500000000000000004E-0011  0.00000000000000000000E+0000 -1.05673550419433278949E-0002  1.76332925043214866179E-0003 -1.05673550419433278949E-0002  1.04999999999999999996E+0000  1.44099763428312240541E+0000  1.51454081185673889332E+0000  1.38060594923742951034E+0000  0.00000000000000000000E+0000  2.34433159148802059510E+0002  0.00000000000000000000E+0000  2.48597989776841213045E-0039  2.57275093315556229212E-0002  1.80886989323174247429E-0033  0.00000000000000000000E+0000  2.20222525041178898500E+0002  0.00000000000000000000E+0000  0.00000000000000000000E+0000  2.20222802641574954635E+0002  0.00000000000000000000E+0000  0.00000000000000000000E+0000  0.00000000000000000000E+0000  0.00000000000000000000E+0000  0.00000000000000000000E+0000 -9.76476769078748502435E-0007 -2.85633820618474708330E+0000  0.00000000000000000000E+0000  0.00000000000000000000E+0000  0.00000000000000000000E+0000  3.55136292580010535690E-0003
 4.47299999999999999993E-0011  0.00000000000000000000E+0000 -1.08394307043292057206E-0002  1.81136114603108050056E-0003 -1.08394307043292057206E-0002  1.04999999999999999996E+0000  1.44099767764135137623E+0000  1.51454084518254968148E+0000  1.38060595556687102639E+0000  0.00000000000000000000E+0000  2.34433159148802059510E+0002  0.00000000000000000000E+0000  2.48598779612930411795E-0039  2.57275517691328580186E-0002  1.80887104661395950230E-0033  0.00000000000000000000E+0000  2.20222685786875706240E+0002  0.00000000000000000000E+0000  0.00000000000000000000E+0000  2.20222968913860593684E+0002  0.00000000000000000000E+0000  0.00000000000000000000E+0000  0.00000000000000000000E+0000  0.00000000000000000000E+0000  0.00000000000000000000E+0000 -1.01454487366095150322E-0006 -2.85646340017112139757E+0000  0.00000000000000000000E+0000  0.00000000000000000000E+0000  0.00000000000000000000E+0000  3.62916764954576359749E-0003
 4.57199999999999999997E-0011  0.00000000000000000000E+0000 -1.11159302074259664677E-0002  1.86041707161223943720E-0003 -1.11159302074259664677E-0002  1.04999999999999999996E+0000  1.44099772202533127634E+0000  1.51454087884628675880E+0000  1.38060596205184524135E+0000  0.00000000000000000000E+0000  2.34433159148802059510E+0002  0.00000000000000000000E+0000  2.48599585536289221092E-0039  2.57275946338174854687E-0002  1.80887221904223047469E-0033  0.00000000000000000000E+0000  2.20222848175883005262E+0002  0.00000000000000000000E+0000  0.00000000000000000000E+0000  2.20223136852351611098E+0002  0.00000000000000000000E+0000  0.00000000000000000000E+0000  0.00000000000000000000E+0000  0.00000000000000000000E+0000  0.00000000000000000000E+0000 -1.05056739567043286611E-0006 -2.85659384137333275289E+0000  0.00000000000000000000E+0000  0.00000000000000000000E+0000  0.00000000000000000000E+0000  3.70838975650875528824E-0003
 4.67399999999999999985E-0011  0.00000000000000000000E+0000 -1.13969643827542631305E-0002  1.91001743426072448907E-0003 -1.13969643827542631305E-0002  1.04999999999999999996E+0000  1.44099776836538539160E+0000  1.51454091352788530430E+0000  1.38060596882844279529E+0000  0.00000000000000000000E+0000  2.34433159148802059510E+0002  0.00000000000000000000E+0000  2.48600423811037803218E-0039  2.57276387914675944393E-0002  1.80887343415392163212E-0033  0.00000000000000000000E+0000  2.20223015488714493879E+0002  0.00000000000000000000E+0000  0.00000000000000000000E+0000  2.20223309849170282057E+0002  0.00000000000000000000E+0000  0.00000000000000000000E+0000  0.00000000000000000000E+0000  0.00000000000000000000E+0000  0.00000000000000000000E+0000 -1.08705230399481575731E-0006 -2.85672635948821736370E+0000  0.00000000000000000000E+0000  0.00000000000000000000E+0000  0.00000000000000000000E+0000  3.78899408869991391194E-0003
 4.77699999999999999988E-0011  0.00000000000000000000E+0000 -1.16825161163469765309E-0002  1.96064975907479465150E-0003 -1.16825161163469765309E-0002  1.04999999999999999996E+0000  1.44099781578659188856E+0000  1.51454094854717339106E+0000  1.38060597576889157901E+0000  0.00000000000000000000E+0000  2.34433159148802059510E+0002  0.00000000000000000000E+0000  2.48601278617605275708E-0039  2.57276833756576988420E-0002  1.80887466866158426206E-0033  0.00000000000000000000E+0000  2.20223184445097485418E+0002  0.00000000000000000000E+0000  0.00000000000000000000E+0000  2.20223484509215734956E+0002  0.00000000000000000000E+0000  0.00000000000000000000E+0000  0.00000000000000000000E+0000  0.00000000000000000000E+0000  0.00000000000000000000E+0000 -1.12163079006083502139E-0006 -2.85686393789836548225E+0000  0.00000000000000000000E+0000  0.00000000000000000000E+0000  0.00000000000000000000E+0000  3.87106780905928954625E-0003
 4.88300000000000000007E-0011  0.00000000000000000000E+0000 -1.19726679597550336504E-0002  2.01177908596549712062E-0003 -1.19726679597550336504E-0002  1.04999999999999999996E+0000  1.44099786524488266261E+0000  1.51454098458399028404E+0000  1.38060598301330039609E+0000  0.00000000000000000000E+0000  2.34433159148802059510E+0002  0.00000000000000000000E+0000  2.48602166527922552518E-0039  2.57277292520005086307E-0002  1.80887594649537990512E-0033  0.00000000000000000000E+0000  2.20223358325668429669E+0002  0.00000000000000000000E+0000  0.00000000000000000000E+0000  2.20223664223339413284E+0002  0.00000000000000000000E+0000  0.00000000000000000000E+0000  0.00000000000000000000E+0000  0.00000000000000000000E+0000  0.00000000000000000000E+0000 -1.15679749982086460872E-0006 -2.85700340599788869507E+0000  0.00000000000000000000E+0000  0.00000000000000000000E+0000  0.00000000000000000000E+0000  3.95457246029000879642E-0003
 4.99000000000000000010E-0011  0.00000000000000000000E+0000 -1.22673846660351054966E-0002  2.06392600151589951725E-0003 -1.22673846660351054966E-0002  1.04999999999999999996E+0000  1.44099791584219990139E+0000  1.51454102095824903382E+0000  1.38060599043034129790E+0000  0.00000000000000000000E+0000  2.34433159148802059510E+0002  0.00000000000000000000E+0000  2.48603071393527185212E-0039  2.57277755542939624045E-0002  1.80887724408350039377E-0033  0.00000000000000000000E+0000  2.20223533850048545174E+0002  0.00000000000000000000E+0000  0.00000000000000000000E+0000  2.20223845597584411790E+0002  0.00000000000000000000E+0000  0.00000000000000000000E+0000  0.00000000000000000000E+0000  0.00000000000000000000E+0000  0.00000000000000000000E+0000 -1.19017298101287693840E-0006 -2.85714775215661335853E+0000  0.00000000000000000000E+0000  0.00000000000000000000E+0000  0.00000000000000000000E+0000  4.03959021283710878374E-0003
 5.09999999999999999997E-0011  0.00000000000000000000E+0000 -1.25667343653661151069E-0002  2.11654731446649680850E-0003 -1.25667343653661151069E-0002  1.04999999999999999996E+0000  1.44099796856083311081E+0000  1.51454105834968898517E+0000  1.38060599816425396693E+0000  0.00000000000000000000E+0000  2.34433159148802059510E+0002  0.00000000000000000000E+0000  2.48604010091113933680E-0039  2.57278231478978018794E-0002  1.80887858564373091204E-0033  0.00000000000000000000E+0000  2.20223714298998685737E+0002  0.00000000000000000000E+0000  0.00000000000000000000E+0000  2.20224032021489488267E+0002  0.00000000000000000000E+0000  0.00000000000000000000E+0000  0.00000000000000000000E+0000  0.00000000000000000000E+0000  0.00000000000000000000E+0000 -1.22424068845296723249E-0006 -2.85729380618694019187E+0000  0.00000000000000000000E+0000  0.00000000000000000000E+0000  0.00000000000000000000E+0000  4.12607108851205433287E-0003
 5.21200000000000000016E-0011  0.00000000000000000000E+0000 -1.28707782320254507350E-0002  2.17003132415355203374E-0003 -1.28707782320254507350E-0002  1.04999999999999999996E+0000  1.44099802296515795480E+0000  1.51454109641820734440E+0000  1.38060600615145188366E+0000  0.00000000000000000000E+0000  2.34433159148802059510E+0002  0.00000000000000000000E+0000  2.48604974678598184342E-0039  2.57278715995104819730E-0002  1.80887995951798991929E-0033  0.00000000000000000000E+0000  2.20223898032451949183E+0002  0.00000000000000000000E+0000  0.00000000000000000000E+0000  2.20224221797030145706E+0002  0.00000000000000000000E+0000  0.00000000000000000000E+0000  0.00000000000000000000E+0000  0.00000000000000000000E+0000  0.00000000000000000000E+0000 -1.25783556778992097947E-0006 -2.85744309505428047006E+0000  0.00000000000000000000E+0000  0.00000000000000000000E+0000  0.00000000000000000000E+0000  4.21413236403822847558E-0003
 5.32600000000000000002E-0011  0.00000000000000000000E+0000 -1.31795936309324047723E-0002  2.22439236316420666692E-0003 -1.31795936309324047723E-0002  1.04999999999999999996E+0000  1.44099807909309799575E+0000  1.51454113516364462200E+0000  1.38060601439779201253E+0000  0.00000000000000000000E+0000  2.34433159148802059510E+0002  0.00000000000000000000E+0000  2.48605965350488092770E-0039  2.57279209088162873614E-0002  1.80888136589072544356E-0033  0.00000000000000000000E+0000  2.20224085050523835191E+0002  0.00000000000000000000E+0000  0.00000000000000000000E+0000  2.20224414922515835183E+0002  0.00000000000000000000E+0000  0.00000000000000000000E+0000  0.00000000000000000000E+0000  0.00000000000000000000E+0000  0.00000000000000000000E+0000 -1.29093672588590063694E-0006 -2.85759560780127362710E+0000  0.00000000000000000000E+0000  0.00000000000000000000E+0000  0.00000000000000000000E+0000  4.30371991933866751747E-0003
 5.44300000000000000004E-0011  0.00000000000000000000E+0000 -1.34932348504813928397E-0002  2.27931226940347125253E-0003 -1.34932348504813928397E-0002  1.04999999999999999996E+0000  1.44099813748298867858E+0000  1.51454117492568205155E+0000  1.38060602298273757025E+0000  0.00000000000000000000E+0000  2.34433159148802059510E+0002  0.00000000000000000000E+0000  2.48606991061450715232E-0039  2.57279715079677768846E-0002  1.80888281735157551367E-0033  0.00000000000000000000E+0000  2.20224276993875367273E+0002  0.00000000000000000000E+0000  0.00000000000000000000E+0000  2.20224613089973269106E+0002  0.00000000000000000000E+0000  0.00000000000000000000E+0000  0.00000000000000000000E+0000  0.00000000000000000000E+0000  0.00000000000000000000E+0000 -1.32480901048886315765E-0006 -2.85774977661518937320E+0000  0.00000000000000000000E+0000  0.00000000000000000000E+0000  0.00000000000000000000E+0000  4.39491149393665164310E-0003
 5.56200000000000000006E-0011  0.00000000000000000000E+0000 -1.38118044602927336122E-0002  2.33518911907772146421E-0003 -1.38118044602927336122E-0002  1.04999999999999999996E+0000  1.44099819768254450625E+0000  1.51454121536427869718E+0000  1.38060603184017789550E+0000  0.00000000000000000000E+0000  2.34433159148802059510E+0002  0.00000000000000000000E+0000  2.48608043539754417925E-0039  2.57280229638889546539E-0002  1.80888430196107973804E-0033  0.00000000000000000000E+0000  2.20224472222308559094E+0002  0.00000000000000000000E+0000  0.00000000000000000000E+0000  2.20224814602514986542E+0002  0.00000000000000000000E+0000  0.00000000000000000000E+0000  0.00000000000000000000E+0000  0.00000000000000000000E+0000  0.00000000000000000000E+0000 -1.35821924314730182869E-0006 -2.85790719557704063687E+0000  0.00000000000000000000E+0000  0.00000000000000000000E+0000  0.00000000000000000000E+0000  4.48775822869889743898E-0003
 5.68300000000000000007E-0011  0.00000000000000000000E+0000 -1.41353109880857439990E-0002  2.39190550505522210674E-0003 -1.41353109880857439990E-0002  1.04999999999999999996E+0000  1.44099825973249366130E+0000  1.51454125647926307434E+0000  1.38060604097645647250E+0000  0.00000000000000000000E+0000  2.34433159148802059510E+0002  0.00000000000000000000E+0000  2.48609122963126754124E-0039  2.57280752762430690178E-0002  1.80888581990209791894E-0033  0.00000000000000000000E+0000  2.20224670735950681058E+0002  0.00000000000000000000E+0000  0.00000000000000000000E+0000  2.20225019458327995803E+0002  0.00000000000000000000E+0000  0.00000000000000000000E+0000  0.00000000000000000000E+0000  0.00000000000000000000E+0000  0.00000000000000000000E+0000 -1.39114565736677888481E-0006 -2.85806783247248774897E+0000  0.00000000000000000000E+0000  0.00000000000000000000E+0000  0.00000000000000000000E+0000  4.58222361354426273526E-0003
 5.80699999999999999993E-0011  0.00000000000000000000E+0000 -1.44637686292421154211E-0002  2.44912986770069475917E-0003 -1.44637686292421154211E-0002  1.04999999999999999996E+0000  1.44099832419481399407E+0000  1.51454129861022383438E+0000  1.38060605047474474960E+0000  0.00000000000000000000E+0000  2.34433159148802059510E+0002  0.00000000000000000000E+0000  2.48610238498132945631E-0039  2.57281288769549402762E-0002  1.80888738396741598755E-0033  0.00000000000000000000E+0000  2.20224874175574606316E+0002  0.00000000000000000000E+0000  0.00000000000000000000E+0000  2.20225229348242296401E+0002  0.00000000000000000000E+0000  0.00000000000000000000E+0000  0.00000000000000000000E+0000  0.00000000000000000000E+0000  0.00000000000000000000E+0000 -1.42485120364860920459E-0006 -2.85823009780620846212E+0000  0.00000000000000000000E+0000  0.00000000000000000000E+0000  0.00000000000000000000E+0000  4.67837551462365391993E-0003
 5.93300000000000000009E-0011  0.00000000000000000000E+0000 -1.47972513308119911233E-0002  2.50729993808252043462E-0003 -1.47972513308119911233E-0002  1.04999999999999999996E+0000  1.44099839059961343452E+0000  1.51454134141718732857E+0000  1.38060606026623959748E+0000  0.00000000000000000000E+0000  2.34433159148802059510E+0002  0.00000000000000000000E+0000  2.48611381620094252902E-0039  2.57281833331226072639E-0002  1.80888898199972103012E-0033  0.00000000000000000000E+0000  2.20225080900904327683E+0002  0.00000000000000000000E+0000  0.00000000000000000000E+0000  2.20225442576258948327E+0002  0.00000000000000000000E+0000  0.00000000000000000000E+0000  0.00000000000000000000E+0000  0.00000000000000000000E+0000  0.00000000000000000000E+0000 -1.45810248200554566345E-0006 -2.85839556842344976210E+0000  0.00000000000000000000E+0000  0.00000000000000000000E+0000  0.00000000000000000000E+0000  4.77625133957970016253E-0003
 6.06099999999999999994E-0011  0.00000000000000000000E+0000 -1.51357418034336441474E-0002  2.56630437958711884539E-0003 -1.51357418034336441474E-0002  1.04999999999999999996E+0000  1.44099845899048756206E+0000  1.51454138489997058555E+0000  1.38060607035775369342E+0000  0.00000000000000000000E+0000  2.34433159148802059510E+0002  0.00000000000000000000E+0000  2.48612552487698814699E-0039  2.57282386443900884010E-0002  1.80889061417201292015E-0033  0.00000000000000000000E+0000  2.20225290912077685132E+0002  0.00000000000000000000E+0000  0.00000000000000000000E+0000  2.20225659140450579582E+0002  0.00000000000000000000E+0000  0.00000000000000000000E+0000  0.00000000000000000000E+0000  0.00000000000000000000E+0000  0.00000000000000000000E+0000 -1.49087713968023954727E-0006 -2.85856419716231300492E+0000  0.00000000000000000000E+0000  0.00000000000000000000E+0000  0.00000000000000000000E+0000  4.87580242866390100026E-0003
 6.19299999999999999979E-0011  0.00000000000000000000E+0000 -1.54793328492770813844E-0002  2.62562895584297665139E-0003 -1.54793328492770813844E-0002  1.04999999999999999996E+0000  1.44099853049667219059E+0000  1.51454142973774215060E+0000  1.38060608091642341821E+0000  0.00000000000000000000E+0000  2.34433159148802059510E+0002  0.00000000000000000000E+0000  2.48613769621350268407E-0039  2.57282956745656431419E-0002  1.80889230622219433576E-0033  0.00000000000000000000E+0000  2.20225507490665303553E+0002  0.00000000000000000000E+0000  0.00000000000000000000E+0000  2.20225882422289883297E+0002  0.00000000000000000000E+0000  0.00000000000000000000E+0000  0.00000000000000000000E+0000  0.00000000000000000000E+0000  0.00000000000000000000E+0000 -1.52565712128937196190E-0006 -2.85873290383832734515E+0000  0.00000000000000000000E+0000  0.00000000000000000000E+0000  0.00000000000000000000E+0000  4.97711980349245120508E-0003
 6.32599999999999999979E-0011  0.00000000000000000000E+0000 -1.58280904619524322094E-0002  2.68633548291140270335E-0003 -1.58280904619524322094E-0002  1.04999999999999999996E+0000  1.44099860354627200948E+0000  1.51454147491124111911E+0000  1.38060609171058538459E+0000  0.00000000000000000000E+0000  2.34433159148802059510E+0002  0.00000000000000000000E+0000  2.48615006032179887915E-0039  2.57283531266054168100E-0002  1.80889402034085990128E-0033  0.00000000000000000000E+0000  2.20225725715023120221E+0002  0.00000000000000000000E+0000  0.00000000000000000000E+0000  2.20226107342506237985E+0002  0.00000000000000000000E+0000  0.00000000000000000000E+0000  0.00000000000000000000E+0000  0.00000000000000000000E+0000  0.00000000000000000000E+0000 -1.55871844964981890863E-0006 -2.85890641739981940387E+0000  0.00000000000000000000E+0000  0.00000000000000000000E+0000  0.00000000000000000000E+0000  5.08025230602872107538E-0003
 6.46299999999999999978E-0011  0.00000000000000000000E+0000 -1.61821008116421575892E-0002  2.74735879505827953710E-0003 -1.61821008116421575892E-0002  1.04999999999999999996E+0000  1.44099867984291956627E+0000  1.51454152143918756822E+0000  1.38060610299242621148E+0000  0.00000000000000000000E+0000  2.34433159148802059510E+0002  0.00000000000000000000E+0000  2.48616289450113257069E-0039  2.57284122963540423076E-0002  1.80889579507403453806E-0033  0.00000000000000000000E+0000  2.20225950507340354059E+0002  0.00000000000000000000E+0000  0.00000000000000000000E+0000  2.20226338973959243614E+0002  0.00000000000000000000E+0000  0.00000000000000000000E+0000  0.00000000000000000000E+0000  0.00000000000000000000E+0000  0.00000000000000000000E+0000 -1.59369220845900035466E-0006 -2.85908009911674122262E+0000  0.00000000000000000000E+0000  0.00000000000000000000E+0000  0.00000000000000000000E+0000  5.18511876372840516800E-0003
 6.60200000000000000009E-0011  0.00000000000000000000E+0000 -1.65413676995140791125E-0002  2.80939992782059923477E-0003 -1.65413676995140791125E-0002  1.04999999999999999996E+0000  1.44099875833715276342E+0000  1.51454156864207726771E+0000  1.38060611460725924185E+0000  0.00000000000000000000E+0000  2.34433159148802059510E+0002  0.00000000000000000000E+0000  2.48617601866589514820E-0039  2.57284723190098123316E-0002  1.80889760520957832729E-0033  0.00000000000000000000E+0000  2.20226178586636292325E+0002  0.00000000000000000000E+0000  0.00000000000000000000E+0000  2.20226573929914056893E+0002  0.00000000000000000000E+0000  0.00000000000000000000E+0000  0.00000000000000000000E+0000  0.00000000000000000000E+0000  0.00000000000000000000E+0000 -1.62814459042584277970E-0006 -2.85925709812614759430E+0000  0.00000000000000000000E+0000  0.00000000000000000000E+0000  0.00000000000000000000E+0000  5.29191247634942130433E-0003
 6.74400000000000000024E-0011  0.00000000000000000000E+0000 -1.69060205812070147467E-0002  2.87217176978685276580E-0003 -1.69060205812070147467E-0002  1.04999999999999999996E+0000  1.44099883965211750161E+0000  1.51454161685925902455E+0000  1.38060612664772059213E+0000  0.00000000000000000000E+0000  2.34433159148802059510E+0002  0.00000000000000000000E+0000  2.48618952783239279446E-0039  2.57285336260720020867E-0002  1.80889946384896848325E-0033  0.00000000000000000000E+0000  2.20226411593823480500E+0002  0.00000000000000000000E+0000  0.00000000000000000000E+0000  2.20226813898900617261E+0002  0.00000000000000000000E+0000  0.00000000000000000000E+0000  0.00000000000000000000E+0000  0.00000000000000000000E+0000  0.00000000000000000000E+0000 -1.66321830217732519654E-0006 -2.85943592693616146887E+0000  0.00000000000000000000E+0000  0.00000000000000000000E+0000  0.00000000000000000000E+0000  5.40052046172968473923E-0003
 6.88900000000000000023E-0011  0.00000000000000000000E+0000 -1.72760705179474815429E-0002  2.93564894725694722202E-0003 -1.72760705179474815429E-0002  1.04999999999999999996E+0000  1.44099892385593704913E+0000  1.51454166609045448697E+0000  1.38060613912437142895E+0000  0.00000000000000000000E+0000  2.34433159148802059510E+0002  0.00000000000000000000E+0000  2.48620342617845294029E-0039  2.57285962168163967493E-0002  1.80890137139889490168E-0033  0.00000000000000000000E+0000  2.20226649529292982072E+0002  0.00000000000000000000E+0000  0.00000000000000000000E+0000  2.20227058877064943904E+0002  0.00000000000000000000E+0000  0.00000000000000000000E+0000  0.00000000000000000000E+0000  0.00000000000000000000E+0000  0.00000000000000000000E+0000 -1.69891444762255005339E-0006 -2.85961661661597931752E+0000  0.00000000000000000000E+0000  0.00000000000000000000E+0000  0.00000000000000000000E+0000  5.51106692737754901045E-0003
 7.03700000000000000005E-0011  0.00000000000000000000E+0000 -1.76516478257799776300E-0002  2.99996285943993696147E-0003 -1.76516478257799776300E-0002  1.04999999999999999996E+0000  1.44099901101861238074E+0000  1.51454171633537827929E+0000  1.38060615204804345169E+0000  0.00000000000000000000E+0000  2.34433159148802059510E+0002  0.00000000000000000000E+0000  2.48621771710912197412E-0039  2.57286600905820243185E-0002  1.80890332819116541421E-0033  0.00000000000000000000E+0000  2.20226892393371444068E+0002  0.00000000000000000000E+0000  0.00000000000000000000E+0000  2.20227308860856146808E+0002  0.00000000000000000000E+0000  0.00000000000000000000E+0000  0.00000000000000000000E+0000  0.00000000000000000000E+0000  0.00000000000000000000E+0000 -1.73517351090806346046E-0006 -2.85979926820339833311E+0000  0.00000000000000000000E+0000  0.00000000000000000000E+0000  0.00000000000000000000E+0000  5.62356179632128411585E-0003
 7.18799999999999999972E-0011  0.00000000000000000000E+0000 -1.80328331223701031244E-0002  3.06511431882213640195E-0003 -1.80328331223701031244E-0002  1.04999999999999999996E+0000  1.44099910121200450652E+0000  1.51454176759373807806E+0000  1.38060616542983486202E+0000  0.00000000000000000000E+0000  2.34433159148802059510E+0002  0.00000000000000000000E+0000  2.48623240396603397459E-0039  2.57287252466942391522E-0002  1.80890533454733949316E-0033  0.00000000000000000000E+0000  2.20227140186393069529E+0002  0.00000000000000000000E+0000  0.00000000000000000000E+0000  2.20227563846643720633E+0002  0.00000000000000000000E+0000  0.00000000000000000000E+0000  0.00000000000000000000E+0000  0.00000000000000000000E+0000  0.00000000000000000000E+0000 -1.77194125581781814496E-0006 -2.85998396473003693849E+0000  0.00000000000000000000E+0000  0.00000000000000000000E+0000  0.00000000000000000000E+0000  5.73804115272354779549E-0003
 7.34099999999999999969E-0011  0.00000000000000000000E+0000 -1.84195822918461692566E-0002  3.13125891455702221209E-0003 -1.84195822918461692566E-0002  1.04999999999999999996E+0000  1.44099919390309039603E+0000  1.51454181952581292607E+0000  1.38060617919102702989E+0000  0.00000000000000000000E+0000  2.34433159148802059510E+0002  0.00000000000000000000E+0000  2.48624739275151670982E-0039  2.57287912529676993385E-0002  1.80890737748977457355E-0033  0.00000000000000000000E+0000  2.20227391267721016893E+0002  0.00000000000000000000E+0000  0.00000000000000000000E+0000  2.20227822142096815089E+0002  0.00000000000000000000E+0000  0.00000000000000000000E+0000  0.00000000000000000000E+0000  0.00000000000000000000E+0000  0.00000000000000000000E+0000 -1.80795025982073943748E-0006 -2.86017225512234219797E+0000  0.00000000000000000000E+0000  0.00000000000000000000E+0000  0.00000000000000000000E+0000  5.85451460957091241680E-0003
 7.49800000000000000030E-0011  0.00000000000000000000E+0000 -1.88119242629982824159E-0002  3.19772585528068174533E-0003 -1.88119242629982824159E-0002  1.04999999999999999996E+0000  1.44099929037904611259E+0000  1.51454187281014744171E+0000  1.38060619352312671370E+0000  0.00000000000000000000E+0000  2.34433159148802059510E+0002  0.00000000000000000000E+0000  2.48626288044316690325E-0039  2.57288589717960765395E-0002  1.80890948382112723844E-0033  0.00000000000000000000E+0000  2.20227648919568746388E+0002  0.00000000000000000000E+0000  0.00000000000000000000E+0000  2.20228087121183366145E+0002  0.00000000000000000000E+0000  0.00000000000000000000E+0000  0.00000000000000000000E+0000  0.00000000000000000000E+0000  0.00000000000000000000E+0000 -1.84564118959285437427E-0006 -2.86036102072065385148E+0000  0.00000000000000000000E+0000  0.00000000000000000000E+0000  0.00000000000000000000E+0000  5.97298532779865032512E-0003
 7.65800000000000000011E-0011  0.00000000000000000000E+0000 -1.92099626072424400803E-0002  3.26512956544913442961E-0003 -1.92099626072424400803E-0002  1.04999999999999999996E+0000  1.44099939011133495071E+0000  1.51454192710700350898E+0000  1.38060620834806892286E+0000  0.00000000000000000000E+0000  2.34433159148802059510E+0002  0.00000000000000000000E+0000  2.48627877430208628735E-0039  2.57289279707913823162E-0002  1.80891164066830886527E-0033  0.00000000000000000000E+0000  2.20227911501483182316E+0002  0.00000000000000000000E+0000  0.00000000000000000000E+0000  2.20228357090528846243E+0002  0.00000000000000000000E+0000  0.00000000000000000000E+0000  0.00000000000000000000E+0000  0.00000000000000000000E+0000  0.00000000000000000000E+0000 -1.88376073119252881497E-0006 -2.86055192502347160714E+0000  0.00000000000000000000E+0000  0.00000000000000000000E+0000  0.00000000000000000000E+0000  6.09358070539047994143E-0003
 7.82099999999999999976E-0011  0.00000000000000000000E+0000 -1.96138287961568740715E-0002  3.33350531546730831332E-0003 -1.96138287961568740715E-0002  1.04999999999999999996E+0000  1.44099949317893416025E+0000  1.51454198241606178210E+0000  1.38060622367797782581E+0000  0.00000000000000000000E+0000  2.34433159148802059510E+0002  0.00000000000000000000E+0000  2.48629507671192071935E-0039  2.57289982493116152444E-0002  1.80891384824079063263E-0033  0.00000000000000000000E+0000  2.20228179013746991038E+0002  0.00000000000000000000E+0000  0.00000000000000000000E+0000  2.20228632046619090187E+0002  0.00000000000000000000E+0000  0.00000000000000000000E+0000  0.00000000000000000000E+0000  0.00000000000000000000E+0000  0.00000000000000000000E+0000 -1.92220654071907986111E-0006 -2.86074507988284473586E+0000  0.00000000000000000000E+0000  0.00000000000000000000E+0000  0.00000000000000000000E+0000  6.21623792705507479153E-0003
 7.98800000000000000003E-0011  0.00000000000000000000E+0000 -2.00235830201334921675E-0002  3.40246504687807468142E-0003 -2.00235830201334921675E-0002  1.04999999999999999996E+0000  1.44099960030485870952E+0000  1.51454203907627539918E+0000  1.38060623962082962648E+0000  0.00000000000000000000E+0000  2.34433159148802059510E+0002  0.00000000000000000000E+0000  2.48631189067612744371E-0039  2.57290702377747137396E-0002  1.80891612034087004491E-0033  0.00000000000000000000E+0000  2.20228453097871604782E+0002  0.00000000000000000000E+0000  0.00000000000000000000E+0000  2.20228913672264338230E+0002  0.00000000000000000000E+0000  0.00000000000000000000E+0000  0.00000000000000000000E+0000  0.00000000000000000000E+0000  0.00000000000000000000E+0000 -1.96216184207544407993E-0006 -2.86093901104508602381E+0000  0.00000000000000000000E+0000  0.00000000000000000000E+0000  0.00000000000000000000E+0000  6.34104549752636929106E-0003
 8.15800000000000000015E-0011  0.00000000000000000000E+0000 -2.04393288202113627437E-0002  3.47243730470375526990E-0003 -2.04393288202113627437E-0002  1.04999999999999999996E+0000  1.44099971094002080626E+0000  1.51454209674798841796E+0000  1.38060625609534335745E+0000  0.00000000000000000000E+0000  2.34433159148802059510E+0002  0.00000000000000000000E+0000  2.48632912048654168874E-0039  2.57291435040788688190E-0002  1.80891844379920867331E-0033  0.00000000000000000000E+0000  2.20228732113233900275E+0002  0.00000000000000000000E+0000  0.00000000000000000000E+0000  2.20229200275550529686E+0002  0.00000000000000000000E+0000  0.00000000000000000000E+0000  0.00000000000000000000E+0000  0.00000000000000000000E+0000  0.00000000000000000000E+0000 -2.00232939302453779976E-0006 -2.86113540604026550746E+0000  0.00000000000000000000E+0000  0.00000000000000000000E+0000  0.00000000000000000000E+0000  6.46808148543007049710E-0003
 8.33100000000000000010E-0011  0.00000000000000000000E+0000 -2.08611028047115884323E-0002  3.54328510471355133867E-0003 -2.08611028047115884323E-0002  1.04999999999999999996E+0000  1.44099982516905586580E+0000  1.51454215543085819187E+0000  1.38060627311450797390E+0000  0.00000000000000000000E+0000  2.34433159148802059510E+0002  0.00000000000000000000E+0000  2.48634676833622759859E-0039  2.57292180475408957743E-0002  1.80892081878837435828E-0033  0.00000000000000000000E+0000  2.20229016060136474978E+0002  0.00000000000000000000E+0000  0.00000000000000000000E+0000  2.20229491852717885372E+0002  0.00000000000000000000E+0000  0.00000000000000000000E+0000  0.00000000000000000000E+0000  0.00000000000000000000E+0000  0.00000000000000000000E+0000 -2.04262635154256462784E-0006 -2.86133431834631883411E+0000  0.00000000000000000000E+0000  0.00000000000000000000E+0000  0.00000000000000000000E+0000  6.59730619313730497036E-0003
 8.50699999999999999990E-0011  0.00000000000000000000E+0000 -2.12888225678587454341E-0002  3.61483341384017888350E-0003 -2.12888225678587454341E-0002  1.04999999999999999996E+0000  1.44099994307790069885E+0000  1.51454221512453610294E+0000  1.38060629069152609213E+0000  0.00000000000000000000E+0000  2.34433159148802059510E+0002  0.00000000000000000000E+0000  2.48636483698111378669E-0039  2.57292938673782598867E-0002  1.80892324552708321786E-0033  0.00000000000000000000E+0000  2.20229304938973144537E+0002  0.00000000000000000000E+0000  0.00000000000000000000E+0000  2.20229788399495700651E+0002  0.00000000000000000000E+0000  0.00000000000000000000E+0000  0.00000000000000000000E+0000  0.00000000000000000000E+0000  0.00000000000000000000E+0000 -2.08303689821617640471E-0006 -2.86153570722118406086E+0000  0.00000000000000000000E+0000  0.00000000000000000000E+0000  0.00000000000000000000E+0000  6.72876104595295114080E-0003
 8.68700000000000000031E-0011  0.00000000000000000000E+0000 -2.17225350629515238308E-0002  3.68689365849030273769E-0003 -2.17225350629515238308E-0002  1.04999999999999999996E+0000  1.44100006543441543777E+0000  1.51454227616779285364E+0000  1.38060630894134621013E+0000  0.00000000000000000000E+0000  2.34433159148802059510E+0002  0.00000000000000000000E+0000  2.48638343174565701673E-0039  2.57293713935927868404E-0002  1.80892573800802381881E-0033  0.00000000000000000000E+0000  2.20229600391459283515E+0002  0.00000000000000000000E+0000  0.00000000000000000000E+0000  2.20230091596444737839E+0002  0.00000000000000000000E+0000  0.00000000000000000000E+0000  0.00000000000000000000E+0000  0.00000000000000000000E+0000  0.00000000000000000000E+0000 -2.12476152295287161263E-0006 -2.86173803697918274378E+0000  0.00000000000000000000E+0000  0.00000000000000000000E+0000  0.00000000000000000000E+0000  6.86247039909191497715E-0003
 8.87100000000000000010E-0011  0.00000000000000000000E+0000 -2.21623931422167713463E-0002  3.75978283464116847895E-0003 -2.21623931422167713463E-0002  1.04999999999999999996E+0000  1.44100019234871816129E+0000  1.51454233856017987615E+0000  1.38060632788096650052E+0000  0.00000000000000000000E+0000  2.34433159148802059510E+0002  0.00000000000000000000E+0000  2.48640255718220205140E-0039  2.57294506250810585143E-0002  1.80892829660332411541E-0033  0.00000000000000000000E+0000  2.20229902418197783870E+0002  0.00000000000000000000E+0000  0.00000000000000000000E+0000  2.20230401437586053359E+0002  0.00000000000000000000E+0000  0.00000000000000000000E+0000  0.00000000000000000000E+0000  0.00000000000000000000E+0000  0.00000000000000000000E+0000 -2.16773596120772713407E-0006 -2.86194145098728393957E+0000  0.00000000000000000000E+0000  0.00000000000000000000E+0000  0.00000000000000000000E+0000  6.99851465936800427924E-0003
 9.05899999999999999987E-0011  0.00000000000000000000E+0000 -2.26085904718022825361E-0002  3.83364170856180887956E-0003 -2.26085904718022825361E-0002  1.04999999999999999996E+0000  1.44100032393328947604E+0000  1.51454240230123684933E+0000  1.38060634752779697358E+0000  0.00000000000000000000E+0000  2.34433159148802059510E+0002  0.00000000000000000000E+0000  2.48642221711542521477E-0039  2.57295315608090549300E-0002  1.80893092161332146905E-0033  0.00000000000000000000E+0000  2.20230211019713948667E+0002  0.00000000000000000000E+0000  0.00000000000000000000E+0000  2.20230717917270373468E+0002  0.00000000000000000000E+0000  0.00000000000000000000E+0000  0.00000000000000000000E+0000  0.00000000000000000000E+0000  0.00000000000000000000E+0000 -2.21184226734825830028E-0006 -2.86214614816330158685E+0000  0.00000000000000000000E+0000  0.00000000000000000000E+0000  0.00000000000000000000E+0000  7.13692433651900177836E-0003
 9.25000000000000000012E-0011  0.00000000000000000000E+0000 -2.30611561754764310606E-0002  3.90859180693856760328E-0003 -2.30611561754764310606E-0002  1.04999999999999999996E+0000  1.44100045959150913208E+0000  1.51454246705148958506E+0000  1.38060636779337982398E+0000  0.00000000000000000000E+0000  2.34433159148802059510E+0002  0.00000000000000000000E+0000  2.48644231068867357239E-0039  2.57296137692108615503E-0002  1.80893359936174138732E-0033  0.00000000000000000000E+0000  2.20230524555091275840E+0002  0.00000000000000000000E+0000  0.00000000000000000000E+0000  2.20231039346343488772E+0002  0.00000000000000000000E+0000  0.00000000000000000000E+0000  0.00000000000000000000E+0000  0.00000000000000000000E+0000  0.00000000000000000000E+0000 -2.25575928603896841721E-0006 -2.86235379041472803689E+0000  0.00000000000000000000E+0000  0.00000000000000000000E+0000  0.00000000000000000000E+0000  7.27774352660349048564E-0003
 9.44499999999999999973E-0011  0.00000000000000000000E+0000 -2.35200813590789415154E-0002  3.98408246378831193313E-0003 -2.35200813590789415154E-0002  1.04999999999999999996E+0000  1.44100060013867410126E+0000  1.51454253314950801031E+0000  1.38060638880021210070E+0000  0.00000000000000000000E+0000  2.34433159148802059510E+0002  0.00000000000000000000E+0000  2.48646294478948705525E-0039  2.57296976799324559806E-0002  1.80893634396754048706E-0033  0.00000000000000000000E+0000  2.20230844666172398114E+0002  0.00000000000000000000E+0000  0.00000000000000000000E+0000  2.20231367403392545024E+0002  0.00000000000000000000E+0000  0.00000000000000000000E+0000  0.00000000000000000000E+0000  0.00000000000000000000E+0000  0.00000000000000000000E+0000 -2.30065367198100434114E-0006 -2.86256283733217627564E+0000  0.00000000000000000000E+0000  0.00000000000000000000E+0000  0.00000000000000000000E+0000  7.42096985649821592930E-0003
 9.64399999999999999997E-0011  0.00000000000000000000E+0000 -2.39853949492124159058E-0002  4.06024617167175230437E-0003 -2.39853949492124159058E-0002  1.04999999999999999996E+0000  1.44100074569190268097E+0000  1.51454260059480256368E+0000  1.38060641056664659459E+0000  0.00000000000000000000E+0000  2.34433159148802059510E+0002  0.00000000000000000000E+0000  2.48648412348819414552E-0039  2.57297832917857021498E-0002  1.80893915574267459073E-0033  0.00000000000000000000E+0000  2.20231171353609292488E+0002  0.00000000000000000000E+0000  0.00000000000000000000E+0000  2.20231702081934778828E+0002  0.00000000000000000000E+0000  0.00000000000000000000E+0000  0.00000000000000000000E+0000  0.00000000000000000000E+0000  0.00000000000000000000E+0000 -2.34649061866505577655E-0006 -2.86277334720856616057E+0000  0.00000000000000000000E+0000  0.00000000000000000000E+0000  0.00000000000000000000E+0000  7.56670484998398226768E-0003
 9.84700000000000000021E-0011  0.00000000000000000000E+0000 -2.44572256476197758239E-0002  4.13727960481337775215E-0003 -2.44572256476197758239E-0002  1.04999999999999999996E+0000  1.44100089636978727131E+0000  1.51454266938687257947E+0000  1.38060643311137197888E+0000  0.00000000000000000000E+0000  2.34433159148802059510E+0002  0.00000000000000000000E+0000  2.48650585011533036729E-0039  2.57298706036592890464E-0002  1.80894203492984270982E-0033  0.00000000000000000000E+0000  2.20231504617968626328E+0002  0.00000000000000000000E+0000  0.00000000000000000000E+0000  2.20232043375855268505E+0002  0.00000000000000000000E+0000  0.00000000000000000000E+0000  0.00000000000000000000E+0000  0.00000000000000000000E+0000  0.00000000000000000000E+0000 -2.39317940337922733775E-0006 -2.86298544161378527915E+0000  0.00000000000000000000E+0000  0.00000000000000000000E+0000  0.00000000000000000000E+0000  7.71495015666912131288E-0003
 1.00499999999999999998E-0010  0.00000000000000000000E+0000 -2.49352804911734943787E-0002  4.21597562021630122158E-0003 -2.49352804911734943787E-0002  1.04999999999999999996E+0000  1.44100104927516108619E+0000  1.51454273816989415391E+0000  1.38060645600168336721E+0000  0.00000000000000000000E+0000  2.34433159148802059510E+0002  0.00000000000000000000E+0000  2.48652769972738194831E-0039  2.57299578939893455573E-0002  1.80894492502401869890E-0033  0.00000000000000000000E+0000  2.20231837893232627656E+0002  0.00000000000000000000E+0000  0.00000000000000000000E+0000  2.20232384554044394523E+0002  0.00000000000000000000E+0000  0.00000000000000000000E+0000  0.00000000000000000000E+0000  0.00000000000000000000E+0000  0.00000000000000000000E+0000 -2.43578957906514449793E-0006 -2.86320520239823399461E+0000  0.00000000000000000000E+0000  0.00000000000000000000E+0000  0.00000000000000000000E+0000  7.86565708963351328213E-0003
 1.02599999999999999999E-0010  0.00000000000000000000E+0000 -2.54194743040333279608E-0002  4.29371960480345410658E-0003 -2.54194743040333279608E-0002  1.04999999999999999996E+0000  1.44100120978890644671E+0000  1.51454280931522308165E+0000  1.38060648004427282971E+0000  0.00000000000000000000E+0000  2.34433159148802059510E+0002  0.00000000000000000000E+0000  2.48655042141993265459E-0039  2.57300481729805652162E-0002  1.80894792524321379304E-0033  0.00000000000000000000E+0000  2.20232182670998146462E+0002  0.00000000000000000000E+0000  0.00000000000000000000E+0000  2.20232737381794641748E+0002  0.00000000000000000000E+0000  0.00000000000000000000E+0000  0.00000000000000000000E+0000  0.00000000000000000000E+0000  0.00000000000000000000E+0000 -2.48293271489595425445E-0006 -2.86342149456163391351E+0000  0.00000000000000000000E+0000  0.00000000000000000000E+0000  0.00000000000000000000E+0000  8.01865255216858794987E-0003
 1.04800000000000000002E-0010  0.00000000000000000000E+0000 -2.59104314721651286677E-0002  4.37142090586545944533E-0003 -2.59104314721651286677E-0002  1.04999999999999999996E+0000  1.44100138043140442781E+0000  1.51454288383825157519E+0000  1.38060650561870279821E+0000  0.00000000000000000000E+0000  2.34433159148802059510E+0002  0.00000000000000000000E+0000  2.48657435032145299169E-0039  2.57301427277752471429E-0002  1.80895107932156891654E-0033  0.00000000000000000000E+0000  2.20232543878187585915E+0002  0.00000000000000000000E+0000  0.00000000000000000000E+0000  2.20233106885655628093E+0002  0.00000000000000000000E+0000  0.00000000000000000000E+0000  0.00000000000000000000E+0000  0.00000000000000000000E+0000  0.00000000000000000000E+0000 -2.53823396032062233879E-0006 -2.86363020086321929314E+0000  0.00000000000000000000E+0000  0.00000000000000000000E+0000  0.00000000000000000000E+0000  8.17453414406551466020E-0003
 1.07000000000000000000E-0010  0.00000000000000000000E+0000 -2.64088214731720313677E-0002  4.45296408288283855064E-0003 -2.64088214731720313677E-0002  1.04999999999999999996E+0000  1.44100155359206759192E+0000  1.51454295835092740100E+0000  1.38060653158601345976E+0000  0.00000000000000000000E+0000  2.34433159148802059510E+0002  0.00000000000000000000E+0000  2.48659841019168030648E-0039  2.57302372575361275270E-0002  1.80895424483867909072E-0033  0.00000000000000000000E+0000  2.20232905098433874608E+0002  0.00000000000000000000E+0000  0.00000000000000000000E+0000  2.20233476254630541016E+0002  0.00000000000000000000E+0000  0.00000000000000000000E+0000  0.00000000000000000000E+0000  0.00000000000000000000E+0000  0.00000000000000000000E+0000 -2.58901521477917951804E-0006 -2.86384772024319119582E+0000  0.00000000000000000000E+0000  0.00000000000000000000E+0000  0.00000000000000000000E+0000  8.33334369812993274816E-0003
 1.09199999999999999997E-0010  0.00000000000000000000E+0000 -2.69141425618939226488E-0002  4.53579388428525492915E-0003 -2.69141425618939226488E-0002  1.04999999999999999996E+0000  1.44100172929736253084E+0000  1.51454303285309085892E+0000  1.38060655795125100567E+0000  0.00000000000000000000E+0000  2.34433159148802059510E+0002  0.00000000000000000000E+0000  2.48662259332211767319E-0039  2.57303317630246998080E-0002  1.80895742106382487944E-0033  0.00000000000000000000E+0000  2.20233266330804097977E+0002  0.00000000000000000000E+0000  0.00000000000000000000E+0000  2.20233845492338403044E+0002  0.00000000000000000000E+0000  0.00000000000000000000E+0000  0.00000000000000000000E+0000  0.00000000000000000000E+0000  0.00000000000000000000E+0000 -2.63509847466344154860E-0006 -2.86407373646423520563E+0000  0.00000000000000000000E+0000  0.00000000000000000000E+0000  0.00000000000000000000E+0000  8.49452093598839781986E-0003
 1.11499999999999999998E-0010  0.00000000000000000000E+0000 -2.74259028589542703347E-0002  4.61599587563689837580E-0003 -2.74259028589542703347E-0002  1.04999999999999999996E+0000  1.44100191568054608897E+0000  1.51454311073052862299E+0000  1.38060658593702189473E+0000  0.00000000000000000000E+0000  2.34433159148802059510E+0002  0.00000000000000000000E+0000  2.48664799656312755815E-0039  2.57304305397032544114E-0002  1.80896075210910644871E-0033  0.00000000000000000000E+0000  2.20233643994526497756E+0002  0.00000000000000000000E+0000  0.00000000000000000000E+0000  2.20234231380455443033E+0002  0.00000000000000000000E+0000  0.00000000000000000000E+0000  0.00000000000000000000E+0000  0.00000000000000000000E+0000  0.00000000000000000000E+0000 -2.68900085172586965877E-0006 -2.86429218837434926411E+0000  0.00000000000000000000E+0000  0.00000000000000000000E+0000  0.00000000000000000000E+0000  8.65839832173636296388E-0003
 1.13799999999999999998E-0010  0.00000000000000000000E+0000 -2.79442117942423377540E-0002  4.69874460927804899835E-0003 -2.79442117942423377540E-0002  1.04999999999999999996E+0000  1.44100210478061378555E+0000  1.51454318859660093757E+0000  1.38060661435019344629E+0000  0.00000000000000000000E+0000  2.34433159148802059510E+0002  0.00000000000000000000E+0000  2.48667352963720319186E-0039  2.57305292891641429005E-0002  1.80896409432213858000E-0033  0.00000000000000000000E+0000  2.20234021672459811134E+0002  0.00000000000000000000E+0000  0.00000000000000000000E+0000  2.20234617121312710106E+0002  0.00000000000000000000E+0000  0.00000000000000000000E+0000  0.00000000000000000000E+0000  0.00000000000000000000E+0000  0.00000000000000000000E+0000 -2.73849425867920439633E-0006 -2.86451889496694132083E+0000  0.00000000000000000000E+0000  0.00000000000000000000E+0000  0.00000000000000000000E+0000  8.82541264720802873098E-0003
 1.16200000000000000002E-0010  0.00000000000000000000E+0000 -2.84698473145634427185E-0002  4.78114362413877578578E-0003 -2.84698473145634427185E-0002  1.04999999999999999996E+0000  1.44100230496627987201E+0000  1.51454326983607949020E+0000  1.38060664445091040465E+0000  0.00000000000000000000E+0000  2.34433159148802059510E+0002  0.00000000000000000000E+0000  2.48670029474046616413E-0039  2.57306323057082012692E-0002  1.80896759227330931584E-0033  0.00000000000000000000E+0000  2.20234415783817698162E+0002  0.00000000000000000000E+0000  0.00000000000000000000E+0000  2.20235019489899284395E+0002  0.00000000000000000000E+0000  0.00000000000000000000E+0000  0.00000000000000000000E+0000  0.00000000000000000000E+0000  0.00000000000000000000E+0000 -2.79548020030726635517E-0006 -2.86473857430719175778E+0000  0.00000000000000000000E+0000  0.00000000000000000000E+0000  0.00000000000000000000E+0000  8.99480179451381901945E-0003
 1.18699999999999999996E-0010  0.00000000000000000000E+0000 -2.90032385296380461628E-0002  4.86426492398561991672E-0003 -2.90032385296380461628E-0002  1.04999999999999999996E+0000  1.44100251650952295324E+0000  1.51454335444770310916E+0000  1.38060667628408977677E+0000  0.00000000000000000000E+0000  2.34433159148802059510E+0002  0.00000000000000000000E+0000  2.48672830541468347883E-0039  2.57307395854102320767E-0002  1.80897124706177078543E-0033  0.00000000000000000000E+0000  2.20234826331207079436E+0002  0.00000000000000000000E+0000  0.00000000000000000000E+0000  2.20235438464996692881E+0002  0.00000000000000000000E+0000  0.00000000000000000000E+0000  0.00000000000000000000E+0000  0.00000000000000000000E+0000  0.00000000000000000000E+0000 -2.85984820799012288788E-0006 -2.86495196619223121710E+0000  0.00000000000000000000E+0000  0.00000000000000000000E+0000  0.00000000000000000000E+0000  9.16763116234229293319E-0003
 1.21100000000000000005E-0010  0.00000000000000000000E+0000 -2.95441997717529390587E-0002  4.95337601462023868042E-0003 -2.95441997717529390587E-0002  1.04999999999999999996E+0000  1.44100272250363415651E+0000  1.51454343566237231375E+0000  1.38060670730741226367E+0000  0.00000000000000000000E+0000  2.34433159148802059510E+0002  0.00000000000000000000E+0000  2.48675532858230103436E-0039  2.57308425430294847739E-0002  1.80897476690496701429E-0033  0.00000000000000000000E+0000  2.20235220473430916552E+0002  0.00000000000000000000E+0000  0.00000000000000000000E+0000  2.20235840513557825385E+0002  0.00000000000000000000E+0000  0.00000000000000000000E+0000  0.00000000000000000000E+0000  0.00000000000000000000E+0000  0.00000000000000000000E+0000 -2.90676699081880706414E-0006 -2.86519052503073307385E+0000  0.00000000000000000000E+0000  0.00000000000000000000E+0000  0.00000000000000000000E+0000  9.34362504013054093358E-0003
 1.23600000000000000006E-0010  0.00000000000000000000E+0000 -3.00920201689112484908E-0002  5.03843678473411521085E-0003 -3.00920201689112484908E-0002  1.04999999999999999996E+0000  1.44100294013044646457E+0000  1.51454352024777029744E+0000  1.38060674011094973977E+0000  0.00000000000000000000E+0000  2.34433159148802059510E+0002  0.00000000000000000000E+0000  2.48678359213276436838E-0039  2.57309497630852228801E-0002  1.80897844302599406357E-0033  0.00000000000000000000E+0000  2.20235631050770474873E+0002  0.00000000000000000000E+0000  0.00000000000000000000E+0000  2.20236259163551167689E+0002  0.00000000000000000000E+0000  0.00000000000000000000E+0000  0.00000000000000000000E+0000  0.00000000000000000000E+0000  0.00000000000000000000E+0000 -2.96080707254966550333E-0006 -2.86542198310859643710E+0000  0.00000000000000000000E+0000  0.00000000000000000000E+0000  0.00000000000000000000E+0000  9.52161701200830661555E-0003
 1.26199999999999999996E-0010  0.00000000000000000000E+0000 -3.06462600329651732923E-0002  5.12221235526230292554E-0003 -3.06462600329651732923E-0002  1.04999999999999999996E+0000  1.44100316965284612491E+0000  1.51454360820259340144E+0000  1.38060677473939600799E+0000  0.00000000000000000000E+0000  2.34433159148802059510E+0002  0.00000000000000000000E+0000  2.48681311310938791578E-0039  2.57310612403347951285E-0002  1.80898227679675237723E-0033  0.00000000000000000000E+0000  2.20236058067153887455E+0002  0.00000000000000000000E+0000  0.00000000000000000000E+0000  2.20236694386879231111E+0002  0.00000000000000000000E+0000  0.00000000000000000000E+0000  0.00000000000000000000E+0000  0.00000000000000000000E+0000  0.00000000000000000000E+0000 -3.02246231963939144383E-0006 -2.86564626958300069318E+0000  0.00000000000000000000E+0000  0.00000000000000000000E+0000  0.00000000000000000000E+0000  9.70331030586141880030E-0003
 1.28799999999999999999E-0010  0.00000000000000000000E+0000 -3.12081607158921258473E-0002  5.21044890278203526655E-0003 -3.12081607158921258473E-0002  1.04999999999999999996E+0000  1.44100340237807163246E+0000  1.51454369614320454539E+0000  1.38060680988524756138E+0000  0.00000000000000000000E+0000  2.34433159148802059510E+0002  0.00000000000000000000E+0000  2.48684276278470954557E-0039  2.57311726842287495654E-0002  1.80898612125207118514E-0033  0.00000000000000000000E+0000  2.20236485101003303208E+0002  0.00000000000000000000E+0000  0.00000000000000000000E+0000  2.20237129428132186931E+0002  0.00000000000000000000E+0000  0.00000000000000000000E+0000  0.00000000000000000000E+0000  0.00000000000000000000E+0000  0.00000000000000000000E+0000 -3.07897183484269317372E-0006 -2.86587987232251703790E+0000  0.00000000000000000000E+0000  0.00000000000000000000E+0000  0.00000000000000000000E+0000  9.88807709337932458989E-0003
 1.31500000000000000006E-0010  0.00000000000000000000E+0000 -3.17779610240925418643E-0002  5.29828399761594262024E-0003 -3.17779610240925418643E-0002  1.04999999999999999996E+0000  1.44100364739137095228E+0000  1.51454378745112936983E+0000  1.38060684692519258625E+0000  0.00000000000000000000E+0000  2.34433159148802059510E+0002  0.00000000000000000000E+0000  2.48687367343076109685E-0039  2.57312883819468051680E-0002  1.80899012350684778683E-0033  0.00000000000000000000E+0000  2.20236928574964776581E+0002  0.00000000000000000000E+0000  0.00000000000000000000E+0000  2.20237581023366878141E+0002  0.00000000000000000000E+0000  0.00000000000000000000E+0000  0.00000000000000000000E+0000  0.00000000000000000000E+0000  0.00000000000000000000E+0000 -3.14227849657394566858E-0006 -2.86610734206190609125E+0000  0.00000000000000000000E+0000  0.00000000000000000000E+0000  0.00000000000000000000E+0000  1.00754791775360890980E-0002
 1.34300000000000000002E-0010  0.00000000000000000000E+0000 -3.23558007735532642945E-0002  5.38630114152227036342E-0003 -3.23558007735532642945E-0002  1.04999999999999999996E+0000  1.44100390495203354365E+0000  1.51454388212495707610E+0000  1.38060688590502707394E+0000  0.00000000000000000000E+0000  2.34433159148802059510E+0002  0.00000000000000000000E+0000  2.48690585567988223727E-0039  2.57314083291753474378E-0002  1.80899428435566123779E-0033  0.00000000000000000000E+0000  2.20237388491919574771E+0002  0.00000000000000000000E+0000  0.00000000000000000000E+0000  2.20238049149043404212E+0002  0.00000000000000000000E+0000  0.00000000000000000000E+0000  0.00000000000000000000E+0000  0.00000000000000000000E+0000  0.00000000000000000000E+0000 -3.21232571668286239622E-0006 -2.86632923905357011132E+0000  0.00000000000000000000E+0000  0.00000000000000000000E+0000  0.00000000000000000000E+0000  1.02666494603203738274E-0002
 1.36999999999999999996E-0010  0.00000000000000000000E+0000 -3.29414214997624839089E-0002  5.48001895474169371657E-0003 -3.29414214997624839089E-0002  1.04999999999999999996E+0000  1.44100415666018338043E+0000  1.51454397340206870491E+0000  1.38060692404323034411E+0000  0.00000000000000000000E+0000  2.34433159148802059510E+0002  0.00000000000000000000E+0000  2.48693701630567960516E-0039  2.57315239550933578338E-0002  1.80899830695962793190E-0033  0.00000000000000000000E+0000  2.20237832003543996556E+0002  0.00000000000000000000E+0000  0.00000000000000000000E+0000  2.20238500350863313823E+0002  0.00000000000000000000E+0000  0.00000000000000000000E+0000  0.00000000000000000000E+0000  0.00000000000000000000E+0000  0.00000000000000000000E+0000 -3.26440340924265366994E-0006 -2.86657690545918917712E+0000  0.00000000000000000000E+0000  0.00000000000000000000E+0000  0.00000000000000000000E+0000  1.04612938730127581484E-0002
 1.39899999999999999996E-0010  0.00000000000000000000E+0000 -3.35349910738417272413E-0002  5.56772064756846926173E-0003 -3.35349910738417272413E-0002  1.04999999999999999996E+0000  1.44100443060432540450E+0000  1.51454407142348465782E+0000  1.38060696560179921842E+0000  0.00000000000000000000E+0000  2.34433159148802059510E+0002  0.00000000000000000000E+0000  2.48697059541625751722E-0039  2.57316481122044852110E-0002  1.80900263638515071270E-0033  0.00000000000000000000E+0000  2.20238308382763214796E+0002  0.00000000000000000000E+0000  0.00000000000000000000E+0000  2.20238984788273422274E+0002  0.00000000000000000000E+0000  0.00000000000000000000E+0000  0.00000000000000000000E+0000  0.00000000000000000000E+0000  0.00000000000000000000E+0000 -3.33511596356495324219E-0006 -2.86680294534459620512E+0000  0.00000000000000000000E+0000  0.00000000000000000000E+0000  0.00000000000000000000E+0000  1.06581867088263682196E-0002
 1.42799999999999999995E-0010  0.00000000000000000000E+0000 -3.41358001164420415936E-0002  5.65875364284868277976E-0003 -3.41358001164420415936E-0002  1.04999999999999999996E+0000  1.44100470813295881555E+0000  1.51454416942765990100E+0000  1.38060700775889530956E+0000  0.00000000000000000000E+0000  2.34433159148802059510E+0002  0.00000000000000000000E+0000  2.48700430295933744277E-0039  2.57317722281749880965E-0002  1.80900697602235262311E-0033  0.00000000000000000000E+0000  2.20238784784231836814E+0002  0.00000000000000000000E+0000  0.00000000000000000000E+0000  2.20239468999840167965E+0002  0.00000000000000000000E+0000  0.00000000000000000000E+0000  0.00000000000000000000E+0000  0.00000000000000000000E+0000  0.00000000000000000000E+0000 -3.40039390463829232351E-0006 -2.86703893329784320447E+0000  0.00000000000000000000E+0000  0.00000000000000000000E+0000  0.00000000000000000000E+0000  1.08597892063815249862E-0002
 1.45699999999999999995E-0010  0.00000000000000000000E+0000 -3.47449258828217206751E-0002  5.75289422335998271634E-0003 -3.47449258828217206751E-0002  1.04999999999999999996E+0000  1.44100498922839006242E+0000  1.51454426741434949562E+0000  1.38060705051602946550E+0000  0.00000000000000000000E+0000  2.34433159148802059510E+0002  0.00000000000000000000E+0000  2.48703812664575423414E-0039  2.57318963051519960985E-0002  1.80901132478668593811E-0033  0.00000000000000000000E+0000  2.20239261205409943889E+0002  0.00000000000000000000E+0000  0.00000000000000000000E+0000  2.20239952996217811507E+0002  0.00000000000000000000E+0000  0.00000000000000000000E+0000  0.00000000000000000000E+0000  0.00000000000000000000E+0000  0.00000000000000000000E+0000 -3.45959102170919420347E-0006 -2.86728512188629301098E+0000  0.00000000000000000000E+0000  0.00000000000000000000E+0000  0.00000000000000000000E+0000  1.10639116006027700600E-0002
 1.48699999999999999998E-0010  0.00000000000000000000E+0000 -3.53612455743451164068E-0002  5.84458680237988200325E-0003 -3.53612455743451164068E-0002  1.04999999999999999996E+0000  1.44100528368299514860E+0000  1.51454436876151895186E+0000  1.38060709536950393698E+0000  0.00000000000000000000E+0000  2.34433159148802059510E+0002  0.00000000000000000000E+0000  2.48707322853104310253E-0039  2.57320246212821995473E-0002  1.80901583219097084861E-0033  0.00000000000000000000E+0000  2.20239754074063103131E+0002  0.00000000000000000000E+0000  0.00000000000000000000E+0000  2.20240453464100400055E+0002  0.00000000000000000000E+0000  0.00000000000000000000E+0000  0.00000000000000000000E+0000  0.00000000000000000000E+0000  0.00000000000000000000E+0000 -3.52527208061042750753E-0006 -2.86752516065486666983E+0000  0.00000000000000000000E+0000  0.00000000000000000000E+0000  0.00000000000000000000E+0000  1.12711212436327246788E-0002
 1.51800000000000000004E-0010  0.00000000000000000000E+0000 -3.59851946154334439194E-0002  5.93641028553764042336E-0003 -3.59851946154334439194E-0002  1.04999999999999999996E+0000  1.44100559171515889224E+0000  1.51454447346762078967E+0000  1.38060714236209078397E+0000  0.00000000000000000000E+0000  2.34433159148802059510E+0002  0.00000000000000000000E+0000  2.48710961588427659712E-0039  2.57321571718868818342E-0002  1.80902049867744677149E-0033  0.00000000000000000000E+0000  2.20240263393333481970E+0002  0.00000000000000000000E+0000  0.00000000000000000000E+0000  2.20240970377715246487E+0002  0.00000000000000000000E+0000  0.00000000000000000000E+0000  0.00000000000000000000E+0000  0.00000000000000000000E+0000  0.00000000000000000000E+0000 -3.59739970976107908450E-0006 -2.86775951964309487748E+0000  0.00000000000000000000E+0000  0.00000000000000000000E+0000  0.00000000000000000000E+0000  1.14821335635331400778E-0002
 1.55000000000000000000E-0010  0.00000000000000000000E+0000 -3.66181497472043726627E-0002  6.03027449748547728151E-0003 -3.66181497472043726627E-0002  1.04999999999999999996E+0000  1.44100591353798762335E+0000  1.51454458153104849641E+0000  1.38060719153654402848E+0000  0.00000000000000000000E+0000  2.34433159148802059510E+0002  0.00000000000000000000E+0000  2.48714729162946285329E-0039  2.57322939535170181004E-0002  1.80902532433045072176E-0033  0.00000000000000000000E+0000  2.20240789165003596664E+0002  0.00000000000000000000E+0000  0.00000000000000000000E+0000  2.20241503717559724052E+0002  0.00000000000000000000E+0000  0.00000000000000000000E+0000  0.00000000000000000000E+0000  0.00000000000000000000E+0000  0.00000000000000000000E+0000 -3.67537559571155661175E-0006 -2.86798936172500872174E+0000  0.00000000000000000000E+0000  0.00000000000000000000E+0000  0.00000000000000000000E+0000  1.16968132359176433257E-0002
 1.58199999999999999996E-0010  0.00000000000000000000E+0000 -3.72600816476417184288E-0002  6.12780066695842042178E-0003 -3.72600816476417184288E-0002  1.04999999999999999996E+0000  1.44100623917739712897E+0000  1.51454468957386363312E+0000  1.38060724137670381420E+0000  0.00000000000000000000E+0000  2.34433159148802059510E+0002  0.00000000000000000000E+0000  2.48718508086440515244E-0039  2.57324306881877140647E-0002  1.80903015838626750253E-0033  0.00000000000000000000E+0000  2.20241314961254664534E+0002  0.00000000000000000000E+0000  0.00000000000000000000E+0000  2.20242036797152537092E+0002  0.00000000000000000000E+0000  0.00000000000000000000E+0000  0.00000000000000000000E+0000  0.00000000000000000000E+0000  0.00000000000000000000E+0000 -3.74665305239095884385E-0006 -2.86823079220497543563E+0000  0.00000000000000000000E+0000  0.00000000000000000000E+0000  0.00000000000000000000E+0000  1.19153918518973508034E-0002
 1.61400000000000000005E-0010  0.00000000000000000000E+0000 -3.79101550159905724496E-0002  6.22582626957576166478E-0003 -3.79101550159905724496E-0002  1.04999999999999999996E+0000  1.44100656858364804401E+0000  1.51454479759578277385E+0000  1.38060729188029884904E+0000  0.00000000000000000000E+0000  2.34433159148802059510E+0002  0.00000000000000000000E+0000  2.48722297533819290203E-0039  2.57325673767581864352E-0002  1.80903500008347246455E-0033  0.00000000000000000000E+0000  2.20241840780815949938E+0002  0.00000000000000000000E+0000  0.00000000000000000000E+0000  2.20242569620438281786E+0002  0.00000000000000000000E+0000  0.00000000000000000000E+0000  0.00000000000000000000E+0000  0.00000000000000000000E+0000  0.00000000000000000000E+0000 -3.81127194682132069531E-0006 -2.86848312004290593481E+0000  0.00000000000000000000E+0000  0.00000000000000000000E+0000  0.00000000000000000000E+0000  1.21372188537032068635E-0002
 1.64700000000000000004E-0010  0.00000000000000000000E+0000 -3.85675623702649048839E-0002  6.32072091555822460386E-0003 -3.85675623702649048839E-0002  1.04999999999999999996E+0000  1.44100691210891246471E+0000  1.51454490897151763191E+0000  1.38060734464306175651E+0000  0.00000000000000000000E+0000  2.34433159148802059510E+0002  0.00000000000000000000E+0000  2.48726215421216523574E-0039  2.57327082903190385112E-0002  1.80904000020133545308E-0033  0.00000000000000000000E+0000  2.20242383054939548856E+0002  0.00000000000000000000E+0000  0.00000000000000000000E+0000  2.20243118834860854546E+0002  0.00000000000000000000E+0000  0.00000000000000000000E+0000  0.00000000000000000000E+0000  0.00000000000000000000E+0000  0.00000000000000000000E+0000 -3.88181748850949198123E-0006 -2.86872989223872422123E+0000  0.00000000000000000000E+0000  0.00000000000000000000E+0000  0.00000000000000000000E+0000  1.23624028827367108979E-0002
 1.68099999999999999994E-0010  0.00000000000000000000E+0000 -3.92327079996249447249E-0002  6.41592545262813336703E-0003 -3.92327079996249447249E-0002  1.04999999999999999996E+0000  1.44100726992019133332E+0000  1.51454502369938358536E+0000  1.38060739970257930463E+0000  0.00000000000000000000E+0000  2.34433159148802059510E+0002  0.00000000000000000000E+0000  2.48730262172645009112E-0039  2.57328534238347386494E-0002  1.80904515886366710530E-0033  0.00000000000000000000E+0000  2.20242941787006191789E+0002  0.00000000000000000000E+0000  0.00000000000000000000E+0000  2.20243684412454107047E+0002  0.00000000000000000000E+0000  0.00000000000000000000E+0000  0.00000000000000000000E+0000  0.00000000000000000000E+0000  0.00000000000000000000E+0000 -3.95829437162671746828E-0006 -2.86897144873877373190E+0000  0.00000000000000000000E+0000  0.00000000000000000000E+0000  0.00000000000000000000E+0000  1.25915257452646011040E-0002
 1.71599999999999999999E-0010  0.00000000000000000000E+0000 -3.99068639566022098322E-0002  6.51342117303615774056E-0003 -3.99068639566022098322E-0002  1.04999999999999999996E+0000  1.44100764217438677634E+0000  1.51454514177763774460E+0000  1.38060745709559384213E+0000  0.00000000000000000000E+0000  2.34433159148802059510E+0002  0.00000000000000000000E+0000  2.48734437840657434124E-0039  2.57330027735991576132E-0002  1.80905047590374802926E-0033  0.00000000000000000000E+0000  2.20243516978911763965E+0002  0.00000000000000000000E+0000  0.00000000000000000000E+0000  2.20244266332071375464E+0002  0.00000000000000000000E+0000  0.00000000000000000000E+0000  0.00000000000000000000E+0000  0.00000000000000000000E+0000  0.00000000000000000000E+0000 -4.04014924974082514441E-0006 -2.86920882632525500126E+0000  0.00000000000000000000E+0000  0.00000000000000000000E+0000  0.00000000000000000000E+0000  1.28243994318026468306E-0002
 1.75100000000000000005E-0010  0.00000000000000000000E+0000 -4.05898834882973933398E-0002  6.61460843442677682010E-0003 -4.05898834882973933398E-0002  1.04999999999999999996E+0000  1.44100801826960408342E+0000  1.51454525983157866416E+0000  1.38060751519690795054E+0000  0.00000000000000000000E+0000  2.34433159148802059510E+0002  0.00000000000000000000E+0000  2.48738623124884018056E-0039  2.57331520686577514799E-0002  1.80905579919115424030E-0033  0.00000000000000000000E+0000  2.20244092199332176421E+0002  0.00000000000000000000E+0000  0.00000000000000000000E+0000  2.20244847946222555707E+0002  0.00000000000000000000E+0000  0.00000000000000000000E+0000  0.00000000000000000000E+0000  0.00000000000000000000E+0000  0.00000000000000000000E+0000 -4.11490894403108205040E-0006 -2.86945802842373687345E+0000  0.00000000000000000000E+0000  0.00000000000000000000E+0000  0.00000000000000000000E+0000  1.30612715525831111609E-0002
 1.78700000000000000000E-0010  0.00000000000000000000E+0000 -4.12816932624481451808E-0002  6.71417764390364855679E-0003 -4.12816932624481451808E-0002  1.04999999999999999996E+0000  1.44100840897039294132E+0000  1.51454538123309547838E+0000  1.38060757567939142729E+0000  0.00000000000000000000E+0000  2.34433159148802059510E+0002  0.00000000000000000000E+0000  2.48742936759562967003E-0039  2.57333055755389537829E-0002  1.80906128003766189000E-0033  0.00000000000000000000E+0000  2.20244683880893164923E+0002  0.00000000000000000000E+0000  0.00000000000000000000E+0000  2.20245445876219710743E+0002  0.00000000000000000000E+0000  0.00000000000000000000E+0000  0.00000000000000000000E+0000  0.00000000000000000000E+0000  0.00000000000000000000E+0000 -4.19461781339596918572E-0006 -2.86970323022930480332E+0000  0.00000000000000000000E+0000  0.00000000000000000000E+0000  0.00000000000000000000E+0000  1.33015189067045054272E-0002
 1.82399999999999999999E-0010  0.00000000000000000000E+0000 -4.19819884574181403358E-0002  6.81320514795974583049E-0003 -4.19819884574181403358E-0002  1.04999999999999999996E+0000  1.44100881439287143088E+0000  1.51454550598035545634E+0000  1.38060763857475978704E+0000  0.00000000000000000000E+0000  2.34433159148802059510E+0002  0.00000000000000000000E+0000  2.48747378905593373041E-0039  2.57334632888401624300E-0002  1.80906691828633496870E-0033  0.00000000000000000000E+0000  2.20245292027198893869E+0002  0.00000000000000000000E+0000  0.00000000000000000000E+0000  2.20246060091848599546E+0002  0.00000000000000000000E+0000  0.00000000000000000000E+0000  0.00000000000000000000E+0000  0.00000000000000000000E+0000  0.00000000000000000000E+0000 -4.27936137557406775590E-0006 -2.86994456867131765305E+0000  0.00000000000000000000E+0000  0.00000000000000000000E+0000  0.00000000000000000000E+0000  1.35461888515137149285E-0002
 1.86200000000000000001E-0010  0.00000000000000000000E+0000 -4.26918529849218309821E-0002  6.91373570691557948842E-0003 -4.26918529849218309821E-0002  1.04999999999999999996E+0000  1.44100923463959124766E+0000  1.51454563407146894024E+0000  1.38060770391316890845E+0000  0.00000000000000000000E+0000  2.34433159148802059510E+0002  0.00000000000000000000E+0000  2.48751949407522452971E-0039  2.57336252045703893664E-0002  1.80907271354779516889E-0033  0.00000000000000000000E+0000  2.20245916640263904709E+0002  0.00000000000000000000E+0000  0.00000000000000000000E+0000  2.20246690570170139789E+0002  0.00000000000000000000E+0000  0.00000000000000000000E+0000  0.00000000000000000000E+0000  0.00000000000000000000E+0000  0.00000000000000000000E+0000 -4.36866541133966837684E-0006 -2.87018288915992249646E+0000  0.00000000000000000000E+0000  0.00000000000000000000E+0000  0.00000000000000000000E+0000  1.37950532470981988829E-0002
 1.90000000000000000003E-0010  0.00000000000000000000E+0000 -4.34110650640688156988E-0002  7.01772754746506534546E-0003 -4.34110650640688156988E-0002  1.04999999999999999996E+0000  1.44100965864064111158E+0000  1.51454576213448382127E+0000  1.38060776998377181236E+0000  0.00000000000000000000E+0000  2.34433159148802059510E+0002  0.00000000000000000000E+0000  2.48756527782693869534E-0039  2.57337870576859599977E-0002  1.80907851287459064988E-0033  0.00000000000000000000E+0000  2.20246541285809842206E+0002  0.00000000000000000000E+0000  0.00000000000000000000E+0000  2.20247320696689308644E+0002  0.00000000000000000000E+0000  0.00000000000000000000E+0000  0.00000000000000000000E+0000  0.00000000000000000000E+0000  0.00000000000000000000E+0000 -4.45015657239151147420E-0006 -2.87043402695784081427E+0000  0.00000000000000000000E+0000  0.00000000000000000000E+0000  0.00000000000000000000E+0000  1.40482577904238032062E-0002
 1.93899999999999999995E-0010  0.00000000000000000000E+0000 -4.41395169075565687133E-0002  7.12024403127628760598E-0003 -4.41395169075565687133E-0002  1.04999999999999999996E+0000  1.44101009752572066047E+0000  1.51454589353830497249E+0000  1.38060783853142429137E+0000  0.00000000000000000000E+0000  2.34433159148802059510E+0002  0.00000000000000000000E+0000  2.48761233657739479916E-0039  2.57339531084354577802E-0002  1.80908446808424507280E-0033  0.00000000000000000000E+0000  2.20247182399478903178E+0002  0.00000000000000000000E+0000  0.00000000000000000000E+0000  2.20247967057320107487E+0002  0.00000000000000000000E+0000  0.00000000000000000000E+0000  0.00000000000000000000E+0000  0.00000000000000000000E+0000  0.00000000000000000000E+0000 -4.53592081974859069209E-0006 -2.87068203531558682794E+0000  0.00000000000000000000E+0000  0.00000000000000000000E+0000  0.00000000000000000000E+0000  1.43050541830793804601E-0002
 1.97900000000000000003E-0010  0.00000000000000000000E+0000 -4.48767437281391311422E-0002  7.22230057908565513521E-0003 -4.48767437281391311422E-0002  1.04999999999999999996E+0000  1.44101055135019297465E+0000  1.51454602828096272478E+0000  1.38060790957953933883E+0000  0.00000000000000000000E+0000  2.34433159148802059510E+0002  0.00000000000000000000E+0000  2.48766066912683859397E-0039  2.57341233510667162945E-0002  1.80909057871917093937E-0033  0.00000000000000000000E+0000  2.20247839985082036113E+0002  0.00000000000000000000E+0000  0.00000000000000000000E+0000  2.20248629619673559163E+0002  0.00000000000000000000E+0000  0.00000000000000000000E+0000  0.00000000000000000000E+0000  0.00000000000000000000E+0000  0.00000000000000000000E+0000 -4.62609729935273892540E-0006 -2.87092691470077299490E+0000  0.00000000000000000000E+0000  0.00000000000000000000E+0000  0.00000000000000000000E+0000  1.45664802166049785374E-0002
 2.01899999999999999998E-0010  0.00000000000000000000E+0000 -4.56229344694639003589E-0002  7.32776889437053584778E-0003 -4.56229344694639003589E-0002  1.04999999999999999996E+0000  1.44101100872058316262E+0000  1.51454616299271417851E+0000  1.38060798135466750028E+0000  0.00000000000000000000E+0000  2.34433159148802059510E+0002  0.00000000000000000000E+0000  2.48770906347993507821E-0039  2.57342935252607892485E-0002  1.80909669140113089318E-0033  0.00000000000000000000E+0000  2.20248497605986269160E+0002  0.00000000000000000000E+0000  0.00000000000000000000E+0000  2.20249291795774522415E+0002  0.00000000000000000000E+0000  0.00000000000000000000E+0000  0.00000000000000000000E+0000  0.00000000000000000000E+0000  0.00000000000000000000E+0000 -4.70834715370337079978E-0006 -2.87118446581482050697E+0000  0.00000000000000000000E+0000  0.00000000000000000000E+0000  0.00000000000000000000E+0000  1.48322416726022162295E-0002
 2.06100000000000000000E-0010  0.00000000000000000000E+0000 -4.63788440445615114790E-0002  7.43024034739345575706E-0003 -4.63788440445615114790E-0002  1.04999999999999999996E+0000  1.44101149252275086653E+0000  1.51454630440707013663E+0000  1.38060805746349845831E+0000  0.00000000000000000000E+0000  2.34433159148802059510E+0002  0.00000000000000000000E+0000  2.48775993060611841299E-0039  2.57344721407944331780E-0002  1.80910311094584337504E-0033  0.00000000000000000000E+0000  2.20249188139724470334E+0002  0.00000000000000000000E+0000  0.00000000000000000000E+0000  2.20249986697849189421E+0002  0.00000000000000000000E+0000  0.00000000000000000000E+0000  0.00000000000000000000E+0000  0.00000000000000000000E+0000  0.00000000000000000000E+0000 -4.80666047467149091044E-0006 -2.87142365294647919599E+0000  0.00000000000000000000E+0000  0.00000000000000000000E+0000  0.00000000000000000000E+0000  1.51015001432119588665E-0002
 2.10300000000000000001E-0010  0.00000000000000000000E+0000 -4.71436008704802656141E-0002  7.53675412796115871716E-0003 -4.71436008704802656141E-0002  1.04999999999999999996E+0000  1.44101197973090521627E+0000  1.51454644578796816497E+0000  1.38060813429851618288E+0000  0.00000000000000000000E+0000  2.34433159148802059510E+0002  0.00000000000000000000E+0000  2.48781084859228229599E-0039  2.57346506808884604143E-0002  1.80910953103400564451E-0033  0.00000000000000000000E+0000  2.20249878713234864644E+0002  0.00000000000000000000E+0000  0.00000000000000000000E+0000  2.20250681173438841595E+0002  0.00000000000000000000E+0000  0.00000000000000000000E+0000  0.00000000000000000000E+0000  0.00000000000000000000E+0000  0.00000000000000000000E+0000 -4.89682377063897840920E-0006 -2.87167611121887029709E+0000  0.00000000000000000000E+0000  0.00000000000000000000E+0000  0.00000000000000000000E+0000  1.53763430746574254202E-0002
 2.14600000000000000005E-0010  0.00000000000000000000E+0000 -4.79185343614282465681E-0002  7.64350245752029936417E-0003 -4.79185343614282465681E-0002  1.04999999999999999996E+0000  1.44101248185431768801E+0000  1.51454659050032300219E+0000  1.38060821368504852379E+0000  0.00000000000000000000E+0000  2.34433159148802059510E+0002  0.00000000000000000000E+0000  2.48786301970612483728E-0039  2.57348333991467088981E-0002  1.80911610366992304893E-0033  0.00000000000000000000E+0000  2.20250585764280442366E+0002  0.00000000000000000000E+0000  0.00000000000000000000E+0000  2.20251391770048695909E+0002  0.00000000000000000000E+0000  0.00000000000000000000E+0000  0.00000000000000000000E+0000  0.00000000000000000000E+0000  0.00000000000000000000E+0000 -4.99038287405380696411E-0006 -2.87192654495897429926E+0000  0.00000000000000000000E+0000  0.00000000000000000000E+0000  0.00000000000000000000E+0000  1.56546133132552758983E-0002
 2.19000000000000000000E-0010  0.00000000000000000000E+0000 -4.87025588133526014640E-0002  7.74959745284132214308E-0003 -4.87025588133526014640E-0002  1.04999999999999999996E+0000  1.44101299886654542399E+0000  1.51454673854198835039E+0000  1.38060829563365538989E+0000  0.00000000000000000000E+0000  2.34433159148802059510E+0002  0.00000000000000000000E+0000  2.48791643898967800575E-0039  2.57350202893675850084E-0002  1.80912282798870621638E-0033  0.00000000000000000000E+0000  2.20251309296919568395E+0002  0.00000000000000000000E+0000  0.00000000000000000000E+0000  2.20252118452461463513E+0002  0.00000000000000000000E+0000  0.00000000000000000000E+0000  0.00000000000000000000E+0000  0.00000000000000000000E+0000  0.00000000000000000000E+0000 -5.08754652155258250066E-0006 -2.87217478816899839523E+0000  0.00000000000000000000E+0000  0.00000000000000000000E+0000  0.00000000000000000000E+0000  1.59377627480250070598E-0002
 2.23499999999999999998E-0010  0.00000000000000000000E+0000 -4.94964224698045477039E-0002  7.85665380333322092816E-0003 -4.94964224698045477039E-0002  1.04999999999999999996E+0000  1.44101353072440937239E+0000  1.51454688991076650455E+0000  1.38060838015212494138E+0000  0.00000000000000000000E+0000  2.34433159148802059510E+0002  0.00000000000000000000E+0000  2.48797109971852080899E-0039  2.57352113469709326597E-0002  1.80912970304087035922E-0033  0.00000000000000000000E+0000  2.20252049313362687086E+0002  0.00000000000000000000E+0000  0.00000000000000000000E+0000  2.20252861193908876777E+0002  0.00000000000000000000E+0000  0.00000000000000000000E+0000  0.00000000000000000000E+0000  0.00000000000000000000E+0000  0.00000000000000000000E+0000 -5.18796599349575589056E-0006 -2.87242139515515978424E+0000  0.00000000000000000000E+0000  0.00000000000000000000E+0000  0.00000000000000000000E+0000  1.62255415447521876156E-0002
 2.27999999999999999996E-0010  0.00000000000000000000E+0000 -5.02996959297756628301E-0002  7.96675534871766486299E-0003 -5.02996959297756628301E-0002  1.04999999999999999996E+0000  1.44101406548787861232E+0000  1.51454704124158396749E+0000  1.38060846535221665621E+0000  0.00000000000000000000E+0000  2.34433159148802059510E+0002  0.00000000000000000000E+0000  2.48802577995413538968E-0039  2.57354023215414770133E-0002  1.80913657504402662562E-0033  0.00000000000000000000E+0000  2.20252789372048516314E+0002  0.00000000000000000000E+0000  0.00000000000000000000E+0000  2.20253603462370277491E+0002  0.00000000000000000000E+0000  0.00000000000000000000E+0000  0.00000000000000000000E+0000  0.00000000000000000000E+0000  0.00000000000000000000E+0000 -5.27945088041028968252E-0006 -2.87268193419921229670E+0000  0.00000000000000000000E+0000  0.00000000000000000000E+0000  0.00000000000000000000E+0000  1.65180371084068540924E-0002
 2.32700000000000000000E-0010  0.00000000000000000000E+0000 -5.11130083732638202031E-0002  8.07341672147515201722E-0003 -5.11130083732638202031E-0002  1.04999999999999999996E+0000  1.44101462684229461315E+0000  1.51454719925795994163E+0000  1.38060855502157444556E+0000  0.00000000000000000000E+0000  2.34433159148802059510E+0002  0.00000000000000000000E+0000  2.48808290095510551867E-0039  2.57356017019294620053E-0002  1.80914374856946719942E-0033  0.00000000000000000000E+0000  2.20253562360566239431E+0002  0.00000000000000000000E+0000  0.00000000000000000000E+0000  2.20254378250781863019E+0002  0.00000000000000000000E+0000  0.00000000000000000000E+0000  0.00000000000000000000E+0000  0.00000000000000000000E+0000  0.00000000000000000000E+0000 -5.38599574817379445457E-0006 -2.87292523194022945379E+0000  0.00000000000000000000E+0000  0.00000000000000000000E+0000  0.00000000000000000000E+0000  1.68143028697257149039E-0002
 2.37399999999999999991E-0010  0.00000000000000000000E+0000 -5.19351912391227314756E-0002  8.18373599017347530335E-0003 -5.19351912391227314756E-0002  1.04999999999999999996E+0000  1.44101519081579054846E+0000  1.51454735723354013983E+0000  1.38060864534439222404E+0000  0.00000000000000000000E+0000  2.34433159148802059510E+0002  0.00000000000000000000E+0000  2.48814002439261256068E-0039  2.57358009915995405371E-0002  1.80915091686929986416E-0033  0.00000000000000000000E+0000  2.20254335396084124199E+0002  0.00000000000000000000E+0000  0.00000000000000000000E+0000  2.20255152521557145476E+0002  0.00000000000000000000E+0000  0.00000000000000000000E+0000  0.00000000000000000000E+0000  0.00000000000000000000E+0000  0.00000000000000000000E+0000 -5.48355116863800687200E-0006 -2.87318267802505086079E+0000  0.00000000000000000000E+0000  0.00000000000000000000E+0000  0.00000000000000000000E+0000  1.71164844083766037121E-0002
 2.42299999999999999988E-0010  0.00000000000000000000E+0000 -5.27683772553734875076E-0002  8.29242744056974060456E-0003 -5.27683772553734875076E-0002  1.04999999999999999996E+0000  1.44101578129303880909E+0000  1.51454752188829703532E+0000  1.38060874015909066141E+0000  0.00000000000000000000E+0000  2.34433159148802059510E+0002  0.00000000000000000000E+0000  2.48819957171009847270E-0039  2.57360086738519446329E-0002  1.80915838418995190755E-0033  0.00000000000000000000E+0000  2.20255141367677268971E+0002  0.00000000000000000000E+0000  0.00000000000000000000E+0000  2.20255959235002025609E+0002  0.00000000000000000000E+0000  0.00000000000000000000E+0000  0.00000000000000000000E+0000  0.00000000000000000000E+0000  0.00000000000000000000E+0000 -5.59555568227912581208E-0006 -2.87342378508019935762E+0000  0.00000000000000000000E+0000  0.00000000000000000000E+0000  0.00000000000000000000E+0000  1.74222051648801090695E-0002
 2.47200000000000000011E-0010  0.00000000000000000000E+0000 -5.36108194609233073033E-0002  8.40462093766883649600E-0003 -5.36108194609233073033E-0002  1.04999999999999999996E+0000  1.44101637405723465523E+0000  1.51454768649928268843E+0000  1.38060883558960586050E+0000  0.00000000000000000000E+0000  2.34433159148802059510E+0002  0.00000000000000000000E+0000  2.48825910191837996375E-0039  2.57362162592104778808E-0002  1.80916584394036412765E-0033  0.00000000000000000000E+0000  2.20255947389126205682E+0002  0.00000000000000000000E+0000  0.00000000000000000000E+0000  2.20256765393824433877E+0002  0.00000000000000000000E+0000  0.00000000000000000000E+0000  0.00000000000000000000E+0000  0.00000000000000000000E+0000  0.00000000000000000000E+0000 -5.69804070400811522055E-0006 -2.87367980955815785797E+0000  0.00000000000000000000E+0000  0.00000000000000000000E+0000  0.00000000000000000000E+0000  1.77340543689961192374E-0002
 2.52299999999999999989E-0010  0.00000000000000000000E+0000 -5.44645436961427612815E-0002  8.51477824722231319692E-0003 -5.44645436961427612815E-0002  1.04999999999999999996E+0000  1.44101699315791587509E+0000  1.51454785778282811004E+0000  1.38060893551973853683E+0000  0.00000000000000000000E+0000  2.34433159148802059510E+0002  0.00000000000000000000E+0000  2.48832103573459304196E-0039  2.57364322234618914194E-0002  1.80917359983621682143E-0033  0.00000000000000000000E+0000  2.20256786353016736649E+0002  0.00000000000000000000E+0000  0.00000000000000000000E+0000  2.20257603915097757416E+0002  0.00000000000000000000E+0000  0.00000000000000000000E+0000  0.00000000000000000000E+0000  0.00000000000000000000E+0000  0.00000000000000000000E+0000 -5.81446423435495678563E-0006 -2.87392018728808845978E+0000  0.00000000000000000000E+0000  0.00000000000000000000E+0000  0.00000000000000000000E+0000  1.80496506123234926247E-0002
 2.57399999999999999993E-0010  0.00000000000000000000E+0000 -5.53276984642642401352E-0002  8.62816673473133909563E-0003 -5.53276984642642401352E-0002  1.04999999999999999996E+0000  1.44101761417140570936E+0000  1.51454802901949893347E+0000  1.38060903601849687284E+0000  0.00000000000000000000E+0000  2.34433159148802059510E+0002  0.00000000000000000000E+0000  2.48838293104692461265E-0039  2.57366480843891082388E-0002  1.80918134561021833798E-0033  0.00000000000000000000E+0000  2.20257625369660416673E+0002  0.00000000000000000000E+0000  0.00000000000000000000E+0000  2.20258441843096220009E+0002  0.00000000000000000000E+0000  0.00000000000000000000E+0000  0.00000000000000000000E+0000  0.00000000000000000000E+0000  0.00000000000000000000E+0000 -5.92093039531479489449E-0006 -2.87417605999134124855E+0000  0.00000000000000000000E+0000  0.00000000000000000000E+0000  0.00000000000000000000E+0000  1.83715741257638415818E-0002
 2.62700000000000000002E-0010  0.00000000000000000000E+0000 -5.62023198369881955136E-0002  8.73954064783132589702E-0003 -5.62023198369881955136E-0002  1.04999999999999999996E+0000  1.44101826127774274293E+0000  1.51454820692188771845E+0000  1.38060914100946065491E+0000  0.00000000000000000000E+0000  2.34433159148802059510E+0002  0.00000000000000000000E+0000  2.48844720633830708504E-0039  2.57368723100854404303E-0002  1.80918938428441694453E-0033  0.00000000000000000000E+0000  2.20258497335211392676E+0002  0.00000000000000000000E+0000  0.00000000000000000000E+0000  2.20259312050487996437E+0002  0.00000000000000000000E+0000  0.00000000000000000000E+0000  0.00000000000000000000E+0000  0.00000000000000000000E+0000  0.00000000000000000000E+0000 -6.04090758926507968884E-0006 -2.87441680657184486097E+0000  0.00000000000000000000E+0000  0.00000000000000000000E+0000  0.00000000000000000000E+0000  1.86973432704971188003E-0002
 2.68000000000000000012E-0010  0.00000000000000000000E+0000 -5.70864403541417255034E-0002  8.85413683823418207914E-0003 -5.70864403541417255034E-0002  1.04999999999999999996E+0000  1.44101890988540060577E+0000  1.51454838477418284655E+0000  1.38060924651248906933E+0000  0.00000000000000000000E+0000  2.34433159148802059510E+0002  0.00000000000000000000E+0000  2.48851141996095105289E-0039  2.57370964257998184968E-0002  1.80919741008783601449E-0033  0.00000000000000000000E+0000  2.20259369356431898679E+0002  0.00000000000000000000E+0000  0.00000000000000000000E+0000  2.20260181624431793088E+0002  0.00000000000000000000E+0000  0.00000000000000000000E+0000  0.00000000000000000000E+0000  0.00000000000000000000E+0000  0.00000000000000000000E+0000 -6.15056608690256127124E-0006 -2.87467346906247614977E+0000  0.00000000000000000000E+0000  0.00000000000000000000E+0000  0.00000000000000000000E+0000  1.90295581654194206299E-0002
 2.73500000000000000002E-0010  0.00000000000000000000E+0000 -5.79820954900232135777E-0002  8.96676185344617927089E-0003 -5.79820954900232135777E-0002  1.04999999999999999996E+0000  1.44101958427093150810E+0000  1.51454856928514030223E+0000  1.38060935648517887659E+0000  0.00000000000000000000E+0000  2.34433159148802059510E+0002  0.00000000000000000000E+0000  2.48857798665125673517E-0039  2.57373288917468706962E-0002  1.80920572518469005040E-0033  0.00000000000000000000E+0000  2.20260274333099682037E+0002  0.00000000000000000000E+0000  0.00000000000000000000E+0000  2.20261083391982501051E+0002  0.00000000000000000000E+0000  0.00000000000000000000E+0000  0.00000000000000000000E+0000  0.00000000000000000000E+0000  0.00000000000000000000E+0000 -6.27337701430439117545E-0006 -2.87491538638723757989E+0000  0.00000000000000000000E+0000  0.00000000000000000000E+0000  0.00000000000000000000E+0000  1.93656663692073795072E-0002
 2.79099999999999999995E-0010  0.00000000000000000000E+0000 -5.88879717159553430027E-0002  9.08071164365902903216E-0003 -5.88879717159553430027E-0002  1.04999999999999999996E+0000  1.44102027198929516527E+0000  1.51454875709636224094E+0000  1.38060946891118453304E+0000  0.00000000000000000000E+0000  2.34433159148802059510E+0002  0.00000000000000000000E+0000  2.48864567696089373239E-0039  2.57375654674946016413E-0002  1.80921417563116143113E-0033  0.00000000000000000000E+0000  2.20261195821303202277E+0002  0.00000000000000000000E+0000  0.00000000000000000000E+0000  2.20262000879256729463E+0002  0.00000000000000000000E+0000  0.00000000000000000000E+0000  0.00000000000000000000E+0000  0.00000000000000000000E+0000  0.00000000000000000000E+0000 -6.39735713982991139785E-0006 -2.87515846380912949167E+0000  0.00000000000000000000E+0000  0.00000000000000000000E+0000  0.00000000000000000000E+0000  1.97082477962243426125E-0002
 2.84699999999999999989E-0010  0.00000000000000000000E+0000 -5.98047133719496193755E-0002  9.19857280254139355156E-0003 -5.98047133719496193755E-0002  1.04999999999999999996E+0000  1.44102096053288912026E+0000  1.51454894485242705989E+0000  1.38060958174782531132E+0000  0.00000000000000000000E+0000  2.34433159148802059510E+0002  0.00000000000000000000E+0000  2.48871326915114479089E-0039  2.57378019248702168052E-0002  1.80922260899251591043E-0033  0.00000000000000000000E+0000  2.20262117367284172342E+0002  0.00000000000000000000E+0000  0.00000000000000000000E+0000  2.20262917680759607517E+0002  0.00000000000000000000E+0000  0.00000000000000000000E+0000  0.00000000000000000000E+0000  0.00000000000000000000E+0000  0.00000000000000000000E+0000 -6.51007799001641682055E-0006 -2.87541851625103410265E+0000  0.00000000000000000000E+0000  0.00000000000000000000E+0000  0.00000000000000000000E+0000  2.00559921053656917794E-0002
 2.90499999999999999988E-0010  0.00000000000000000000E+0000 -6.07324084323515576152E-0002  9.31267319192601581741E-0003 -6.07324084323515576152E-0002  1.04999999999999999996E+0000  1.44102167426068861634E+0000  1.51454913925615017279E+0000  1.38060969899266740540E+0000  0.00000000000000000000E+0000  2.34433159148802059510E+0002  0.00000000000000000000E+0000  2.48878316802383831406E-0039  2.57380467098578105817E-0002  1.80923132556770891586E-0033  0.00000000000000000000E+0000  2.20263071878641273640E+0002  0.00000000000000000000E+0000  0.00000000000000000000E+0000  2.20263866541796872286E+0002  0.00000000000000000000E+0000  0.00000000000000000000E+0000  0.00000000000000000000E+0000  0.00000000000000000000E+0000  0.00000000000000000000E+0000 -6.63556451651499251089E-0006 -2.87566409921256427155E+0000  0.00000000000000000000E+0000  0.00000000000000000000E+0000  0.00000000000000000000E+0000  2.04080381964309364971E-0002
 2.96399999999999999991E-0010  0.00000000000000000000E+0000 -6.16699659987201493729E-0002  9.42778253615292089431E-0003 -6.16699659987201493729E-0002  1.04999999999999999996E+0000  1.44102240063933967492E+0000  1.51454933695194751816E+0000  1.38060981859656977549E+0000  0.00000000000000000000E+0000  2.34433159148802059510E+0002  0.00000000000000000000E+0000  2.48885414524371556837E-0039  2.57382955877307642337E-0002  1.80924017186417992025E-0033  0.00000000000000000000E+0000  2.20264042908782370717E+0002  0.00000000000000000000E+0000  0.00000000000000000000E+0000  2.20264831021316451629E+0002  0.00000000000000000000E+0000  0.00000000000000000000E+0000  0.00000000000000000000E+0000  0.00000000000000000000E+0000  0.00000000000000000000E+0000 -6.76188460292041553672E-0006 -2.87591102724482845592E+0000  0.00000000000000000000E+0000  0.00000000000000000000E+0000  0.00000000000000000000E+0000  2.07666400583140683567E-0002
 3.02499999999999999999E-0010  0.00000000000000000000E+0000 -6.26196516693185764913E-0002  9.54341588773767637353E-0003 -6.26196516693185764913E-0002  1.04999999999999999996E+0000  1.44102315172905325697E+0000  1.51454954128664554653E+0000  1.38060994255376205176E+0000  0.00000000000000000000E+0000  2.34433159148802059510E+0002  0.00000000000000000000E+0000  2.48892738946090052050E-0039  2.57385527731036385984E-0002  1.80924929611705500106E-0033  0.00000000000000000000E+0000  2.20265046914595633912E+0002  0.00000000000000000000E+0000  0.00000000000000000000E+0000  2.20265827442020267049E+0002  0.00000000000000000000E+0000  0.00000000000000000000E+0000  0.00000000000000000000E+0000  0.00000000000000000000E+0000  0.00000000000000000000E+0000 -6.90016783785524267762E-0006 -2.87614498067601214912E+0000  0.00000000000000000000E+0000  0.00000000000000000000E+0000  0.00000000000000000000E+0000  2.11302064684835223935E-0002
 3.08600000000000000008E-0010  0.00000000000000000000E+0000 -6.35801334101971729482E-0002  9.66339579778479544367E-0003 -6.35801334101971729482E-0002  1.04999999999999999996E+0000  1.44102390265282450624E+0000  1.51454974555788870105E+0000  1.38061006676152260358E+0000  0.00000000000000000000E+0000  2.34433159148802059510E+0002  0.00000000000000000000E+0000  2.48900047519933898332E-0039  2.57388098209486589967E-0002  1.80925839597033254457E-0033  0.00000000000000000000E+0000  2.20266050987525268429E+0002  0.00000000000000000000E+0000  0.00000000000000000000E+0000  2.20266823062075462969E+0002  0.00000000000000000000E+0000  0.00000000000000000000E+0000  0.00000000000000000000E+0000  0.00000000000000000000E+0000  0.00000000000000000000E+0000 -7.02631674708688460108E-0006 -2.87639729490748788463E+0000  0.00000000000000000000E+0000  0.00000000000000000000E+0000  0.00000000000000000000E+0000  2.15004369206452496390E-0002
 3.14899999999999999997E-0010  0.00000000000000000000E+0000 -6.45528791263478915141E-0002  9.78079347470458202964E-0003 -6.45528791263478915141E-0002  1.04999999999999999996E+0000  1.44102467776001203241E+0000  1.51454995646010671278E+0000  1.38061019524862958687E+0000  0.00000000000000000000E+0000  2.34433159148802059510E+0002  0.00000000000000000000E+0000  2.48907579174323370810E-0039  2.57390751622017536182E-0002  1.80926776922183382227E-0033  0.00000000000000000000E+0000  2.20267088040495752452E+0002  0.00000000000000000000E+0000  0.00000000000000000000E+0000  2.20267850537837085498E+0002  0.00000000000000000000E+0000  0.00000000000000000000E+0000  0.00000000000000000000E+0000  0.00000000000000000000E+0000  0.00000000000000000000E+0000 -7.16385397052216575447E-0006 -2.87663709575052745928E+0000  0.00000000000000000000E+0000  0.00000000000000000000E+0000  0.00000000000000000000E+0000  2.18750173720047033069E-0002
 3.21299999999999999990E-0010  0.00000000000000000000E+0000 -6.55361022056228149335E-0002  9.89864485949316315511E-0003 -6.55361022056228149335E-0002  1.04999999999999999996E+0000  1.44102546446602045277E+0000  1.51455017064157360421E+0000  1.38061032593373467605E+0000  0.00000000000000000000E+0000  2.34433159148802059510E+0002  0.00000000000000000000E+0000  2.48915211486291379582E-0039  2.57393445699159222906E-0002  1.80927726324900279677E-0033  0.00000000000000000000E+0000  2.20268141623272900281E+0002  0.00000000000000000000E+0000  0.00000000000000000000E+0000  2.20268893473237795819E+0002  0.00000000000000000000E+0000  0.00000000000000000000E+0000  0.00000000000000000000E+0000  0.00000000000000000000E+0000  0.00000000000000000000E+0000 -7.30099350450839455749E-0006 -2.87687992798899771617E+0000  0.00000000000000000000E+0000  0.00000000000000000000E+0000  0.00000000000000000000E+0000  2.22566001729532830397E-0002
 3.27800000000000000011E-0010  0.00000000000000000000E+0000 -6.65311150857773319787E-0002  1.00182687166358233281E-0002 -6.65311150857773319787E-0002  1.04999999999999999996E+0000  1.44102626249170395365E+0000  1.51455038809925314816E+0000  1.38061045876955854571E+0000  0.00000000000000000000E+0000  2.34433159148802059510E+0002  0.00000000000000000000E+0000  2.48922942891736188024E-0039  2.57396180400960549476E-0002  1.80928687619140874255E-0033  0.00000000000000000000E+0000  2.20269211735784136222E+0002  0.00000000000000000000E+0000  0.00000000000000000000E+0000  2.20269951842631941621E+0002  0.00000000000000000000E+0000  0.00000000000000000000E+0000  0.00000000000000000000E+0000  0.00000000000000000000E+0000  0.00000000000000000000E+0000 -7.43723316038531321957E-0006 -2.87712628624779047609E+0000  0.00000000000000000000E+0000  0.00000000000000000000E+0000  0.00000000000000000000E+0000  2.26436039483962064504E-0002
 3.34500000000000000012E-0010  0.00000000000000000000E+0000 -6.75379716332458943356E-0002  1.01364427168131122491E-0002 -6.75379716332458943356E-0002  1.04999999999999999996E+0000  1.44102708380572171914E+0000  1.51455061217439456572E+0000  1.38061059575011193504E+0000  0.00000000000000000000E+0000  2.34433159148802059510E+0002  0.00000000000000000000E+0000  2.48930890457213379008E-0039  2.57398997737659115498E-0002  1.80929675361557336916E-0033  0.00000000000000000000E+0000  2.20270314842249950171E+0002  0.00000000000000000000E+0000  0.00000000000000000000E+0000  2.20271041889788844456E+0002  0.00000000000000000000E+0000  0.00000000000000000000E+0000  0.00000000000000000000E+0000  0.00000000000000000000E+0000  0.00000000000000000000E+0000 -7.58431741186460474084E-0006 -2.87736093651244983159E+0000  0.00000000000000000000E+0000  0.00000000000000000000E+0000  0.00000000000000000000E+0000  2.30362315714919643613E-0002
 3.41299999999999999991E-0010  0.00000000000000000000E+0000 -6.85562512937740117328E-0002  1.02567333570276744320E-0002 -6.85562512937740117328E-0002  1.04999999999999999996E+0000  1.44102791583606464998E+0000  1.51455083951830412909E+0000  1.38061073477928421336E+0000  0.00000000000000000000E+0000  2.34433159148802059510E+0002  0.00000000000000000000E+0000  2.48938932602920822597E-0039  2.57401855523532644527E-0002  1.80930674423547530396E-0033  0.00000000000000000000E+0000  2.20271434487074325131E+0002  0.00000000000000000000E+0000  0.00000000000000000000E+0000  2.20272147266358621645E+0002  0.00000000000000000000E+0000  0.00000000000000000000E+0000  0.00000000000000000000E+0000  0.00000000000000000000E+0000  0.00000000000000000000E+0000 -7.73002560171928156740E-0006 -2.87759995155798070101E+0000  0.00000000000000000000E+0000  0.00000000000000000000E+0000  0.00000000000000000000E+0000  2.34357108709672250049E-0002
 3.48199999999999999999E-0010  0.00000000000000000000E+0000 -6.95866942452920983502E-0002  1.03785283336424411081E-0002 -6.95866942452920983502E-0002  1.04999999999999999996E+0000  1.44102875828614075877E+0000  1.51455107012778090732E+0000  1.38061087580294409270E+0000  0.00000000000000000000E+0000  2.34433159148802059510E+0002  0.00000000000000000000E+0000  2.48947067678032081890E-0039  2.57404753716180218075E-0002  1.80931684606691546602E-0033  0.00000000000000000000E+0000  2.20272570670067453502E+0002  0.00000000000000000000E+0000  0.00000000000000000000E+0000  2.20273267944992872033E+0002  0.00000000000000000000E+0000  0.00000000000000000000E+0000  0.00000000000000000000E+0000  0.00000000000000000000E+0000  0.00000000000000000000E+0000 -7.87394727783015888583E-0006 -2.87784366009960600663E+0000  0.00000000000000000000E+0000  0.00000000000000000000E+0000  0.00000000000000000000E+0000  2.38408493582155255186E-0002
 3.55299999999999999988E-0010  0.00000000000000000000E+0000 -7.06291808186186197062E-0002  1.04983525807512331209E-0002 -7.06291808186186197062E-0002  1.04999999999999999996E+0000  1.44102962303097876086E+0000  1.51455130734053432728E+0000  1.38061102080647496503E+0000  0.00000000000000000000E+0000  2.34433159148802059510E+0002  0.00000000000000000000E+0000  2.48955411576456827809E-0039  2.57407734253238565862E-0002  1.80932720301515409845E-0033  0.00000000000000000000E+0000  2.20273739858485445714E+0002  0.00000000000000000000E+0000  0.00000000000000000000E+0000  2.20274420126445608939E+0002  0.00000000000000000000E+0000  0.00000000000000000000E+0000  0.00000000000000000000E+0000  0.00000000000000000000E+0000  0.00000000000000000000E+0000 -8.02787306014015047138E-0006 -2.87807670761491441900E+0000  0.00000000000000000000E+0000  0.00000000000000000000E+0000  0.00000000000000000000E+0000  2.42518581956179511247E-0002
 3.62500000000000000004E-0010  0.00000000000000000000E+0000 -7.16831536171895218653E-0002  1.06199723930696046438E-0002 -7.16831536171895218653E-0002  1.04999999999999999996E+0000  1.44103049755440212117E+0000  1.51455154781105607632E+0000  1.38061116768758186028E+0000  0.00000000000000000000E+0000  2.34433159148802059510E+0002  0.00000000000000000000E+0000  2.48963843535840550817E-0039  2.57410755013679847643E-0002  1.80933766499042339076E-0033  0.00000000000000000000E+0000  2.20274925593711854904E+0002  0.00000000000000000000E+0000  0.00000000000000000000E+0000  2.20275587500153568837E+0002  0.00000000000000000000E+0000  0.00000000000000000000E+0000  0.00000000000000000000E+0000  0.00000000000000000000E+0000  0.00000000000000000000E+0000 -8.17968234139854931095E-0006 -2.87831499641867763289E+0000  0.00000000000000000000E+0000  0.00000000000000000000E+0000  0.00000000000000000000E+0000  2.46699204387260971721E-0002
 3.69799999999999999999E-0010  0.00000000000000000000E+0000 -7.27493111789551779301E-0002  1.07430539457585116325E-0002 -7.27493111789551779301E-0002  1.04999999999999999996E+0000  1.44103138155061434209E+0000  1.51455179153600299374E+0000  1.38061131638669274508E+0000  0.00000000000000000000E+0000  2.34433159148802059510E+0002  0.00000000000000000000E+0000  2.48972361861619798686E-0039  2.57413815953139245438E-0002  1.80934822992478929362E-0033  0.00000000000000000000E+0000  2.20276127875392824948E+0002  0.00000000000000000000E+0000  0.00000000000000000000E+0000  2.20276770037340322878E+0002  0.00000000000000000000E+0000  0.00000000000000000000E+0000  0.00000000000000000000E+0000  0.00000000000000000000E+0000  0.00000000000000000000E+0000 -8.32903538067138725315E-0006 -2.87855873304817391051E+0000  0.00000000000000000000E+0000  0.00000000000000000000E+0000  0.00000000000000000000E+0000  2.50937510159630706254E-0002
 3.77299999999999999999E-0010  0.00000000000000000000E+0000 -7.38274702836285993723E-0002  1.08642019107330380937E-0002 -7.38274702836285993723E-0002  1.04999999999999999996E+0000  1.44103228677844679112E+0000  1.51455204184943519508E+0000  1.38061146887512980661E+0000  0.00000000000000000000E+0000  2.34433159148802059510E+0002  0.00000000000000000000E+0000  2.48981081157758654418E-0039  2.57416958934530385086E-0002  1.80935903991681115832E-0033  0.00000000000000000000E+0000  2.20277363173811394442E+0002  0.00000000000000000000E+0000  0.00000000000000000000E+0000  2.20277983894303781925E+0002  0.00000000000000000000E+0000  0.00000000000000000000E+0000  0.00000000000000000000E+0000  0.00000000000000000000E+0000  0.00000000000000000000E+0000 -8.48774844278770399352E-0006 -2.87879248509678880652E+0000  0.00000000000000000000E+0000  0.00000000000000000000E+0000  0.00000000000000000000E+0000  2.55235066483788564376E-0002
 3.84900000000000000003E-0010  0.00000000000000000000E+0000 -7.49169258712581689595E-0002  1.09870560071895601962E-0002 -7.49169258712581689595E-0002  1.04999999999999999996E+0000  1.44103320081787769776E+0000  1.51455229540918396723E+0000  1.38061162305303273363E+0000  0.00000000000000000000E+0000  2.34433159148802059510E+0002  0.00000000000000000000E+0000  2.48989881702652930805E-0039  2.57420141904528637556E-0002  1.80936994631737210597E-0033  0.00000000000000000000E+0000  2.20278615027238747454E+0002  0.00000000000000000000E+0000  0.00000000000000000000E+0000  2.20279212800212759779E+0002  0.00000000000000000000E+0000  0.00000000000000000000E+0000  0.00000000000000000000E+0000  0.00000000000000000000E+0000  0.00000000000000000000E+0000 -8.64378470904180415552E-0006 -2.87903201912130401259E+0000  0.00000000000000000000E+0000  0.00000000000000000000E+0000  0.00000000000000000000E+0000  2.59603761106856844190E-0002
 3.92699999999999999988E-0010  0.00000000000000000000E+0000 -7.60191574659534112203E-0002  1.11096436591684609305E-0002 -7.60191574659534112203E-0002  1.04999999999999999996E+0000  1.44103413533638245302E+0000  1.51455255554677212216E+0000  1.38061178087903214495E+0000  0.00000000000000000000E+0000  2.34433159148802059510E+0002  0.00000000000000000000E+0000  2.48998877587858549615E-0039  2.57423406699010661933E-0002  1.80938109050280631147E-0033  0.00000000000000000000E+0000  2.20279899905245543271E+0002  0.00000000000000000000E+0000  0.00000000000000000000E+0000  2.20280472893851782978E+0002  0.00000000000000000000E+0000  0.00000000000000000000E+0000  0.00000000000000000000E+0000  0.00000000000000000000E+0000  0.00000000000000000000E+0000 -8.80846795141330977198E-0006 -2.87926251930877337968E+0000  0.00000000000000000000E+0000  0.00000000000000000000E+0000  0.00000000000000000000E+0000  2.64028766528064616945E-0002
 4.00700000000000000003E-0010  0.00000000000000000000E+0000 -7.71337172295833039984E-0002  1.12321674447568540637E-0002 -7.71337172295833039984E-0002  1.04999999999999999996E+0000  1.44103508992141345687E+0000  1.51455282225605496616E+0000  1.38061194227509124338E+0000  0.00000000000000000000E+0000  2.34433159148802059510E+0002  0.00000000000000000000E+0000  2.49008065196294973838E-0039  2.57426753167180443763E-0002  1.80939246773341618511E-0033  0.00000000000000000000E+0000  2.20281217815192504911E+0002  0.00000000000000000000E+0000  0.00000000000000000000E+0000  2.20281764085199707859E+0002  0.00000000000000000000E+0000  0.00000000000000000000E+0000  0.00000000000000000000E+0000  0.00000000000000000000E+0000  0.00000000000000000000E+0000 -8.98144005031756733140E-0006 -2.87948469133657899933E+0000  0.00000000000000000000E+0000  0.00000000000000000000E+0000  0.00000000000000000000E+0000  2.68524772557327464173E-0002
 4.08799999999999999997E-0010  0.00000000000000000000E+0000 -7.82608872021805753095E-0002  1.13575021840050819694E-0002 -7.82608872021805753095E-0002  1.04999999999999999996E+0000  1.44103605227743323321E+0000  1.51455309219823284822E+0000  1.38061210515057300994E+0000  0.00000000000000000000E+0000  2.34433159148802059510E+0002  0.00000000000000000000E+0000  2.49017326458132697780E-0039  2.57430139349177046495E-0002  1.80940393158238279277E-0033  0.00000000000000000000E+0000  2.20282552289429266815E+0002  0.00000000000000000000E+0000  0.00000000000000000000E+0000  2.20283070157300607486E+0002  0.00000000000000000000E+0000  0.00000000000000000000E+0000  0.00000000000000000000E+0000  0.00000000000000000000E+0000  0.00000000000000000000E+0000 -9.15030195216556133609E-0006 -2.87971471964589263476E+0000  0.00000000000000000000E+0000  0.00000000000000000000E+0000  0.00000000000000000000E+0000  2.73092219150683091164E-0002
 4.17099999999999999997E-0010  0.00000000000000000000E+0000 -7.94015112774801200949E-0002  1.14819229613993209908E-0002 -7.94015112774801200949E-0002  1.04999999999999999996E+0000  1.44103703391720252506E+0000  1.51455336870086795895E+0000  1.38061227144053644419E+0000  0.00000000000000000000E+0000  2.34433159148802059510E+0002  0.00000000000000000000E+0000  2.49026774005451840986E-0039  2.57433607000938612012E-0002  1.80941562139518376466E-0033  0.00000000000000000000E+0000  2.20283919800491617094E+0002  0.00000000000000000000E+0000  0.00000000000000000000E+0000  2.20284407201022066444E+0002  0.00000000000000000000E+0000  0.00000000000000000000E+0000  0.00000000000000000000E+0000  0.00000000000000000000E+0000  0.00000000000000000000E+0000 -9.32647447874123547957E-0006 -2.87993758552706087105E+0000  0.00000000000000000000E+0000  0.00000000000000000000E+0000  0.00000000000000000000E+0000  2.77720197445847039388E-0002
 4.25499999999999999999E-0010  0.00000000000000000000E+0000 -8.05540646560812817890E-0002  1.16072411755924363711E-0002 -8.05540646560812817890E-0002  1.04999999999999999996E+0000  1.44103802265095560760E+0000  1.51455364842754876666E+0000  1.38061243906578018630E+0000  0.00000000000000000000E+0000  2.34433159148802059510E+0002  0.00000000000000000000E+0000  2.49036290255947517180E-0039  2.57437114185322253535E-0002  1.80942739136970026633E-0033  0.00000000000000000000E+0000  2.20285303881377744512E+0002  0.00000000000000000000E+0000  0.00000000000000000000E+0000  2.20285759014101823791E+0002  0.00000000000000000000E+0000  0.00000000000000000000E+0000  0.00000000000000000000E+0000  0.00000000000000000000E+0000  0.00000000000000000000E+0000 -9.49814960821423541875E-0006 -2.88016867007266771906E+0000  0.00000000000000000000E+0000  0.00000000000000000000E+0000  0.00000000000000000000E+0000  2.82424816752018031142E-0002
 4.34100000000000000008E-0010  0.00000000000000000000E+0000 -8.17198500658053165926E-0002  1.17317508155037589442E-0002 -8.17198500658053165926E-0002  1.04999999999999999996E+0000  1.44103902988426790354E+0000  1.51455393470318187745E+0000  1.38061260994414236646E+0000  0.00000000000000000000E+0000  2.34433159148802059510E+0002  0.00000000000000000000E+0000  2.49045986854375734182E-0039  2.57440702604739871176E-0002  1.80943937947806035861E-0033  0.00000000000000000000E+0000  2.20286721006543437407E+0002  0.00000000000000000000E+0000  0.00000000000000000000E+0000  2.20287141655220423800E+0002  0.00000000000000000000E+0000  0.00000000000000000000E+0000  0.00000000000000000000E+0000  0.00000000000000000000E+0000  0.00000000000000000000E+0000 -9.67676175447781643831E-0006 -2.88039291580895250272E+0000  0.00000000000000000000E+0000  0.00000000000000000000E+0000  0.00000000000000000000E+0000  2.87189977628074648234E-0002
 4.42899999999999999998E-0010  0.00000000000000000000E+0000 -8.28981936591086967156E-0002  1.18559803124507892659E-0002 -8.28981936591086967156E-0002  1.04999999999999999996E+0000  1.44104005519211263294E+0000  1.51455422752117596782E+0000  1.38061278398781148429E+0000  0.00000000000000000000E+0000  2.34433159148802059510E+0002  0.00000000000000000000E+0000  2.49055859990571409724E-0039  2.57444372097863870196E-0002  1.80945158064278118231E-0033  0.00000000000000000000E+0000  2.20288171183246830942E+0002  0.00000000000000000000E+0000  0.00000000000000000000E+0000  2.20288555027424279575E+0002  0.00000000000000000000E+0000  0.00000000000000000000E+0000  0.00000000000000000000E+0000  0.00000000000000000000E+0000  0.00000000000000000000E+0000 -9.86209238109983478476E-0006 -2.88061075105394427762E+0000  0.00000000000000000000E+0000  0.00000000000000000000E+0000  0.00000000000000000000E+0000  2.92029308314310424890E-0002
 4.51899999999999999993E-0010  0.00000000000000000000E+0000 -8.40900115652389575237E-0002  1.19813772064499513765E-0002 -8.40900115652389575237E-0002  1.04999999999999999996E+0000  1.44104109814737700818E+0000  1.51455452687480340314E+0000  1.38061296110714222204E+0000  0.00000000000000000000E+0000  2.34433159148802059510E+0002  0.00000000000000000000E+0000  2.49065906346690579819E-0039  2.57448122527286025132E-0002  1.80946399042533566529E-0033  0.00000000000000000000E+0000  2.20289654415779261876E+0002  0.00000000000000000000E+0000  0.00000000000000000000E+0000  2.20289999046471761251E+0002  0.00000000000000000000E+0000  0.00000000000000000000E+0000  0.00000000000000000000E+0000  0.00000000000000000000E+0000  0.00000000000000000000E+0000 -1.00534645586647172082E-0005 -2.88082318217178073969E+0000  0.00000000000000000000E+0000  0.00000000000000000000E+0000  0.00000000000000000000E+0000  2.96940579066782646867E-0002
 4.60999999999999999992E-0010  0.00000000000000000000E+0000 -8.52948240552082246656E-0002  1.21091941708292179395E-0002 -8.52948240552082246656E-0002  1.04999999999999999996E+0000  1.44104214680500154972E+0000  1.51455482943251812714E+0000  1.38061313925474454345E+0000  0.00000000000000000000E+0000  2.34433159148802059510E+0002  0.00000000000000000000E+0000  2.49076010984674125808E-0039  2.57451912081037840083E-0002  1.80947646649300289104E-0033  0.00000000000000000000E+0000  2.20291154229823220326E+0002  0.00000000000000000000E+0000  0.00000000000000000000E+0000  2.20291457583115314722E+0002  0.00000000000000000000E+0000  0.00000000000000000000E+0000  0.00000000000000000000E+0000  0.00000000000000000000E+0000  0.00000000000000000000E+0000 -1.02387495413505468199E-0005 -2.88104595601670077434E+0000  0.00000000000000000000E+0000  0.00000000000000000000E+0000  0.00000000000000000000E+0000  3.01927473834655082929E-0002
 4.70300000000000000022E-0010  0.00000000000000000000E+0000 -8.65132768951811153082E-0002  1.22357045389776292689E-0002 -8.65132768951811153082E-0002  1.04999999999999999996E+0000  1.44104321233551192468E+0000  1.51455513851363260803E+0000  1.38061332030820460343E+0000  0.00000000000000000000E+0000  2.34433159148802059510E+0002  0.00000000000000000000E+0000  2.49086283445687002643E-0039  2.57455782348857317953E-0002  1.80948914390021027627E-0033  0.00000000000000000000E+0000  2.20292687103653253053E+0002  0.00000000000000000000E+0000  0.00000000000000000000E+0000  2.20292946628014176869E+0002  0.00000000000000000000E+0000  0.00000000000000000000E+0000  0.00000000000000000000E+0000  0.00000000000000000000E+0000  0.00000000000000000000E+0000 -1.04294796007531450938E-0005 -2.88126381206470910234E+0000  0.00000000000000000000E+0000  0.00000000000000000000E+0000  0.00000000000000000000E+0000  3.06978002384693702710E-0002
 4.79900000000000000011E-0010  0.00000000000000000000E+0000 -8.77452907472656242806E-0002  1.23597396845756112964E-0002 -8.77452907472656242806E-0002  1.04999999999999999996E+0000  1.44104430570638494162E+0000  1.51455545743313486722E+0000  1.38061350611031524217E+0000  0.00000000000000000000E+0000  2.34433159148802059510E+0002  0.00000000000000000000E+0000  2.49096830354297384280E-0039  2.57459774776812700482E-0002  1.80950215375808937114E-0033  0.00000000000000000000E+0000  2.20294269524971402546E+0002  0.00000000000000000000E+0000  0.00000000000000000000E+0000  2.20294482088167512784E+0002  0.00000000000000000000E+0000  0.00000000000000000000E+0000  0.00000000000000000000E+0000  0.00000000000000000000E+0000  0.00000000000000000000E+0000 -1.06370441712336009193E-0005 -2.88146211778009445461E+0000  0.00000000000000000000E+0000  0.00000000000000000000E+0000  0.00000000000000000000E+0000  3.12104011162760545063E-0002
 4.89499999999999999999E-0010  0.00000000000000000000E+0000 -8.89894375208975170035E-0002  1.24892769251243161046E-0002 -8.89894375208975170035E-0002  1.04999999999999999996E+0000  1.44104539241168445255E+0000  1.51455577621921355256E+0000  1.38061369077614683079E+0000  0.00000000000000000000E+0000  2.34433159148802059510E+0002  0.00000000000000000000E+0000  2.49107317051735144016E-0039  2.57463764365977117728E-0002  1.80951508264256743270E-0033  0.00000000000000000000E+0000  2.20295852058179451816E+0002  0.00000000000000000000E+0000  0.00000000000000000000E+0000  2.20296015843136894052E+0002  0.00000000000000000000E+0000  0.00000000000000000000E+0000  0.00000000000000000000E+0000  0.00000000000000000000E+0000  0.00000000000000000000E+0000 -1.08258695076714401664E-0005 -2.88168731041134070382E+0000  0.00000000000000000000E+0000  0.00000000000000000000E+0000  0.00000000000000000000E+0000  3.17320237303534804654E-0002
 4.99400000000000000023E-0010  0.00000000000000000000E+0000 -9.02489845431530370089E-0002  1.26160397793884254157E-0002 -9.02489845431530370089E-0002  1.04999999999999999996E+0000  1.44104650607487621986E+0000  1.51455610482813399459E+0000  1.38061387999657427428E+0000  0.00000000000000000000E+0000  2.34433159148802059510E+0002  0.00000000000000000000E+0000  2.49118072396569724066E-0039  2.57467875855544282055E-0002  1.80952833601873765074E-0033  0.00000000000000000000E+0000  2.20297484141166471233E+0002  0.00000000000000000000E+0000  0.00000000000000000000E+0000  2.20297595849749026198E+0002  0.00000000000000000000E+0000  0.00000000000000000000E+0000  0.00000000000000000000E+0000  0.00000000000000000000E+0000  0.00000000000000000000E+0000 -1.10306119328130073200E-0005 -2.88189377761647937842E+0000  0.00000000000000000000E+0000  0.00000000000000000000E+0000  0.00000000000000000000E+0000  3.22584368680941502702E-0002
 5.09500000000000000001E-0010  0.00000000000000000000E+0000 -9.15205525485005210676E-0002  1.27418204343119933083E-0002 -9.15205525485005210676E-0002  1.04999999999999999996E+0000  1.44104763497539575129E+0000  1.51455643993189357675E+0000  1.38061407175631990513E+0000  0.00000000000000000000E+0000  2.34433159148802059510E+0002  0.00000000000000000000E+0000  2.49128981545879678485E-0039  2.57472067418615405756E-0002  1.80954177156349407523E-0033  0.00000000000000000000E+0000  2.20299149305634507506E+0002  0.00000000000000000000E+0000  0.00000000000000000000E+0000  2.20299205973703043318E+0002  0.00000000000000000000E+0000  0.00000000000000000000E+0000  0.00000000000000000000E+0000  0.00000000000000000000E+0000  0.00000000000000000000E+0000 -1.12396714799279310920E-0005 -2.88209695533361434216E+0000  0.00000000000000000000E+0000  0.00000000000000000000E+0000  0.00000000000000000000E+0000  3.27941828808108758275E-0002
 5.19799999999999999986E-0010  0.00000000000000000000E+0000 -9.28064930231484842642E-0002  1.28696365114963217744E-0002 -9.28064930231484842642E-0002  1.04999999999999999996E+0000  1.44104877872040120174E+0000  1.51455678152307211045E+0000  1.38061426596432391197E+0000  0.00000000000000000000E+0000  2.34433159148802059510E+0002  0.00000000000000000000E+0000  2.49140041980303940074E-0039  2.57476338932895156350E-0002  1.80955538575391206612E-0033  0.00000000000000000000E+0000  2.20300847552050791833E+0002  0.00000000000000000000E+0000  0.00000000000000000000E+0000  2.20300846137254369733E+0002  0.00000000000000000000E+0000  0.00000000000000000000E+0000  0.00000000000000000000E+0000  0.00000000000000000000E+0000  0.00000000000000000000E+0000 -1.14521196745691003840E-0005 -2.88229805974211143607E+0000  0.00000000000000000000E+0000  0.00000000000000000000E+0000  0.00000000000000000000E+0000  3.33372016308074699205E-0002
 5.30299999999999999977E-0010  0.00000000000000000000E+0000 -9.41064722417504971282E-0002  1.29979412839469229077E-0002 -9.41064722417504971282E-0002  1.04999999999999999996E+0000  1.44104993692625462059E+0000  1.51455712959414868135E+0000  1.38061446253051817244E+0000  0.00000000000000000000E+0000  2.34433159148802059510E+0002  0.00000000000000000000E+0000  2.49151250642330800791E-0039  2.57480690244709423962E-0002  1.80956917432922237076E-0033  0.00000000000000000000E+0000  2.20302578883891053904E+0002  0.00000000000000000000E+0000  0.00000000000000000000E+0000  2.20302516245269188425E+0002  0.00000000000000000000E+0000  0.00000000000000000000E+0000  0.00000000000000000000E+0000  0.00000000000000000000E+0000  0.00000000000000000000E+0000 -1.16675711028275641214E-0005 -2.88249756621594352933E+0000  0.00000000000000000000E+0000  0.00000000000000000000E+0000  0.00000000000000000000E+0000  3.38879307263932714813E-0002
 5.41000000000000000024E-0010  0.00000000000000000000E+0000 -9.54203804853221179046E-0002  1.31261926627376375565E-0002 -9.54203804853221179046E-0002  1.04999999999999999996E+0000  1.44105110921977547223E+0000  1.51455748413750679413E+0000  1.38061466136619965682E+0000  0.00000000000000000000E+0000  2.34433159148802059510E+0002  0.00000000000000000000E+0000  2.49162604542615340893E-0039  2.57485121198401372279E-0002  1.80958313310758471920E-0033  0.00000000000000000000E+0000  2.20304343304486909993E+0002  0.00000000000000000000E+0000  0.00000000000000000000E+0000  2.20304216201282097684E+0002  0.00000000000000000000E+0000  0.00000000000000000000E+0000  0.00000000000000000000E+0000  0.00000000000000000000E+0000  0.00000000000000000000E+0000 -1.18856740690879036037E-0005 -2.88269589049955282287E+0000  0.00000000000000000000E+0000  0.00000000000000000000E+0000  0.00000000000000000000E+0000  3.44465190688285136400E-0002
 5.51899999999999999976E-0010  0.00000000000000000000E+0000 -9.67481800920777741047E-0002  1.32543974747160531756E-0002 -9.67481800920777741047E-0002  1.04999999999999999996E+0000  1.44105229523940845586E+0000  1.51455784514543949219E+0000  1.38061486238439839536E+0000  0.00000000000000000000E+0000  2.34433159148802059510E+0002  0.00000000000000000000E+0000  2.49174100768135156549E-0039  2.57489631636431968007E-0002  1.80959725800111983123E-0033  0.00000000000000000000E+0000  2.20306140817014265876E+0002  0.00000000000000000000E+0000  0.00000000000000000000E+0000  2.20305945907558350133E+0002  0.00000000000000000000E+0000  0.00000000000000000000E+0000  0.00000000000000000000E+0000  0.00000000000000000000E+0000  0.00000000000000000000E+0000 -1.21061076218875944136E-0005 -2.88289339439100531469E+0000  0.00000000000000000000E+0000  0.00000000000000000000E+0000  0.00000000000000000000E+0000  3.50129850540696695235E-0002
 5.63100000000000000014E-0010  0.00000000000000000000E+0000 -9.80907476854815902294E-0002  1.33812918367581217110E-0002 -9.80907476854815902294E-0002  1.04999999999999999996E+0000  1.44105350543692052807E+0000  1.51455821592051105865E+0000  1.38061506732898359900E+0000  0.00000000000000000000E+0000  2.34433159148802059510E+0002  0.00000000000000000000E+0000  2.49185841951818263098E-0039  2.57494262780362392251E-0002  1.80961167459664351125E-0033  0.00000000000000000000E+0000  2.20307987913308296904E+0002  0.00000000000000000000E+0000  0.00000000000000000000E+0000  2.20307721132404051315E+0002  0.00000000000000000000E+0000  0.00000000000000000000E+0000  0.00000000000000000000E+0000  0.00000000000000000000E+0000  0.00000000000000000000E+0000 -1.23399547162288846979E-0005 -2.88307566902330788487E+0000  0.00000000000000000000E+0000  0.00000000000000000000E+0000  0.00000000000000000000E+0000  3.55870909764688366783E-0002
 5.74399999999999999978E-0010  0.00000000000000000000E+0000 -9.94463958485539623443E-0002  1.35111868293883043960E-0002 -9.94463958485539623443E-0002  1.04999999999999999996E+0000  1.44105471786438495585E+0000  1.51455858983385825418E+0000  1.38061527245747983270E+0000  0.00000000000000000000E+0000  2.34433159148802059510E+0002  0.00000000000000000000E+0000  2.49197613703606591153E-0039  2.57498931670672575467E-0002  1.80962611891567084579E-0033  0.00000000000000000000E+0000  2.20309851622184725464E+0002  0.00000000000000000000E+0000  0.00000000000000000000E+0000  2.20309510020499925334E+0002  0.00000000000000000000E+0000  0.00000000000000000000E+0000  0.00000000000000000000E+0000  0.00000000000000000000E+0000  0.00000000000000000000E+0000 -1.25636162647920998177E-0005 -2.88327357092797511066E+0000  0.00000000000000000000E+0000  0.00000000000000000000E+0000  0.00000000000000000000E+0000  3.61705477840299072263E-0002
 5.85999999999999999977E-0010  0.00000000000000000000E+0000 -1.00817830717609070436E-0001  1.36395411822089016508E-0002 -1.00817830717609070436E-0001  1.04999999999999999996E+0000  1.44105595365589186463E+0000  1.51455897349532195772E+0000  1.38061548131969462371E+0000  0.00000000000000000000E+0000  2.34433159148802059510E+0002  0.00000000000000000000E+0000  2.49209624318800355498E-0039  2.57503720909987044720E-0002  1.80964084638555481001E-0033  0.00000000000000000000E+0000  2.20311764919008773664E+0002  0.00000000000000000000E+0000  0.00000000000000000000E+0000  2.20311344203672358891E+0002  0.00000000000000000000E+0000  0.00000000000000000000E+0000  0.00000000000000000000E+0000  0.00000000000000000000E+0000  0.00000000000000000000E+0000 -1.27997556953994516007E-0005 -2.88345726336107246817E+0000  0.00000000000000000000E+0000  0.00000000000000000000E+0000  0.00000000000000000000E+0000  3.67603001730103527100E-0002
 5.97900000000000000010E-0010  0.00000000000000000000E+0000 -1.02203311746720507985E-0001  1.37662969663776503809E-0002 -1.02203311746720507985E-0001  1.04999999999999999996E+0000  1.44105721234352151410E+0000  1.51455936689348862425E+0000  1.38061569380696959732E+0000  0.00000000000000000000E+0000  2.34433159148802059510E+0002  0.00000000000000000000E+0000  2.49221868614467890312E-0039  2.57508630201917385763E-0002  1.80965584984610980272E-0033  0.00000000000000000000E+0000  2.20313727815133650820E+0002  0.00000000000000000000E+0000  0.00000000000000000000E+0000  2.20313223502717605407E+0002  0.00000000000000000000E+0000  0.00000000000000000000E+0000  0.00000000000000000000E+0000  0.00000000000000000000E+0000  0.00000000000000000000E+0000 -1.30480207082556573254E-0005 -2.88362746500545704732E+0000  0.00000000000000000000E+0000  0.00000000000000000000E+0000  0.00000000000000000000E+0000  3.73593505557752434247E-0002
 6.09900000000000000021E-0010  0.00000000000000000000E+0000 -1.03602671494204946490E-0001  1.38970600999768697333E-0002 -1.03602671494204946490E-0001  1.04999999999999999996E+0000  1.44105847247562837514E+0000  1.51455976340838507595E+0000  1.38061590627324034045E+0000  0.00000000000000000000E+0000  2.34433159148802059510E+0002  0.00000000000000000000E+0000  2.49234136952653191154E-0039  2.57513576797852074759E-0002  1.80967087181432144355E-0033  0.00000000000000000000E+0000  2.20315707329671315623E+0002  0.00000000000000000000E+0000  0.00000000000000000000E+0000  2.20315116188532194433E+0002  0.00000000000000000000E+0000  0.00000000000000000000E+0000  0.00000000000000000000E+0000  0.00000000000000000000E+0000  0.00000000000000000000E+0000 -1.32845616846809730088E-0005 -2.88381531824088809760E+0000  0.00000000000000000000E+0000  0.00000000000000000000E+0000  0.00000000000000000000E+0000  3.79676534860097295766E-0002
 6.22200000000000000016E-0010  0.00000000000000000000E+0000 -1.05018155089433426575E-0001  1.40261090691697949700E-0002 -1.05018155089433426575E-0001  1.04999999999999999996E+0000  1.44105975477315537006E+0000  1.51456016964015717844E+0000  1.38061612218812104346E+0000  0.00000000000000000000E+0000  2.34433159148802059510E+0002  0.00000000000000000000E+0000  2.49246634030369670418E-0039  2.57518643105796501955E-0002  1.80968616287650875706E-0033  0.00000000000000000000E+0000  2.20317736443040704614E+0002  0.00000000000000000000E+0000  0.00000000000000000000E+0000  2.20317053773754570778E+0002  0.00000000000000000000E+0000  0.00000000000000000000E+0000  0.00000000000000000000E+0000  0.00000000000000000000E+0000  0.00000000000000000000E+0000 -1.35321013553584581412E-0005 -2.88399084512756351999E+0000  0.00000000000000000000E+0000  0.00000000000000000000E+0000  0.00000000000000000000E+0000  3.85824361225204349664E-0002
 6.34799999999999999995E-0010  0.00000000000000000000E+0000 -1.06447742003009171215E-0001  1.41531433856775302133E-0002 -1.06447742003009171215E-0001  1.04999999999999999996E+0000  1.44106105881475762582E+0000  1.51456058557696291128E+0000  1.38061634145263663126E+0000  0.00000000000000000000E+0000  2.34433159148802059510E+0002  0.00000000000000000000E+0000  2.49259354956539370193E-0039  2.57523828818248570361E-0002  1.80970171634781302225E-0033  0.00000000000000000000E+0000  2.20319815165979362923E+0002  0.00000000000000000000E+0000  0.00000000000000000000E+0000  2.20319036072046902194E+0002  0.00000000000000000000E+0000  0.00000000000000000000E+0000  0.00000000000000000000E+0000  0.00000000000000000000E+0000  0.00000000000000000000E+0000 -1.37904034665526209185E-0005 -2.88415454631184504019E+0000  0.00000000000000000000E+0000  0.00000000000000000000E+0000  0.00000000000000000000E+0000  3.92067321155604594262E-0002
 6.47500000000000000002E-0010  0.00000000000000000000E+0000 -1.07891066162658654193E-0001  1.42838727451583741234E-0002 -1.07891066162658654193E-0001  1.04999999999999999996E+0000  1.44106236365105927477E+0000  1.51456100460809201522E+0000  1.38061656052260197508E+0000  0.00000000000000000000E+0000  2.34433159148802059510E+0002  0.00000000000000000000E+0000  2.49272094267157092378E-0039  2.57529051373993644495E-0002  1.80971728054857871720E-0033  0.00000000000000000000E+0000  2.20321910511252149936E+0002  0.00000000000000000000E+0000  0.00000000000000000000E+0000  2.20321031468541129156E+0002  0.00000000000000000000E+0000  0.00000000000000000000E+0000  0.00000000000000000000E+0000  0.00000000000000000000E+0000  0.00000000000000000000E+0000 -1.40358285145908814449E-0005 -2.88433725438969716746E+0000  0.00000000000000000000E+0000  0.00000000000000000000E+0000  0.00000000000000000000E+0000  3.98404237542585337252E-0002
 6.60600000000000000022E-0010  0.00000000000000000000E+0000 -1.09351410019986086622E-0001  1.44116658730216391512E-0002 -1.09351410019986086622E-0001  1.04999999999999999996E+0000  1.44106369979451739429E+0000  1.51456143662140867471E+0000  1.38061678449769227172E+0000  0.00000000000000000000E+0000  2.34433159148802059510E+0002  0.00000000000000000000E+0000  2.49285153407000591535E-0039  2.57534434105036090322E-0002  1.80973322387393790792E-0033  0.00000000000000000000E+0000  2.20324071960361249523E+0002  0.00000000000000000000E+0000  0.00000000000000000000E+0000  2.20323087063313664963E+0002  0.00000000000000000000E+0000  0.00000000000000000000E+0000  0.00000000000000000000E+0000  0.00000000000000000000E+0000  0.00000000000000000000E+0000 -1.43023775103861850257E-0005 -2.88449431829323039663E+0000  0.00000000000000000000E+0000  0.00000000000000000000E+0000  0.00000000000000000000E+0000  4.04803432904620210441E-0002
 6.73899999999999999996E-0010  0.00000000000000000000E+0000 -1.10824726875817974050E-0001  1.45399526944408526631E-0002 -1.10824726875817974050E-0001  1.04999999999999999996E+0000  1.44106504647499523021E+0000  1.51456187500907029069E+0000  1.38061700987197212087E+0000  0.00000000000000000000E+0000  2.34433159148802059510E+0002  0.00000000000000000000E+0000  2.49298326489892545017E-0039  2.57539894406436976446E-0002  1.80974929421447920362E-0033  0.00000000000000000000E+0000  2.20326266534281925646E+0002  0.00000000000000000000E+0000  0.00000000000000000000E+0000  2.20325171220821244542E+0002  0.00000000000000000000E+0000  0.00000000000000000000E+0000  0.00000000000000000000E+0000  0.00000000000000000000E+0000  0.00000000000000000000E+0000 -1.45668012082071029110E-0005 -2.88465638298041249514E+0000  0.00000000000000000000E+0000  0.00000000000000000000E+0000  0.00000000000000000000E+0000  4.11313234733866783261E-0002
 6.87500000000000000006E-0010  0.00000000000000000000E+0000 -1.12314659916673229041E-0001  1.46691483800571384858E-0002 -1.12314659916673229041E-0001  1.04999999999999999996E+0000  1.44106641353874477182E+0000  1.51456232305645976206E+0000  1.38061723827354560792E+0000  0.00000000000000000000E+0000  2.34433159148802059510E+0002  0.00000000000000000000E+0000  2.49311711888918053853E-0039  2.57545473219035653452E-0002  1.80976561166389013315E-0033  0.00000000000000000000E+0000  2.20328510725003841028E+0002  0.00000000000000000000E+0000  0.00000000000000000000E+0000  2.20327299532148814465E+0002  0.00000000000000000000E+0000  0.00000000000000000000E+0000  0.00000000000000000000E+0000  0.00000000000000000000E+0000  0.00000000000000000000E+0000 -1.48395583837586270366E-0005 -2.88480965418629485358E+0000  0.00000000000000000000E+0000  0.00000000000000000000E+0000  0.00000000000000000000E+0000  4.17897705287088248002E-0002
 7.01300000000000000021E-0010  0.00000000000000000000E+0000 -1.13818809249751235027E-0001  1.47987593272989767748E-0002 -1.13818809249751235027E-0001  1.04999999999999999996E+0000  1.44106779067175303855E+0000  1.51456277745831509698E+0000  1.38061746796156739516E+0000  0.00000000000000000000E+0000  2.34433159148802059510E+0002  0.00000000000000000000E+0000  2.49325207434072582583E-0039  2.57551129227859560787E-0002  1.80978205144790138504E-0033  0.00000000000000000000E+0000  2.20330788039490908098E+0002  0.00000000000000000000E+0000  0.00000000000000000000E+0000  2.20329456169538802732E+0002  0.00000000000000000000E+0000  0.00000000000000000000E+0000  0.00000000000000000000E+0000  0.00000000000000000000E+0000  0.00000000000000000000E+0000 -1.51089861466785159454E-0005 -2.88496935384108931649E+0000  0.00000000000000000000E+0000  0.00000000000000000000E+0000  0.00000000000000000000E+0000  4.24579206041262049503E-0002
 7.15499999999999999998E-0010  0.00000000000000000000E+0000 -1.15339861011425190979E-0001  1.49261542311650896640E-0002 -1.15339861011425190979E-0001  1.04999999999999999996E+0000  1.44106919751275421070E+0000  1.51456324478732755605E+0000  1.38061770219339031475E+0000  0.00000000000000000000E+0000  2.34433159148802059510E+0002  0.00000000000000000000E+0000  2.49339007610949602872E-0039  2.57556944253921709911E-0002  1.80979885067410102735E-0033  0.00000000000000000000E+0000  2.20333131473950279616E+0002  0.00000000000000000000E+0000  0.00000000000000000000E+0000  2.20331672286531493318E+0002  0.00000000000000000000E+0000  0.00000000000000000000E+0000  0.00000000000000000000E+0000  0.00000000000000000000E+0000  0.00000000000000000000E+0000 -1.53972447461729849323E-0005 -2.88510645278313343368E+0000  0.00000000000000000000E+0000  0.00000000000000000000E+0000  0.00000000000000000000E+0000  4.31337456813070646878E-0002
 7.29899999999999999981E-0010  0.00000000000000000000E+0000 -1.16874835191125228963E-0001  1.50549810560945203385E-0002 -1.16874835191125228963E-0001  1.04999999999999999996E+0000  1.44107061394256449676E+0000  1.51456371844851191112E+0000  1.38061793760344130163E+0000  0.00000000000000000000E+0000  2.34433159148802059510E+0002  0.00000000000000000000E+0000  2.49352912613991392189E-0039  2.57562835982928629905E-0002  1.80981576589611379779E-0033  0.00000000000000000000E+0000  2.20335508037855970789E+0002  0.00000000000000000000E+0000  0.00000000000000000000E+0000  2.20333916423678012539E+0002  0.00000000000000000000E+0000  0.00000000000000000000E+0000  0.00000000000000000000E+0000  0.00000000000000000000E+0000  0.00000000000000000000E+0000 -1.56809620141471548774E-0005 -2.88525167674355152779E+0000  0.00000000000000000000E+0000  0.00000000000000000000E+0000  0.00000000000000000000E+0000  4.38205776983001253699E-0002
 7.44599999999999999998E-0010  0.00000000000000000000E+0000 -1.18426739188104457566E-0001  1.51843094130880776626E-0002 -1.18426739188104457566E-0001  1.04999999999999999996E+0000  1.44107204958207272020E+0000  1.51456420171985659288E+0000  1.38061817578080899460E+0000  0.00000000000000000000E+0000  2.34433159148802059510E+0002  0.00000000000000000000E+0000  2.49367018647185217105E-0039  2.57568845208255668338E-0002  1.80983291464673088147E-0033  0.00000000000000000000E+0000  2.20337934225010086325E+0002  0.00000000000000000000E+0000  0.00000000000000000000E+0000  2.20336204080729819929E+0002  0.00000000000000000000E+0000  0.00000000000000000000E+0000  0.00000000000000000000E+0000  0.00000000000000000000E+0000  0.00000000000000000000E+0000 -1.59707614007215905320E-0005 -2.88539093190480264682E+0000  0.00000000000000000000E+0000  0.00000000000000000000E+0000  0.00000000000000000000E+0000  4.45151467233322688053E-0002
 7.59599999999999999999E-0010  0.00000000000000000000E+0000 -1.19993904074398804053E-0001  1.53123266048499619800E-0002 -1.19993904074398804053E-0001  1.04999999999999999996E+0000  1.44107350416001239691E+0000  1.51456469458811735515E+0000  1.38061841667071421246E+0000  0.00000000000000000000E+0000  2.34433159148802059510E+0002  0.00000000000000000000E+0000  2.49381322358003832032E-0039  2.57574971622049867455E-0002  1.80985029313535159649E-0033  0.00000000000000000000E+0000  2.20340410039826248498E+0002  0.00000000000000000000E+0000  0.00000000000000000000E+0000  2.20338535068067114600E+0002  0.00000000000000000000E+0000  0.00000000000000000000E+0000  0.00000000000000000000E+0000  0.00000000000000000000E+0000  0.00000000000000000000E+0000 -1.62663760378116495024E-0005 -2.88552456581403694337E+0000  0.00000000000000000000E+0000  0.00000000000000000000E+0000  0.00000000000000000000E+0000  4.52193899610751702811E-0002
 7.74899999999999999984E-0010  0.00000000000000000000E+0000 -1.21576868033127034100E-0001  1.54403315906396128369E-0002 -1.21576868033127034100E-0001  1.04999999999999999996E+0000  1.44107497741990384619E+0000  1.51456519703987693129E+0000  1.38061866022421825967E+0000  0.00000000000000000000E+0000  2.34433159148802059510E+0002  0.00000000000000000000E+0000  2.49395821076036679627E-0039  2.57581214948873061920E-0002  1.80986789862409204817E-0033  0.00000000000000000000E+0000  2.20342935482771810962E+0002  0.00000000000000000000E+0000  0.00000000000000000000E+0000  2.20340909213431932534E+0002  0.00000000000000000000E+0000  0.00000000000000000000E+0000  0.00000000000000000000E+0000  0.00000000000000000000E+0000  0.00000000000000000000E+0000 -1.65671413463502262772E-0005 -2.88565343212856845016E+0000  0.00000000000000000000E+0000  0.00000000000000000000E+0000  0.00000000000000000000E+0000  4.59329974582106758875E-0002
 7.90500000000000000004E-0010  0.00000000000000000000E+0000 -1.23175766559639379953E-0001  1.55684648671496817980E-0002 -1.23175766559639379953E-0001  1.04999999999999999996E+0000  1.44107646911949287857E+0000  1.51456570906155528825E+0000  1.38061890639836519783E+0000  0.00000000000000000000E+0000  2.34433159148802059510E+0002  0.00000000000000000000E+0000  2.49410512206243236064E-0039  2.57587574909759948743E-0002  1.80988572863155774761E-0033  0.00000000000000000000E+0000  2.20345510553854397051E+0002  0.00000000000000000000E+0000  0.00000000000000000000E+0000  2.20343326342314359378E+0002  0.00000000000000000000E+0000  0.00000000000000000000E+0000  0.00000000000000000000E+0000  0.00000000000000000000E+0000  0.00000000000000000000E+0000 -1.68724509588075572798E-0005 -2.88577828676695874368E+0000  0.00000000000000000000E+0000  0.00000000000000000000E+0000  0.00000000000000000000E+0000  4.66559665881615886292E-0002
 8.06400000000000000007E-0010  0.00000000000000000000E+0000 -1.24790581077729248444E-0001  1.56965267034911858297E-0002 -1.24790581077729248444E-0001  1.04999999999999999996E+0000  1.44107797903002441612E+0000  1.51456623063941983370E+0000  1.38061915515627639723E+0000  0.00000000000000000000E+0000  2.34433159148802059510E+0002  0.00000000000000000000E+0000  2.49425393224762685295E-0039  2.57594051222419594744E-0002  1.80990378093628361521E-0033  0.00000000000000000000E+0000  2.20348135252601279963E+0002  0.00000000000000000000E+0000  0.00000000000000000000E+0000  2.20345786278085973731E+0002  0.00000000000000000000E+0000  0.00000000000000000000E+0000  0.00000000000000000000E+0000  0.00000000000000000000E+0000  0.00000000000000000000E+0000 -1.71817516010418388123E-0005 -2.88589979695130893138E+0000  0.00000000000000000000E+0000  0.00000000000000000000E+0000  0.00000000000000000000E+0000  4.73883625925861885800E-0002
 8.22599999999999999994E-0010  0.00000000000000000000E+0000 -1.26421245924872568237E-0001  1.58243567779456802244E-0002 -1.26421245924872568237E-0001  1.04999999999999999996E+0000  1.44107950693536096835E+0000  1.51456676175959552917E+0000  1.38061940646719635188E+0000  0.00000000000000000000E+0000  2.34433159148802059510E+0002  0.00000000000000000000E+0000  2.49440461674038031016E-0039  2.57600643601435213940E-0002  1.80992205357835043276E-0033  0.00000000000000000000E+0000  2.20350809578039212477E+0002  0.00000000000000000000E+0000  0.00000000000000000000E+0000  2.20348288842132985763E+0002  0.00000000000000000000E+0000  0.00000000000000000000E+0000  0.00000000000000000000E+0000  0.00000000000000000000E+0000  0.00000000000000000000E+0000 -1.74945384329701463056E-0005 -2.88601854945619980004E+0000  0.00000000000000000000E+0000  0.00000000000000000000E+0000  0.00000000000000000000E+0000  4.81302200013674406318E-0002
 8.39100000000000000016E-0010  0.00000000000000000000E+0000 -1.28067660713546778380E-0001  1.59518949521844666950E-0002 -1.28067660713546778380E-0001  1.04999999999999999996E+0000  1.44108105263095829065E+0000  1.51456730240807488656E+0000  1.38061966030648928801E+0000  0.00000000000000000000E+0000  2.34433159148802059510E+0002  0.00000000000000000000E+0000  2.49455715157364626307E-0039  2.57607351758461611750E-0002  1.80994054485921347454E-0033  0.00000000000000000000E+0000  2.20353533528674759470E+0002  0.00000000000000000000E+0000  0.00000000000000000000E+0000  2.20350833853988680042E+0002  0.00000000000000000000E+0000  0.00000000000000000000E+0000  0.00000000000000000000E+0000  0.00000000000000000000E+0000  0.00000000000000000000E+0000 -1.78103508066897660860E-0005 -2.88613505813465500609E+0000  0.00000000000000000000E+0000  0.00000000000000000000E+0000  0.00000000000000000000E+0000  4.88815379859192473721E-0002
 8.55999999999999999999E-0010  0.00000000000000000000E+0000 -1.29730843854483905559E-0001  1.60780669616707666877E-0002 -1.29730843854483905559E-0001  1.04999999999999999996E+0000  1.44108262522534454899E+0000  1.51456785584534107394E+0000  1.38061991818132836162E+0000  0.00000000000000000000E+0000  2.34433159148802059510E+0002  0.00000000000000000000E+0000  2.49471243782705895669E-0039  2.57614216059104721052E-0002  1.80995936541304798576E-0033  0.00000000000000000000E+0000  2.20356323608479543280E+0002  0.00000000000000000000E+0000  0.00000000000000000000E+0000  2.20353436553369559564E+0002  0.00000000000000000000E+0000  0.00000000000000000000E+0000  0.00000000000000000000E+0000  0.00000000000000000000E+0000  0.00000000000000000000E+0000 -1.81398060232030594481E-0005 -2.88623541046930165823E+0000  0.00000000000000000000E+0000  0.00000000000000000000E+0000  0.00000000000000000000E+0000  4.96419819050056409963E-0002
 8.73200000000000000017E-0010  0.00000000000000000000E+0000 -1.31409446368541971232E-0001  1.62049016824604368597E-0002 -1.31409446368541971232E-0001  1.04999999999999999996E+0000  1.44108421516244923871E+0000  1.51456841878029949990E+0000  1.38062017854032114078E+0000  0.00000000000000000000E+0000  2.34433159148802059510E+0002  0.00000000000000000000E+0000  2.49486951618659229661E-0039  2.57621195468868009388E-0002  1.80997840053614947367E-0033  0.00000000000000000000E+0000  2.20359163313222131284E+0002  0.00000000000000000000E+0000  0.00000000000000000000E+0000  2.20356081284996311517E+0002  0.00000000000000000000E+0000  0.00000000000000000000E+0000  0.00000000000000000000E+0000  0.00000000000000000000E+0000  0.00000000000000000000E+0000 -1.84708689004079495200E-0005 -2.88633543055519976796E+0000  0.00000000000000000000E+0000  0.00000000000000000000E+0000  0.00000000000000000000E+0000  5.04131366492675750475E-0002
 8.90799999999999999996E-0010  0.00000000000000000000E+0000 -1.33105774335315287226E-0001  1.63314993975068200419E-0002 -1.33105774335315287226E-0001  1.04999999999999999996E+0000  1.44108583144286793269E+0000  1.51456899446921228333E+0000  1.38062044287825190123E+0000  0.00000000000000000000E+0000  2.34433159148802059510E+0002  0.00000000000000000000E+0000  2.49502928269682805964E-0039  2.57628330306361177082E-0002  1.80999776064424016005E-0033  0.00000000000000000000E+0000  2.20362069143189280920E+0002  0.00000000000000000000E+0000  0.00000000000000000000E+0000  2.20358783256423392163E+0002  0.00000000000000000000E+0000  0.00000000000000000000E+0000  0.00000000000000000000E+0000  0.00000000000000000000E+0000  0.00000000000000000000E+0000 -1.88138419851342983929E-0005 -2.88642156739703471422E+0000  0.00000000000000000000E+0000  0.00000000000000000000E+0000  0.00000000000000000000E+0000  5.11932004066556780454E-0002
 9.08700000000000000009E-0010  0.00000000000000000000E+0000 -1.36388360517261601648E-0001  1.64788189213079469841E-0002 -1.36388360517261601648E-0001  1.04999999999999999996E+0000  1.44108745497904280398E+0000  1.51456957930912065120E+0000  1.38062070782226938503E+0000  0.00000000000000000000E+0000  2.34433159148802059510E+0002  0.00000000000000000000E+0000  2.49518980282909108229E-0039  2.57635572205287178860E-0002  1.81001721585769467546E-0033  0.00000000000000000000E+0000  2.20365024613485135582E+0002  0.00000000000000000000E+0000  0.00000000000000000000E+0000  2.20361522363703213473E+0002  0.00000000000000000000E+0000  0.00000000000000000000E+0000  0.00000000000000000000E+0000  0.00000000000000000000E+0000  0.00000000000000000000E+0000 -1.74312994736750354278E-0005 -2.88928453863741801924E+0000  0.00000000000000000000E+0000  0.00000000000000000000E+0000  0.00000000000000000000E+0000  5.27629614919320500713E-0002
 9.26999999999999999985E-0010  0.00000000000000000000E+0000 -1.37973477300481886873E-0001  1.67448429368522239121E-0002 -1.37973477300481886873E-0001  1.04999999999999999996E+0000  1.44108910502700612595E+0000  1.51457017688962424830E+0000  1.38062097685222523024E+0000  0.00000000000000000000E+0000  2.34433159148802059510E+0002  0.00000000000000000000E+0000  2.49535310723855281556E-0039  2.57642969984250676441E-0002  1.81003701162944551549E-0033  0.00000000000000000000E+0000  2.20368046198618157863E+0002  0.00000000000000000000E+0000  0.00000000000000000000E+0000  2.20364318972052850812E+0002  0.00000000000000000000E+0000  0.00000000000000000000E+0000  0.00000000000000000000E+0000  0.00000000000000000000E+0000  0.00000000000000000000E+0000 -1.79368243321224413720E-0005 -2.88911419507575045144E+0000  0.00000000000000000000E+0000  0.00000000000000000000E+0000  0.00000000000000000000E+0000  5.34980062774114983316E-0002
 9.45600000000000000045E-0010  0.00000000000000000000E+0000 -1.39604107396897478616E-0001  1.68807592755205441839E-0002 -1.39604107396897478616E-0001  1.04999999999999999996E+0000  1.44109077231548898161E+0000  1.51457078392691715134E+0000  1.38062124849536851630E+0000  0.00000000000000000000E+0000  2.34433159148802059510E+0002  0.00000000000000000000E+0000  2.49551816778412846796E-0039  2.57650482039822780321E-0002  1.81005702659714066670E-0033  0.00000000000000000000E+0000  2.20371117390185875765E+0002  0.00000000000000000000E+0000  0.00000000000000000000E+0000  2.20367157082985081734E+0002  0.00000000000000000000E+0000  0.00000000000000000000E+0000  0.00000000000000000000E+0000  0.00000000000000000000E+0000  0.00000000000000000000E+0000 -1.84276961495620459322E-0005 -2.88896811311483560402E+0000  0.00000000000000000000E+0000  0.00000000000000000000E+0000  0.00000000000000000000E+0000  5.42307142094423381231E-0002
 9.64700000000000000044E-0010  0.00000000000000000000E+0000 -1.42739721531548091447E-0001  1.69476995427791396224E-0002 -1.42739721531548091447E-0001  1.04999999999999999996E+0000  1.44109246540413647676E+0000  1.51457140660509887711E+0000  1.38062152405143843774E+0000  0.00000000000000000000E+0000  2.34433159148802059510E+0002  0.00000000000000000000E+0000  2.49568579192321739544E-0039  2.57658181263658537625E-0002  1.81007737197137371060E-0033  0.00000000000000000000E+0000  2.20374271189047703193E+0002  0.00000000000000000000E+0000  0.00000000000000000000E+0000  2.20370062409870793224E+0002  0.00000000000000000000E+0000  0.00000000000000000000E+0000  0.00000000000000000000E+0000  0.00000000000000000000E+0000  0.00000000000000000000E+0000 -1.72215558547148999883E-0005 -2.89153310765105813385E+0000  0.00000000000000000000E+0000  0.00000000000000000000E+0000  0.00000000000000000000E+0000  5.57494426230052083333E-0002
 9.83999999999999999999E-0010  0.00000000000000000000E+0000 -1.44267596479256740948E-0001  1.71853334883266888481E-0002 -1.44267596479256740948E-0001  1.04999999999999999996E+0000  1.44109416711082830302E+0000  1.51457203546921050888E+0000  1.38062180092554655513E+0000  0.00000000000000000000E+0000  2.34433159148802059510E+0002  0.00000000000000000000E+0000  2.49585438571873162363E-0039  2.57665954900302374421E-0002  1.81009784551501636765E-0033  0.00000000000000000000E+0000  2.20377458077382594778E+0002  0.00000000000000000000E+0000  0.00000000000000000000E+0000  2.20372994292913246428E+0002  0.00000000000000000000E+0000  0.00000000000000000000E+0000  0.00000000000000000000E+0000  0.00000000000000000000E+0000  0.00000000000000000000E+0000 -1.78455498134649521171E-0005 -2.89117790212839561670E+0000  0.00000000000000000000E+0000  0.00000000000000000000E+0000  0.00000000000000000000E+0000  5.64680182613971918599E-0002
 1.00400000000000000000E-0009  0.00000000000000000000E+0000 -1.47278841525889863713E-0001  1.73134578531570070155E-0002 -1.47278841525889863713E-0001  1.04999999999999999996E+0000  1.44109591258012341875E+0000  1.51457268646408779798E+0000  1.38062208486997315066E+0000  0.00000000000000000000E+0000  2.34433159148802059510E+0002  0.00000000000000000000E+0000  2.49602731180187373473E-0039  2.57673995817350057645E-0002  1.81011887660793593825E-0033  0.00000000000000000000E+0000  2.20380760551585691720E+0002  0.00000000000000000000E+0000  0.00000000000000000000E+0000  2.20376023478400535419E+0002  0.00000000000000000000E+0000  0.00000000000000000000E+0000  0.00000000000000000000E+0000  0.00000000000000000000E+0000  0.00000000000000000000E+0000 -1.68212221776915354948E-0005 -2.89344412794910854614E+0000  0.00000000000000000000E+0000  0.00000000000000000000E+0000  0.00000000000000000000E+0000  5.79056242433756918213E-0002
 1.02400000000000000000E-0009  0.00000000000000000000E+0000 -1.48747659201015390974E-0001  1.75152853551867895416E-0002 -1.48747659201015390974E-0001  1.04999999999999999996E+0000  1.44109764947194227786E+0000  1.51457333712589694154E+0000  1.38062236745878945475E+0000  0.00000000000000000000E+0000  2.34433159148802059510E+0002  0.00000000000000000000E+0000  2.49619947055868280969E-0039  2.57682030413094817268E-0002  1.81013983064711262935E-0033  0.00000000000000000000E+0000  2.20384063089805174368E+0002  0.00000000000000000000E+0000  0.00000000000000000000E+0000  2.20379048732024463569E+0002  0.00000000000000000000E+0000  0.00000000000000000000E+0000  0.00000000000000000000E+0000  0.00000000000000000000E+0000  0.00000000000000000000E+0000 -1.75501095656092260593E-0005 -2.89292472275259821132E+0000  0.00000000000000000000E+0000  0.00000000000000000000E+0000  0.00000000000000000000E+0000  5.86028006732869564301E-0002
 1.04499999999999999998E-0009  0.00000000000000000000E+0000 -1.51657113676048845358E-0001  1.75987129384100705935E-0002 -1.51657113676048845358E-0001  1.04999999999999999996E+0000  1.44109945593125389669E+0000  1.51457401963184071279E+0000  1.38062266158175251784E+0000  0.00000000000000000000E+0000  2.34433159148802059510E+0002  0.00000000000000000000E+0000  2.49637852006101464612E-0039  2.57690452010746032149E-0002  1.81016166798813988612E-0033  0.00000000000000000000E+0000  2.20387530693270805984E+0002  0.00000000000000000000E+0000  0.00000000000000000000E+0000  2.20382216147568036721E+0002  0.00000000000000000000E+0000  0.00000000000000000000E+0000  0.00000000000000000000E+0000  0.00000000000000000000E+0000  0.00000000000000000000E+0000 -1.66676847429204979418E-0005 -2.89495858636326777302E+0000  0.00000000000000000000E+0000  0.00000000000000000000E+0000  0.00000000000000000000E+0000  6.00020186802668960826E-0002
 1.06599999999999999997E-0009  0.00000000000000000000E+0000 -1.53090557670731676221E-0001  1.77914906944304293868E-0002 -1.53090557670731676221E-0001  1.04999999999999999996E+0000  1.44110125406128818722E+0000  1.51457470179701582434E+0000  1.38062295452382868648E+0000  0.00000000000000000000E+0000  2.34433159148802059510E+0002  0.00000000000000000000E+0000  2.49655680476501102826E-0039  2.57698867055513288257E-0002  1.81018343497780699126E-0033  0.00000000000000000000E+0000  2.20390998355085305241E+0002  0.00000000000000000000E+0000  0.00000000000000000000E+0000  2.20385379489842405901E+0002  0.00000000000000000000E+0000  0.00000000000000000000E+0000  0.00000000000000000000E+0000  0.00000000000000000000E+0000  0.00000000000000000000E+0000 -1.75115908273264853333E-0005 -2.89426816485236542407E+0000  0.00000000000000000000E+0000  0.00000000000000000000E+0000  0.00000000000000000000E+0000  6.06857617228327513854E-0002
 1.08700000000000000005E-0009  0.00000000000000000000E+0000 -1.54595052578074659879E-0001  1.78900448287588107013E-0002 -1.54595052578074659879E-0001  1.04999999999999999996E+0000  1.44110304378399828546E+0000  1.51457538361045997643E+0000  1.38062324634081460943E+0000  0.00000000000000000000E+0000  2.34433159148802059510E+0002  0.00000000000000000000E+0000  2.49673426689855341967E-0039  2.57707274895126654783E-0002  1.81020512981261811366E-0033  0.00000000000000000000E+0000  2.20394466020408000412E+0002  0.00000000000000000000E+0000  0.00000000000000000000E+0000  2.20388538332582488807E+0002  0.00000000000000000000E+0000  0.00000000000000000000E+0000  0.00000000000000000000E+0000  0.00000000000000000000E+0000  0.00000000000000000000E+0000 -1.82758943833116260131E-0005 -2.89369290855655706698E+0000  0.00000000000000000000E+0000  0.00000000000000000000E+0000  0.00000000000000000000E+0000  6.13699216293297808067E-0002
 1.10900000000000000001E-0009  0.00000000000000000000E+0000 -1.57496646122700223249E-0001  1.79185172373728447143E-0002 -1.57496646122700223249E-0001  1.04999999999999999996E+0000  1.44110490171420748860E+0000  1.51457609716485156360E+0000  1.38062354991276067708E+0000  0.00000000000000000000E+0000  2.34433159148802059510E+0002  0.00000000000000000000E+0000  2.49691846283140221584E-0039  2.57716067542200565367E-0002  1.81022771479071797323E-0033  0.00000000000000000000E+0000  2.20398098674765240995E+0002  0.00000000000000000000E+0000  0.00000000000000000000E+0000  2.20391837974969379305E+0002  0.00000000000000000000E+0000  0.00000000000000000000E+0000  0.00000000000000000000E+0000  0.00000000000000000000E+0000  0.00000000000000000000E+0000 -1.73566113141805503670E-0005 -2.89575798348965209191E+0000  0.00000000000000000000E+0000  0.00000000000000000000E+0000  0.00000000000000000000E+0000  6.28084979420180735565E-0002
 1.13099999999999999997E-0009  0.00000000000000000000E+0000 -1.58944982673565003153E-0001  1.81396283399705894008E-0002 -1.58944982673565003153E-0001  1.04999999999999999996E+0000  1.44110675137792843827E+0000  1.51457681035977166824E+0000  1.38062385251334491414E+0000  0.00000000000000000000E+0000  2.34433159148802059510E+0002  0.00000000000000000000E+0000  2.49710189361004883529E-0039  2.57724853288305084528E-0002  1.81025023892943201624E-0033  0.00000000000000000000E+0000  2.20401731357207758336E+0002  0.00000000000000000000E+0000  0.00000000000000000000E+0000  2.20395133325516348721E+0002  0.00000000000000000000E+0000  0.00000000000000000000E+0000  0.00000000000000000000E+0000  0.00000000000000000000E+0000  0.00000000000000000000E+0000 -1.82348050435692135045E-0005 -2.89501442547523639361E+0000  0.00000000000000000000E+0000  0.00000000000000000000E+0000  0.00000000000000000000E+0000  6.35036693314332934777E-0002
 1.15400000000000000001E-0009  0.00000000000000000000E+0000 -1.61806793852471258232E-0001  1.82425462015083464931E-0002 -1.61806793852471258232E-0001  1.04999999999999999996E+0000  1.44110866826755874067E+0000  1.51457755522798033878E+0000  1.38062416702375346286E+0000  0.00000000000000000000E+0000  2.34433159148802059510E+0002  0.00000000000000000000E+0000  2.49729195318303380071E-0039  2.57734022400821910351E-0002  1.81027365882364991006E-0033  0.00000000000000000000E+0000  2.20405528971443154002E+0002  0.00000000000000000000E+0000  0.00000000000000000000E+0000  2.20398568579589687180E+0002  0.00000000000000000000E+0000  0.00000000000000000000E+0000  0.00000000000000000000E+0000  0.00000000000000000000E+0000  0.00000000000000000000E+0000 -1.74129395687375692451E-0005 -2.89691943870327560362E+0000  0.00000000000000000000E+0000  0.00000000000000000000E+0000  0.00000000000000000000E+0000  6.49018568376015452486E-0002
 1.17699999999999999995E-0009  0.00000000000000000000E+0000 -1.64493399352141369662E-0001  1.84403202931431612236E-0002 -1.64493399352141369662E-0001  1.04999999999999999996E+0000  1.44111056938777673379E+0000  1.51457829938909712992E+0000  1.38062447993446950302E+0000  0.00000000000000000000E+0000  2.34433159148802059510E+0002  0.00000000000000000000E+0000  2.49748042426391594669E-0039  2.57743176453616666271E-0002  1.81029696629854212329E-0033  0.00000000000000000000E+0000  2.20409326461391128923E+0002  0.00000000000000000000E+0000  0.00000000000000000000E+0000  2.20401994579330178070E+0002  0.00000000000000000000E+0000  0.00000000000000000000E+0000  0.00000000000000000000E+0000  0.00000000000000000000E+0000  0.00000000000000000000E+0000 -1.67287875421974412105E-0005 -2.89859405673954536806E+0000  0.00000000000000000000E+0000  0.00000000000000000000E+0000  0.00000000000000000000E+0000  6.62640454278990803674E-0002
 1.20099999999999999998E-0009  0.00000000000000000000E+0000 -1.67094650132275844903E-0001  1.86175718564578998179E-0002 -1.67094650132275844903E-0001  1.04999999999999999996E+0000  1.44111253758926546073E+0000  1.51457907519752354899E+0000  1.38062480499957313299E+0000  0.00000000000000000000E+0000  2.34433159148802059510E+0002  0.00000000000000000000E+0000  2.49767559444983351243E-0039  2.57752714141124418270E-0002  1.81032118814433137982E-0033  0.00000000000000000000E+0000  2.20413288845289105547E+0002  0.00000000000000000000E+0000  0.00000000000000000000E+0000  2.20405560627826471412E+0002  0.00000000000000000000E+0000  0.00000000000000000000E+0000  0.00000000000000000000E+0000  0.00000000000000000000E+0000  0.00000000000000000000E+0000 -1.62523810867298958942E-0005 -2.89995497983286161427E+0000  0.00000000000000000000E+0000  0.00000000000000000000E+0000  0.00000000000000000000E+0000  6.75496921107472225704E-0002
 1.22500000000000000000E-0009  0.00000000000000000000E+0000 -1.68440066859888870542E-0001  1.87684757636814369012E-0002 -1.68440066859888870542E-0001  1.04999999999999999996E+0000  1.44111449802426109992E+0000  1.51457985064916786236E+0000  1.38062512940249738891E+0000  0.00000000000000000000E+0000  2.34433159148802059510E+0002  0.00000000000000000000E+0000  2.49787004981144807416E-0039  2.57762245034868772892E-0002  1.81034536542218002628E-0033  0.00000000000000000000E+0000  2.20417251220685549581E+0002  0.00000000000000000000E+0000  0.00000000000000000000E+0000  2.20409122437276728271E+0002  0.00000000000000000000E+0000  0.00000000000000000000E+0000  0.00000000000000000000E+0000  0.00000000000000000000E+0000  0.00000000000000000000E+0000 -1.74245162541854338534E-0005 -2.89877160054206207940E+0000  0.00000000000000000000E+0000  0.00000000000000000000E+0000  0.00000000000000000000E+0000  6.81765755727534557355E-0002
 1.24900000000000000002E-0009  0.00000000000000000000E+0000 -1.71057973857342173645E-0001  1.87794155155646971282E-0002 -1.71057973857342173645E-0001  1.04999999999999999996E+0000  1.44111644304294537935E+0000  1.51458062538616757876E+0000  1.38062545259366297129E+0000  0.00000000000000000000E+0000  2.34433159148802059510E+0002  0.00000000000000000000E+0000  2.49806291199741059431E-0039  2.57771760199016768110E-0002  1.81036944978307958216E-0033  0.00000000000000000000E+0000  2.20421213338356554542E+0002  0.00000000000000000000E+0000  0.00000000000000000000E+0000  2.20412674555695199119E+0002  0.00000000000000000000E+0000  0.00000000000000000000E+0000  0.00000000000000000000E+0000  0.00000000000000000000E+0000  0.00000000000000000000E+0000 -1.68216757842790704626E-0005 -2.90029246409017417560E+0000  0.00000000000000000000E+0000  0.00000000000000000000E+0000  0.00000000000000000000E+0000  6.94861738892464324388E-0002
 1.27400000000000000002E-0009  0.00000000000000000000E+0000 -1.73569125476337415116E-0001  1.89362980738495366542E-0002 -1.73569125476337415116E-0001  1.04999999999999999996E+0000  1.44111845375525170546E+0000  1.51458143168663166554E+0000  1.38062578814373594063E+0000  0.00000000000000000000E+0000  2.34433159148802059510E+0002  0.00000000000000000000E+0000  2.49826234599051905677E-0039  2.57781657230992609440E-0002  1.81039445798968260714E-0033  0.00000000000000000000E+0000  2.20425340247957098405E+0002  0.00000000000000000000E+0000  0.00000000000000000000E+0000  2.20416365634053920089E+0002  0.00000000000000000000E+0000  0.00000000000000000000E+0000  0.00000000000000000000E+0000  0.00000000000000000000E+0000  0.00000000000000000000E+0000 -1.64118987346567003921E-0005 -2.90152486800515496852E+0000  0.00000000000000000000E+0000  0.00000000000000000000E+0000  0.00000000000000000000E+0000  7.07649710458780220287E-0002
 1.30000000000000000000E-0009  0.00000000000000000000E+0000 -1.76026620151392978249E-0001  1.91048422642956280932E-0002 -1.76026620151392978249E-0001  1.04999999999999999996E+0000  1.44112052949262276207E+0000  1.51458226951399380794E+0000  1.38062613609721290277E+0000  0.00000000000000000000E+0000  2.34433159148802059510E+0002  0.00000000000000000000E+0000  2.49846826025167399931E-0039  2.57791935056979654454E-0002  1.81042039041622111873E-0033  0.00000000000000000000E+0000  2.20429631943867262250E+0002  0.00000000000000000000E+0000  0.00000000000000000000E+0000  2.20420195047050561252E+0002  0.00000000000000000000E+0000  0.00000000000000000000E+0000  0.00000000000000000000E+0000  0.00000000000000000000E+0000  0.00000000000000000000E+0000 -1.61649559845305296454E-0005 -2.90251580641963784647E+0000  0.00000000000000000000E+0000  0.00000000000000000000E+0000  0.00000000000000000000E+0000  7.19975030211456597145E-0002
 1.32599999999999999999E-0009  0.00000000000000000000E+0000 -1.77334208585548290960E-0001  1.92544914061450830098E-0002 -1.77334208585548290960E-0001  1.04999999999999999996E+0000  1.44112259742103726741E+0000  1.51458310697126509610E+0000  1.38062648357565849130E+0000  0.00000000000000000000E+0000  2.34433159148802059510E+0002  0.00000000000000000000E+0000  2.49867346783004299816E-0039  2.57802205874992432013E-0002  1.81044628923152684077E-0033  0.00000000000000000000E+0000  2.20433923583982816996E+0002  0.00000000000000000000E+0000  0.00000000000000000000E+0000  2.20424020083934940867E+0002  0.00000000000000000000E+0000  0.00000000000000000000E+0000  0.00000000000000000000E+0000  0.00000000000000000000E+0000  0.00000000000000000000E+0000 -1.75371049521743518545E-0005 -2.90103944987121199371E+0000  0.00000000000000000000E+0000  0.00000000000000000000E+0000  0.00000000000000000000E+0000  7.26032908026885127445E-0002
 1.35300000000000000005E-0009  0.00000000000000000000E+0000 -1.79882538932222764083E-0001  1.92487056618085981890E-0002 -1.79882538932222764083E-0001  1.04999999999999999996E+0000  1.44112472849915686517E+0000  1.51458397585722315823E+0000  1.38062684349337221122E+0000  0.00000000000000000000E+0000  2.34433159148802059510E+0002  0.00000000000000000000E+0000  2.49888493290126155896E-0039  2.57812854864150975011E-0002  1.81047311143628624004E-0033  0.00000000000000000000E+0000  2.20438379850154166889E+0002  0.00000000000000000000E+0000  0.00000000000000000000E+0000  2.20427981820137324415E+0002  0.00000000000000000000E+0000  0.00000000000000000000E+0000  0.00000000000000000000E+0000  0.00000000000000000000E+0000  0.00000000000000000000E+0000 -1.71849438136028277699E-0005 -2.90218041322586124274E+0000  0.00000000000000000000E+0000  0.00000000000000000000E+0000  0.00000000000000000000E+0000  7.38841384702103142065E-0002
 1.38000000000000000001E-0009  0.00000000000000000000E+0000 -1.82332112481484374630E-0001  1.94008674243750028088E-0002 -1.82332112481484374630E-0001  1.04999999999999999996E+0000  1.44112684375016349841E+0000  1.51458484398419647964E+0000  1.38062720257757886298E+0000  0.00000000000000000000E+0000  2.34433159148802059510E+0002  0.00000000000000000000E+0000  2.49909484563413641697E-0039  2.57823487705282373266E-0002  1.81049986886448146808E-0033  0.00000000000000000000E+0000  2.20442835753119249859E+0002  0.00000000000000000000E+0000  0.00000000000000000000E+0000  2.20431933657068846413E+0002  0.00000000000000000000E+0000  0.00000000000000000000E+0000  0.00000000000000000000E+0000  0.00000000000000000000E+0000  0.00000000000000000000E+0000 -1.68892436084980968344E-0005 -2.90322138751182509155E+0000  0.00000000000000000000E+0000  0.00000000000000000000E+0000  0.00000000000000000000E+0000  7.51594398167086230313E-0002
 1.40799999999999999995E-0009  0.00000000000000000000E+0000 -1.84758294491885279574E-0001  1.95592990155650176029E-0002 -1.84758294491885279574E-0001  1.04999999999999999996E+0000  1.44112902138639443735E+0000  1.51458574349373878236E+0000  1.38062757417378639976E+0000  0.00000000000000000000E+0000  2.34433159148802059510E+0002  0.00000000000000000000E+0000  2.49931103232147617852E-0039  2.57834498602866166803E-0002  1.81052755871032749453E-0033  0.00000000000000000000E+0000  2.20447456229658509008E+0002  0.00000000000000000000E+0000  0.00000000000000000000E+0000  2.20436022116887040206E+0002  0.00000000000000000000E+0000  0.00000000000000000000E+0000  0.00000000000000000000E+0000  0.00000000000000000000E+0000  0.00000000000000000000E+0000 -1.67322807850987649575E-0005 -2.90405887617584807132E+0000  0.00000000000000000000E+0000  0.00000000000000000000E+0000  0.00000000000000000000E+0000  7.63856102913463631853E-0002
 1.43600000000000000000E-0009  0.00000000000000000000E+0000 -1.87126901208893876033E-0001  1.96863488908728416881E-0002 -1.87126901208893876033E-0001  1.04999999999999999996E+0000  1.44113118348673755354E+0000  1.51458664224820330907E+0000  1.38062794504700932870E+0000  0.00000000000000000000E+0000  2.34433159148802059510E+0002  0.00000000000000000000E+0000  2.49952570513219487817E-0039  2.57845493439644392605E-0002  1.81055519282257559909E-0033  0.00000000000000000000E+0000  2.20452076288626919898E+0002  0.00000000000000000000E+0000  0.00000000000000000000E+0000  2.20440100742609976711E+0002  0.00000000000000000000E+0000  0.00000000000000000000E+0000  0.00000000000000000000E+0000  0.00000000000000000000E+0000  0.00000000000000000000E+0000 -1.65982750773922971908E-0005 -2.90484752263500689150E+0000  0.00000000000000000000E+0000  0.00000000000000000000E+0000  0.00000000000000000000E+0000  7.76008709882772745325E-0002
 1.46500000000000000002E-0009  0.00000000000000000000E+0000 -1.89473556329441288805E-0001  1.97912956567601104812E-0002 -1.89473556329441288805E-0001  1.04999999999999999996E+0000  1.44113340706087331839E+0000  1.51458757232970680346E+0000  1.38062832847051695378E+0000  0.00000000000000000000E+0000  2.34433159148802059510E+0002  0.00000000000000000000E+0000  2.49974657039310031077E-0039  2.57856865153307543631E-0002  1.81058376287996164503E-0033  0.00000000000000000000E+0000  2.20456860830371791787E+0002  0.00000000000000000000E+0000  0.00000000000000000000E+0000  2.20444315276193486861E+0002  0.00000000000000000000E+0000  0.00000000000000000000E+0000  0.00000000000000000000E+0000  0.00000000000000000000E+0000  0.00000000000000000000E+0000 -1.65747734818970665312E-0005 -2.90547571541001164661E+0000  0.00000000000000000000E+0000  0.00000000000000000000E+0000  0.00000000000000000000E+0000  7.87956220105714138182E-0002
 1.49400000000000000004E-0009  0.00000000000000000000E+0000 -1.91781803032428847585E-0001  1.99010330957416398884E-0002 -1.91781803032428847585E-0001  1.04999999999999999996E+0000  1.44113561522763850985E+0000  1.51458850165003344962E+0000  1.38062871124441069297E+0000  0.00000000000000000000E+0000  2.34433159148802059510E+0002  0.00000000000000000000E+0000  2.49996594145028485717E-0039  2.57868220677082616233E-0002  1.81061228400725725787E-0033  0.00000000000000000000E+0000  2.20461644890791612542E+0002  0.00000000000000000000E+0000  0.00000000000000000000E+0000  2.20448519914368945088E+0002  0.00000000000000000000E+0000  0.00000000000000000000E+0000  0.00000000000000000000E+0000  0.00000000000000000000E+0000  0.00000000000000000000E+0000 -1.65512357231899981690E-0005 -2.90609024761859701769E+0000  0.00000000000000000000E+0000  0.00000000000000000000E+0000  0.00000000000000000000E+0000  7.99848358678286789448E-0002
 1.52400000000000000004E-0009  0.00000000000000000000E+0000 -1.94082734068456491355E-0001  2.00044821247390058338E-0002 -1.94082734068456491355E-0001  1.04999999999999999996E+0000  1.44113788388079641189E+0000  1.51458946223480393788E+0000  1.38062910658373574370E+0000  0.00000000000000000000E+0000  2.34433159148802059510E+0002  0.00000000000000000000E+0000  2.50019141382761541802E-0039  2.57879951749545688736E-0002  1.81064174336253499894E-0033  0.00000000000000000000E+0000  2.20466593331602641020E+0002  0.00000000000000000000E+0000  0.00000000000000000000E+0000  2.20452859661014494194E+0002  0.00000000000000000000E+0000  0.00000000000000000000E+0000  0.00000000000000000000E+0000  0.00000000000000000000E+0000  0.00000000000000000000E+0000 -1.66187022307364316282E-0005 -2.90657406910914715612E+0000  0.00000000000000000000E+0000  0.00000000000000000000E+0000  0.00000000000000000000E+0000  8.11594796570263289672E-0002
 1.55500000000000000003E-0009  0.00000000000000000000E+0000 -1.96376294011367969066E-0001  2.01043589562477563924E-0002 -1.96376294011367969066E-0001  1.04999999999999999996E+0000  1.44114021220321077978E+0000  1.51459045403467785953E+0000  1.38062951447884026373E+0000  0.00000000000000000000E+0000  2.34433159148802059510E+0002  0.00000000000000000000E+0000  2.50042288622290666051E-0039  2.57892057065300570877E-0002  1.81067214013811157512E-0033  0.00000000000000000000E+0000  2.20471706117494409216E+0002  0.00000000000000000000E+0000  0.00000000000000000000E+0000  2.20457333772909550934E+0002  0.00000000000000000000E+0000  0.00000000000000000000E+0000  0.00000000000000000000E+0000  0.00000000000000000000E+0000  0.00000000000000000000E+0000 -1.67641867574803346380E-0005 -2.90694715419212345079E+0000  0.00000000000000000000E+0000  0.00000000000000000000E+0000  0.00000000000000000000E+0000  8.23357780430584360981E-0002
 1.58600000000000000001E-0009  0.00000000000000000000E+0000 -1.98654170350873994039E-0001  2.02125454287578369855E-0002 -1.98654170350873994039E-0001  1.04999999999999999996E+0000  1.44114252481796653691E+0000  1.51459144503380570789E+0000  1.38062992178121616508E+0000  0.00000000000000000000E+0000  2.34433159148802059510E+0002  0.00000000000000000000E+0000  2.50065284006428217444E-0039  2.57904145348800646092E-0002  1.81070249440757430687E-0033  0.00000000000000000000E+0000  2.20476818297913557620E+0002  0.00000000000000000000E+0000  0.00000000000000000000E+0000  2.20461797509128840059E+0002  0.00000000000000000000E+0000  0.00000000000000000000E+0000  0.00000000000000000000E+0000  0.00000000000000000000E+0000  0.00000000000000000000E+0000 -1.68802221286190177234E-0005 -2.90735108897068466379E+0000  0.00000000000000000000E+0000  0.00000000000000000000E+0000  0.00000000000000000000E+0000  8.35132548964614803954E-0002
 1.61799999999999999997E-0009  0.00000000000000000000E+0000 -2.01815899251345710113E-0001  2.03204660601762362667E-0002 -2.01815899251345710113E-0001  1.04999999999999999996E+0000  1.44114488909481120555E+0000  1.51459246681703946387E+0000  1.38063034138352566215E+0000  0.00000000000000000000E+0000  2.34433159148802059510E+0002  0.00000000000000000000E+0000  2.50088797893247294423E-0039  2.57916597983582472240E-0002  1.81073376829192267071E-0033  0.00000000000000000000E+0000  2.20482094264949299828E+0002  0.00000000000000000000E+0000  0.00000000000000000000E+0000  2.20466389659177308333E+0002  0.00000000000000000000E+0000  0.00000000000000000000E+0000  0.00000000000000000000E+0000  0.00000000000000000000E+0000  0.00000000000000000000E+0000 -1.55252332154210057860E-0005 -2.90992908034848424162E+0000  0.00000000000000000000E+0000  0.00000000000000000000E+0000  0.00000000000000000000E+0000  8.52297339121239627498E-0002
 1.65000000000000000003E-0009  0.00000000000000000000E+0000 -2.03947317999530314481E-0001  2.04920317540489581279E-0002 -2.03947317999530314481E-0001  1.04999999999999999996E+0000  1.44114723882252058909E+0000  1.51459348783876174380E+0000  1.38063076047113478544E+0000  0.00000000000000000000E+0000  2.34433159148802059510E+0002  0.00000000000000000000E+0000  2.50112178682912022566E-0039  2.57929035349522595103E-0002  1.81076500846216903871E-0033  0.00000000000000000000E+0000  2.20487369644835884686E+0002  0.00000000000000000000E+0000  0.00000000000000000000E+0000  2.20470972514195018871E+0002  0.00000000000000000000E+0000  0.00000000000000000000E+0000  0.00000000000000000000E+0000  0.00000000000000000000E+0000  0.00000000000000000000E+0000 -1.59325123421619144939E-0005 -2.90989447787532281480E+0000  0.00000000000000000000E+0000  0.00000000000000000000E+0000  0.00000000000000000000E+0000  8.63041703021255918830E-0002
 1.68299999999999999998E-0009  0.00000000000000000000E+0000 -2.06101744822692343990E-0001  2.05512900130374273338E-0002 -2.06101744822692343990E-0001  1.04999999999999999996E+0000  1.44114964698669178176E+0000  1.51459453997106201250E+0000  1.38063119214161178201E+0000  0.00000000000000000000E+0000  2.34433159148802059510E+0002  0.00000000000000000000E+0000  2.50136149443459968818E-0039  2.57941844991255065386E-0002  1.81079719084916698221E-0033  0.00000000000000000000E+0000  2.20492809121417986010E+0002  0.00000000000000000000E+0000  0.00000000000000000000E+0000  2.20475688528210431769E+0002  0.00000000000000000000E+0000  0.00000000000000000000E+0000  0.00000000000000000000E+0000  0.00000000000000000000E+0000  0.00000000000000000000E+0000 -1.63555300072526125954E-0005 -2.90984083353441964795E+0000  0.00000000000000000000E+0000  0.00000000000000000000E+0000  0.00000000000000000000E+0000  8.74025787050091067668E-0002
 1.71700000000000000000E-0009  0.00000000000000000000E+0000 -2.09095870164351901679E-0001  2.06178563070234399182E-0002 -2.09095870164351901679E-0001  1.04999999999999999996E+0000  1.44115210598226872588E+0000  1.51459562279275809261E+0000  1.38063163615882240919E+0000  0.00000000000000000000E+0000  2.34433159148802059510E+0002  0.00000000000000000000E+0000  2.50160627956603775628E-0039  2.57955016684989123229E-0002  1.81083029777735172572E-0033  0.00000000000000000000E+0000  2.20498412170354677220E+0002  0.00000000000000000000E+0000  0.00000000000000000000E+0000  2.20480531679097374223E+0002  0.00000000000000000000E+0000  0.00000000000000000000E+0000  0.00000000000000000000E+0000  0.00000000000000000000E+0000  0.00000000000000000000E+0000 -1.52811146551997828321E-0005 -2.91198475819049691616E+0000  0.00000000000000000000E+0000  0.00000000000000000000E+0000  0.00000000000000000000E+0000  8.90448129931392138591E-0002
 1.75100000000000000002E-0009  0.00000000000000000000E+0000 -2.11163013464542994248E-0001  2.07838592877832085901E-0002 -2.11163013464542994248E-0001  1.04999999999999999996E+0000  1.44115455076087437816E+0000  1.51459670483596001774E+0000  1.38063207972211008517E+0000  0.00000000000000000000E+0000  2.34433159148802059510E+0002  0.00000000000000000000E+0000  2.50184975924144789986E-0039  2.57968172767972953148E-0002  1.81086337596665290160E-0033  0.00000000000000000000E+0000  2.20504014523236985257E+0002  0.00000000000000000000E+0000  0.00000000000000000000E+0000  2.20485365369489361168E+0002  0.00000000000000000000E+0000  0.00000000000000000000E+0000  0.00000000000000000000E+0000  0.00000000000000000000E+0000  0.00000000000000000000E+0000 -1.58965258307838894968E-0005 -2.91164173419884379584E+0000  0.00000000000000000000E+0000  0.00000000000000000000E+0000  0.00000000000000000000E+0000  9.00829367621844311187E-0002
 1.78700000000000000000E-0009  0.00000000000000000000E+0000 -2.14063099513509640933E-0001  2.08337399909285848869E-0002 -2.14063099513509640933E-0001  1.04999999999999999996E+0000  1.44115711747010469984E+0000  1.51459784931134040526E+0000  1.38063254870634682123E+0000  0.00000000000000000000E+0000  2.34433159148802059510E+0002  0.00000000000000000000E+0000  2.50210543509731805934E-0039  2.57982076593627449491E-0002  1.81089835517463118564E-0033  0.00000000000000000000E+0000  2.20509944969656609307E+0002  0.00000000000000000000E+0000  0.00000000000000000000E+0000  2.20490467545304241387E+0002  0.00000000000000000000E+0000  0.00000000000000000000E+0000  0.00000000000000000000E+0000  0.00000000000000000000E+0000  0.00000000000000000000E+0000 -1.50891547454202028833E-0005 -2.91339187479834519886E+0000  0.00000000000000000000E+0000  0.00000000000000000000E+0000  0.00000000000000000000E+0000  9.16604277590341309190E-0002
 1.82200000000000000001E-0009  0.00000000000000000000E+0000 -2.16074361920257274801E-0001  2.09813253083852232535E-0002 -2.16074361920257274801E-0001  1.04999999999999999996E+0000  1.44115959910879852339E+0000  1.51459896121732243688E+0000  1.38063300425896216741E+0000  0.00000000000000000000E+0000  2.34433159148802059510E+0002  0.00000000000000000000E+0000  2.50235270097371251435E-0039  2.57995578097829783019E-0002  1.81093233658096725371E-0033  0.00000000000000000000E+0000  2.20515709975218602651E+0002  0.00000000000000000000E+0000  0.00000000000000000000E+0000  2.20495418383091083617E+0002  0.00000000000000000000E+0000  0.00000000000000000000E+0000  0.00000000000000000000E+0000  0.00000000000000000000E+0000  0.00000000000000000000E+0000 -1.58176212460119466931E-0005 -2.91287691977212611695E+0000  0.00000000000000000000E+0000  0.00000000000000000000E+0000  0.00000000000000000000E+0000  9.26787521756078387563E-0002
 1.85899999999999999997E-0009  0.00000000000000000000E+0000 -2.18905987284732285556E-0001  2.10197227392287734179E-0002 -2.18905987284732285556E-0001  1.04999999999999999996E+0000  1.44116220125149381635E+0000  1.51460013543803720133E+0000  1.38063348524663066634E+0000  0.00000000000000000000E+0000  2.34433159148802059510E+0002  0.00000000000000000000E+0000  2.50261203616711242649E-0039  2.58009825039339332395E-0002  1.81096822048611359917E-0033  0.00000000000000000000E+0000  2.20521802798710157667E+0002  0.00000000000000000000E+0000  0.00000000000000000000E+0000  2.20500636316762958888E+0002  0.00000000000000000000E+0000  0.00000000000000000000E+0000  0.00000000000000000000E+0000  0.00000000000000000000E+0000  0.00000000000000000000E+0000 -1.50990366381476801665E-0005 -2.91448045795313341144E+0000  0.00000000000000000000E+0000  0.00000000000000000000E+0000  0.00000000000000000000E+0000  9.42224903448718260543E-0002
 1.89600000000000000003E-0009  0.00000000000000000000E+0000 -2.20909432163480197968E-0001  2.11558454201430697298E-0002 -2.20909432163480197968E-0001  1.04999999999999999996E+0000  1.44116478945137559988E+0000  1.51460130884616333939E+0000  1.38063396586397015985E+0000  0.00000000000000000000E+0000  2.34433159148802059510E+0002  0.00000000000000000000E+0000  2.50287006553996650275E-0039  2.58024055453191965976E-0002  1.81100408083335206361E-0033  0.00000000000000000000E+0000  2.20527894784165052797E+0002  0.00000000000000000000E+0000  0.00000000000000000000E+0000  2.20505844368723415802E+0002  0.00000000000000000000E+0000  0.00000000000000000000E+0000  0.00000000000000000000E+0000  0.00000000000000000000E+0000  0.00000000000000000000E+0000 -1.59937927813284204251E-0005 -2.91373169658695924220E+0000  0.00000000000000000000E+0000  0.00000000000000000000E+0000  0.00000000000000000000E+0000  9.52273274345252615088E-0002
 1.93400000000000000008E-0009  0.00000000000000000000E+0000 -2.23700508036972995496E-0001  2.11967350668909935608E-0002 -2.23700508036972995496E-0001  1.04999999999999999996E+0000  1.44116742655122356397E+0000  1.51460251272404911483E+0000  1.38063445894056685851E+0000  0.00000000000000000000E+0000  2.34433159148802059510E+0002  0.00000000000000000000E+0000  2.50313298631200486284E-0039  2.58038643370506088418E-0002  1.81104087453222595174E-0033  0.00000000000000000000E+0000  2.20534149718431033621E+0002  0.00000000000000000000E+0000  0.00000000000000000000E+0000  2.20511176948871481060E+0002  0.00000000000000000000E+0000  0.00000000000000000000E+0000  0.00000000000000000000E+0000  0.00000000000000000000E+0000  0.00000000000000000000E+0000 -1.53031408347530988635E-0005 -2.91527911339534744322E+0000  0.00000000000000000000E+0000  0.00000000000000000000E+0000  0.00000000000000000000E+0000  9.67656533335162664727E-0002
 1.97300000000000000010E-0009  0.00000000000000000000E+0000 -2.26402840087888206506E-0001  2.13257958911315425305E-0002 -2.26402840087888206506E-0001  1.04999999999999999996E+0000  1.44117011260801166814E+0000  1.51460374705783591015E+0000  1.38063496450876915225E+0000  0.00000000000000000000E+0000  2.34433159148802059510E+0002  0.00000000000000000000E+0000  2.50340085891775457638E-0039  2.58053589274007810936E-0002  1.81107860456638805552E-0033  0.00000000000000000000E+0000  2.20540567625115103464E+0002  0.00000000000000000000E+0000  0.00000000000000000000E+0000  2.20516634420462440402E+0002  0.00000000000000000000E+0000  0.00000000000000000000E+0000  0.00000000000000000000E+0000  0.00000000000000000000E+0000  0.00000000000000000000E+0000 -1.48579076760239432327E-0005 -2.91647088865743640070E+0000  0.00000000000000000000E+0000  0.00000000000000000000E+0000  0.00000000000000000000E+0000  9.82329953912974884923E-0002
 2.01299999999999999990E-0009  0.00000000000000000000E+0000 -2.28379606455310699042E-0001  2.14327316717835739164E-0002 -2.28379606455310699042E-0001  1.04999999999999999996E+0000  1.44117285353989017446E+0000  1.51460501219025614320E+0000  1.38063548273059078495E+0000  0.00000000000000000000E+0000  2.34433159148802059510E+0002  0.00000000000000000000E+0000  2.50367432115831640557E-0039  2.58068901592856312986E-0002  1.81111728271161104298E-0033  0.00000000000000000000E+0000  2.20547149047793236962E+0002  0.00000000000000000000E+0000  0.00000000000000000000E+0000  2.20522221710544503046E+0002  0.00000000000000000000E+0000  0.00000000000000000000E+0000  0.00000000000000000000E+0000  0.00000000000000000000E+0000  0.00000000000000000000E+0000 -1.60429465820511524292E-0005 -2.91531349103988597811E+0000  0.00000000000000000000E+0000  0.00000000000000000000E+0000  0.00000000000000000000E+0000  9.92020722378388733180E-0002
 2.05299999999999999990E-0009  0.00000000000000000000E+0000 -2.31096166646771078031E-0001  2.14518487192363121936E-0002 -2.31096166646771078031E-0001  1.04999999999999999996E+0000  1.44117557365373916145E+0000  1.51460627604221345838E+0000  1.38063600051960440145E+0000  0.00000000000000000000E+0000  2.34433159148802059510E+0002  0.00000000000000000000E+0000  2.50394568140309394385E-0039  2.58084185466566797223E-0002  1.81115593056795754530E-0033  0.00000000000000000000E+0000  2.20553728583507384992E+0002  0.00000000000000000000E+0000  0.00000000000000000000E+0000  2.20527792223271534189E+0002  0.00000000000000000000E+0000  0.00000000000000000000E+0000  0.00000000000000000000E+0000  0.00000000000000000000E+0000  0.00000000000000000000E+0000 -1.54857863167369659846E-0005 -2.91665205132539716499E+0000  0.00000000000000000000E+0000  0.00000000000000000000E+0000  0.00000000000000000000E+0000  1.00716515874851744536E-0001
 2.09400000000000000009E-0009  0.00000000000000000000E+0000 -2.33753895224801288251E-0001  2.15754135109471548843E-0002 -2.33753895224801288251E-0001  1.04999999999999999996E+0000  1.44117834138802269016E+0000  1.51460757022173800464E+0000  1.38063653085882292971E+0000  0.00000000000000000000E+0000  2.34433159148802059510E+0002  0.00000000000000000000E+0000  2.50422187514272128847E-0039  2.58099824773611476520E-0002  1.81119551840470397328E-0033  0.00000000000000000000E+0000  2.20560470705292443014E+0002  0.00000000000000000000E+0000  0.00000000000000000000E+0000  2.20533486164473808172E+0002  0.00000000000000000000E+0000  0.00000000000000000000E+0000  0.00000000000000000000E+0000  0.00000000000000000000E+0000  0.00000000000000000000E+0000 -1.51376582065795455714E-0005 -2.91768917706310402333E+0000  0.00000000000000000000E+0000  0.00000000000000000000E+0000  0.00000000000000000000E+0000  1.02162415294297482270E-0001
 2.13600000000000000005E-0009  0.00000000000000000000E+0000 -2.36357119174007538563E-0001  2.16717292541373919394E-0002 -2.36357119174007538563E-0001  1.04999999999999999996E+0000  1.44118115648352789165E+0000  1.51460889469778972160E+0000  1.38063707377241699325E+0000  0.00000000000000000000E+0000  2.34433159148802059510E+0002  0.00000000000000000000E+0000  2.50450285957410211231E-0039  2.58115818622329581340E-0002  1.81123604750914540709E-0033  0.00000000000000000000E+0000  2.20567375332370669866E+0002  0.00000000000000000000E+0000  0.00000000000000000000E+0000  2.20539303111806803473E+0002  0.00000000000000000000E+0000  0.00000000000000000000E+0000  0.00000000000000000000E+0000  0.00000000000000000000E+0000  0.00000000000000000000E+0000 -1.49494238761688275198E-0005 -2.91849605863006966396E+0000  0.00000000000000000000E+0000  0.00000000000000000000E+0000  0.00000000000000000000E+0000  1.03575277739313776470E-0001
 2.17900000000000000000E-0009  0.00000000000000000000E+0000 -2.38923927170753502185E-0001  2.17520412173803018067E-0002 -2.38923927170753502185E-0001  1.04999999999999999996E+0000  1.44118401854404317103E+0000  1.51461024943078447847E+0000  1.38063762928185606378E+0000  0.00000000000000000000E+0000  2.34433159148802059510E+0002  0.00000000000000000000E+0000  2.50478859539398263452E-0039  2.58132166161807717743E-0002  1.81127751928864086369E-0033  0.00000000000000000000E+0000  2.20574442339246369865E+0002  0.00000000000000000000E+0000  0.00000000000000000000E+0000  2.20545242606281584719E+0002  0.00000000000000000000E+0000  0.00000000000000000000E+0000  0.00000000000000000000E+0000  0.00000000000000000000E+0000  0.00000000000000000000E+0000 -1.48814274219021335967E-0005 -2.91912982049545003532E+0000  0.00000000000000000000E+0000  0.00000000000000000000E+0000  0.00000000000000000000E+0000  1.04966475783785490709E-0001
 2.22299999999999999992E-0009  0.00000000000000000000E+0000 -2.41468734805840081449E-0001  2.18296638969060786052E-0002 -2.41468734805840081449E-0001  1.04999999999999999996E+0000  1.44118692706685565046E+0000  1.51461163437435616160E+0000  1.38063819740660084702E+0000  0.00000000000000000000E+0000  2.34433159148802059510E+0002  0.00000000000000000000E+0000  2.50507903332798374789E-0039  2.58148866393771980851E-0002  1.81131993507948780844E-0033  0.00000000000000000000E+0000  2.20581671584731294475E+0002  0.00000000000000000000E+0000  0.00000000000000000000E+0000  2.20551304107998440193E+0002  0.00000000000000000000E+0000  0.00000000000000000000E+0000  0.00000000000000000000E+0000  0.00000000000000000000E+0000  0.00000000000000000000E+0000 -1.49037231251556087368E-0005 -2.91963358434976276781E+0000  0.00000000000000000000E+0000  0.00000000000000000000E+0000  0.00000000000000000000E+0000  1.06343545961584075415E-0001
 2.26700000000000000004E-0009  0.00000000000000000000E+0000 -2.43977770769484136635E-0001  2.19105923920055238400E-0002 -2.43977770769484136635E-0001  1.04999999999999999996E+0000  1.44118981590781538617E+0000  1.51461301803654252126E+0000  1.38063876525973699342E+0000  0.00000000000000000000E+0000  2.34433159148802059510E+0002  0.00000000000000000000E+0000  2.50536755181241633427E-0039  2.58165539166878559723E-0002  1.81136233248702864741E-0033  0.00000000000000000000E+0000  2.20588898694202201325E+0002  0.00000000000000000000E+0000  0.00000000000000000000E+0000  2.20557349628843021139E+0002  0.00000000000000000000E+0000  0.00000000000000000000E+0000  0.00000000000000000000E+0000  0.00000000000000000000E+0000  0.00000000000000000000E+0000 -1.49125962775159388520E-0005 -2.92014427423801359025E+0000  0.00000000000000000000E+0000  0.00000000000000000000E+0000  0.00000000000000000000E+0000  1.07708600974269863627E-0001
 2.31299999999999999993E-0009  0.00000000000000000000E+0000 -2.46501053760127817027E-0001  2.19786895996648044179E-0002 -2.46501053760127817027E-0001  1.04999999999999999996E+0000  1.44119281571920850103E+0000  1.51461446325403021067E+0000  1.38063935867024821199E+0000  0.00000000000000000000E+0000  2.34433159148802059510E+0002  0.00000000000000000000E+0000  2.50566724806972973931E-0039  2.58182941793285232489E-0002  1.81140664045980546340E-0033  0.00000000000000000000E+0000  2.20596451936231729832E+0002  0.00000000000000000000E+0000  0.00000000000000000000E+0000  2.20563653475054478756E+0002  0.00000000000000000000E+0000  0.00000000000000000000E+0000  0.00000000000000000000E+0000  0.00000000000000000000E+0000  0.00000000000000000000E+0000 -1.50707806454878110587E-0005 -2.92045239717902222008E+0000  0.00000000000000000000E+0000  0.00000000000000000000E+0000  0.00000000000000000000E+0000  1.09065225237643824533E-0001
 2.35900000000000000001E-0009  0.00000000000000000000E+0000 -2.48997281701823694694E-0001  2.20557968914532288261E-0002 -2.48997281701823694694E-0001  1.04999999999999999996E+0000  1.44119579545556669264E+0000  1.51461590713736922638E+0000  1.38063995185466291090E+0000  0.00000000000000000000E+0000  2.34433159148802059510E+0002  0.00000000000000000000E+0000  2.50596497387479090727E-0039  2.58200315609923293640E-0002  1.81145093339041736283E-0033  0.00000000000000000000E+0000  2.20604002832576560220E+0002  0.00000000000000000000E+0000  0.00000000000000000000E+0000  2.20569940741177706503E+0002  0.00000000000000000000E+0000  0.00000000000000000000E+0000  0.00000000000000000000E+0000  0.00000000000000000000E+0000  0.00000000000000000000E+0000 -1.51841594527930547655E-0005 -2.92081293525611842199E+0000  0.00000000000000000000E+0000  0.00000000000000000000E+0000  0.00000000000000000000E+0000  1.10425565947804199086E-0001
 2.40600000000000000007E-0009  0.00000000000000000000E+0000 -2.51496611457647099754E-0001  2.21265399185216478589E-0002 -2.51496611457647099754E-0001  1.04999999999999999996E+0000  1.44119881967134942093E+0000  1.51461738104706442705E+0000  1.38064055773074683233E+0000  0.00000000000000000000E+0000  2.34433159148802059510E+0002  0.00000000000000000000E+0000  2.50626722242578495345E-0039  2.58218038317288287395E-0002  1.81149617629073701586E-0033  0.00000000000000000000E+0000  2.20611715338313081225E+0002  0.00000000000000000000E+0000  0.00000000000000000000E+0000  2.20576347939251087238E+0002  0.00000000000000000000E+0000  0.00000000000000000000E+0000  0.00000000000000000000E+0000  0.00000000000000000000E+0000  0.00000000000000000000E+0000 -1.53393986125998102190E-0005 -2.92111312592312884922E+0000  0.00000000000000000000E+0000  0.00000000000000000000E+0000  0.00000000000000000000E+0000  1.11778342175960236131E-0001
 2.45399999999999999992E-0009  0.00000000000000000000E+0000 -2.53995538035813034507E-0001  2.21941422944225720272E-0002 -2.53995538035813034507E-0001  1.04999999999999999996E+0000  1.44120188767239971734E+0000  1.51461888492281265448E+0000  1.38064117631682776706E+0000  0.00000000000000000000E+0000  2.34433159148802059510E+0002  0.00000000000000000000E+0000  2.50657391363851565956E-0039  2.58236108417718426469E-0002  1.81154237060331876427E-0033  0.00000000000000000000E+0000  2.20619589290040561458E+0002  0.00000000000000000000E+0000  0.00000000000000000000E+0000  2.20582874341632276458E+0002  0.00000000000000000000E+0000  0.00000000000000000000E+0000  0.00000000000000000000E+0000  0.00000000000000000000E+0000  0.00000000000000000000E+0000 -1.55281896016388188269E-0005 -2.92136513176248351965E+0000  0.00000000000000000000E+0000  0.00000000000000000000E+0000  0.00000000000000000000E+0000  1.13134588061571140263E-0001
 2.50399999999999999992E-0009  0.00000000000000000000E+0000 -2.57020654896474899366E-0001  2.22640309947063461238E-0002 -2.57020654896474899366E-0001  1.04999999999999999996E+0000  1.44120505625908173922E+0000  1.51462044959425542513E+0000  1.38064182047294105305E+0000  0.00000000000000000000E+0000  2.34433159148802059510E+0002  0.00000000000000000000E+0000  2.50689069556824981458E-0039  2.58254890556640906743E-0002  1.81159047707969964423E-0033  0.00000000000000000000E+0000  2.20627787481118915872E+0002  0.00000000000000000000E+0000  0.00000000000000000000E+0000  2.20589649247720906142E+0002  0.00000000000000000000E+0000  0.00000000000000000000E+0000  0.00000000000000000000E+0000  0.00000000000000000000E+0000  0.00000000000000000000E+0000 -1.43966343005946461578E-0005 -2.92349335146964225507E+0000  0.00000000000000000000E+0000  0.00000000000000000000E+0000  0.00000000000000000000E+0000  1.14891420301863996162E-0001
 2.55399999999999999993E-0009  0.00000000000000000000E+0000 -2.59421291484062063910E-0001  2.23716092582369804644E-0002 -2.59421291484062063910E-0001  1.04999999999999999996E+0000  1.44120820508833726188E+0000  1.51462201289773040834E+0000  1.38064246450993033377E+0000  0.00000000000000000000E+0000  2.34433159148802059510E+0002  0.00000000000000000000E+0000  2.50720561197679048815E-0039  2.58273644303746989259E-0002  1.81163857742336765562E-0033  0.00000000000000000000E+0000  2.20635983075651482849E+0002  0.00000000000000000000E+0000  0.00000000000000000000E+0000  2.20596408032410380595E+0002  0.00000000000000000000E+0000  0.00000000000000000000E+0000  0.00000000000000000000E+0000  0.00000000000000000000E+0000  0.00000000000000000000E+0000 -1.49595874916521076014E-0005 -2.92321413520783844153E+0000  0.00000000000000000000E+0000  0.00000000000000000000E+0000  0.00000000000000000000E+0000  1.16155767231932665040E-0001
 2.60499999999999999991E-0009  0.00000000000000000000E+0000 -2.62304141403710384858E-0001  2.24101265940239295602E-0002 -2.62304141403710384858E-0001  1.04999999999999999996E+0000  1.44121139091614735715E+0000  1.51462360564948195815E+0000  1.38064312130805411755E+0000  0.00000000000000000000E+0000  2.34433159148802059510E+0002  0.00000000000000000000E+0000  2.50752425893061226547E-0039  2.58292733199726612756E-0002  1.81168763386254324539E-0033  0.00000000000000000000E+0000  2.20644338610817917587E+0002  0.00000000000000000000E+0000  0.00000000000000000000E+0000  2.20603279278932903923E+0002  0.00000000000000000000E+0000  0.00000000000000000000E+0000  0.00000000000000000000E+0000  0.00000000000000000000E+0000  0.00000000000000000000E+0000 -1.40605836725489345657E-0005 -2.92499485825481540888E+0000  0.00000000000000000000E+0000  0.00000000000000000000E+0000  0.00000000000000000000E+0000  1.17830636938072204201E-0001
 2.65700000000000000008E-0009  0.00000000000000000000E+0000 -2.64652671949195386251E-0001  2.25003571728988233925E-0002 -2.64652671949195386251E-0001  1.04999999999999999996E+0000  1.44121461971577377429E+0000  1.51462522825138629925E+0000  1.38064379092667417358E+0000  0.00000000000000000000E+0000  2.34433159148802059510E+0002  0.00000000000000000000E+0000  2.50784733769597967825E-0039  2.58312168133678594846E-0002  1.81173765084304860165E-0033  0.00000000000000000000E+0000  2.20652855158330024096E+0002  0.00000000000000000000E+0000  0.00000000000000000000E+0000  2.20610269173472200055E+0002  0.00000000000000000000E+0000  0.00000000000000000000E+0000  0.00000000000000000000E+0000  0.00000000000000000000E+0000  0.00000000000000000000E+0000 -1.48427669584310847025E-0005 -2.92440393094273220044E+0000  0.00000000000000000000E+0000  0.00000000000000000000E+0000  0.00000000000000000000E+0000  1.19050454999266693804E-0001
 2.71000000000000000002E-0009  0.00000000000000000000E+0000 -2.67469908494540476525E-0001  2.25341309950073724777E-0002 -2.67469908494540476525E-0001  1.04999999999999999996E+0000  1.44121788470654165404E+0000  1.51462688020353937002E+0000  1.38064447338570209277E+0000  0.00000000000000000000E+0000  2.34433159148802059510E+0002  0.00000000000000000000E+0000  2.50817405601884384771E-0039  2.58331935873497239874E-0002  1.81178863035587346522E-0033  0.00000000000000000000E+0000  2.20661531223351892614E+0002  0.00000000000000000000E+0000  0.00000000000000000000E+0000  2.20617370481917698874E+0002  0.00000000000000000000E+0000  0.00000000000000000000E+0000  0.00000000000000000000E+0000  0.00000000000000000000E+0000  0.00000000000000000000E+0000 -1.41062336596573259683E-0005 -2.92594723956906989717E+0000  0.00000000000000000000E+0000  0.00000000000000000000E+0000  0.00000000000000000000E+0000  1.20688886471493238124E-0001
 2.76499999999999999992E-0009  0.00000000000000000000E+0000 -2.70229566236743855843E-0001  2.26211263759611992432E-0002 -2.70229566236743855843E-0001  1.04999999999999999996E+0000  1.44122124734120353223E+0000  1.51462859264214379706E+0000  1.38064518160834186341E+0000  0.00000000000000000000E+0000  2.34433159148802059510E+0002  0.00000000000000000000E+0000  2.50851064788270264327E-0039  2.58352410109575037658E-0002  1.81184153796627518345E-0033  0.00000000000000000000E+0000  2.20670530431910505265E+0002  0.00000000000000000000E+0000  0.00000000000000000000E+0000  2.20624717572191514151E+0002  0.00000000000000000000E+0000  0.00000000000000000000E+0000  0.00000000000000000000E+0000  0.00000000000000000000E+0000  0.00000000000000000000E+0000 -1.37338914537587628975E-0005 -2.92698338385783647631E+0000  0.00000000000000000000E+0000  0.00000000000000000000E+0000  0.00000000000000000000E+0000  1.22245321624616021459E-0001
 2.82000000000000000003E-0009  0.00000000000000000000E+0000 -2.72512333701624995692E-0001  2.26919506126137301870E-0002 -2.72512333701624995692E-0001  1.04999999999999999996E+0000  1.44122459076134871287E+0000  1.51463030367242225925E+0000  1.38064588987474203344E+0000  0.00000000000000000000E+0000  2.34433159148802059510E+0002  0.00000000000000000000E+0000  2.50884542255436123462E-0039  2.58372855099072326952E-0002  1.81189445187805882845E-0033  0.00000000000000000000E+0000  2.20679526534620002454E+0002  0.00000000000000000000E+0000  0.00000000000000000000E+0000  2.20632048413830851363E+0002  0.00000000000000000000E+0000  0.00000000000000000000E+0000  0.00000000000000000000E+0000  0.00000000000000000000E+0000  0.00000000000000000000E+0000 -1.48035173841024569717E-0005 -2.92598537408486507718E+0000  0.00000000000000000000E+0000  0.00000000000000000000E+0000  0.00000000000000000000E+0000  1.23419198540727639943E-0001
 2.87700000000000000009E-0009  0.00000000000000000000E+0000 -2.75273761026689755443E-0001  2.27078357379029936866E-0002 -2.75273761026689755443E-0001  1.04999999999999999996E+0000  1.44122802930771345877E+0000  1.51463207496186431878E+0000  1.38064662400327731022E+0000  0.00000000000000000000E+0000  2.34433159148802059510E+0002  0.00000000000000000000E+0000  2.50918976224382362988E-0039  2.58394000578370749835E-0002  1.81194930182971162800E-0033  0.00000000000000000000E+0000  2.20688844839016210256E+0002  0.00000000000000000000E+0000  0.00000000000000000000E+0000  2.20639621827753441174E+0002  0.00000000000000000000E+0000  0.00000000000000000000E+0000  0.00000000000000000000E+0000  0.00000000000000000000E+0000  0.00000000000000000000E+0000 -1.43359463799758338571E-0005 -2.92714710001714713576E+0000  0.00000000000000000000E+0000  0.00000000000000000000E+0000  0.00000000000000000000E+0000  1.25015218337138699691E-0001
 2.93399999999999999996E-0009  0.00000000000000000000E+0000 -2.77956966596699205053E-0001  2.27971755803517659295E-0002 -2.77956966596699205053E-0001  1.04999999999999999996E+0000  1.44123144255836949383E+0000  1.51463384435604781733E+0000  1.38064735828310174832E+0000  0.00000000000000000000E+0000  2.34433159148802059510E+0002  0.00000000000000000000E+0000  2.50953163244286146423E-0039  2.58415104982986237214E-0002  1.81200416678607847728E-0033  0.00000000000000000000E+0000  2.20698158458904501483E+0002  0.00000000000000000000E+0000  0.00000000000000000000E+0000  2.20647172756961358661E+0002  0.00000000000000000000E+0000  0.00000000000000000000E+0000  0.00000000000000000000E+0000  0.00000000000000000000E+0000  0.00000000000000000000E+0000 -1.40061286378343395787E-0005 -2.92810403353029575016E+0000  0.00000000000000000000E+0000  0.00000000000000000000E+0000  0.00000000000000000000E+0000  1.26544717364187079368E-0001
 2.99299999999999999998E-0009  0.00000000000000000000E+0000 -2.80614170649524511444E-0001  2.28515244606114774095E-0002 -2.80614170649524511444E-0001  1.04999999999999999996E+0000  1.44123495015567389642E+0000  1.51463567390738148655E+0000  1.38064811853309799244E+0000  0.00000000000000000000E+0000  2.34433159148802059510E+0002  0.00000000000000000000E+0000  2.50988305969983423143E-0039  2.58436908889201419083E-0002  1.81206097570215193967E-0033  0.00000000000000000000E+0000  2.20707793924349261805E+0002  0.00000000000000000000E+0000  0.00000000000000000000E+0000  2.20654965896930731248E+0002  0.00000000000000000000E+0000  0.00000000000000000000E+0000  0.00000000000000000000E+0000  0.00000000000000000000E+0000  0.00000000000000000000E+0000 -1.39087527286484446745E-0005 -2.92874011485807145272E+0000  0.00000000000000000000E+0000  0.00000000000000000000E+0000  0.00000000000000000000E+0000  1.28037937393581386809E-0001
 3.05299999999999999999E-0009  0.00000000000000000000E+0000 -2.83235461877549575375E-0001  2.29039779323480954896E-0002 -2.83235461877549575375E-0001  1.04999999999999999996E+0000  1.44123849193777844337E+0000  1.51463753253020851856E+0000  1.38064889192794102715E+0000  0.00000000000000000000E+0000  2.34433159148802059510E+0002  0.00000000000000000000E+0000  2.51023798597752341833E-0039  2.58459040554428741510E-0002  1.81211877050909842080E-0033  0.00000000000000000000E+0000  2.20717587636402888862E+0002  0.00000000000000000000E+0000  0.00000000000000000000E+0000  2.20662868375006887806E+0002  0.00000000000000000000E+0000  0.00000000000000000000E+0000  0.00000000000000000000E+0000  0.00000000000000000000E+0000  0.00000000000000000000E+0000 -1.39036213415614860687E-0005 -2.92924376015994007618E+0000  0.00000000000000000000E+0000  0.00000000000000000000E+0000  0.00000000000000000000E+0000  1.29514029044449923759E-0001
 3.11399999999999999997E-0009  0.00000000000000000000E+0000 -2.85834232569955132232E-0001  2.29548833274671170206E-0002 -2.85834232569955132232E-0001  1.04999999999999999996E+0000  1.44124206752111059355E+0000  1.51463942017278772152E+0000  1.38064967852685707380E+0000  0.00000000000000000000E+0000  2.34433159148802059510E+0002  0.00000000000000000000E+0000  2.51059638210983112564E-0039  2.58481499009702094247E-0002  1.81217755559127942574E-0033  0.00000000000000000000E+0000  2.20727539306580976222E+0002  0.00000000000000000000E+0000  0.00000000000000000000E+0000  2.20670879683243823008E+0002  0.00000000000000000000E+0000  0.00000000000000000000E+0000  0.00000000000000000000E+0000  0.00000000000000000000E+0000  0.00000000000000000000E+0000 -1.39594348601679470306E-0005 -2.92965869248543495898E+0000  0.00000000000000000000E+0000  0.00000000000000000000E+0000  0.00000000000000000000E+0000  1.30973549462271369236E-0001
 3.17599999999999999994E-0009  0.00000000000000000000E+0000 -2.88414413324794570372E-0001  2.30033099259011990183E-0002 -2.88414413324794570372E-0001  1.04999999999999999996E+0000  1.44124567645135906598E+0000  1.51464133677765302218E+0000  1.38065047839141717451E+0000  0.00000000000000000000E+0000  2.34433159148802059510E+0002  0.00000000000000000000E+0000  2.51095820304343110684E-0039  2.58504283002822733885E-0002  1.81223733557609737213E-0033  0.00000000000000000000E+0000  2.20737648641377015163E+0002  0.00000000000000000000E+0000  0.00000000000000000000E+0000  2.20678999268439437004E+0002  0.00000000000000000000E+0000  0.00000000000000000000E+0000  0.00000000000000000000E+0000  0.00000000000000000000E+0000  0.00000000000000000000E+0000 -1.40567461060051367790E-0005 -2.93001224602905918724E+0000  0.00000000000000000000E+0000  0.00000000000000000000E+0000  0.00000000000000000000E+0000  1.32422330052184196051E-0001
 3.24000000000000000006E-0009  0.00000000000000000000E+0000 -2.91291230645604458540E-0001  2.30532586519535141850E-0002 -2.91291230645604458540E-0001  1.04999999999999999996E+0000  1.44124937083845245463E+0000  1.51464331275193764932E+0000  1.38065130458355756588E+0000  0.00000000000000000000E+0000  2.34433159148802059510E+0002  0.00000000000000000000E+0000  2.51132864251315533813E-0039  2.58527747913892064030E-0002  1.81229908756889089493E-0033  0.00000000000000000000E+0000  2.20748076906875218481E+0002  0.00000000000000000000E+0000  0.00000000000000000000E+0000  2.20687351733265908524E+0002  0.00000000000000000000E+0000  0.00000000000000000000E+0000  0.00000000000000000000E+0000  0.00000000000000000000E+0000  0.00000000000000000000E+0000 -1.29687763851243273385E-0005 -2.93201643633174259779E+0000  0.00000000000000000000E+0000  0.00000000000000000000E+0000  0.00000000000000000000E+0000  1.34159360140806082644E-0001
 3.30499999999999999997E-0009  0.00000000000000000000E+0000 -2.93786360996307406340E-0001  2.31144529240329043618E-0002 -2.93786360996307406340E-0001  1.04999999999999999996E+0000  1.44125309851393973546E+0000  1.51464531763773762956E+0000  1.38065214416279045972E+0000  0.00000000000000000000E+0000  2.34433159148802059510E+0002  0.00000000000000000000E+0000  2.51170255841319311534E-0039  2.58551538419776997096E-0002  1.81236184282031597379E-0033  0.00000000000000000000E+0000  2.20758662597459281968E+0002  0.00000000000000000000E+0000  0.00000000000000000000E+0000  2.20695812838419128971E+0002  0.00000000000000000000E+0000  0.00000000000000000000E+0000  0.00000000000000000000E+0000  0.00000000000000000000E+0000  0.00000000000000000000E+0000 -1.35639662843211812626E-0005 -2.93167793476768185766E+0000  0.00000000000000000000E+0000  0.00000000000000000000E+0000  0.00000000000000000000E+0000  1.35505853347445746627E-0001
 3.37100000000000000005E-0009  0.00000000000000000000E+0000 -2.96288054648881618981E-0001  2.31401461887255471145E-0002 -2.96288054648881618981E-0001  1.04999999999999999996E+0000  1.44125685841938889326E+0000  1.51464735132690111335E+0000  1.38065299720892737951E+0000  0.00000000000000000000E+0000  2.34433159148802059510E+0002  0.00000000000000000000E+0000  2.51207978624589242577E-0039  2.58575651021983672344E-0002  1.81242560827946920869E-0033  0.00000000000000000000E+0000  2.20769405054760578647E+0002  0.00000000000000000000E+0000  0.00000000000000000000E+0000  2.20704380774338383947E+0002  0.00000000000000000000E+0000  0.00000000000000000000E+0000  0.00000000000000000000E+0000  0.00000000000000000000E+0000  0.00000000000000000000E+0000 -1.40305013950014881309E-0005 -2.93151451584539275144E+0000  0.00000000000000000000E+0000  0.00000000000000000000E+0000  0.00000000000000000000E+0000  1.36888980608021998907E-0001
 3.43900000000000000010E-0009  0.00000000000000000000E+0000 -2.99079174147124959068E-0001  2.31803910153386666016E-0002 -2.99079174147124959068E-0001  1.04999999999999999996E+0000  1.44126070097276056553E+0000  1.51464944407280981988E+0000  1.38065387686473934703E+0000  0.00000000000000000000E+0000  2.34433159148802059510E+0002  0.00000000000000000000E+0000  2.51246535483869855002E-0039  2.58600437700054365000E-0002  1.81249136749338348547E-0033  0.00000000000000000000E+0000  2.20780464952396786260E+0002  0.00000000000000000000E+0000  0.00000000000000000000E+0000  2.20713178469333057216E+0002  0.00000000000000000000E+0000  0.00000000000000000000E+0000  0.00000000000000000000E+0000  0.00000000000000000000E+0000  0.00000000000000000000E+0000 -1.31738310829052997054E-0005 -2.93318698084054590904E+0000  0.00000000000000000000E+0000  0.00000000000000000000E+0000  0.00000000000000000000E+0000  1.38572428562420730690E-0001
 3.50799999999999999992E-0009  0.00000000000000000000E+0000 -3.01780537755992442898E-0001  2.32409623592074350325E-0002 -3.01780537755992442898E-0001  1.04999999999999999996E+0000  1.44126457012415474536E+0000  1.51465156510812531585E+0000  1.38065477026324877590E+0000  0.00000000000000000000E+0000  2.34433159148802059510E+0002  0.00000000000000000000E+0000  2.51285368989226039998E-0039  2.58625535180823420538E-0002  1.81255815777248361560E-0033  0.00000000000000000000E+0000  2.20791679688276277882E+0002  0.00000000000000000000E+0000  0.00000000000000000000E+0000  2.20722077577222661152E+0002  0.00000000000000000000E+0000  0.00000000000000000000E+0000  0.00000000000000000000E+0000  0.00000000000000000000E+0000  0.00000000000000000000E+0000 -1.26908261135198679833E-0005 -2.93433637829056595016E+0000  0.00000000000000000000E+0000  0.00000000000000000000E+0000  0.00000000000000000000E+0000  1.40159347206483520499E-0001
 3.57799999999999999993E-0009  0.00000000000000000000E+0000 -3.04194738158566766790E-0001  2.32780307300414719197E-0002 -3.04194738158566766790E-0001  1.04999999999999999996E+0000  1.44126847104944030397E+0000  1.51465371483789195794E+0000  1.38065567733186118676E+0000  0.00000000000000000000E+0000  2.34433159148802059510E+0002  0.00000000000000000000E+0000  2.51324535606427232169E-0039  2.58650953753126285409E-0002  1.81262597244765263786E-0033  0.00000000000000000000E+0000  2.20803050586861851240E+0002  0.00000000000000000000E+0000  0.00000000000000000000E+0000  2.20731083386135981547E+0002  0.00000000000000000000E+0000  0.00000000000000000000E+0000  0.00000000000000000000E+0000  0.00000000000000000000E+0000  0.00000000000000000000E+0000 -1.36705453080257014807E-0005 -2.93345890776731668334E+0000  0.00000000000000000000E+0000  0.00000000000000000000E+0000  0.00000000000000000000E+0000  1.41434744386636714620E-0001
 3.64899999999999999991E-0009  0.00000000000000000000E+0000 -3.06848763946778103012E-0001  2.32949314037748800626E-0002 -3.06848763946778103012E-0001  1.04999999999999999996E+0000  1.44127239726912726326E+0000  1.51465589268871999033E+0000  1.38065659833883305741E+0000  0.00000000000000000000E+0000  2.34433159148802059510E+0002  0.00000000000000000000E+0000  2.51363959652326178426E-0039  2.58676678204233330492E-0002  1.81269483458125033769E-0033  0.00000000000000000000E+0000  2.20814575164167854360E+0002  0.00000000000000000000E+0000  0.00000000000000000000E+0000  2.20740188340741761139E+0002  0.00000000000000000000E+0000  0.00000000000000000000E+0000  0.00000000000000000000E+0000  0.00000000000000000000E+0000  0.00000000000000000000E+0000 -1.31028543630976880563E-0005 -2.93471438802510454927E+0000  0.00000000000000000000E+0000  0.00000000000000000000E+0000  0.00000000000000000000E+0000  1.43030969554820716066E-0001
 3.72300000000000000004E-0009  0.00000000000000000000E+0000 -3.09494156753536358364E-0001  2.33422599052628600841E-0002 -3.09494156753536358364E-0001  1.04999999999999999996E+0000  1.44127645878816009470E+0000  1.51465815992664746853E+0000  1.38065755933531744129E+0000  0.00000000000000000000E+0000  2.34433159148802059510E+0002  0.00000000000000000000E+0000  2.51404754713726870736E-0039  2.58703433198270578720E-0002  1.81276669009511299905E-0033  0.00000000000000000000E+0000  2.20826577803172344430E+0002  0.00000000000000000000E+0000  0.00000000000000000000E+0000  2.20749648849582267324E+0002  0.00000000000000000000E+0000  0.00000000000000000000E+0000  0.00000000000000000000E+0000  0.00000000000000000000E+0000  0.00000000000000000000E+0000 -1.29225306795194064255E-0005 -2.93544251492878274204E+0000  0.00000000000000000000E+0000  0.00000000000000000000E+0000  0.00000000000000000000E+0000  1.44564792147701845910E-0001
 3.79700000000000000017E-0009  0.00000000000000000000E+0000 -3.12065800669038576184E-0001  2.33799926658634439702E-0002 -3.12065800669038576184E-0001  1.04999999999999999996E+0000  1.44128049064660397930E+0000  1.51466042457997331647E+0000  1.38065852145819902041E+0000  0.00000000000000000000E+0000  2.34433159148802059510E+0002  0.00000000000000000000E+0000  2.51445259576347539103E-0039  2.58730132042194375661E-0002  1.81283863452929906516E-0033  0.00000000000000000000E+0000  2.20838571501700695277E+0002  0.00000000000000000000E+0000  0.00000000000000000000E+0000  2.20759081173513184826E+0002  0.00000000000000000000E+0000  0.00000000000000000000E+0000  0.00000000000000000000E+0000  0.00000000000000000000E+0000  0.00000000000000000000E+0000 -1.28002074112119934778E-0005 -2.93607954519330710563E+0000  0.00000000000000000000E+0000  0.00000000000000000000E+0000  0.00000000000000000000E+0000  1.46064412096742407822E-0001
 3.87299999999999999985E-0009  0.00000000000000000000E+0000 -3.14622951238968459560E-0001  2.34063603809496809834E-0002 -3.14622951238968459560E-0001  1.04999999999999999996E+0000  1.44128460159734485030E+0000  1.51466274780490757869E+0000  1.38065951080948917868E+0000  0.00000000000000000000E+0000  2.34433159148802059510E+0002  0.00000000000000000000E+0000  2.51486570585915366225E-0039  2.58757496007770017763E-0002  1.81291261879197397299E-0033  0.00000000000000000000E+0000  2.20850880026784040483E+0002  0.00000000000000000000E+0000  0.00000000000000000000E+0000  2.20768739625600636786E+0002  0.00000000000000000000E+0000  0.00000000000000000000E+0000  0.00000000000000000000E+0000  0.00000000000000000000E+0000  0.00000000000000000000E+0000 -1.28330719813467939344E-0005 -2.93650356289037477576E+0000  0.00000000000000000000E+0000  0.00000000000000000000E+0000  0.00000000000000000000E+0000  1.47537290796452525660E-0001
 3.95099999999999999990E-0009  0.00000000000000000000E+0000 -3.17170371754996668792E-0001  2.34332267321075384820E-0002 -3.17170371754996668792E-0001  1.04999999999999999996E+0000  1.44128879041682186521E+0000  1.51466512946095073044E+0000  1.38066052753318565919E+0000  0.00000000000000000000E+0000  2.34433159148802059510E+0002  0.00000000000000000000E+0000  2.51528674366644758398E-0039  2.58785521818349580056E-0002  1.81298865442017393986E-0033  0.00000000000000000000E+0000  2.20863502663272721252E+0002  0.00000000000000000000E+0000  0.00000000000000000000E+0000  2.20778623035302348762E+0002  0.00000000000000000000E+0000  0.00000000000000000000E+0000  0.00000000000000000000E+0000  0.00000000000000000000E+0000  0.00000000000000000000E+0000 -1.29656452109139005182E-0005 -2.93679140496729707780E+0000  0.00000000000000000000E+0000  0.00000000000000000000E+0000  0.00000000000000000000E+0000  1.49000469730437742162E-0001
 4.03000000000000000013E-0009  0.00000000000000000000E+0000 -3.19690920358918014265E-0001  2.34610025720580655071E-0002 -3.19690920358918014265E-0001  1.04999999999999999996E+0000  1.44129300256826354848E+0000  1.51466753890728666662E+0000  1.38066155872574921877E+0000  0.00000000000000000000E+0000  2.34433159148802059510E+0002  0.00000000000000000000E+0000  2.51571022041693041038E-0039  2.58813847706915179131E-0002  1.81306577702833969728E-0033  0.00000000000000000000E+0000  2.20876276961613295075E+0002  0.00000000000000000000E+0000  0.00000000000000000000E+0000  2.20788603821958651016E+0002  0.00000000000000000000E+0000  0.00000000000000000000E+0000  0.00000000000000000000E+0000  0.00000000000000000000E+0000  0.00000000000000000000E+0000 -1.30981738321969110963E-0005 -2.93707460459405080878E+0000  0.00000000000000000000E+0000  0.00000000000000000000E+0000  0.00000000000000000000E+0000  1.50452864646787124508E-0001
 4.11099999999999999991E-0009  0.00000000000000000000E+0000 -3.22341017822120857122E-0001  2.34880220653796902296E-0002 -3.22341017822120857122E-0001  1.04999999999999999996E+0000  1.44129728579875650773E+0000  1.51467000610188168514E+0000  1.38066261782001401047E+0000  0.00000000000000000000E+0000  2.34433159148802059510E+0002  0.00000000000000000000E+0000  2.51614091244708104991E-0039  2.58842819377202877443E-0002  1.81314499292392392267E-0033  0.00000000000000000000E+0000  2.20889362104204891465E+0002  0.00000000000000000000E+0000  0.00000000000000000000E+0000  2.20798802038722679311E+0002  0.00000000000000000000E+0000  0.00000000000000000000E+0000  0.00000000000000000000E+0000  0.00000000000000000000E+0000  0.00000000000000000000E+0000 -1.20936709042360745295E-0005 -2.93891854678110185997E+0000  0.00000000000000000000E+0000  0.00000000000000000000E+0000  0.00000000000000000000E+0000  1.52112458098202100876E-0001
 4.19299999999999999988E-0009  0.00000000000000000000E+0000 -3.24786502243862410308E-0001  2.35165321598683072180E-0002 -3.24786502243862410308E-0001  1.04999999999999999996E+0000  1.44130159262740259755E+0000  1.51467250104364136083E+0000  1.38066369157661450061E+0000  0.00000000000000000000E+0000  2.34433159148802059510E+0002  0.00000000000000000000E+0000  2.51657413375346550277E-0039  2.58872091754824271541E-0002  1.81322530828990605462E-0033  0.00000000000000000000E+0000  2.20902598542101096149E+0002  0.00000000000000000000E+0000  0.00000000000000000000E+0000  2.20809098372646671546E+0002  0.00000000000000000000E+0000  0.00000000000000000000E+0000  0.00000000000000000000E+0000  0.00000000000000000000E+0000  0.00000000000000000000E+0000 -1.27102943207495657460E-0005 -2.93853322776230801907E+0000  0.00000000000000000000E+0000  0.00000000000000000000E+0000  0.00000000000000000000E+0000  1.53462492303804858782E-0001
 4.27699999999999999980E-0009  0.00000000000000000000E+0000 -3.27345966673080643485E-0001  2.35278855819358574914E-0002 -3.27345966673080643485E-0001  1.04999999999999999996E+0000  1.44130596943822371706E+0000  1.51467505355063099693E+0000  1.38066479354657662445E+0000  0.00000000000000000000E+0000  2.34433159148802059510E+0002  0.00000000000000000000E+0000  2.51701445896410834967E-0039  2.58902006017810216054E-0002  1.81330774135667631479E-0033  0.00000000000000000000E+0000  2.20916144547432668585E+0002  0.00000000000000000000E+0000  0.00000000000000000000E+0000  2.20819610788158900899E+0002  0.00000000000000000000E+0000  0.00000000000000000000E+0000  0.00000000000000000000E+0000  0.00000000000000000000E+0000  0.00000000000000000000E+0000 -1.20151429438800240062E-0005 -2.93994525188442795455E+0000  0.00000000000000000000E+0000  0.00000000000000000000E+0000  0.00000000000000000000E+0000  1.55048503677425215689E-0001
 4.36199999999999999991E-0009  0.00000000000000000000E+0000 -3.29745012038803406905E-0001  2.35538709729495813587E-0002 -3.29745012038803406905E-0001  1.04999999999999999996E+0000  1.44131036904313319220E+0000  1.51467763366075889751E+0000  1.38066591044137355426E+0000  0.00000000000000000000E+0000  2.34433159148802059510E+0002  0.00000000000000000000E+0000  2.51745723166131324041E-0039  2.58932217988798395278E-0002  1.81339129396914170211E-0033  0.00000000000000000000E+0000  2.20929840816369347872E+0002  0.00000000000000000000E+0000  0.00000000000000000000E+0000  2.20830220338608189432E+0002  0.00000000000000000000E+0000  0.00000000000000000000E+0000  0.00000000000000000000E+0000  0.00000000000000000000E+0000  0.00000000000000000000E+0000 -1.28166547191317076201E-0005 -2.93930297760218866058E+0000  0.00000000000000000000E+0000  0.00000000000000000000E+0000  0.00000000000000000000E+0000  1.56357347137767692654E-0001
 4.45000000000000000016E-0009  0.00000000000000000000E+0000 -3.32263485341574808384E-0001  2.35594073787032567083E-0002 -3.32263485341574808384E-0001  1.04999999999999999996E+0000  1.44131488798268734468E+0000  1.51468030137836313952E+0000  1.38066706910558362599E+0000  0.00000000000000000000E+0000  2.34433159148802059510E+0002  0.00000000000000000000E+0000  2.51791208657634627983E-0039  2.58963420765053045514E-0002  1.81347797930370682061E-0033  0.00000000000000000000E+0000  2.20944005956764619597E+0002  0.00000000000000000000E+0000  0.00000000000000000000E+0000  2.20841168089715668893E+0002  0.00000000000000000000E+0000  0.00000000000000000000E+0000  0.00000000000000000000E+0000  0.00000000000000000000E+0000  0.00000000000000000000E+0000 -1.22711973685595975692E-0005 -2.94050822899482242078E+0000  0.00000000000000000000E+0000  0.00000000000000000000E+0000  0.00000000000000000000E+0000  1.57911308739099023979E-0001
 4.53900000000000000019E-0009  0.00000000000000000000E+0000 -3.34726049872850101632E-0001  2.35847656662984876450E-0002 -3.34726049872850101632E-0001  1.04999999999999999996E+0000  1.44131942346451289577E+0000  1.51468299602191188618E+0000  1.38066824335662708745E+0000  0.00000000000000000000E+0000  2.34433159148802059510E+0002  0.00000000000000000000E+0000  2.51836871864384097293E-0039  2.58994905165901843387E-0002  1.81356583703257761737E-0033  0.00000000000000000000E+0000  2.20958317754172414049E+0002  0.00000000000000000000E+0000  0.00000000000000000000E+0000  2.20852206121198281624E+0002  0.00000000000000000000E+0000  0.00000000000000000000E+0000  0.00000000000000000000E+0000  0.00000000000000000000E+0000  0.00000000000000000000E+0000 -1.20045672918876101815E-0005 -2.94132656417883086328E+0000  0.00000000000000000000E+0000  0.00000000000000000000E+0000  0.00000000000000000000E+0000  1.59394342995303046106E-0001
 4.63000000000000000018E-0009  0.00000000000000000000E+0000 -3.37156886070482856839E-0001  2.35944678593934165647E-0002 -3.37156886070482856839E-0001  1.04999999999999999996E+0000  1.44132402621082148962E+0000  1.51468574780030503782E+0000  1.38066944655784446297E+0000  0.00000000000000000000E+0000  2.34433159148802059510E+0002  0.00000000000000000000E+0000  2.51883225000747710179E-0039  2.59027023941204395905E-0002  1.81365586663951346172E-0033  0.00000000000000000000E+0000  2.20972936465274150786E+0002  0.00000000000000000000E+0000  0.00000000000000000000E+0000  2.20863457806923475013E+0002  0.00000000000000000000E+0000  0.00000000000000000000E+0000  0.00000000000000000000E+0000  0.00000000000000000000E+0000  0.00000000000000000000E+0000 -1.19482361226001221046E-0005 -2.94185659675800918072E+0000  0.00000000000000000000E+0000  0.00000000000000000000E+0000  0.00000000000000000000E+0000  1.60838330011055574576E-0001
 4.72199999999999999994E-0009  0.00000000000000000000E+0000 -3.39539948467162147302E-0001  2.36045285796070439251E-0002 -3.39539948467162147302E-0001  1.04999999999999999996E+0000  1.44132864521443721005E+0000  1.51468852638750493020E+0000  1.38067066567256453865E+0000  0.00000000000000000000E+0000  2.34433159148802059510E+0002  0.00000000000000000000E+0000  2.51929753075934536586E-0039  2.59059422077211183646E-0002  1.81374709386141250581E-0033  0.00000000000000000000E+0000  2.20987700725597985787E+0002  0.00000000000000000000E+0000  0.00000000000000000000E+0000  2.20874799185397269405E+0002  0.00000000000000000000E+0000  0.00000000000000000000E+0000  0.00000000000000000000E+0000  0.00000000000000000000E+0000  0.00000000000000000000E+0000 -1.19578261784268146007E-0005 -2.94229113913117557087E+0000  0.00000000000000000000E+0000  0.00000000000000000000E+0000  0.00000000000000000000E+0000  1.62252760887780671619E-0001
 4.81699999999999999985E-0009  0.00000000000000000000E+0000 -3.41923152610663649582E-0001  2.36093184348748468015E-0002 -3.41923152610663649582E-0001  1.04999999999999999996E+0000  1.44133337970184097069E+0000  1.51469139202226451754E+0000  1.38067192746178876294E+0000  0.00000000000000000000E+0000  2.34433159148802059510E+0002  0.00000000000000000000E+0000  2.51977457751287781744E-0039  2.59092800853325015480E-0002  1.81384152071593078729E-0033  0.00000000000000000000E+0000  2.21002930529004701879E+0002  0.00000000000000000000E+0000  0.00000000000000000000E+0000  2.20886475222680971245E+0002  0.00000000000000000000E+0000  0.00000000000000000000E+0000  0.00000000000000000000E+0000  0.00000000000000000000E+0000  0.00000000000000000000E+0000 -1.21121652531393428322E-0005 -2.94253209818859788930E+0000  0.00000000000000000000E+0000  0.00000000000000000000E+0000  0.00000000000000000000E+0000  1.63651672082674552516E-0001
 4.91299999999999999994E-0009  0.00000000000000000000E+0000 -3.44263194256101664635E-0001  2.36169395560815335655E-0002 -3.44263194256101664635E-0001  1.04999999999999999996E+0000  1.44133812887399948217E+0000  1.51469428421508619403E+0000  1.38067320562104327449E+0000  0.00000000000000000000E+0000  2.34433159148802059510E+0002  0.00000000000000000000E+0000  2.52025321276733774359E-0039  2.59126453692463623691E-0002  1.81393718079074882249E-0033  0.00000000000000000000E+0000  2.21018304118112568532E+0002  0.00000000000000000000E+0000  0.00000000000000000000E+0000  2.20898239355535947068E+0002  0.00000000000000000000E+0000  0.00000000000000000000E+0000  0.00000000000000000000E+0000  0.00000000000000000000E+0000  0.00000000000000000000E+0000 -1.22421371343823767167E-0005 -2.94280120530661255308E+0000  0.00000000000000000000E+0000  0.00000000000000000000E+0000  0.00000000000000000000E+0000  1.65035116216857011745E-0001
 5.01200000000000000017E-0009  0.00000000000000000000E+0000 -3.46625032023418503676E-0001  2.36211979409040425738E-0002 -3.46625032023418503676E-0001  1.04999999999999999996E+0000  1.44134298604193608845E+0000  1.51469726258805684877E+0000  1.38067452747736072447E+0000  0.00000000000000000000E+0000  2.34433159148802059510E+0002  0.00000000000000000000E+0000  2.52074282882866629618E-0039  2.59161067233122802989E-0002  1.81403612153076060340E-0033  0.00000000000000000000E+0000  2.21034138322773836702E+0002  0.00000000000000000000E+0000  0.00000000000000000000E+0000  2.20910329871802246324E+0002  0.00000000000000000000E+0000  0.00000000000000000000E+0000  0.00000000000000000000E+0000  0.00000000000000000000E+0000  0.00000000000000000000E+0000 -1.13418087187657023797E-0005 -2.94447569824789835528E+0000  0.00000000000000000000E+0000  0.00000000000000000000E+0000  0.00000000000000000000E+0000  1.66563896282326936009E-0001
 5.11200000000000000017E-0009  0.00000000000000000000E+0000 -3.48913997680431357882E-0001  2.36246825393851328069E-0002 -3.48913997680431357882E-0001  1.04999999999999999996E+0000  1.44134785791850765458E+0000  1.51470026742294438258E+0000  1.38067586607021102233E+0000  0.00000000000000000000E+0000  2.34433159148802059510E+0002  0.00000000000000000000E+0000  2.52123409873666842057E-0039  2.59195954703756752342E-0002  1.81413631957202190035E-0033  0.00000000000000000000E+0000  2.21050115554326409253E+0002  0.00000000000000000000E+0000  0.00000000000000000000E+0000  2.20922509098149417714E+0002  0.00000000000000000000E+0000  0.00000000000000000000E+0000  0.00000000000000000000E+0000  0.00000000000000000000E+0000  0.00000000000000000000E+0000 -1.19918943967459783351E-0005 -2.94403532107643254386E+0000  0.00000000000000000000E+0000  0.00000000000000000000E+0000  0.00000000000000000000E+0000  1.67851191689192019151E-0001
 5.21499999999999999992E-0009  0.00000000000000000000E+0000 -3.51197404456793305382E-0001  2.36187729707169704455E-0002 -3.51197404456793305382E-0001  1.04999999999999999996E+0000  1.44135283553245526096E+0000  1.51470335808334165923E+0000  1.38067724902199495034E+0000  0.00000000000000000000E+0000  2.34433159148802059510E+0002  0.00000000000000000000E+0000  2.52173612251493408732E-0039  2.59231795541814538554E-0002  1.81423985002563711717E-0033  0.00000000000000000000E+0000  2.21066550941327099641E+0002  0.00000000000000000000E+0000  0.00000000000000000000E+0000  2.20935012240843213716E+0002  0.00000000000000000000E+0000  0.00000000000000000000E+0000  0.00000000000000000000E+0000  0.00000000000000000000E+0000  0.00000000000000000000E+0000 -1.13820577102667307018E-0005 -2.94531030983485805409E+0000  0.00000000000000000000E+0000  0.00000000000000000000E+0000  0.00000000000000000000E+0000  1.69310368224562748010E-0001
 5.31899999999999999985E-0009  0.00000000000000000000E+0000 -3.53437803361813999617E-0001  2.36198498772832681032E-0002 -3.53437803361813999617E-0001  1.04999999999999999996E+0000  1.44135782663269431455E+0000  1.51470647497283353766E+0000  1.38067864922781718690E+0000  0.00000000000000000000E+0000  2.34433159148802059510E+0002  0.00000000000000000000E+0000  2.52223967784363254848E-0039  2.59267905683635318763E-0002  1.81434467741711665356E-0033  0.00000000000000000000E+0000  2.21083127579836344598E+0002  0.00000000000000000000E+0000  0.00000000000000000000E+0000  2.20947602769465495404E+0002  0.00000000000000000000E+0000  0.00000000000000000000E+0000  0.00000000000000000000E+0000  0.00000000000000000000E+0000  0.00000000000000000000E+0000 -1.22005504267205461068E-0005 -2.94463976549320815960E+0000  0.00000000000000000000E+0000  0.00000000000000000000E+0000  0.00000000000000000000E+0000  1.70554964055256835169E-0001
 5.42500000000000000014E-0009  0.00000000000000000000E+0000 -3.55626060538211856074E-0001  2.36109366245539380223E-0002 -3.55626060538211856074E-0001  1.04999999999999999996E+0000  1.44136287301344234550E+0000  1.51470964733132292879E+0000  1.38068008106072126918E+0000  0.00000000000000000000E+0000  2.34433159148802059510E+0002  0.00000000000000000000E+0000  2.52274889508148176211E-0039  2.59304613914497141906E-0002  1.81445188645731784346E-0033  0.00000000000000000000E+0000  2.21100000271123172640E+0002  0.00000000000000000000E+0000  0.00000000000000000000E+0000  2.20960393652602461914E+0002  0.00000000000000000000E+0000  0.00000000000000000000E+0000  0.00000000000000000000E+0000  0.00000000000000000000E+0000  0.00000000000000000000E+0000 -1.16091448670131397949E-0005 -2.94588178113840453137E+0000  0.00000000000000000000E+0000  0.00000000000000000000E+0000  0.00000000000000000000E+0000  1.71965765029141391478E-0001
 5.53400000000000000017E-0009  0.00000000000000000000E+0000 -3.57807327849490185438E-0001  2.36060623558221324243E-0002 -3.57807327849490185438E-0001  1.04999999999999999996E+0000  1.44136802186728494788E+0000  1.51471290497638510033E+0000  1.38068155833683126120E+0000  0.00000000000000000000E+0000  2.34433159148802059510E+0002  0.00000000000000000000E+0000  2.52326860746457120891E-0039  2.59342266267948585002E-0002  1.81456250649082926186E-0033  0.00000000000000000000E+0000  2.21117327655266693934E+0002  0.00000000000000000000E+0000  0.00000000000000000000E+0000  2.20973505854699941109E+0002  0.00000000000000000000E+0000  0.00000000000000000000E+0000  0.00000000000000000000E+0000  0.00000000000000000000E+0000  0.00000000000000000000E+0000 -1.14344075212111716062E-0005 -2.94656047756701955712E+0000  0.00000000000000000000E+0000  0.00000000000000000000E+0000  0.00000000000000000000E+0000  1.73313024167515458847E-0001
 5.64500000000000000016E-0009  0.00000000000000000000E+0000 -3.59950025215276671548E-0001  2.35956343748492903075E-0002 -3.59950025215276671548E-0001  1.04999999999999999996E+0000  1.44137322500391397385E+0000  1.51471621784832013709E+0000  1.38068306788615053357E+0000  0.00000000000000000000E+0000  2.34433159148802059510E+0002  0.00000000000000000000E+0000  2.52379393901696758526E-0039  2.59380513592359816158E-0002  1.81467555354897646328E-0033  0.00000000000000000000E+0000  2.21134949373522444502E+0002  0.00000000000000000000E+0000  0.00000000000000000000E+0000  2.20986818343679156357E+0002  0.00000000000000000000E+0000  0.00000000000000000000E+0000  0.00000000000000000000E+0000  0.00000000000000000000E+0000  0.00000000000000000000E+0000 -1.14275293348707652814E-0005 -2.94700968726604891224E+0000  0.00000000000000000000E+0000  0.00000000000000000000E+0000  0.00000000000000000000E+0000  1.74623259181762614082E-0001
 5.75800000000000000011E-0009  0.00000000000000000000E+0000 -3.62053927906255511283E-0001  2.35829873540590921420E-0002 -3.62053927906255511283E-0001  1.04999999999999999996E+0000  1.44137848155744643453E+0000  1.51471958578113561527E+0000  1.38068461009316802949E+0000  0.00000000000000000000E+0000  2.34433159148802059510E+0002  0.00000000000000000000E+0000  2.52432480675779876803E-0039  2.59419352718721225205E-0002  1.81479105693913441611E-0033  0.00000000000000000000E+0000  2.21152864191765846674E+0002  0.00000000000000000000E+0000  0.00000000000000000000E+0000  2.21000330028892575773E+0002  0.00000000000000000000E+0000  0.00000000000000000000E+0000  0.00000000000000000000E+0000  0.00000000000000000000E+0000  0.00000000000000000000E+0000 -1.15057840344287590110E-0005 -2.94734167385384484335E+0000  0.00000000000000000000E+0000  0.00000000000000000000E+0000  0.00000000000000000000E+0000  1.75903433993623026948E-0001
 5.87300000000000000001E-0009  0.00000000000000000000E+0000 -3.64117331761059981739E-0001  2.35685535376566478345E-0002 -3.64117331761059981739E-0001  1.04999999999999999996E+0000  1.44138379051883792827E+0000  1.51472300858960612021E+0000  1.38068618537466679906E+0000  0.00000000000000000000E+0000  2.34433159148802059510E+0002  0.00000000000000000000E+0000  2.52486111068492872963E-0039  2.59458780011358236904E-0002  1.81490904866587131288E-0033  0.00000000000000000000E+0000  2.21171070727818718737E+0002  0.00000000000000000000E+0000  0.00000000000000000000E+0000  2.21014039850425873038E+0002  0.00000000000000000000E+0000  0.00000000000000000000E+0000  0.00000000000000000000E+0000  0.00000000000000000000E+0000  0.00000000000000000000E+0000 -1.16276249284630799704E-0005 -2.94761287780532562925E+0000  0.00000000000000000000E+0000  0.00000000000000000000E+0000  0.00000000000000000000E+0000  1.77158000174928842221E-0001
 5.99100000000000000006E-0009  0.00000000000000000000E+0000 -3.66092319500117318026E-0001  2.35530181991789712925E-0002 -3.66092319500117318026E-0001  1.04999999999999999996E+0000  1.44138919247622893094E+0000  1.51472651530842381841E+0000  1.38068780854904258498E+0000  0.00000000000000000000E+0000  2.34433159148802059510E+0002  0.00000000000000000000E+0000  2.52540692375371828138E-0039  2.59499121769378284384E-0002  1.81503064367228675341E-0033  0.00000000000000000000E+0000  2.21189722637362777155E+0002  0.00000000000000000000E+0000  0.00000000000000000000E+0000  2.21028060557934835445E+0002  0.00000000000000000000E+0000  0.00000000000000000000E+0000  0.00000000000000000000E+0000  0.00000000000000000000E+0000  0.00000000000000000000E+0000 -1.07562770221373915681E-0005 -2.94922908874063524208E+0000  0.00000000000000000000E+0000  0.00000000000000000000E+0000  0.00000000000000000000E+0000  1.78500767051048938640E-0001
 6.10999999999999999989E-0009  0.00000000000000000000E+0000 -3.68099008469948568424E-0001  2.35334984318320227022E-0002 -3.68099008469948568424E-0001  1.04999999999999999996E+0000  1.44139460071467480123E+0000  1.51473004699751839222E+0000  1.38068945169136542942E+0000  0.00000000000000000000E+0000  2.34433159148802059510E+0002  0.00000000000000000000E+0000  2.52595356523501855319E-0039  2.59539708098014763262E-0002  1.81515374092668618019E-0033  0.00000000000000000000E+0000  2.21208506685542070122E+0002  0.00000000000000000000E+0000  0.00000000000000000000E+0000  2.21042161236356757045E+0002  0.00000000000000000000E+0000  0.00000000000000000000E+0000  0.00000000000000000000E+0000  0.00000000000000000000E+0000  0.00000000000000000000E+0000 -1.14015576850375180917E-0005 -2.94878862681332876605E+0000  0.00000000000000000000E+0000  0.00000000000000000000E+0000  0.00000000000000000000E+0000  1.79653701643629725045E-0001
 6.23300000000000000004E-0009  0.00000000000000000000E+0000 -3.69993169532745143195E-0001  2.35095834018034751871E-0002 -3.69993169532745143195E-0001  1.04999999999999999996E+0000  1.44140014494667570639E+0000  1.51473369181011058293E+0000  1.38069115761361934215E+0000  0.00000000000000000000E+0000  2.34433159148802059510E+0002  0.00000000000000000000E+0000  2.52651407101810719851E-0039  2.59581541097579939570E-0002  1.81528155887017159004E-0033  0.00000000000000000000E+0000  2.21227890538816378677E+0002  0.00000000000000000000E+0000  0.00000000000000000000E+0000  2.21056688320164699421E+0002  0.00000000000000000000E+0000  0.00000000000000000000E+0000  0.00000000000000000000E+0000  0.00000000000000000000E+0000  0.00000000000000000000E+0000 -1.08382970483775893084E-0005 -2.94998598204497452374E+0000  0.00000000000000000000E+0000  0.00000000000000000000E+0000  0.00000000000000000000E+0000  1.80918205120738662356E-0001
 6.35800000000000000015E-0009  0.00000000000000000000E+0000 -3.71861299459964003971E-0001  2.34879568685493827376E-0002 -3.71861299459964003971E-0001  1.04999999999999999996E+0000  1.44140573458456696635E+0000  1.51473739033751425543E+0000  1.38069289901603418436E+0000  0.00000000000000000000E+0000  2.34433159148802059510E+0002  0.00000000000000000000E+0000  2.52707932908130288600E-0039  2.59623939372335118502E-0002  1.81541204790075054437E-0033  0.00000000000000000000E+0000  2.21247557915617229229E+0002  0.00000000000000000000E+0000  0.00000000000000000000E+0000  2.21071406813227374938E+0002  0.00000000000000000000E+0000  0.00000000000000000000E+0000  0.00000000000000000000E+0000  0.00000000000000000000E+0000  0.00000000000000000000E+0000 -1.06467213623336120872E-0005 -2.95067862802218385475E+0000  0.00000000000000000000E+0000  0.00000000000000000000E+0000  0.00000000000000000000E+0000  1.82115787526021780782E-0001
 6.48499999999999999982E-0009  0.00000000000000000000E+0000 -3.73684540512521647099E-0001  2.34605664279381783278E-0002 -3.73684540512521647099E-0001  1.04999999999999999996E+0000  1.44141136923830765339E+0000  1.51474114243951192094E+0000  1.38069467633585019647E+0000  0.00000000000000000000E+0000  2.34433159148802059510E+0002  0.00000000000000000000E+0000  2.52764930244172700381E-0039  2.59666900569183929991E-0002  1.81554524141067891401E-0033  0.00000000000000000000E+0000  2.21267507637234180404E+0002  0.00000000000000000000E+0000  0.00000000000000000000E+0000  2.21086315862948650401E+0002  0.00000000000000000000E+0000  0.00000000000000000000E+0000  0.00000000000000000000E+0000  0.00000000000000000000E+0000  0.00000000000000000000E+0000 -1.06276687278963331171E-0005 -2.95113567264838646382E+0000  0.00000000000000000000E+0000  0.00000000000000000000E+0000  0.00000000000000000000E+0000  1.83268115469633634083E-0001
 6.61500000000000000003E-0009  0.00000000000000000000E+0000 -3.75473725931038484842E-0001  2.34308780143577215374E-0002 -3.75473725931038484842E-0001  1.04999999999999999996E+0000  1.44141709203574266214E+0000  1.51474497740932103002E+0000  1.38069650417134381080E+0000  0.00000000000000000000E+0000  2.34433159148802059510E+0002  0.00000000000000000000E+0000  2.52822835962424238130E-0039  2.59710758353518782029E-0002  1.81568223400786123423E-0033  0.00000000000000000000E+0000  2.21287894942454352903E+0002  0.00000000000000000000E+0000  0.00000000000000000000E+0000  2.21101531373444678677E+0002  0.00000000000000000000E+0000  0.00000000000000000000E+0000  0.00000000000000000000E+0000  0.00000000000000000000E+0000  0.00000000000000000000E+0000 -1.07324128758455335815E-0005 -2.95142639705151725387E+0000  0.00000000000000000000E+0000  0.00000000000000000000E+0000  0.00000000000000000000E+0000  1.84387684939838944007E-0001
 6.74699999999999999980E-0009  0.00000000000000000000E+0000 -3.77205022754382237590E-0001  2.34010083606245968310E-0002 -3.77205022754382237590E-0001  1.04999999999999999996E+0000  1.44142285765064850044E+0000  1.51474886548390988265E+0000  1.38069836908880856847E+0000  0.00000000000000000000E+0000  2.34433159148802059510E+0002  0.00000000000000000000E+0000  2.52881190907033185745E-0039  2.59755170213197947641E-0002  1.81582202109813809315E-0033  0.00000000000000000000E+0000  2.21308560865952359084E+0002  0.00000000000000000000E+0000  0.00000000000000000000E+0000  2.21116935372644878618E+0002  0.00000000000000000000E+0000  0.00000000000000000000E+0000  0.00000000000000000000E+0000  0.00000000000000000000E+0000  0.00000000000000000000E+0000 -1.08531209380937499473E-0005 -2.95169322320269275823E+0000  0.00000000000000000000E+0000  0.00000000000000000000E+0000  0.00000000000000000000E+0000  1.85475438012771154020E-0001
 6.88200000000000000012E-0009  0.00000000000000000000E+0000 -3.78893650711252390933E-0001  2.33676367162204072272E-0002 -3.78893650711252390933E-0001  1.04999999999999999996E+0000  1.44142870827320035963E+0000  1.51475283582439202888E+0000  1.38070028590404119480E+0000  0.00000000000000000000E+0000  2.34433159148802059510E+0002  0.00000000000000000000E+0000  2.52940423283630858298E-0039  2.59800467325142611961E-0002  1.81596571300761233750E-0033  0.00000000000000000000E+0000  2.21329659922867660396E+0002  0.00000000000000000000E+0000  0.00000000000000000000E+0000  2.21132642601077607600E+0002  0.00000000000000000000E+0000  0.00000000000000000000E+0000  0.00000000000000000000E+0000  0.00000000000000000000E+0000  0.00000000000000000000E+0000 -1.10224323523793051846E-0005 -2.95189523961847106450E+0000  0.00000000000000000000E+0000  0.00000000000000000000E+0000  0.00000000000000000000E+0000  1.86534770703064545520E-0001
 7.02000000000000000017E-0009  0.00000000000000000000E+0000 -3.80403809068410332281E-0001  2.33340209860473273648E-0002 -3.80403809068410332281E-0001  1.04999999999999999996E+0000  1.44143463825046542310E+0000  1.51475688756916684235E+0000  1.38070225622636853942E+0000  0.00000000000000000000E+0000  2.34433159148802059510E+0002  0.00000000000000000000E+0000  2.53000472594477288045E-0039  2.59846630858628999929E-0002  1.81611343820196619643E-0033  0.00000000000000000000E+0000  2.21351185962908444643E+0002  0.00000000000000000000E+0000  0.00000000000000000000E+0000  2.21148646902985833954E+0002  0.00000000000000000000E+0000  0.00000000000000000000E+0000  0.00000000000000000000E+0000  0.00000000000000000000E+0000  0.00000000000000000000E+0000 -1.02066934927834596012E-0005 -2.95342403708299569912E+0000  0.00000000000000000000E+0000  0.00000000000000000000E+0000  0.00000000000000000000E+0000  1.87634908649034190341E-0001
 7.16000000000000000018E-0009  0.00000000000000000000E+0000 -3.82043860843869505185E-0001  2.32934884898999120773E-0002 -3.82043860843869505185E-0001  1.04999999999999999996E+0000  1.44144060890432850689E+0000  1.51476099182304839918E+0000  1.38070426528056859562E+0000  0.00000000000000000000E+0000  2.34433159148802059510E+0002  0.00000000000000000000E+0000  2.53060956139720502329E-0039  2.59893340045260358503E-0002  1.81626407492203936785E-0033  0.00000000000000000000E+0000  2.21372986213382306475E+0002  0.00000000000000000000E+0000  0.00000000000000000000E+0000  2.21164838220466271029E+0002  0.00000000000000000000E+0000  0.00000000000000000000E+0000  0.00000000000000000000E+0000  0.00000000000000000000E+0000  0.00000000000000000000E+0000 -1.09000531036944653919E-0005 -2.95291834275278814695E+0000  0.00000000000000000000E+0000  0.00000000000000000000E+0000  0.00000000000000000000E+0000  1.88595326632325218711E-0001
 7.30400000000000000011E-0009  0.00000000000000000000E+0000 -3.83459016838039164080E-0001  2.32538693302000123448E-0002 -3.83459016838039164080E-0001  1.04999999999999999996E+0000  1.44144669870253700438E+0000  1.51476520616029354342E+0000  1.38070634375693285939E+0000  0.00000000000000000000E+0000  2.34433159148802059510E+0002  0.00000000000000000000E+0000  2.53122660489806175365E-0039  2.59941237830129962632E-0002  1.81641994123190922909E-0033  0.00000000000000000000E+0000  2.21395364358209010544E+0002  0.00000000000000000000E+0000  0.00000000000000000000E+0000  2.21181438785791877777E+0002  0.00000000000000000000E+0000  0.00000000000000000000E+0000  0.00000000000000000000E+0000  0.00000000000000000000E+0000  0.00000000000000000000E+0000 -1.03564151002636657229E-0005 -2.95407980651237966636E+0000  0.00000000000000000000E+0000  0.00000000000000000000E+0000  0.00000000000000000000E+0000  1.89611013488583878450E-0001
 7.45000000000000000000E-0009  0.00000000000000000000E+0000 -3.84853938012645874602E-0001  2.32116383977647799638E-0002 -3.84853938012645874602E-0001  1.04999999999999999996E+0000  1.44145282284903235640E+0000  1.51476947188825546381E+0000  1.38070846331337001385E+0000  0.00000000000000000000E+0000  2.34433159148802059510E+0002  0.00000000000000000000E+0000  2.53184731706458430827E-0039  2.59989658251366209831E-0002  1.81657890442579296308E-0033  0.00000000000000000000E+0000  2.21418008332670007365E+0002  0.00000000000000000000E+0000  0.00000000000000000000E+0000  2.21198219527492985673E+0002  0.00000000000000000000E+0000  0.00000000000000000000E+0000  0.00000000000000000000E+0000  0.00000000000000000000E+0000  0.00000000000000000000E+0000 -1.01864195038160659742E-0005 -2.95473536534444876020E+0000  0.00000000000000000000E+0000  0.00000000000000000000E+0000  0.00000000000000000000E+0000  1.90561317785415693831E-0001
 7.59900000000000000003E-0009  0.00000000000000000000E+0000 -3.86210041261572571697E-0001  2.31649656958979767164E-0002 -3.86210041261572571697E-0001  1.04999999999999999996E+0000  1.44145902250738303194E+0000  1.51477381797866063437E+0000  1.38071063913583006117E+0000  0.00000000000000000000E+0000  2.34433159148802059510E+0002  0.00000000000000000000E+0000  2.53247587566497610509E-0039  2.60038929023307206745E-0002  1.81674210389514001189E-0033  0.00000000000000000000E+0000  2.21441071432843745573E+0002  0.00000000000000000000E+0000  0.00000000000000000000E+0000  2.21215293765213764213E+0002  0.00000000000000000000E+0000  0.00000000000000000000E+0000  0.00000000000000000000E+0000  0.00000000000000000000E+0000  0.00000000000000000000E+0000 -1.02125816122041755252E-0005 -2.95512658207388369020E+0000  0.00000000000000000000E+0000  0.00000000000000000000E+0000  0.00000000000000000000E+0000  1.91465207553491254617E-0001
 7.75100000000000000021E-0009  0.00000000000000000000E+0000 -3.87510769435736685646E-0001  2.31175656833788494612E-0002 -3.87510769435736685646E-0001  1.04999999999999999996E+0000  1.44146529615236762903E+0000  1.51477824407291682888E+0000  1.38071287208539590652E+0000  0.00000000000000000000E+0000  2.34433159148802059510E+0002  0.00000000000000000000E+0000  2.53311212523676732643E-0039  2.60089043734447920076E-0002  1.81690960649203420855E-0033  0.00000000000000000000E+0000  2.21464550802691911249E+0002  0.00000000000000000000E+0000  0.00000000000000000000E+0000  2.21232660164449106380E+0002  0.00000000000000000000E+0000  0.00000000000000000000E+0000  0.00000000000000000000E+0000  0.00000000000000000000E+0000  0.00000000000000000000E+0000 -1.03232492385721345721E-0005 -2.95540369284980341527E+0000  0.00000000000000000000E+0000  0.00000000000000000000E+0000  0.00000000000000000000E+0000  1.92328827041815829757E-0001
 7.90599999999999999972E-0009  0.00000000000000000000E+0000 -3.88747655076671602399E-0001  2.30683823375715798062E-0002 -3.88747655076671602399E-0001  1.04999999999999999996E+0000  1.44147164209560448673E+0000  1.51478274977996862352E+0000  1.38071516308104053170E+0000  0.00000000000000000000E+0000  2.34433159148802059510E+0002  0.00000000000000000000E+0000  2.53375589859811797630E-0039  2.60139995522909328036E-0002  1.81708148258868745263E-0033  0.00000000000000000000E+0000  2.21488443470251349460E+0002  0.00000000000000000000E+0000  0.00000000000000000000E+0000  2.21250316971437877164E+0002  0.00000000000000000000E+0000  0.00000000000000000000E+0000  0.00000000000000000000E+0000  0.00000000000000000000E+0000  0.00000000000000000000E+0000 -1.04695161962406289461E-0005 -2.95563239093033338018E+0000  0.00000000000000000000E+0000  0.00000000000000000000E+0000  0.00000000000000000000E+0000  1.93153737447526472004E-0001
 8.06400000000000000017E-0009  0.00000000000000000000E+0000 -3.89915591427939735259E-0001  2.30171522786040729772E-0002 -3.89915591427939735259E-0001  1.04999999999999999996E+0000  1.44147805859145138995E+0000  1.51478733469011323746E+0000  1.38071751307631240965E+0000  0.00000000000000000000E+0000  2.34433159148802059510E+0002  0.00000000000000000000E+0000  2.53440702367421502564E-0039  2.60191777267428672304E-0002  1.81725780499964286802E-0033  0.00000000000000000000E+0000  2.21512746336118704196E+0002  0.00000000000000000000E+0000  0.00000000000000000000E+0000  2.21268262373437248597E+0002  0.00000000000000000000E+0000  0.00000000000000000000E+0000  0.00000000000000000000E+0000  0.00000000000000000000E+0000  0.00000000000000000000E+0000 -1.06304046788599135117E-0005 -2.95584075685823267432E+0000  0.00000000000000000000E+0000  0.00000000000000000000E+0000  0.00000000000000000000E+0000  1.93939784885753124512E-0001
 8.22599999999999999974E-0009  0.00000000000000000000E+0000 -3.90836640217242799948E-0001  2.29638796823733806864E-0002 -3.90836640217242799948E-0001  1.04999999999999999996E+0000  1.44148458038904724932E+0000  1.51479202675810290446E+0000  1.38071993911971131329E+0000  0.00000000000000000000E+0000  2.34433159148802059510E+0002  0.00000000000000000000E+0000  2.53506900334183114772E-0039  2.60244695180161225134E-0002  1.81743986128197983357E-0033  0.00000000000000000000E+0000  2.21537605442164883693E+0002  0.00000000000000000000E+0000  0.00000000000000000000E+0000  2.21286603011098316915E+0002  0.00000000000000000000E+0000  0.00000000000000000000E+0000  0.00000000000000000000E+0000  0.00000000000000000000E+0000  0.00000000000000000000E+0000 -9.86092912140136831280E-0006 -2.95729832653338414543E+0000  0.00000000000000000000E+0000  0.00000000000000000000E+0000  0.00000000000000000000E+0000  1.94722249153873675170E-0001
 8.38999999999999999967E-0009  0.00000000000000000000E+0000 -3.91956431414835739164E-0001  2.29042509458647105296E-0002 -3.91956431414835739164E-0001  1.04999999999999999996E+0000  1.44149113096651067625E+0000  1.51479676851304316705E+0000  1.38072241060715253814E+0000  0.00000000000000000000E+0000  2.34433159148802059510E+0002  0.00000000000000000000E+0000  2.53573415379917988338E-0039  2.60298109725670155191E-0002  1.81762533822156555778E-0033  0.00000000000000000000E+0000  2.21562717201614324522E+0002  0.00000000000000000000E+0000  0.00000000000000000000E+0000  2.21305118718660081334E+0002  0.00000000000000000000E+0000  0.00000000000000000000E+0000  0.00000000000000000000E+0000  0.00000000000000000000E+0000  0.00000000000000000000E+0000 -1.05644927721426332291E-0005 -2.95677684407503045538E+0000  0.00000000000000000000E+0000  0.00000000000000000000E+0000  0.00000000000000000000E+0000  1.95406029956784273315E-0001
 8.55800000000000000033E-0009  0.00000000000000000000E+0000 -3.92745526970604669979E-0001  2.28476312342205347791E-0002 -3.92745526970604669979E-0001  1.04999999999999999996E+0000  1.44149778356766942392E+0000  1.51480161654766220397E+0000  1.38072496018376687180E+0000  0.00000000000000000000E+0000  2.34433159148802059510E+0002  0.00000000000000000000E+0000  2.53640982952724921125E-0039  2.60352645651748576119E-0002  1.81781670727958818750E-0033  0.00000000000000000000E+0000  2.21588378481619051430E+0002  0.00000000000000000000E+0000  0.00000000000000000000E+0000  2.21324025807673379684E+0002  0.00000000000000000000E+0000  0.00000000000000000000E+0000  0.00000000000000000000E+0000  0.00000000000000000000E+0000  0.00000000000000000000E+0000 -1.00106109909425874867E-0005 -2.95794146428883406312E+0000  0.00000000000000000000E+0000  0.00000000000000000000E+0000  0.00000000000000000000E+0000  1.96087846843158532346E-0001
 8.72900000000000000033E-0009  0.00000000000000000000E+0000 -3.93535000693166307382E-0001  2.27848791940831655531E-0002 -3.93535000693166307382E-0001  1.04999999999999999996E+0000  1.44150449813746053753E+0000  1.51480654173933179283E+0000  1.38072757335168600130E+0000  0.00000000000000000000E+0000  2.34433159148802059510E+0002  0.00000000000000000000E+0000  2.53709202246373589321E-0039  2.60407976677363614753E-0002  1.81801286925579535526E-0033  0.00000000000000000000E+0000  2.21614434687503897931E+0002  0.00000000000000000000E+0000  0.00000000000000000000E+0000  2.21343212901250127392E+0002  0.00000000000000000000E+0000  0.00000000000000000000E+0000  0.00000000000000000000E+0000  0.00000000000000000000E+0000  0.00000000000000000000E+0000 -9.88201309509100243141E-0006 -2.95853430316481681456E+0000  0.00000000000000000000E+0000  0.00000000000000000000E+0000  0.00000000000000000000E+0000  1.96708983970737243842E-0001
 8.90400000000000000024E-0009  0.00000000000000000000E+0000 -3.94281316250003935255E-0001  2.27197549369724188210E-0002 -3.94281316250003935255E-0001  1.04999999999999999996E+0000  1.44151131239999811683E+0000  1.51481157243664674085E+0000  1.38073026641253348613E+0000  0.00000000000000000000E+0000  2.34433159148802059510E+0002  0.00000000000000000000E+0000  2.53778456837606255630E-0039  2.60464419089736517819E-0002  1.81821505009844897458E-0033  0.00000000000000000000E+0000  2.21641034902188715006E+0002  0.00000000000000000000E+0000  0.00000000000000000000E+0000  2.21362789863196957843E+0002  0.00000000000000000000E+0000  0.00000000000000000000E+0000  0.00000000000000000000E+0000  0.00000000000000000000E+0000  0.00000000000000000000E+0000 -9.95192480191339840866E-0006 -2.95886153469894932415E+0000  0.00000000000000000000E+0000  0.00000000000000000000E+0000  0.00000000000000000000E+0000  1.97280263537872926162E-0001
 9.08200000000000000030E-0009  0.00000000000000000000E+0000 -3.94947746559829513156E-0001  2.26546310590437200946E-0002 -3.94947746559829513156E-0001  1.04999999999999999996E+0000  1.44151818563166892525E+0000  1.51481667938891809068E+0000  1.38073302507160235956E+0000  0.00000000000000000000E+0000  2.34433159148802059510E+0002  0.00000000000000000000E+0000  2.53848332545244272478E-0039  2.60521641969294261080E-0002  1.81842218048415226229E-0033  0.00000000000000000000E+0000  2.21668023013092755039E+0002  0.00000000000000000000E+0000  0.00000000000000000000E+0000  2.21382643515892284125E+0002  0.00000000000000000000E+0000  0.00000000000000000000E+0000  0.00000000000000000000E+0000  0.00000000000000000000E+0000  0.00000000000000000000E+0000 -1.00655886113755731160E-0005 -2.95912808459705907222E+0000  0.00000000000000000000E+0000  0.00000000000000000000E+0000  0.00000000000000000000E+0000  1.97801922228628998863E-0001
 9.26400000000000000027E-0009  0.00000000000000000000E+0000 -3.95321419610036475968E-0001  2.25875026215824096627E-0002 -3.95321419610036475968E-0001  1.04999999999999999996E+0000  1.44152515102536910691E+0000  1.51482189012896950240E+0000  1.38073586719000973870E+0000  0.00000000000000000000E+0000  2.34433159148802059510E+0002  0.00000000000000000000E+0000  2.53919164669349908769E-0039  2.60579944791504492537E-0002  1.81863561050244588613E-0033  0.00000000000000000000E+0000  2.21695542116591137960E+0002  0.00000000000000000000E+0000  0.00000000000000000000E+0000  2.21402878410816809918E+0002  0.00000000000000000000E+0000  0.00000000000000000000E+0000  0.00000000000000000000E+0000  0.00000000000000000000E+0000  0.00000000000000000000E+0000 -9.30972864883481046229E-0006 -2.96055727412618744634E+0000  0.00000000000000000000E+0000  0.00000000000000000000E+0000  0.00000000000000000000E+0000  1.98284953257880580153E-0001
 9.44900000000000000039E-0009  0.00000000000000000000E+0000 -3.95945275220593141967E-0001  2.25126940588258950251E-0002 -3.95945275220593141967E-0001  1.04999999999999999996E+0000  1.44153217379947237188E+0000  1.51482717641587279309E+0000  1.38073877645910304617E+0000  0.00000000000000000000E+0000  2.34433159148802059510E+0002  0.00000000000000000000E+0000  2.53990608046870269815E-0039  2.60639020125656014980E-0002  1.81885409622961652208E-0033  0.00000000000000000000E+0000  2.21723444246866523519E+0002  0.00000000000000000000E+0000  0.00000000000000000000E+0000  2.21423388882936548028E+0002  0.00000000000000000000E+0000  0.00000000000000000000E+0000  0.00000000000000000000E+0000  0.00000000000000000000E+0000  0.00000000000000000000E+0000 -1.00184633622078060845E-0005 -2.96002541427615813055E+0000  0.00000000000000000000E+0000  0.00000000000000000000E+0000  0.00000000000000000000E+0000  1.98699975590377583999E-0001
 9.63900000000000000020E-0009  0.00000000000000000000E+0000 -3.96179432628892747790E-0001  2.24431773874748700550E-0002 -3.96179432628892747790E-0001  1.04999999999999999996E+0000  1.44153932259680990892E+0000  1.51483259385174911854E+0000  1.38074178741171150271E+0000  0.00000000000000000000E+0000  2.34433159148802059510E+0002  0.00000000000000000000E+0000  2.54063352791127217708E-0039  2.60699475312000925955E-0002  1.81908025713454959152E-0033  0.00000000000000000000E+0000  2.21752019125148074841E+0002  0.00000000000000000000E+0000  0.00000000000000000000E+0000  2.21444386491406752404E+0002  0.00000000000000000000E+0000  0.00000000000000000000E+0000  0.00000000000000000000E+0000  0.00000000000000000000E+0000  0.00000000000000000000E+0000 -9.50739496103078090807E-0006 -2.96112524141294036393E+0000  0.00000000000000000000E+0000  0.00000000000000000000E+0000  0.00000000000000000000E+0000  1.99073156668466014012E-0001
 9.83100000000000000038E-0009  0.00000000000000000000E+0000 -3.96404129682171776596E-0001  2.23673114205205209196E-0002 -3.96404129682171776596E-0001  1.04999999999999999996E+0000  1.44154648439264964287E+0000  1.51483805661885647699E+0000  1.38074485306691194545E+0000  0.00000000000000000000E+0000  2.34433159148802059510E+0002  0.00000000000000000000E+0000  2.54136254150315721994E-0039  2.60760354563844407223E-0002  1.81931055318780176008E-0033  0.00000000000000000000E+0000  2.21780813353151084688E+0002  0.00000000000000000000E+0000  0.00000000000000000000E+0000  2.21465541939062909679E+0002  0.00000000000000000000E+0000  0.00000000000000000000E+0000  0.00000000000000000000E+0000  0.00000000000000000000E+0000  0.00000000000000000000E+0000 -9.37222417355458562925E-0006 -2.96171745638585033741E+0000  0.00000000000000000000E+0000  0.00000000000000000000E+0000  0.00000000000000000000E+0000  1.99386780130059765342E-0001
 1.00299999999999999998E-0008  0.00000000000000000000E+0000 -3.96601165421115681712E-0001  2.22864549541842729382E-0002 -3.96601165421115681712E-0001  1.04999999999999999996E+0000  1.44155384308046830065E+0000  1.51484370621805782648E+0000  1.38074805473301558611E+0000  0.00000000000000000000E+0000  2.34433159148802059510E+0002  0.00000000000000000000E+0000  2.54211186116544588325E-0039  2.60823231823103780065E-0002  1.81955109150321783917E-0033  0.00000000000000000000E+0000  2.21810572428434210596E+0002  0.00000000000000000000E+0000  0.00000000000000000000E+0000  2.21487400265673880062E+0002  0.00000000000000000000E+0000  0.00000000000000000000E+0000  0.00000000000000000000E+0000  0.00000000000000000000E+0000  0.00000000000000000000E+0000 -9.51935260864615055294E-0006 -2.96193736728270466912E+0000  0.00000000000000000000E+0000  0.00000000000000000000E+0000  0.00000000000000000000E+0000  1.99648294753338536130E-0001
 1.02299999999999999998E-0008  0.00000000000000000000E+0000 -3.96675040034295322297E-0001  2.22104667652382466549E-0002 -3.96675040034295322297E-0001  1.04999999999999999996E+0000  1.44156117501203264982E+0000  1.51484937170212819043E+0000  1.38075129700213495069E+0000  0.00000000000000000000E+0000  2.34433159148802059510E+0002  0.00000000000000000000E+0000  2.54285868868333663337E-0039  2.60886201185635778951E-0002  1.81979471530358984772E-0033  0.00000000000000000000E+0000  2.21840392693257482948E+0002  0.00000000000000000000E+0000  0.00000000000000000000E+0000  2.21509304388613667974E+0002  0.00000000000000000000E+0000  0.00000000000000000000E+0000  0.00000000000000000000E+0000  0.00000000000000000000E+0000  0.00000000000000000000E+0000 -9.58815004794949044352E-0006 -2.96225442787291465664E+0000  0.00000000000000000000E+0000  0.00000000000000000000E+0000  0.00000000000000000000E+0000  1.99850863191729297651E-0001
 1.04299999999999999998E-0008  0.00000000000000000000E+0000 -3.96632387208913054382E-0001  2.21318263156175846206E-0002 -3.96632387208913054382E-0001  1.04999999999999999996E+0000  1.44156844438379090319E+0000  1.51485502464887183960E+0000  1.38075456375243274120E+0000  0.00000000000000000000E+0000  2.34433159148802059510E+0002  0.00000000000000000000E+0000  2.54359938164106024629E-0039  2.60948948252898842825E-0002  1.82004021106452514802E-0033  0.00000000000000000000E+0000  2.21870124962585541672E+0002  0.00000000000000000000E+0000  0.00000000000000000000E+0000  2.21531143556541587930E+0002  0.00000000000000000000E+0000  0.00000000000000000000E+0000  0.00000000000000000000E+0000  0.00000000000000000000E+0000  0.00000000000000000000E+0000 -9.59439955088225460610E-0006 -2.96264546718443835273E+0000  0.00000000000000000000E+0000  0.00000000000000000000E+0000  0.00000000000000000000E+0000  1.99994396860940590527E-0001
 1.06400000000000000001E-0008  0.00000000000000000000E+0000 -3.96309132961385159413E-0001  2.20451295868859928304E-0002 -3.96309132961385159413E-0001  1.04999999999999999996E+0000  1.44157600763893833289E+0000  1.51486094599036250541E+0000  1.38075802154531879174E+0000  0.00000000000000000000E+0000  2.34433159148802059510E+0002  0.00000000000000000000E+0000  2.54437026954927075349E-0039  2.61014581037832356531E-0002  1.82030009899390879977E-0033  0.00000000000000000000E+0000  2.21901245151303355779E+0002  0.00000000000000000000E+0000  0.00000000000000000000E+0000  2.21553997074199379352E+0002  0.00000000000000000000E+0000  0.00000000000000000000E+0000  0.00000000000000000000E+0000  0.00000000000000000000E+0000  0.00000000000000000000E+0000 -8.99071690861319678742E-0006 -2.96385892791624281197E+0000  0.00000000000000000000E+0000  0.00000000000000000000E+0000  0.00000000000000000000E+0000  2.00071757013792963245E-0001
 1.08599999999999999997E-0008  0.00000000000000000000E+0000 -3.96048110952827047923E-0001  2.19530093916629515397E-0002 -3.96048110952827047923E-0001  1.04999999999999999996E+0000  1.44158385914815174783E+0000  1.51486713422065492635E+0000  1.38076167310277354806E+0000  0.00000000000000000000E+0000  2.34433159148802059510E+0002  0.00000000000000000000E+0000  2.54517083592282003552E-0039  2.61083077213213183535E-0002  1.82057458065164802270E-0033  0.00000000000000000000E+0000  2.21933741468087121385E+0002  0.00000000000000000000E+0000  0.00000000000000000000E+0000  2.21577863408311373283E+0002  0.00000000000000000000E+0000  0.00000000000000000000E+0000  0.00000000000000000000E+0000  0.00000000000000000000E+0000  0.00000000000000000000E+0000 -9.05601183647752993421E-0006 -2.96418894992474028847E+0000  0.00000000000000000000E+0000  0.00000000000000000000E+0000  0.00000000000000000000E+0000  2.00095304607654041421E-0001
 1.10699999999999999999E-0008  0.00000000000000000000E+0000 -3.95859391411965221236E-0001  2.18744496984206424540E-0002 -3.95859391411965221236E-0001  1.04999999999999999996E+0000  1.44159129149163591540E+0000  1.51487302781444596025E+0000  1.38076518421287006426E+0000  0.00000000000000000000E+0000  2.34433159148802059510E+0002  0.00000000000000000000E+0000  2.54592890706421912175E-0039  2.61148230016004330894E-0002  1.82083854462944915613E-0033  0.00000000000000000000E+0000  2.21964663352528708315E+0002  0.00000000000000000000E+0000  0.00000000000000000000E+0000  2.21600587840798923869E+0002  0.00000000000000000000E+0000  0.00000000000000000000E+0000  0.00000000000000000000E+0000  0.00000000000000000000E+0000  0.00000000000000000000E+0000 -9.66104907864789757294E-0006 -2.96377223241598481448E+0000  0.00000000000000000000E+0000  0.00000000000000000000E+0000  0.00000000000000000000E+0000  2.00073508248608714877E-0001
 1.12900000000000000003E-0008  0.00000000000000000000E+0000 -3.95250793679825000417E-0001  2.17831315312367363386E-0002 -3.95250793679825000417E-0001  1.04999999999999999996E+0000  1.44159900715997017404E+0000  1.51487918659921152044E+0000  1.38076889182637849271E+0000  0.00000000000000000000E+0000  2.34433159148802059510E+0002  0.00000000000000000000E+0000  2.54671613502264080361E-0039  2.61216219697191013055E-0002  1.82111732128818697186E-0033  0.00000000000000000000E+0000  2.21996952031599957295E+0002  0.00000000000000000000E+0000  0.00000000000000000000E+0000  2.21624309793903574689E+0002  0.00000000000000000000E+0000  0.00000000000000000000E+0000  0.00000000000000000000E+0000  0.00000000000000000000E+0000  0.00000000000000000000E+0000 -9.23470654756962188762E-0006 -2.96473671427368748541E+0000  0.00000000000000000000E+0000  0.00000000000000000000E+0000  0.00000000000000000000E+0000  1.99964607523712081051E-0001
 1.15200000000000000001E-0008  0.00000000000000000000E+0000 -3.94417094919374158296E-0001  2.16883909963828566699E-0002 -3.94417094919374158296E-0001  1.04999999999999999996E+0000  1.44160699713806597470E+0000  1.51488560820967678943E+0000  1.38077280007879314824E+0000  0.00000000000000000000E+0000  2.34433159148802059510E+0002  0.00000000000000000000E+0000  2.54753162132525281746E-0039  2.61287007782123302924E-0002  1.82141122972828411192E-0033  0.00000000000000000000E+0000  2.22030587192934090041E+0002  0.00000000000000000000E+0000  0.00000000000000000000E+0000  2.21649027917038973917E+0002  0.00000000000000000000E+0000  0.00000000000000000000E+0000  0.00000000000000000000E+0000  0.00000000000000000000E+0000  0.00000000000000000000E+0000 -8.51427393228493369102E-0006 -2.96609939546439578431E+0000  0.00000000000000000000E+0000  0.00000000000000000000E+0000  0.00000000000000000000E+0000  1.99775652265661526931E-0001
 1.17499999999999999999E-0008  0.00000000000000000000E+0000 -3.93873645700931670192E-0001  2.15921924883328228784E-0002 -3.93873645700931670192E-0001  1.04999999999999999996E+0000  1.44161491723680906243E+0000  1.51489201378353061805E+0000  1.38077673800086099813E+0000  0.00000000000000000000E+0000  2.34433159148802059510E+0002  0.00000000000000000000E+0000  2.54834029089445629175E-0039  2.61357528416292933978E-0002  1.82170740234043129361E-0033  0.00000000000000000000E+0000  2.22064107919716877529E+0002  0.00000000000000000000E+0000  0.00000000000000000000E+0000  2.21673676135713237867E+0002  0.00000000000000000000E+0000  0.00000000000000000000E+0000  0.00000000000000000000E+0000  0.00000000000000000000E+0000  0.00000000000000000000E+0000 -9.10749238250908946903E-0006 -2.96570368048294387875E+0000  0.00000000000000000000E+0000  0.00000000000000000000E+0000  0.00000000000000000000E+0000  1.99563924159399704548E-0001
 1.19900000000000000000E-0008  0.00000000000000000000E+0000 -3.92881237064151132805E-0001  2.14963007903802439756E-0002 -3.92881237064151132805E-0001  1.04999999999999999996E+0000  1.44162310348651685255E+0000  1.51489867951065781872E+0000  1.38078088062779935554E+0000  0.00000000000000000000E+0000  2.34433159148802059510E+0002  0.00000000000000000000E+0000  2.54917640718933225076E-0039  2.61430807746506980610E-0002  1.82201902516532145165E-0033  0.00000000000000000000E+0000  2.22098957918578700343E+0002  0.00000000000000000000E+0000  0.00000000000000000000E+0000  2.21699305996180834874E+0002  0.00000000000000000000E+0000  0.00000000000000000000E+0000  0.00000000000000000000E+0000  0.00000000000000000000E+0000  0.00000000000000000000E+0000 -8.68966295163516999678E-0006 -2.96665833376325410102E+0000  0.00000000000000000000E+0000  0.00000000000000000000E+0000  0.00000000000000000000E+0000  1.99243460245303669723E-0001
 1.22300000000000000000E-0008  0.00000000000000000000E+0000 -3.91870109474481120214E-0001  2.13990145281442537898E-0002 -3.91870109474481120214E-0001  1.04999999999999999996E+0000  1.44163121428578485240E+0000  1.51490532711523655956E+0000  1.38078505580357497684E+0000  0.00000000000000000000E+0000  2.34433159148802059510E+0002  0.00000000000000000000E+0000  2.55000510829496140211E-0039  2.61503787821738540994E-0002  1.82233314598198840146E-0033  0.00000000000000000000E+0000  2.22133677937861668178E+0002  0.00000000000000000000E+0000  0.00000000000000000000E+0000  2.21724858401960308874E+0002  0.00000000000000000000E+0000  0.00000000000000000000E+0000  0.00000000000000000000E+0000  0.00000000000000000000E+0000  0.00000000000000000000E+0000 -8.55340412597616732605E-0006 -2.96722790303170253813E+0000  0.00000000000000000000E+0000  0.00000000000000000000E+0000  0.00000000000000000000E+0000  1.98871223606187871267E-0001
 1.24700000000000000000E-0008  0.00000000000000000000E+0000 -3.91053180513200305125E-0001  2.12995098354558324873E-0002 -3.91053180513200305125E-0001  1.04999999999999999996E+0000  1.44163925459147150923E+0000  1.51491195740118839792E+0000  1.38078926155533521995E+0000  0.00000000000000000000E+0000  2.34433159148802059510E+0002  0.00000000000000000000E+0000  2.55082692851881805877E-0039  2.61576487004164390539E-0002  1.82264960593478592688E-0033  0.00000000000000000000E+0000  2.22168276405794808542E+0002  0.00000000000000000000E+0000  0.00000000000000000000E+0000  2.21750334181084246959E+0002  0.00000000000000000000E+0000  0.00000000000000000000E+0000  0.00000000000000000000E+0000  0.00000000000000000000E+0000  0.00000000000000000000E+0000 -9.33170788702771493939E-0006 -2.96657192522613040063E+0000  0.00000000000000000000E+0000  0.00000000000000000000E+0000  0.00000000000000000000E+0000  1.98478516078886177754E-0001
 1.27200000000000000002E-0008  0.00000000000000000000E+0000 -3.89719363607072944334E-0001  2.12012473090542423296E-0002 -3.89719363607072944334E-0001  1.04999999999999999996E+0000  1.44164755071349256522E+0000  1.51491884407028516149E+0000  1.38079367704976379314E+0000  0.00000000000000000000E+0000  2.34433159148802059510E+0002  0.00000000000000000000E+0000  2.55167516850676589501E-0039  2.61651891032044727703E-0002  1.82298191055175512798E-0033  0.00000000000000000000E+0000  2.22204177813363520561E+0002  0.00000000000000000000E+0000  0.00000000000000000000E+0000  2.21776778204408231726E+0002  0.00000000000000000000E+0000  0.00000000000000000000E+0000  0.00000000000000000000E+0000  0.00000000000000000000E+0000  0.00000000000000000000E+0000 -8.94511194933201422091E-0006 -2.96746804038106078453E+0000  0.00000000000000000000E+0000  0.00000000000000000000E+0000  0.00000000000000000000E+0000  1.97958071390815972185E-0001
 1.29699999999999999996E-0008  0.00000000000000000000E+0000 -3.88369840668286207564E-0001  2.11005835315521681931E-0002 -3.88369840668286207564E-0001  1.04999999999999999996E+0000  1.44165577026831820027E+0000  1.51492571107568560246E+0000  1.38079812600865965103E+0000  0.00000000000000000000E+0000  2.34433159148802059510E+0002  0.00000000000000000000E+0000  2.55251587623449619911E-0039  2.61726978976134755057E-0002  1.82331678997868029892E-0033  0.00000000000000000000E+0000  2.22239938446649143114E+0002  0.00000000000000000000E+0000  0.00000000000000000000E+0000  2.21803142030939854271E+0002  0.00000000000000000000E+0000  0.00000000000000000000E+0000  0.00000000000000000000E+0000  0.00000000000000000000E+0000  0.00000000000000000000E+0000 -8.81727034328487203626E-0006 -2.96801004757362213850E+0000  0.00000000000000000000E+0000  0.00000000000000000000E+0000  0.00000000000000000000E+0000  1.97391567356697448347E-0001
 1.32300000000000000001E-0008  0.00000000000000000000E+0000 -3.86970935171732817459E-0001  2.09918668631385082561E-0002 -3.86970935171732817459E-0001  1.04999999999999999996E+0000  1.44166423886750773525E+0000  1.51493283180880214519E+0000  1.38080278784085959279E+0000  0.00000000000000000000E+0000  2.34433159148802059510E+0002  0.00000000000000000000E+0000  2.55338239351467580837E-0039  2.61804737895572381671E-0002  1.82366774394856425946E-0033  0.00000000000000000000E+0000  2.22276984786055180357E+0002  0.00000000000000000000E+0000  0.00000000000000000000E+0000  2.21830465815974961913E+0002  0.00000000000000000000E+0000  0.00000000000000000000E+0000  0.00000000000000000000E+0000  0.00000000000000000000E+0000  0.00000000000000000000E+0000 -8.99890754870899701339E-0006 -2.96814469415422215511E+0000  0.00000000000000000000E+0000  0.00000000000000000000E+0000  0.00000000000000000000E+0000  1.96758113038943213317E-0001
 1.34999999999999999999E-0008  0.00000000000000000000E+0000 -3.85166665311929323702E-0001  2.08856417325676991082E-0002 -3.85166665311929323702E-0001  1.04999999999999999996E+0000  1.44167294633381715986E+0000  1.51494020306282146623E+0000  1.38080766701708721942E+0000  0.00000000000000000000E+0000  2.34433159148802059510E+0002  0.00000000000000000000E+0000  2.55427365398425978489E-0039  2.61885117073579902857E-0002  1.82403513404062473749E-0033  0.00000000000000000000E+0000  2.22315291240771885861E+0002  0.00000000000000000000E+0000  0.00000000000000000000E+0000  2.21858741581428812725E+0002  0.00000000000000000000E+0000  0.00000000000000000000E+0000  0.00000000000000000000E+0000  0.00000000000000000000E+0000  0.00000000000000000000E+0000 -8.44322069676630005061E-0006 -2.96926010453193023938E+0000  0.00000000000000000000E+0000  0.00000000000000000000E+0000  0.00000000000000000000E+0000  1.95999121852512344624E-0001
 1.37699999999999999997E-0008  0.00000000000000000000E+0000 -3.83394190737407937361E-0001  2.07764308637801448849E-0002 -3.83394190737407937361E-0001  1.04999999999999999996E+0000  1.44168157032391654909E+0000  1.51494755132858281840E+0000  1.38081258270749480217E+0000  0.00000000000000000000E+0000  2.34433159148802059510E+0002  0.00000000000000000000E+0000  2.55515670107092705852E-0039  2.61965137277766181564E-0002  1.82440533979445732675E-0033  0.00000000000000000000E+0000  2.22353434148839903525E+0002  0.00000000000000000000E+0000  0.00000000000000000000E+0000  2.21886927376798442094E+0002  0.00000000000000000000E+0000  0.00000000000000000000E+0000  0.00000000000000000000E+0000  0.00000000000000000000E+0000  0.00000000000000000000E+0000 -8.27934740531682204081E-0006 -2.96984438737461604375E+0000  0.00000000000000000000E+0000  0.00000000000000000000E+0000  0.00000000000000000000E+0000  1.95202446888196665494E-0001
 1.40400000000000000003E-0008  0.00000000000000000000E+0000 -3.81843423171657104717E-0001  2.06665377109206040998E-0002 -3.81843423171657104717E-0001  1.04999999999999999996E+0000  1.44169011595298782278E+0000  1.51495487751927609683E+0000  1.38081753255999029994E+0000  0.00000000000000000000E+0000  2.34433159148802059510E+0002  0.00000000000000000000E+0000  2.55603207946229717545E-0039  2.62044818374945752109E-0002  1.82477817622788860108E-0033  0.00000000000000000000E+0000  2.22391423316418001946E+0002  0.00000000000000000000E+0000  0.00000000000000000000E+0000  2.21915023548327620465E+0002  0.00000000000000000000E+0000  0.00000000000000000000E+0000  0.00000000000000000000E+0000  0.00000000000000000000E+0000  0.00000000000000000000E+0000 -9.02502341862870909493E-0006 -2.96921222879790890569E+0000  0.00000000000000000000E+0000  0.00000000000000000000E+0000  0.00000000000000000000E+0000  1.94404104223071200650E-0001
 1.43200000000000000004E-0008  0.00000000000000000000E+0000 -3.79737818562606216718E-0001  2.05592993421362293436E-0002 -3.79737818562606216718E-0001  1.04999999999999999996E+0000  1.44169889129827538839E+0000  1.51496245006875620740E+0000  1.38082270342099126792E+0000  0.00000000000000000000E+0000  2.34433159148802059510E+0002  0.00000000000000000000E+0000  2.55693129130490063679E-0039  2.62127065154820795852E-0002  1.82516774334043354356E-0033  0.00000000000000000000E+0000  2.22430646884750886833E+0002  0.00000000000000000000E+0000  0.00000000000000000000E+0000  2.21944052833479253048E+0002  0.00000000000000000000E+0000  0.00000000000000000000E+0000  0.00000000000000000000E+0000  0.00000000000000000000E+0000  0.00000000000000000000E+0000 -8.60945042005772845989E-0006 -2.97012050699229989748E+0000  0.00000000000000000000E+0000  0.00000000000000000000E+0000  0.00000000000000000000E+0000  1.93449813498142860149E-0001
 1.46099999999999999998E-0008  0.00000000000000000000E+0000 -3.77640859881633016469E-0001  2.04422821000740676879E-0002 -3.77640859881633016469E-0001  1.04999999999999999996E+0000  1.44170789098577938146E+0000  1.51497026682432885830E+0000  1.38082809739777773021E+0000  0.00000000000000000000E+0000  2.34433159148802059510E+0002  0.00000000000000000000E+0000  2.55785385954641299546E-0039  2.62211851159601032884E-0002  1.82557419445705029080E-0033  0.00000000000000000000E+0000  2.22471088767991237084E+0002  0.00000000000000000000E+0000  0.00000000000000000000E+0000  2.21974014377315684618E+0002  0.00000000000000000000E+0000  0.00000000000000000000E+0000  0.00000000000000000000E+0000  0.00000000000000000000E+0000  0.00000000000000000000E+0000 -8.69621231807824516888E-0006 -2.97036435970723123137E+0000  0.00000000000000000000E+0000  0.00000000000000000000E+0000  0.00000000000000000000E+0000  1.92438069764155403365E-0001
 1.49000000000000000000E-0008  0.00000000000000000000E+0000 -3.75429103655829547720E-0001  2.03318988049863284607E-0002 -3.75429103655829547720E-0001  1.04999999999999999996E+0000  1.44171680322160136462E+0000  1.51497805721973005687E+0000  1.38083352883214629169E+0000  0.00000000000000000000E+0000  2.34433159148802059510E+0002  0.00000000000000000000E+0000  2.55876779689942179977E-0039  2.62296239711629023324E-0002  1.82598355595122054543E-0033  0.00000000000000000000E+0000  2.22511344507566384790E+0002  0.00000000000000000000E+0000  0.00000000000000000000E+0000  2.22003877730775255384E+0002  0.00000000000000000000E+0000  0.00000000000000000000E+0000  0.00000000000000000000E+0000  0.00000000000000000000E+0000  0.00000000000000000000E+0000 -8.70244932904889193616E-0006 -2.97070362833572399006E+0000  0.00000000000000000000E+0000  0.00000000000000000000E+0000  0.00000000000000000000E+0000  1.91367671326820888144E-0001
 1.51999999999999999996E-0008  0.00000000000000000000E+0000 -3.72837462698418042602E-0001  2.02143292503019100616E-0002 -3.72837462698418042602E-0001  1.04999999999999999996E+0000  1.44172592906112152214E+0000  1.51498608735207692300E+0000  1.38083918733838491874E+0000  0.00000000000000000000E+0000  2.34433159148802059510E+0002  0.00000000000000000000E+0000  2.55970398581092573619E-0039  2.62383105388984184765E-0002  1.82641012396513311156E-0033  0.00000000000000000000E+0000  2.22552790554538161810E+0002  0.00000000000000000000E+0000  0.00000000000000000000E+0000  2.22034651600924914261E+0002  0.00000000000000000000E+0000  0.00000000000000000000E+0000  0.00000000000000000000E+0000  0.00000000000000000000E+0000  0.00000000000000000000E+0000 -8.09595360846035691142E-0006 -2.97185340512925643590E+0000  0.00000000000000000000E+0000  0.00000000000000000000E+0000  0.00000000000000000000E+0000  1.90166079504578365165E-0001
 1.55100000000000000003E-0008  0.00000000000000000000E+0000 -3.70301841017132643465E-0001  2.00907306388305893376E-0002 -3.70301841017132643465E-0001  1.04999999999999999996E+0000  1.44173526380550583810E+0000  1.51499435506415610958E+0000  1.38084507444384927246E+0000  0.00000000000000000000E+0000  2.34433159148802059510E+0002  0.00000000000000000000E+0000  2.56066200339799969159E-0039  2.62472422714212197938E-0002  1.82685401440206005306E-0033  0.00000000000000000000E+0000  2.22595410659900631120E+0002  0.00000000000000000000E+0000  0.00000000000000000000E+0000  2.22066335728035658195E+0002  0.00000000000000000000E+0000  0.00000000000000000000E+0000  0.00000000000000000000E+0000  0.00000000000000000000E+0000  0.00000000000000000000E+0000 -8.12395800608407867445E-0006 -2.97216283977197124580E+0000  0.00000000000000000000E+0000  0.00000000000000000000E+0000  0.00000000000000000000E+0000  1.88915512124660591009E-0001
 1.58199999999999999993E-0008  0.00000000000000000000E+0000 -3.67672023884710682666E-0001  1.99747030245456642727E-0002 -3.67672023884710682666E-0001  1.04999999999999999996E+0000  1.44174450518432662805E+0000  1.51500259261047246829E+0000  1.38085100020503863795E+0000  0.00000000000000000000E+0000  2.34433159148802059510E+0002  0.00000000000000000000E+0000  2.56161079958159397673E-0039  2.62561297871297775013E-0002  1.82730092329837451644E-0033  0.00000000000000000000E+0000  2.22637819828970856942E+0002  0.00000000000000000000E+0000  0.00000000000000000000E+0000  2.22097911156147985914E+0002  0.00000000000000000000E+0000  0.00000000000000000000E+0000  0.00000000000000000000E+0000  0.00000000000000000000E+0000  0.00000000000000000000E+0000 -8.11313618920949226228E-0006 -2.97251197145994734260E+0000  0.00000000000000000000E+0000  0.00000000000000000000E+0000  0.00000000000000000000E+0000  1.87611427558643388807E-0001
 1.61299999999999999999E-0008  0.00000000000000000000E+0000 -3.64963523721638423089E-0001  1.98573757556647272124E-0002 -3.64963523721638423089E-0001  1.04999999999999999996E+0000  1.44175365518008397438E+0000  1.51501079997137075251E+0000  1.38085696324997223852E+0000  0.00000000000000000000E+0000  2.34433159148802059510E+0002  0.00000000000000000000E+0000  2.56255057728062822809E-0039  2.62649734971559575741E-0002  1.82775074614060144388E-0033  0.00000000000000000000E+0000  2.22680021735203373834E+0002  0.00000000000000000000E+0000  0.00000000000000000000E+0000  2.22129372915391570684E+0002  0.00000000000000000000E+0000  0.00000000000000000000E+0000  0.00000000000000000000E+0000  0.00000000000000000000E+0000  0.00000000000000000000E+0000 -8.08797513105349988075E-0006 -2.97286866533002872037E+0000  0.00000000000000000000E+0000  0.00000000000000000000E+0000  0.00000000000000000000E+0000  1.86261147950938780012E-0001
 1.64599999999999999993E-0008  0.00000000000000000000E+0000 -3.61866346322403876297E-0001  1.97305533696928290375E-0002 -3.61866346322403876297E-0001  1.04999999999999999996E+0000  1.44176329295309918824E+0000  1.51501950219374169717E+0000  1.38086335215264319665E+0000  0.00000000000000000000E+0000  2.34433159148802059510E+0002  0.00000000000000000000E+0000  2.56354084990239208160E-0039  2.62743378171925527338E-0002  1.82823280601805306780E-0033  0.00000000000000000000E+0000  2.22724715494453824854E+0002  0.00000000000000000000E+0000  0.00000000000000000000E+0000  2.22162721730374670345E+0002  0.00000000000000000000E+0000  0.00000000000000000000E+0000  0.00000000000000000000E+0000  0.00000000000000000000E+0000  0.00000000000000000000E+0000 -7.68270880928289422615E-0006 -2.97373555262971108739E+0000  0.00000000000000000000E+0000  0.00000000000000000000E+0000  0.00000000000000000000E+0000  1.84747026523638018872E-0001
 1.67799999999999999993E-0008  0.00000000000000000000E+0000 -3.59098825570679309387E-0001  1.96136855121333166771E-0002 -3.59098825570679309387E-0001  1.04999999999999999996E+0000  1.44177254727937721669E+0000  1.51502790912254773216E+0000  1.38086958342254648212E+0000  0.00000000000000000000E+0000  2.34433159148802059510E+0002  0.00000000000000000000E+0000  2.56449210446834246796E-0039  2.62833734772785113902E-0002  1.82870308543834100623E-0033  0.00000000000000000000E+0000  2.22767830309408036565E+0002  0.00000000000000000000E+0000  0.00000000000000000000E+0000  2.22194963364473756770E+0002  0.00000000000000000000E+0000  0.00000000000000000000E+0000  0.00000000000000000000E+0000  0.00000000000000000000E+0000  0.00000000000000000000E+0000 -8.13675550633639494580E-0006 -2.97344668552915698746E+0000  0.00000000000000000000E+0000  0.00000000000000000000E+0000  0.00000000000000000000E+0000  1.83300827998665665449E-0001
 1.71199999999999999998E-0008  0.00000000000000000000E+0000 -3.55806568702540603556E-0001  1.94872283049328172663E-0002 -3.55806568702540603556E-0001  1.04999999999999999996E+0000  1.44178227627223424785E+0000  1.51503680484996132416E+0000  1.38087624414665092532E+0000  0.00000000000000000000E+0000  2.34433159148802059510E+0002  0.00000000000000000000E+0000  2.56549254685203992068E-0039  2.62929219503410191128E-0002  1.82920590167362771053E-0033  0.00000000000000000000E+0000  2.22813400741963680091E+0002  0.00000000000000000000E+0000  0.00000000000000000000E+0000  2.22229064908722156485E+0002  0.00000000000000000000E+0000  0.00000000000000000000E+0000  0.00000000000000000000E+0000  0.00000000000000000000E+0000  0.00000000000000000000E+0000 -7.82517838462899297424E-0006 -2.97417550259943256827E+0000  0.00000000000000000000E+0000  0.00000000000000000000E+0000  0.00000000000000000000E+0000  1.81660123307998289425E-0001
 1.74600000000000000002E-0008  0.00000000000000000000E+0000 -3.52808846146068878845E-0001  1.93639845004647590621E-0002 -3.52808846146068878845E-0001  1.04999999999999999996E+0000  1.44179190739283249589E+0000  1.51504566522310651759E+0000  1.38088294172864765256E+0000  0.00000000000000000000E+0000  2.34433159148802059510E+0002  0.00000000000000000000E+0000  2.56648334427488673323E-0039  2.63024210954045508596E-0002  1.82971162693750181505E-0033  0.00000000000000000000E+0000  2.22858725659569648761E+0002  0.00000000000000000000E+0000  0.00000000000000000000E+0000  2.22263052701556434024E+0002  0.00000000000000000000E+0000  0.00000000000000000000E+0000  0.00000000000000000000E+0000  0.00000000000000000000E+0000  0.00000000000000000000E+0000 -8.50450309178304416411E-0006 -2.97358536395555746157E+0000  0.00000000000000000000E+0000  0.00000000000000000000E+0000  0.00000000000000000000E+0000  1.80059006610510264796E-0001
 1.78100000000000000000E-0008  0.00000000000000000000E+0000 -3.49240427173721346940E-0001  1.92422637303223525798E-0002 -3.49240427173721346940E-0001  1.04999999999999999996E+0000  1.44180171603390360467E+0000  1.51505474717183408987E+0000  1.38088987515660908717E+0000  0.00000000000000000000E+0000  2.34433159148802059510E+0002  0.00000000000000000000E+0000  2.56749277870115992667E-0039  2.63121451266303503296E-0002  1.83023530941568151795E-0033  0.00000000000000000000E+0000  2.22905122908458091929E+0002  0.00000000000000000000E+0000  0.00000000000000000000E+0000  2.22297892037193775577E+0002  0.00000000000000000000E+0000  0.00000000000000000000E+0000  0.00000000000000000000E+0000  0.00000000000000000000E+0000  0.00000000000000000000E+0000 -8.03900493606284009035E-0006 -2.97450277227229221326E+0000  0.00000000000000000000E+0000  0.00000000000000000000E+0000  0.00000000000000000000E+0000  1.78277448104395220058E-0001
 1.81699999999999999993E-0008  0.00000000000000000000E+0000 -3.45702260677649689225E-0001  1.91112351727839435796E-0002 -3.45702260677649689225E-0001  1.04999999999999999996E+0000  1.44181169756984763324E+0000  1.51506404808283795256E+0000  1.38089704501651922551E+0000  0.00000000000000000000E+0000  2.34433159148802059510E+0002  0.00000000000000000000E+0000  2.56852044805333835651E-0039  2.63220912511297383584E-0002  1.83077699421128100430E-0033  0.00000000000000000000E+0000  2.22952573844239955753E+0002  0.00000000000000000000E+0000  0.00000000000000000000E+0000  2.22333582732803457072E+0002  0.00000000000000000000E+0000  0.00000000000000000000E+0000  0.00000000000000000000E+0000  0.00000000000000000000E+0000  0.00000000000000000000E+0000 -8.08501161992540507447E-0006 -2.97474198190439335292E+0000  0.00000000000000000000E+0000  0.00000000000000000000E+0000  0.00000000000000000000E+0000  1.76453333931843035049E-0001
 1.85300000000000000001E-0008  0.00000000000000000000E+0000 -3.42091836305365759585E-0001  1.89870823084063527360E-0002 -3.42091836305365759585E-0001  1.04999999999999999996E+0000  1.44182157387454820132E+0000  1.51507330839212784744E+0000  1.38090425131095035608E+0000  0.00000000000000000000E+0000  2.34433159148802059510E+0002  0.00000000000000000000E+0000  2.56953769116292235892E-0039  2.63319818823868413110E-0002  1.83132158858318291183E-0033  0.00000000000000000000E+0000  2.22999749079362803050E+0002  0.00000000000000000000E+0000  0.00000000000000000000E+0000  2.22369137088878868244E+0002  0.00000000000000000000E+0000  0.00000000000000000000E+0000  0.00000000000000000000E+0000  0.00000000000000000000E+0000  0.00000000000000000000E+0000 -8.07390355359551446655E-0006 -2.97504500247079077231E+0000  0.00000000000000000000E+0000  0.00000000000000000000E+0000  0.00000000000000000000E+0000  1.74589925341363043509E-0001
 1.89000000000000000003E-0008  0.00000000000000000000E+0000 -3.38391211855875756790E-0001  1.88570268608081496048E-0002 -3.38391211855875756790E-0001  1.04999999999999999996E+0000  1.44183161644559329376E+0000  1.51508278332456457367E+0000  1.38091169395544343019E+0000  0.00000000000000000000E+0000  2.34433159148802059510E+0002  0.00000000000000000000E+0000  2.57057250064502272878E-0039  2.63420896096370374798E-0002  1.83188420376481124849E-0033  0.00000000000000000000E+0000  2.23047954681560764489E+0002  0.00000000000000000000E+0000  0.00000000000000000000E+0000  2.22405522399737720571E+0002  0.00000000000000000000E+0000  0.00000000000000000000E+0000  0.00000000000000000000E+0000  0.00000000000000000000E+0000  0.00000000000000000000E+0000 -8.21374982738097080575E-0006 -2.97514523102211997504E+0000  0.00000000000000000000E+0000  0.00000000000000000000E+0000  0.00000000000000000000E+0000  1.72658179297041797874E-0001
 1.92800000000000000000E-0008  0.00000000000000000000E+0000 -3.34281245322001609155E-0001  1.87293289301317357699E-0002 -3.34281245322001609155E-0001  1.04999999999999999996E+0000  1.44184181629358482428E+0000  1.51509246834460428982E+0000  1.38091937458406097995E+0000  0.00000000000000000000E+0000  2.34433159148802059510E+0002  0.00000000000000000000E+0000  2.57162392808842558582E-0039  2.63524084710103361385E-0002  1.83246498992525072863E-0033  0.00000000000000000000E+0000  2.23097156735430672089E+0002  0.00000000000000000000E+0000  0.00000000000000000000E+0000  2.22442730266095565997E+0002  0.00000000000000000000E+0000  0.00000000000000000000E+0000  0.00000000000000000000E+0000  0.00000000000000000000E+0000  0.00000000000000000000E+0000 -7.63700466824731984116E-0006 -2.97618524806760148408E+0000  0.00000000000000000000E+0000  0.00000000000000000000E+0000  0.00000000000000000000E+0000  1.70581315155661619758E-0001
 1.96700000000000000006E-0008  0.00000000000000000000E+0000 -3.30244579969893209978E-0001  1.85939268406502111725E-0002 -3.30244579969893209978E-0001  1.04999999999999999996E+0000  1.44185216940080509508E+0000  1.51510236078138622634E+0000  1.38092729296214762776E+0000  0.00000000000000000000E+0000  2.34433159148802059510E+0002  0.00000000000000000000E+0000  2.57269162857670039339E-0039  2.63629357766511402210E-0002  1.83306393462554417067E-0033  0.00000000000000000000E+0000  2.23147340194565147714E+0002  0.00000000000000000000E+0000  0.00000000000000000000E+0000  2.22480753646146735505E+0002  0.00000000000000000000E+0000  0.00000000000000000000E+0000  0.00000000000000000000E+0000  0.00000000000000000000E+0000  0.00000000000000000000E+0000 -7.65042281405090932932E-0006 -2.97644305714958107593E+0000  0.00000000000000000000E+0000  0.00000000000000000000E+0000  0.00000000000000000000E+0000  1.68477417765895831552E-0001
 2.00599999999999999996E-0008  0.00000000000000000000E+0000 -3.26162767453096559328E-0001  1.84658462288311939925E-0002 -3.26162767453096559328E-0001  1.04999999999999999996E+0000  1.44186240975928790103E+0000  1.51511220574614915491E+0000  1.38093524469674409309E+0000  0.00000000000000000000E+0000  2.34433159148802059510E+0002  0.00000000000000000000E+0000  2.57374814000065611129E-0039  2.63734003319868559122E-0002  1.83366559539135236365E-0033  0.00000000000000000000E+0000  2.23197206706056560169E+0002  0.00000000000000000000E+0000  0.00000000000000000000E+0000  2.22518621744326627193E+0002  0.00000000000000000000E+0000  0.00000000000000000000E+0000  0.00000000000000000000E+0000  0.00000000000000000000E+0000  0.00000000000000000000E+0000 -7.63049009879206786382E-0006 -2.97673337720839284210E+0000  0.00000000000000000000E+0000  0.00000000000000000000E+0000  0.00000000000000000000E+0000  1.66345938196657871486E-0001
 2.04599999999999999996E-0008  0.00000000000000000000E+0000 -3.22001296526581165801E-0001  1.83330122786623487481E-0002 -3.22001296526581165801E-0001  1.04999999999999999996E+0000  1.44187279731029171690E+0000  1.51512225352942919764E+0000  1.38094343283366696707E+0000  0.00000000000000000000E+0000  2.34433159148802059510E+0002  0.00000000000000000000E+0000  2.57482030470514960928E-0039  2.63840682360027477234E-0002  1.83428534149880970772E-0033  0.00000000000000000000E+0000  2.23248030745008311404E+0002  0.00000000000000000000E+0000  0.00000000000000000000E+0000  2.22557283786109666807E+0002  0.00000000000000000000E+0000  0.00000000000000000000E+0000  0.00000000000000000000E+0000  0.00000000000000000000E+0000  0.00000000000000000000E+0000 -7.74992172183380995610E-0006 -2.97683544602262160320E+0000  0.00000000000000000000E+0000  0.00000000000000000000E+0000  0.00000000000000000000E+0000  1.64153459816451250094E-0001
 2.08700000000000000007E-0008  0.00000000000000000000E+0000 -3.17721321370846876468E-0001  1.82012233049515967807E-0002 -3.17721321370846876468E-0001  1.04999999999999999996E+0000  1.44188332615144390136E+0000  1.51513250050482607191E+0000  1.38095185730254253688E+0000  0.00000000000000000000E+0000  2.34433159148802059510E+0002  0.00000000000000000000E+0000  2.57590752012545792211E-0039  2.63949352051436888453E-0002  1.83492318898772411573E-0033  0.00000000000000000000E+0000  2.23299785541088073149E+0002  0.00000000000000000000E+0000  0.00000000000000000000E+0000  2.22596736166691028261E+0002  0.00000000000000000000E+0000  0.00000000000000000000E+0000  0.00000000000000000000E+0000  0.00000000000000000000E+0000  0.00000000000000000000E+0000 -7.89972346469579968371E-0006 -2.97689265608563398760E+0000  0.00000000000000000000E+0000  0.00000000000000000000E+0000  0.00000000000000000000E+0000  1.61890359004761297905E-0001
 2.12899999999999999995E-0008  0.00000000000000000000E+0000 -3.13055688755704413038E-0001  1.80695729356957686400E-0002 -3.13055688755704413038E-0001  1.04999999999999999996E+0000  1.44189398764990257058E+0000  1.51514294170615492830E+0000  1.38096051852919863027E+0000  0.00000000000000000000E+0000  2.34433159148802059510E+0002  0.00000000000000000000E+0000  2.57700888257982550619E-0039  2.64059950610128430905E-0002  1.83557919438291976364E-0033  0.00000000000000000000E+0000  2.23352439216128818247E+0002  0.00000000000000000000E+0000  0.00000000000000000000E+0000  2.22636962242773971746E+0002  0.00000000000000000000E+0000  0.00000000000000000000E+0000  0.00000000000000000000E+0000  0.00000000000000000000E+0000  0.00000000000000000000E+0000 -7.33123353554068619033E-0006 -2.97788923755145070534E+0000  0.00000000000000000000E+0000  0.00000000000000000000E+0000  0.00000000000000000000E+0000  1.59491778387089795638E-0001
 2.17100000000000000000E-0008  0.00000000000000000000E+0000 -3.08792482355739310751E-0001  1.79343923124094571254E-0002 -3.08792482355739310751E-0001  1.04999999999999999996E+0000  1.44190453205722943350E+0000  1.51515332924264431013E+0000  1.38096920736501904269E+0000  0.00000000000000000000E+0000  2.34433159148802059510E+0002  0.00000000000000000000E+0000  2.57809865786381741505E-0039  2.64169865320399960636E-0002  1.83623751605930635176E-0033  0.00000000000000000000E+0000  2.23404741976304111309E+0002  0.00000000000000000000E+0000  0.00000000000000000000E+0000  2.22677017702617888836E+0002  0.00000000000000000000E+0000  0.00000000000000000000E+0000  0.00000000000000000000E+0000  0.00000000000000000000E+0000  0.00000000000000000000E+0000 -7.91282162061408411505E-0006 -2.97736249975573211059E+0000  0.00000000000000000000E+0000  0.00000000000000000000E+0000  0.00000000000000000000E+0000  1.57188063369917058879E-0001
 2.21500000000000000008E-0008  0.00000000000000000000E+0000 -3.03973319795327838542E-0001  1.78005919961721819390E-0002 -3.03973319795327838542E-0001  1.04999999999999999996E+0000  1.44191544934758410961E+0000  1.51516415097100427952E+0000  1.38097833833305445395E+0000  0.00000000000000000000E+0000  2.34433159148802059510E+0002  0.00000000000000000000E+0000  2.57922744180025970022E-0039  2.64284242886708037413E-0002  1.83692959171266919640E-0033  0.00000000000000000000E+0000  2.23459153378224789244E+0002  0.00000000000000000000E+0000  0.00000000000000000000E+0000  2.22718761042574911829E+0002  0.00000000000000000000E+0000  0.00000000000000000000E+0000  0.00000000000000000000E+0000  0.00000000000000000000E+0000  0.00000000000000000000E+0000 -7.55028549317375876024E-0006 -2.97807667219277759254E+0000  0.00000000000000000000E+0000  0.00000000000000000000E+0000  0.00000000000000000000E+0000  1.54676410322708100304E-0001
 2.25900000000000000000E-0008  0.00000000000000000000E+0000 -2.99245252331661068718E-0001  1.76671235855793885600E-0002 -2.99245252331661068718E-0001  1.04999999999999999996E+0000  1.44192624132483658745E+0000  1.51517491281767832602E+0000  1.38098749466890917967E+0000  0.00000000000000000000E+0000  2.34433159148802059510E+0002  0.00000000000000000000E+0000  2.58034375778441315382E-0039  2.64397864952575815862E-0002  1.83762385002598975417E-0033  0.00000000000000000000E+0000  2.23513170826753314810E+0002  0.00000000000000000000E+0000  0.00000000000000000000E+0000  2.22760322680765519038E+0002  0.00000000000000000000E+0000  0.00000000000000000000E+0000  0.00000000000000000000E+0000  0.00000000000000000000E+0000  0.00000000000000000000E+0000 -7.46138180476720520200E-0006 -2.97842031566682170730E+0000  0.00000000000000000000E+0000  0.00000000000000000000E+0000  0.00000000000000000000E+0000  1.52184762625289717814E-0001
 2.30400000000000000003E-0008  0.00000000000000000000E+0000 -2.94481369662830341029E-0001  1.75306720472072614464E-0002 -2.94481369662830341029E-0001  1.04999999999999999996E+0000  1.44193715120117524331E+0000  1.51518585712729896692E+0000  1.38099688264487925366E+0000  0.00000000000000000000E+0000  2.34433159148802059510E+0002  0.00000000000000000000E+0000  2.58147278010993109586E-0039  2.64513292024665560421E-0002  1.83833594032107431552E-0033  0.00000000000000000000E+0000  2.23568023475139448508E+0002  0.00000000000000000000E+0000  0.00000000000000000000E+0000  2.22802615074914826879E+0002  0.00000000000000000000E+0000  0.00000000000000000000E+0000  0.00000000000000000000E+0000  0.00000000000000000000E+0000  0.00000000000000000000E+0000 -7.54795271992284238454E-0006 -2.97852754668530694620E+0000  0.00000000000000000000E+0000  0.00000000000000000000E+0000  0.00000000000000000000E+0000  1.49652252424209823017E-0001
 2.34999999999999999999E-0008  0.00000000000000000000E+0000 -2.89632080937053235060E-0001  1.73957425118744244250E-0002 -2.89632080937053235060E-0001  1.04999999999999999996E+0000  1.44194817357424552974E+0000  1.51519697995960321959E+0000  1.38100650091417967425E+0000  0.00000000000000000000E+0000  2.34433159148802059510E+0002  0.00000000000000000000E+0000  2.58261395278045624476E-0039  2.64630479837068603176E-0002  1.83906578375994065411E-0033  0.00000000000000000000E+0000  2.23623682848174614307E+0002  0.00000000000000000000E+0000  0.00000000000000000000E+0000  2.22845634618566432267E+0002  0.00000000000000000000E+0000  0.00000000000000000000E+0000  0.00000000000000000000E+0000  0.00000000000000000000E+0000  0.00000000000000000000E+0000 -7.66863593157610374211E-0006 -2.97858417954888987601E+0000  0.00000000000000000000E+0000  0.00000000000000000000E+0000  0.00000000000000000000E+0000  1.47066986184967619843E-0001
 2.39700000000000000005E-0008  0.00000000000000000000E+0000 -2.84448149663195398132E-0001  1.72612508952045598770E-0002 -2.84448149663195398132E-0001  1.04999999999999999996E+0000  1.44195930039606523977E+0000  1.51520827591452612090E+0000  1.38101634832445698193E+0000  0.00000000000000000000E+0000  2.34433159148802059510E+0002  0.00000000000000000000E+0000  2.58376642741984337845E-0039  2.64749364315171915625E-0002  1.83981331755487618256E-0033  0.00000000000000000000E+0000  2.23680115362286772357E+0002  0.00000000000000000000E+0000  0.00000000000000000000E+0000  2.22889363531175749761E+0002  0.00000000000000000000E+0000  0.00000000000000000000E+0000  0.00000000000000000000E+0000  0.00000000000000000000E+0000  0.00000000000000000000E+0000 -7.09450385279982813156E-0006 -2.97954705701687310566E+0000  0.00000000000000000000E+0000  0.00000000000000000000E+0000  0.00000000000000000000E+0000  1.44366624788163675283E-0001
 2.44500000000000000006E-0008  0.00000000000000000000E+0000 -2.79380392019832276575E-0001  1.71211584439181397972E-0002 -2.79380392019832276575E-0001  1.04999999999999999996E+0000  1.44197052849883721327E+0000  1.51521974194336591128E+0000  1.38102642268737756462E+0000  0.00000000000000000000E+0000  2.34433159148802059510E+0002  0.00000000000000000000E+0000  2.58492993928991519915E-0039  2.64869918010293209080E-0002  1.84057839164244180999E-0033  0.00000000000000000000E+0000  2.23737305207220427375E+0002  0.00000000000000000000E+0000  0.00000000000000000000E+0000  2.22933793935893131005E+0002  0.00000000000000000000E+0000  0.00000000000000000000E+0000  0.00000000000000000000E+0000  0.00000000000000000000E+0000  0.00000000000000000000E+0000 -7.09027243161682573711E-0006 -2.97975538737007586724E+0000  0.00000000000000000000E+0000  0.00000000000000000000E+0000  0.00000000000000000000E+0000  1.41672518635086566976E-0001
 2.49400000000000000000E-0008  0.00000000000000000000E+0000 -2.74269183142479305615E-0001  1.69838844254298305380E-0002 -2.74269183142479305615E-0001  1.04999999999999999996E+0000  1.44198185298413927272E+0000  1.51523137405209756324E+0000  1.38103672190608804291E+0000  0.00000000000000000000E+0000  2.34433159148802059510E+0002  0.00000000000000000000E+0000  2.58610397612984338849E-0039  2.64992097047552140731E-0002  1.84136087149197748270E-0033  0.00000000000000000000E+0000  2.23795228522075946728E+0002  0.00000000000000000000E+0000  0.00000000000000000000E+0000  2.22978913402357402360E+0002  0.00000000000000000000E+0000  0.00000000000000000000E+0000  0.00000000000000000000E+0000  0.00000000000000000000E+0000  0.00000000000000000000E+0000 -7.17963631044429441565E-0006 -2.97983467186633285782E+0000  0.00000000000000000000E+0000  0.00000000000000000000E+0000  0.00000000000000000000E+0000  1.38941569392852399222E-0001
 2.54400000000000000005E-0008  0.00000000000000000000E+0000 -2.69092076888112755165E-0001  1.68466908882797735964E-0002 -2.69092076888112755165E-0001  1.04999999999999999996E+0000  1.44199326874295186737E+0000  1.51524316804333817525E+0000  1.38104724372008744822E+0000  0.00000000000000000000E+0000  2.34433159148802059510E+0002  0.00000000000000000000E+0000  2.58728801778870264543E-0039  2.65115856273009689017E-0002  1.84216060860069149884E-0033  0.00000000000000000000E+0000  2.23853860778309455767E+0002  0.00000000000000000000E+0000  0.00000000000000000000E+0000  2.23024709056709717667E+0002  0.00000000000000000000E+0000  0.00000000000000000000E+0000  0.00000000000000000000E+0000  0.00000000000000000000E+0000  0.00000000000000000000E+0000 -7.28286993000079796495E-0006 -2.97988958779745534552E+0000  0.00000000000000000000E+0000  0.00000000000000000000E+0000  0.00000000000000000000E+0000  1.36171340314148948616E-0001
 2.59500000000000000003E-0008  0.00000000000000000000E+0000 -2.63851093132317171899E-0001  1.67091894194314518694E-0002 -2.63851093132317171899E-0001  1.04999999999999999996E+0000  1.44200477070787665016E+0000  1.51525511964491350588E+0000  1.38105798565878511814E+0000  0.00000000000000000000E+0000  2.34433159148802059510E+0002  0.00000000000000000000E+0000  2.58848155004935700426E-0039  2.65241150163202991937E-0002  1.84297743826300867816E-0033  0.00000000000000000000E+0000  2.23913177220963355449E+0002  0.00000000000000000000E+0000  0.00000000000000000000E+0000  2.23071167829020922849E+0002  0.00000000000000000000E+0000  0.00000000000000000000E+0000  0.00000000000000000000E+0000  0.00000000000000000000E+0000  0.00000000000000000000E+0000 -7.38661406137313251442E-0006 -2.97993765069726469969E+0000  0.00000000000000000000E+0000  0.00000000000000000000E+0000  0.00000000000000000000E+0000  1.33364640380682922328E-0001
 2.64699999999999999995E-0008  0.00000000000000000000E+0000 -2.58552404048355490397E-0001  1.65713709662519061855E-0002 -2.58552404048355490397E-0001  1.04999999999999999996E+0000  1.44201635389518789329E+0000  1.51526722453415238544E+0000  1.38106894503414020028E+0000  0.00000000000000000000E+0000  2.34433159148802059510E+0002  0.00000000000000000000E+0000  2.58968406698037034298E-0039  2.65367933002749477163E-0002  1.84381117927595754979E-0033  0.00000000000000000000E+0000  2.23973152959463765177E+0002  0.00000000000000000000E+0000  0.00000000000000000000E+0000  2.23118276500033525689E+0002  0.00000000000000000000E+0000  0.00000000000000000000E+0000  0.00000000000000000000E+0000  0.00000000000000000000E+0000  0.00000000000000000000E+0000 -7.48861511739221084640E-0006 -2.97998180424739854129E+0000  0.00000000000000000000E+0000  0.00000000000000000000E+0000  0.00000000000000000000E+0000  1.30525204663389963409E-0001
 2.69999999999999999998E-0008  0.00000000000000000000E+0000 -2.52978373927974352830E-0001  1.64339288061629879033E-0002 -2.52978373927974352830E-0001  1.04999999999999999996E+0000  1.44202801083229798103E+0000  1.51527947684834562450E+0000  1.38108011901417304494E+0000  0.00000000000000000000E+0000  2.34433159148802059510E+0002  0.00000000000000000000E+0000  2.59089477509475999840E-0039  2.65496138186148477803E-0002  1.84466164006442464420E-0033  0.00000000000000000000E+0000  2.24033752705395542162E+0002  0.00000000000000000000E+0000  0.00000000000000000000E+0000  2.23166015928323955675E+0002  0.00000000000000000000E+0000  0.00000000000000000000E+0000  0.00000000000000000000E+0000  0.00000000000000000000E+0000  0.00000000000000000000E+0000 -6.90758255038174139272E-0006 -2.98091516692360007255E+0000  0.00000000000000000000E+0000  0.00000000000000000000E+0000  0.00000000000000000000E+0000  1.27596958204169120128E-0001
 2.75399999999999999994E-0008  0.00000000000000000000E+0000 -2.47550726185311960293E-0001  1.62921271019569699319E-0002 -2.47550726185311960293E-0001  1.04999999999999999996E+0000  1.44203973892471345097E+0000  1.51529187340337205764E+0000  1.38109150433155834759E+0000  0.00000000000000000000E+0000  2.34433159148802059510E+0002  0.00000000000000000000E+0000  2.59211346513781576974E-0039  2.65625738795621653801E-0002  1.84552859372556383206E-0033  0.00000000000000000000E+0000  2.24094960794231234047E+0002  0.00000000000000000000E+0000  0.00000000000000000000E+0000  2.23214377893055974475E+0002  0.00000000000000000000E+0000  0.00000000000000000000E+0000  0.00000000000000000000E+0000  0.00000000000000000000E+0000  0.00000000000000000000E+0000 -6.89274864665703628408E-0006 -2.98109980303531685113E+0000  0.00000000000000000000E+0000  0.00000000000000000000E+0000  0.00000000000000000000E+0000  1.24696671662167114405E-0001
 2.80900000000000000001E-0008  0.00000000000000000000E+0000 -2.42117166858181391651E-0001  1.61531453141280719457E-0002 -2.42117166858181391651E-0001  1.04999999999999999996E+0000  1.44205153381146644804E+0000  1.51530440994441781570E+0000  1.38110309762445206171E+0000  0.00000000000000000000E+0000  2.34433159148802059510E+0002  0.00000000000000000000E+0000  2.59333967499692543307E-0039  2.65756689915074354208E-0002  1.84641180873867440378E-0033  0.00000000000000000000E+0000  2.24156752633809809624E+0002  0.00000000000000000000E+0000  0.00000000000000000000E+0000  2.23263349098161502940E+0002  0.00000000000000000000E+0000  0.00000000000000000000E+0000  0.00000000000000000000E+0000  0.00000000000000000000E+0000  0.00000000000000000000E+0000 -6.96240310650999795768E-0006 -2.98116748751004121938E+0000  0.00000000000000000000E+0000  0.00000000000000000000E+0000  0.00000000000000000000E+0000  1.21782253109608543885E-0001
 2.86500000000000000001E-0008  0.00000000000000000000E+0000 -2.36659224775745526581E-0001  1.60144890874526687070E-0002 -2.36659224775745526581E-0001  1.04999999999999999996E+0000  1.44206339094878578471E+0000  1.51531708202336760178E+0000  1.38111489535957550497E+0000  0.00000000000000000000E+0000  2.34433159148802059510E+0002  0.00000000000000000000E+0000  2.59457293818358717416E-0039  2.65888945602955073092E-0002  1.84731103997487744652E-0033  0.00000000000000000000E+0000  2.24219103117693701818E+0002  0.00000000000000000000E+0000  0.00000000000000000000E+0000  2.23312915857754559823E+0002  0.00000000000000000000E+0000  0.00000000000000000000E+0000  0.00000000000000000000E+0000  0.00000000000000000000E+0000  0.00000000000000000000E+0000 -7.04319249015319493105E-0006 -2.98121449770216593862E+0000  0.00000000000000000000E+0000  0.00000000000000000000E+0000  0.00000000000000000000E+0000  1.18852229027733821260E-0001
 2.92300000000000000006E-0008  0.00000000000000000000E+0000 -2.30915516458327821467E-0001  1.58731573242693030487E-0002 -2.30915516458327821467E-0001  1.04999999999999999996E+0000  1.44207551010787398652E+0000  1.51533010676661872990E+0000  1.38112710396262255378E+0000  0.00000000000000000000E+0000  2.34433159148802059510E+0002  0.00000000000000000000E+0000  2.59583403765825689275E-0039  2.66024764807578874578E-0002  1.84824205653583856870E-0033  0.00000000000000000000E+0000  2.24283077053918948995E+0002  0.00000000000000000000E+0000  0.00000000000000000000E+0000  2.23363923439276969837E+0002  0.00000000000000000000E+0000  0.00000000000000000000E+0000  0.00000000000000000000E+0000  0.00000000000000000000E+0000  0.00000000000000000000E+0000 -6.57742004333323069848E-0006 -2.98197382261503550005E+0000  0.00000000000000000000E+0000  0.00000000000000000000E+0000  0.00000000000000000000E+0000  1.15813244666803831081E-0001
 2.98100000000000000010E-0008  0.00000000000000000000E+0000 -2.25565933598706556837E-0001  1.57328365120751689829E-0002 -2.25565933598706556837E-0001  1.04999999999999999996E+0000  1.44208747545787321887E+0000  1.51534303450386969258E+0000  1.38113929891382133692E+0000  0.00000000000000000000E+0000  2.34433159148802059510E+0002  0.00000000000000000000E+0000  2.59707975914368592498E-0039  2.66159470622868981623E-0002  1.84917251061557477755E-0033  0.00000000000000000000E+0000  2.24346452361592802419E+0002  0.00000000000000000000E+0000  0.00000000000000000000E+0000  2.23414644548408324362E+0002  0.00000000000000000000E+0000  0.00000000000000000000E+0000  0.00000000000000000000E+0000  0.00000000000000000000E+0000  0.00000000000000000000E+0000 -7.12209915493346060527E-0006 -2.98140113183315115194E+0000  0.00000000000000000000E+0000  0.00000000000000000000E+0000  0.00000000000000000000E+0000  1.12902945381269601932E-0001
 3.04100000000000000003E-0008  0.00000000000000000000E+0000 -2.19828892401048313262E-0001  1.55930581781698894627E-0002 -2.19828892401048313262E-0001  1.04999999999999999996E+0000  1.44209968898089894995E+0000  1.51535630240256855212E+0000  1.38115189592962939993E+0000  0.00000000000000000000E+0000  2.34433159148802059510E+0002  0.00000000000000000000E+0000  2.59835189841344782222E-0039  2.66297608167538000215E-0002  1.85013414158571266005E-0033  0.00000000000000000000E+0000  2.24411385962173370506E+0002  0.00000000000000000000E+0000  0.00000000000000000000E+0000  2.23466756543923203412E+0002  0.00000000000000000000E+0000  0.00000000000000000000E+0000  0.00000000000000000000E+0000  0.00000000000000000000E+0000  0.00000000000000000000E+0000 -6.70616204674968574086E-0006 -2.98208277734645970172E+0000  0.00000000000000000000E+0000  0.00000000000000000000E+0000  0.00000000000000000000E+0000  1.09858528861268886047E-0001
 3.10200000000000000005E-0008  0.00000000000000000000E+0000 -2.14218849566311454220E-0001  1.54505872858190308268E-0002 -2.14218849566311454220E-0001  1.04999999999999999996E+0000  1.44211194183821146751E+0000  1.51536968393390824260E+0000  1.38116468043344430938E+0000  0.00000000000000000000E+0000  2.34433159148802059510E+0002  0.00000000000000000000E+0000  2.59962876491289670622E-0039  2.66436824380712491404E-0002  1.85111060790032569312E-0033  0.00000000000000000000E+0000  2.24476749415837971535E+0002  0.00000000000000000000E+0000  0.00000000000000000000E+0000  2.23519407208570029227E+0002  0.00000000000000000000E+0000  0.00000000000000000000E+0000  0.00000000000000000000E+0000  0.00000000000000000000E+0000  0.00000000000000000000E+0000 -6.70744403718566388691E-0006 -2.98221207318991697751E+0000  0.00000000000000000000E+0000  0.00000000000000000000E+0000  0.00000000000000000000E+0000  1.06851100456060903957E-0001
 3.16399999999999999985E-0008  0.00000000000000000000E+0000 -2.08637153329994939289E-0001  1.53094711796920289348E-0002 -2.08637153329994939289E-0001  1.04999999999999999996E+0000  1.44212423018258513398E+0000  1.51538317458582930315E+0000  1.38117764784249078555E+0000  0.00000000000000000000E+0000  2.34433159148802059510E+0002  0.00000000000000000000E+0000  2.60090995366595186392E-0039  2.66577073860413120312E-0002  1.85210158248990582557E-0033  0.00000000000000000000E+0000  2.24542523941559061029E+0002  0.00000000000000000000E+0000  0.00000000000000000000E+0000  2.23572571653903361288E+0002  0.00000000000000000000E+0000  0.00000000000000000000E+0000  0.00000000000000000000E+0000  0.00000000000000000000E+0000  0.00000000000000000000E+0000 -6.76213867193007473383E-0006 -2.98226560170556896992E+0000  0.00000000000000000000E+0000  0.00000000000000000000E+0000  0.00000000000000000000E+0000  1.03852778316500291432E-0001
 3.22700000000000000008E-0008  0.00000000000000000000E+0000 -2.03074109801786446524E-0001  1.51687390341033142987E-0002 -2.03074109801786446524E-0001  1.04999999999999999996E+0000  1.44213655007181541269E+0000  1.51539676971359926056E+0000  1.38119079341414561796E+0000  0.00000000000000000000E+0000  2.34433159148802059510E+0002  0.00000000000000000000E+0000  2.60219505632205781909E-0039  2.66718310365616514399E-0002  1.85310672632119021794E-0033  0.00000000000000000000E+0000  2.24608684281884076056E+0002  0.00000000000000000000E+0000  0.00000000000000000000E+0000  2.23626235403245348210E+0002  0.00000000000000000000E+0000  0.00000000000000000000E+0000  0.00000000000000000000E+0000  0.00000000000000000000E+0000  0.00000000000000000000E+0000 -6.82257749965354599480E-0006 -2.98230595830404422893E+0000  0.00000000000000000000E+0000  0.00000000000000000000E+0000  0.00000000000000000000E+0000  1.00863627894328286122E-0001
 3.29100000000000000009E-0008  0.00000000000000000000E+0000 -1.97533860960064011861E-0001  1.50281715579311105499E-0002 -1.97533860960064011861E-0001  1.04999999999999999996E+0000  1.44214889763059754036E+0000  1.51541046464650981868E+0000  1.38120411226490512043E+0000  0.00000000000000000000E+0000  2.34433159148802059510E+0002  0.00000000000000000000E+0000  2.60348367235643476072E-0039  2.66860487674271143840E-0002  1.85412568911433902921E-0033  0.00000000000000000000E+0000  2.24675205221728515576E+0002  0.00000000000000000000E+0000  0.00000000000000000000E+0000  2.23680383876327574341E+0002  0.00000000000000000000E+0000  0.00000000000000000000E+0000  0.00000000000000000000E+0000  0.00000000000000000000E+0000  0.00000000000000000000E+0000 -6.88215256562836386522E-0006 -2.98234195500079272111E+0000  0.00000000000000000000E+0000  0.00000000000000000000E+0000  0.00000000000000000000E+0000  9.78868158480494325704E-0002
 3.35699999999999999997E-0008  0.00000000000000000000E+0000 -1.91790783095283879893E-0001  1.48851532952236289334E-0002 -1.91790783095283879893E-0001  1.04999999999999999996E+0000  1.44216145474168100490E+0000  1.51542446354568986387E+0000  1.38121780571942598327E+0000  0.00000000000000000000E+0000  2.34433159148802059510E+0002  0.00000000000000000000E+0000  2.60479478203115664367E-0039  2.67005720881365511523E-0002  1.85517390664075179558E-0033  0.00000000000000000000E+0000  2.24743076094249916927E+0002  0.00000000000000000000E+0000  0.00000000000000000000E+0000  2.23735820012761920689E+0002  0.00000000000000000000E+0000  0.00000000000000000000E+0000  0.00000000000000000000E+0000  0.00000000000000000000E+0000  0.00000000000000000000E+0000 -6.39712881562965060932E-0006 -2.98308669012497733363E+0000  0.00000000000000000000E+0000  0.00000000000000000000E+0000  0.00000000000000000000E+0000  9.48411388027970355348E-0002
 3.42399999999999999996E-0008  0.00000000000000000000E+0000 -1.86216823260234841465E-0001  1.47411770950548080904E-0002 -1.86216823260234841465E-0001  1.04999999999999999996E+0000  1.44217402668392817361E+0000  1.51543854895198124412E+0000  1.38123166069206817781E+0000  0.00000000000000000000E+0000  2.34433159148802059510E+0002  0.00000000000000000000E+0000  2.60610810430261077879E-0039  2.67151760446797092788E-0002  1.85623510833998807178E-0033  0.00000000000000000000E+0000  2.24811228376594830908E+0002  0.00000000000000000000E+0000  0.00000000000000000000E+0000  2.23791710765924909188E+0002  0.00000000000000000000E+0000  0.00000000000000000000E+0000  0.00000000000000000000E+0000  0.00000000000000000000E+0000  0.00000000000000000000E+0000 -6.38077593510485534185E-0006 -2.98321274414861955290E+0000  0.00000000000000000000E+0000  0.00000000000000000000E+0000  0.00000000000000000000E+0000  9.18535727275142756184E-0002
 3.49300000000000000014E-0008  0.00000000000000000000E+0000 -1.80648071649511387601E-0001  1.45963891188965660496E-0002 -1.80648071649511387601E-0001  1.04999999999999999996E+0000  1.44218679295832583954E+0000  1.51545292300013056366E+0000  1.38124587713810611882E+0000  0.00000000000000000000E+0000  2.34433159148802059510E+0002  0.00000000000000000000E+0000  2.60744240206536469100E-0039  2.67300702195447236456E-0002  1.85732464534344708494E-0033  0.00000000000000000000E+0000  2.24880647370572645846E+0002  0.00000000000000000000E+0000  0.00000000000000000000E+0000  2.23848841636842779274E+0002  0.00000000000000000000E+0000  0.00000000000000000000E+0000  0.00000000000000000000E+0000  0.00000000000000000000E+0000  0.00000000000000000000E+0000 -6.49831577679046980188E-0006 -2.98315978716264004040E+0000  0.00000000000000000000E+0000  0.00000000000000000000E+0000  0.00000000000000000000E+0000  8.88579265953060992977E-0002
 3.56300000000000000011E-0008  0.00000000000000000000E+0000 -1.75114296942416876175E-0001  1.44530221024730083888E-0002 -1.75114296942416876175E-0001  1.04999999999999999996E+0000  1.44219956228291918299E+0000  1.51546737049592099929E+0000  1.38126024247568676500E+0000  0.00000000000000000000E+0000  2.34433159148802059510E+0002  0.00000000000000000000E+0000  2.60877768166305497777E-0039  2.67450317379392652633E-0002  1.85842625858126447970E-0033  0.00000000000000000000E+0000  2.24950275839533200523E+0002  0.00000000000000000000E+0000  0.00000000000000000000E+0000  2.23906385635177377316E+0002  0.00000000000000000000E+0000  0.00000000000000000000E+0000  0.00000000000000000000E+0000  0.00000000000000000000E+0000  0.00000000000000000000E+0000 -6.55350407153266575373E-0006 -2.98318326657638117493E+0000  0.00000000000000000000E+0000  0.00000000000000000000E+0000  0.00000000000000000000E+0000  8.58865581259552866454E-0002
 3.63399999999999999985E-0008  0.00000000000000000000E+0000 -1.69637957548551631472E-0001  1.43093064524995058425E-0002 -1.69637957548551631472E-0001  1.04999999999999999996E+0000  1.44221233132561668980E+0000  1.51548188666787034360E+0000  1.38127475090323208586E+0000  0.00000000000000000000E+0000  2.34433159148802059510E+0002  0.00000000000000000000E+0000  2.61011360052376126181E-0039  2.67600560454817789582E-0002  1.85953952539941384314E-0033  0.00000000000000000000E+0000  2.25020095868602167430E+0002  0.00000000000000000000E+0000  0.00000000000000000000E+0000  2.23964315948292118919E+0002  0.00000000000000000000E+0000  0.00000000000000000000E+0000  0.00000000000000000000E+0000  0.00000000000000000000E+0000  0.00000000000000000000E+0000 -6.59685043320095820377E-0006 -2.98321727903410825592E+0000  0.00000000000000000000E+0000  0.00000000000000000000E+0000  0.00000000000000000000E+0000  8.29476720215674822722E-0002
 3.70700000000000000012E-0008  0.00000000000000000000E+0000 -1.64024296727015099975E-0001  1.41632307338966643423E-0002 -1.64024296727015099975E-0001  1.04999999999999999996E+0000  1.44222526960228194864E+0000  1.51549666574598627423E+0000  1.38128959823162603409E+0000  0.00000000000000000000E+0000  2.34433159148802059510E+0002  0.00000000000000000000E+0000  2.61146788778553804679E-0039  2.67753439110508710854E-0002  1.86067950116759040344E-0033  0.00000000000000000000E+0000  2.25091040295087007742E+0002  0.00000000000000000000E+0000  0.00000000000000000000E+0000  2.24023403040890309854E+0002  0.00000000000000000000E+0000  0.00000000000000000000E+0000  0.00000000000000000000E+0000  0.00000000000000000000E+0000  0.00000000000000000000E+0000 -6.11113385925215487483E-0006 -2.98393938944916887503E+0000  0.00000000000000000000E+0000  0.00000000000000000000E+0000  0.00000000000000000000E+0000  7.99706358216233912685E-0002
 3.78099999999999999984E-0008  0.00000000000000000000E+0000 -1.58598274850723237021E-0001  1.40167043517942949868E-0002 -1.58598274850723237021E-0001  1.04999999999999999996E+0000  1.44223819605406534256E+0000  1.51551149990267438889E+0000  1.38130457459149638580E+0000  0.00000000000000000000E+0000  2.34433159148802059510E+0002  0.00000000000000000000E+0000  2.61282163802081580939E-0039  2.67906811355282155949E-0002  1.86183011445834417102E-0033  0.00000000000000000000E+0000  2.25162097158268410993E+0002  0.00000000000000000000E+0000  0.00000000000000000000E+0000  2.24082845324029765716E+0002  0.00000000000000000000E+0000  0.00000000000000000000E+0000  0.00000000000000000000E+0000  0.00000000000000000000E+0000  0.00000000000000000000E+0000 -6.08674038987949868702E-0006 -2.98405350104649069102E+0000  0.00000000000000000000E+0000  0.00000000000000000000E+0000  0.00000000000000000000E+0000  7.70664723812388195257E-0002
 3.85599999999999999999E-0008  0.00000000000000000000E+0000 -1.53263983792210813399E-0001  1.38715841329491747880E-0002 -1.53263983792210813399E-0001  1.04999999999999999996E+0000  1.44225110791834452105E+0000  1.51552638457689257772E+0000  1.38131967388038059865E+0000  0.00000000000000000000E+0000  2.34433159148802059510E+0002  0.00000000000000000000E+0000  2.61417454673153726725E-0039  2.68060632991958029423E-0002  1.86299091238890838960E-0033  0.00000000000000000000E+0000  2.25233249719306925438E+0002  0.00000000000000000000E+0000  0.00000000000000000000E+0000  2.24142615576696015850E+0002  0.00000000000000000000E+0000  0.00000000000000000000E+0000  0.00000000000000000000E+0000  0.00000000000000000000E+0000  0.00000000000000000000E+0000 -6.11157476914090370998E-0006 -2.98409873014554692379E+0000  0.00000000000000000000E+0000  0.00000000000000000000E+0000  0.00000000000000000000E+0000  7.42081857644874446169E-0002
 3.93400000000000000012E-0008  0.00000000000000000000E+0000 -1.47910734297207976595E-0001  1.37228306840180540027E-0002 -1.47910734297207976595E-0001  1.04999999999999999996E+0000  1.44226433724476360294E+0000  1.51554170442006716989E+0000  1.38133528825562165157E+0000  0.00000000000000000000E+0000  2.34433159148802059510E+0002  0.00000000000000000000E+0000  2.61556144123402713164E-0039  2.68218879738597821255E-0002  1.86419209507891448480E-0033  0.00000000000000000000E+0000  2.25306342485959486835E+0002  0.00000000000000000000E+0000  0.00000000000000000000E+0000  2.24204243831141810661E+0002  0.00000000000000000000E+0000  0.00000000000000000000E+0000  0.00000000000000000000E+0000  0.00000000000000000000E+0000  0.00000000000000000000E+0000 -6.27675999881753131463E-0006 -2.98395797983101814595E+0000  0.00000000000000000000E+0000  0.00000000000000000000E+0000  0.00000000000000000000E+0000  7.13322254775533147356E-0002
 4.01199999999999999992E-0008  0.00000000000000000000E+0000 -1.42666369974609696838E-0001  1.35775342952692857992E-0002 -1.42666369974609696838E-0001  1.04999999999999999996E+0000  1.44227737162002468251E+0000  1.51555686478057038079E+0000  1.38135081034977355043E+0000  0.00000000000000000000E+0000  2.34433159148802059510E+0002  0.00000000000000000000E+0000  2.61692858065705619976E-0039  2.68375411646495860663E-0002  1.86538696186510367537E-0033  0.00000000000000000000E+0000  2.25378499976316933370E+0002  0.00000000000000000000E+0000  0.00000000000000000000E+0000  2.24265402404409566930E+0002  0.00000000000000000000E+0000  0.00000000000000000000E+0000  0.00000000000000000000E+0000  0.00000000000000000000E+0000  0.00000000000000000000E+0000 -6.25490024627759726237E-0006 -2.98405662260777873335E+0000  0.00000000000000000000E+0000  0.00000000000000000000E+0000  0.00000000000000000000E+0000  6.85292242847918766993E-0002
 4.09300000000000000003E-0008  0.00000000000000000000E+0000 -1.37309779273752984374E-0001  1.34265991796350664186E-0002 -1.37309779273752984374E-0001  1.04999999999999999996E+0000  1.44229070078942856392E+0000  1.51557243662422167440E+0000  1.38136682613586698684E+0000  0.00000000000000000000E+0000  2.34433159148802059510E+0002  0.00000000000000000000E+0000  2.61832735193180606154E-0039  2.68536123876486871924E-0002  1.86662065477602497159E-0033  0.00000000000000000000E+0000  2.25452475569334281624E+0002  0.00000000000000000000E+0000  0.00000000000000000000E+0000  2.24328328386696359581E+0002  0.00000000000000000000E+0000  0.00000000000000000000E+0000  0.00000000000000000000E+0000  0.00000000000000000000E+0000  0.00000000000000000000E+0000 -5.83050243594956700786E-0006 -2.98467882964091069846E+0000  0.00000000000000000000E+0000  0.00000000000000000000E+0000  0.00000000000000000000E+0000  6.56894193231617345803E-0002
 4.17400000000000000014E-0008  0.00000000000000000000E+0000 -1.32186941133483574530E-0001  1.32784459505338271918E-0002 -1.32186941133483574530E-0001  1.04999999999999999996E+0000  1.44230382981156686159E+0000  1.51558783954902127921E+0000  1.38138273636964109125E+0000  0.00000000000000000000E+0000  2.34433159148802059510E+0002  0.00000000000000000000E+0000  2.61970583491063015784E-0039  2.68695034483684452705E-0002  1.86784704813834974057E-0033  0.00000000000000000000E+0000  2.25525469481042130940E+0002  0.00000000000000000000E+0000  0.00000000000000000000E+0000  2.24390754441533237448E+0002  0.00000000000000000000E+0000  0.00000000000000000000E+0000  0.00000000000000000000E+0000  0.00000000000000000000E+0000  0.00000000000000000000E+0000 -5.74657233526085868606E-0006 -2.98485131934008464838E+0000  0.00000000000000000000E+0000  0.00000000000000000000E+0000  0.00000000000000000000E+0000  6.29592415643128167611E-0002
 4.25799999999999999990E-0008  0.00000000000000000000E+0000 -1.27097466859602929696E-0001  1.31270279852243191732E-0002 -1.27097466859602929696E-0001  1.04999999999999999996E+0000  1.44231723615394445009E+0000  1.51560363395058718189E+0000  1.38139912005915212417E+0000  0.00000000000000000000E+0000  2.34433159148802059510E+0002  0.00000000000000000000E+0000  2.62111418243639300564E-0039  2.68857927717585958776E-0002  1.86911080856808208469E-0033  0.00000000000000000000E+0000  2.25600176667942613970E+0002  0.00000000000000000000E+0000  0.00000000000000000000E+0000  2.24454882862600884008E+0002  0.00000000000000000000E+0000  0.00000000000000000000E+0000  0.00000000000000000000E+0000  0.00000000000000000000E+0000  0.00000000000000000000E+0000 -5.87138266561825712637E-0006 -2.98474863229690080715E+0000  0.00000000000000000000E+0000  0.00000000000000000000E+0000  0.00000000000000000000E+0000  6.02351390657478438132E-0002
 4.34300000000000000009E-0008  0.00000000000000000000E+0000 -1.22093743322355079301E-0001  1.29771249025738507986E-0002 -1.22093743322355079301E-0001  1.04999999999999999996E+0000  1.44233059302951567907E+0000  1.51561943454789564863E+0000  1.38141557727104079831E+0000  0.00000000000000000000E+0000  2.34433159148802059510E+0002  0.00000000000000000000E+0000  2.62251805480353858968E-0039  2.69020831627768760102E-0002  1.87038112084253957274E-0033  0.00000000000000000000E+0000  2.25674731669631047762E+0002  0.00000000000000000000E+0000  0.00000000000000000000E+0000  2.24519219369398354946E+0002  0.00000000000000000000E+0000  0.00000000000000000000E+0000  0.00000000000000000000E+0000  0.00000000000000000000E+0000  0.00000000000000000000E+0000 -5.90100427680434761060E-0006 -2.98476668698672591108E+0000  0.00000000000000000000E+0000  0.00000000000000000000E+0000  0.00000000000000000000E+0000  5.75658679015001798607E-0002
 4.43000000000000000016E-0008  0.00000000000000000000E+0000 -1.17158418245720588695E-0001  1.28251826877002907562E-0002 -1.17158418245720588695E-0001  1.04999999999999999996E+0000  1.44234405082661850696E+0000  1.51563541863292049986E+0000  1.38143229198368361701E+0000  0.00000000000000000000E+0000  2.34433159148802059510E+0002  0.00000000000000000000E+0000  2.62393327801957060917E-0039  2.69185578545801396314E-0002  1.87167221958212614648E-0033  0.00000000000000000000E+0000  2.25749990202844354928E+0002  0.00000000000000000000E+0000  0.00000000000000000000E+0000  2.24584453639743046885E+0002  0.00000000000000000000E+0000  0.00000000000000000000E+0000  0.00000000000000000000E+0000  0.00000000000000000000E+0000  0.00000000000000000000E+0000 -5.97388919521000235843E-0006 -2.98472532426298461038E+0000  0.00000000000000000000E+0000  0.00000000000000000000E+0000  0.00000000000000000000E+0000  5.49328839184232953773E-0002
 4.51900000000000000011E-0008  0.00000000000000000000E+0000 -1.12189561172628065743E-0001  1.26712900487054678544E-0002 -1.12189561172628065743E-0001  1.04999999999999999996E+0000  1.44235759810607749084E+0000  1.51565157326232271488E+0000  1.38144925132186516205E+0000  0.00000000000000000000E+0000  2.34433159148802059510E+0002  0.00000000000000000000E+0000  2.62535863497679966544E-0039  2.69352034038070067633E-0002  1.87298313954517788749E-0033  0.00000000000000000000E+0000  2.25825874337171163403E+0002  0.00000000000000000000E+0000  0.00000000000000000000E+0000  2.24650554731139304246E+0002  0.00000000000000000000E+0000  0.00000000000000000000E+0000  0.00000000000000000000E+0000  0.00000000000000000000E+0000  0.00000000000000000000E+0000 -5.50638937454870028929E-0006 -2.98538709486994811599E+0000  0.00000000000000000000E+0000  0.00000000000000000000E+0000  0.00000000000000000000E+0000  5.23111026312456336203E-0002
 4.60900000000000000015E-0008  0.00000000000000000000E+0000 -1.07422792955929932012E-0001  1.25175707852347482733E-0002 -1.07422792955929932012E-0001  1.04999999999999999996E+0000  1.44237108012848934012E+0000  1.51566771187584856356E+0000  1.38146625727264707776E+0000  0.00000000000000000000E+0000  2.34433159148802059510E+0002  0.00000000000000000000E+0000  2.62677788738091120218E-0039  2.69518285613822547683E-0002  1.87429861629337108719E-0033  0.00000000000000000000E+0000  2.25901501634201784419E+0002  0.00000000000000000000E+0000  0.00000000000000000000E+0000  2.24716776859121480842E+0002  0.00000000000000000000E+0000  0.00000000000000000000E+0000  0.00000000000000000000E+0000  0.00000000000000000000E+0000  0.00000000000000000000E+0000 -5.46971881926321736515E-0006 -2.98548277415630469852E+0000  0.00000000000000000000E+0000  0.00000000000000000000E+0000  0.00000000000000000000E+0000  4.97797652852471315717E-0002
 4.70100000000000000008E-0008  0.00000000000000000000E+0000 -1.02747483217737158064E-0001  1.23632591305903484259E-0002 -1.02747483217737158064E-0001  1.04999999999999999996E+0000  1.44238464058677038542E+0000  1.51568400545082782212E+0000  1.38148348887702317449E+0000  0.00000000000000000000E+0000  2.34433159148802059510E+0002  0.00000000000000000000E+0000  2.62820615427778924213E-0039  2.69686097391288308700E-0002  1.87563251925312596389E-0033  0.00000000000000000000E+0000  2.25977684875341179996E+0002  0.00000000000000000000E+0000  0.00000000000000000000E+0000  2.24783800568912043902E+0002  0.00000000000000000000E+0000  0.00000000000000000000E+0000  0.00000000000000000000E+0000  0.00000000000000000000E+0000  0.00000000000000000000E+0000 -5.52231320820417304064E-0006 -2.98545926382390133065E+0000  0.00000000000000000000E+0000  0.00000000000000000000E+0000  0.00000000000000000000E+0000  4.72946160852193368757E-0002
 4.79499999999999999989E-0008  0.00000000000000000000E+0000 -9.81504681496828410632E-0002  1.22079750262675628938E-0002 -9.81504681496828410632E-0002  1.04999999999999999996E+0000  1.44239827077806678985E+0000  1.51570044312185748733E+0000  1.38150093418611669485E+0000  0.00000000000000000000E+0000  2.34433159148802059510E+0002  0.00000000000000000000E+0000  2.62964252479743947609E-0039  2.69855360567755044542E-0002  1.87698395868667616657E-0033  0.00000000000000000000E+0000  2.26054359577684918295E+0002  0.00000000000000000000E+0000  0.00000000000000000000E+0000  2.24851602322367250045E+0002  0.00000000000000000000E+0000  0.00000000000000000000E+0000  0.00000000000000000000E+0000  0.00000000000000000000E+0000  0.00000000000000000000E+0000 -5.58224375774981796395E-0006 -2.98542370216169616437E+0000  0.00000000000000000000E+0000  0.00000000000000000000E+0000  0.00000000000000000000E+0000  4.48544424440204322693E-0002
 4.89099999999999999989E-0008  0.00000000000000000000E+0000 -9.36360645360489693106E-0002  1.20514776562079825465E-0002 -9.36360645360489693106E-0002  1.04999999999999999996E+0000  1.44241196213073396822E+0000  1.51571701401035766543E+0000  1.38151858105335326881E+0000  0.00000000000000000000E+0000  2.34433159148802059510E+0002  0.00000000000000000000E+0000  2.63108610610943855107E-0039  2.70025966920533459566E-0002  1.87835202979971391713E-0033  0.00000000000000000000E+0000  2.26131469656458749182E+0002  0.00000000000000000000E+0000  0.00000000000000000000E+0000  2.24920145046923470711E+0002  0.00000000000000000000E+0000  0.00000000000000000000E+0000  0.00000000000000000000E+0000  0.00000000000000000000E+0000  0.00000000000000000000E+0000 -5.64000866227446851069E-0006 -2.98538859680813078589E+0000  0.00000000000000000000E+0000  0.00000000000000000000E+0000  0.00000000000000000000E+0000  4.24618763614304715374E-0002
 4.98900000000000000010E-0008  0.00000000000000000000E+0000 -8.91357806651774788943E-0002  1.18928236117797231741E-0002 -8.91357806651774788943E-0002  1.04999999999999999996E+0000  1.44242570411778944707E+0000  1.51573370521023605194E+0000  1.38153641552740776379E+0000  0.00000000000000000000E+0000  2.34433159148802059510E+0002  0.00000000000000000000E+0000  2.63253577375260326543E-0039  2.70197784035108244960E-0002  1.87973567306088077534E-0033  0.00000000000000000000E+0000  2.26208946950990530025E+0002  0.00000000000000000000E+0000  0.00000000000000000000E+0000  2.24989383723416468019E+0002  0.00000000000000000000E+0000  0.00000000000000000000E+0000  0.00000000000000000000E+0000  0.00000000000000000000E+0000  0.00000000000000000000E+0000 -5.18266354194386098593E-0006 -2.98602393062838678342E+0000  0.00000000000000000000E+0000  0.00000000000000000000E+0000  0.00000000000000000000E+0000  4.01000257767540005207E-0002
 5.08899999999999999987E-0008  0.00000000000000000000E+0000 -8.47976872257220793826E-0002  1.17332787399061236389E-0002 -8.47976872257220793826E-0002  1.04999999999999999996E+0000  1.44243949045609291153E+0000  1.51575050776297831818E+0000  1.38155442660639394333E+0000  0.00000000000000000000E+0000  2.34433159148802059510E+0002  0.00000000000000000000E+0000  2.63399091762045686377E-0039  2.70370729275062720590E-0002  1.88113409047073650331E-0033  0.00000000000000000000E+0000  2.26286748926547313598E+0002  0.00000000000000000000E+0000  0.00000000000000000000E+0000  2.25059288632497391941E+0002  0.00000000000000000000E+0000  0.00000000000000000000E+0000  0.00000000000000000000E+0000  0.00000000000000000000E+0000  0.00000000000000000000E+0000 -5.18541034824986145502E-0006 -2.98605616824110543859E+0000  0.00000000000000000000E+0000  0.00000000000000000000E+0000  0.00000000000000000000E+0000  3.78102530378450675750E-0002
 5.19000000000000000006E-0008  0.00000000000000000000E+0000 -8.05943000416712406671E-0002  1.15748873460101952851E-0002 -8.05943000416712406671E-0002  1.04999999999999999996E+0000  1.44245317982475472593E+0000  1.51576724741023087615E+0000  1.38157242541363340792E+0000  0.00000000000000000000E+0000  2.34433159148802059510E+0002  0.00000000000000000000E+0000  2.63543659418484168422E-0039  2.70543011787986838464E-0002  1.88253262008269561691E-0033  0.00000000000000000000E+0000  2.26364058847301599736E+0002  0.00000000000000000000E+0000  0.00000000000000000000E+0000  2.25129151023589097275E+0002  0.00000000000000000000E+0000  0.00000000000000000000E+0000  0.00000000000000000000E+0000  0.00000000000000000000E+0000  0.00000000000000000000E+0000 -5.18109563451278339030E-0006 -2.98609523323170081592E+0000  0.00000000000000000000E+0000  0.00000000000000000000E+0000  0.00000000000000000000E+0000  3.55952316197610510974E-0002
 5.29399999999999999991E-0008  0.00000000000000000000E+0000 -7.64613300603423449845E-0002  1.14139214334600787097E-0002 -7.64613300603423449845E-0002  1.04999999999999999996E+0000  1.44246703354597794356E+0000  1.51578424311381722159E+0000  1.38159075422648992858E+0000  0.00000000000000000000E+0000  2.34433159148802059510E+0002  0.00000000000000000000E+0000  2.63690041769789453051E-0039  2.70717918641053096216E-0002  1.88395789323070047879E-0033  0.00000000000000000000E+0000  2.26442368454971019412E+0002  0.00000000000000000000E+0000  0.00000000000000000000E+0000  2.25200269578699338757E+0002  0.00000000000000000000E+0000  0.00000000000000000000E+0000  0.00000000000000000000E+0000  0.00000000000000000000E+0000  0.00000000000000000000E+0000 -5.26065256692750704200E-0006 -2.98602310644848814320E+0000  0.00000000000000000000E+0000  0.00000000000000000000E+0000  0.00000000000000000000E+0000  3.34177124043330328082E-0002
 5.39999999999999999996E-0008  0.00000000000000000000E+0000 -7.23670415462926531219E-0002  1.12511975018282460392E-0002 -7.23670415462926531219E-0002  1.04999999999999999996E+0000  1.44248090620938828612E+0000  1.51580131630308618000E+0000  1.38160922023672918277E+0000  0.00000000000000000000E+0000  2.34433159148802059510E+0002  0.00000000000000000000E+0000  2.63836700393180985566E-0039  2.70893612280202744658E-0002  1.88539493904438272839E-0033  0.00000000000000000000E+0000  2.26520820872038518554E+0002  0.00000000000000000000E+0000  0.00000000000000000000E+0000  2.25271948060824859228E+0002  0.00000000000000000000E+0000  0.00000000000000000000E+0000  0.00000000000000000000E+0000  0.00000000000000000000E+0000  0.00000000000000000000E+0000 -4.82624559078031973946E-0006 -2.98662020256329342922E+0000  0.00000000000000000000E+0000  0.00000000000000000000E+0000  0.00000000000000000000E+0000  3.12810743304289047047E-0002
 5.50799999999999999988E-0008  0.00000000000000000000E+0000 -6.84301676951694311842E-0002  1.10879262516820896836E-0002 -6.84301676951694311842E-0002  1.04999999999999999996E+0000  1.44249479216060085961E+0000  1.51581845832794103411E+0000  1.38162781231126667266E+0000  0.00000000000000000000E+0000  2.34433159148802059510E+0002  0.00000000000000000000E+0000  2.63983580445037028538E-0039  2.71070013631892432610E-0002  1.88684294310165776989E-0033  0.00000000000000000000E+0000  2.26599384759959594435E+0002  0.00000000000000000000E+0000  0.00000000000000000000E+0000  2.25344142723241804338E+0002  0.00000000000000000000E+0000  0.00000000000000000000E+0000  0.00000000000000000000E+0000  0.00000000000000000000E+0000  0.00000000000000000000E+0000 -4.82100904339541346036E-0006 -2.98665509775577087495E+0000  0.00000000000000000000E+0000  0.00000000000000000000E+0000  0.00000000000000000000E+0000  2.92181419723866229340E-0002
 5.61800000000000000001E-0008  0.00000000000000000000E+0000 -6.46020925735931707823E-0002  1.09243560127495433051E-0002 -6.46020925735931707823E-0002  1.04999999999999999996E+0000  1.44250868422430683386E+0000  1.51583565893463223984E+0000  1.38164651786649694462E+0000  0.00000000000000000000E+0000  2.34433159148802059510E+0002  0.00000000000000000000E+0000  2.64130604432313276141E-0039  2.71247019772950114549E-0002  1.88830093727440067735E-0033  0.00000000000000000000E+0000  2.26678008662085927125E+0002  0.00000000000000000000E+0000  0.00000000000000000000E+0000  2.25416815991300780189E+0002  0.00000000000000000000E+0000  0.00000000000000000000E+0000  0.00000000000000000000E+0000  0.00000000000000000000E+0000  0.00000000000000000000E+0000 -4.84697461020343841503E-0006 -2.98664755699812574309E+0000  0.00000000000000000000E+0000  0.00000000000000000000E+0000  0.00000000000000000000E+0000  2.72152449653051509653E-0002
 5.73100000000000000012E-0008  0.00000000000000000000E+0000 -6.08523286610260526624E-0002  1.07586652421414410383E-0002 -6.08523286610260526624E-0002  1.04999999999999999996E+0000  1.44252269724799806350E+0000  1.51585305970725787235E+0000  1.38166549017603070330E+0000  0.00000000000000000000E+0000  2.34433159148802059510E+0002  0.00000000000000000000E+0000  2.64278989155008684563E-0039  2.71426091959715746029E-0002  1.88978090631974921422E-0033  0.00000000000000000000E+0000  2.26757340926924975830E+0002  0.00000000000000000000E+0000  0.00000000000000000000E+0000  2.25490562191572172027E+0002  0.00000000000000000000E+0000  0.00000000000000000000E+0000  0.00000000000000000000E+0000  0.00000000000000000000E+0000  0.00000000000000000000E+0000 -4.91052581116783107005E-0006 -2.98658955072265417719E+0000  0.00000000000000000000E+0000  0.00000000000000000000E+0000  0.00000000000000000000E+0000  2.52567976185419674435E-0002
 5.84500000000000000001E-0008  0.00000000000000000000E+0000 -5.72330256363989832617E-0002  1.05937430418332257451E-0002 -5.72330256363989832617E-0002  1.04999999999999999996E+0000  1.44253657811750860657E+0000  1.51587034444288309379E+0000  1.38168438254766390229E+0000  0.00000000000000000000E+0000  2.34433159148802059510E+0002  0.00000000000000000000E+0000  2.64426053154746222380E-0039  2.71603980035703782268E-0002  1.89125581642971322425E-0033  0.00000000000000000000E+0000  2.26835913399587138339E+0002  0.00000000000000000000E+0000  0.00000000000000000000E+0000  2.25564086823637566653E+0002  0.00000000000000000000E+0000  0.00000000000000000000E+0000  0.00000000000000000000E+0000  0.00000000000000000000E+0000  0.00000000000000000000E+0000 -4.90050878873248452852E-0006 -2.98662588593855993072E+0000  0.00000000000000000000E+0000  0.00000000000000000000E+0000  0.00000000000000000000E+0000  2.33736035033172398809E-0002
 5.96200000000000000020E-0008  0.00000000000000000000E+0000 -5.37006702232848771130E-0002  1.04267489829801630962E-0002 -5.37006702232848771130E-0002  1.04999999999999999996E+0000  1.44255056171644032922E+0000  1.51588780436688485057E+0000  1.38170351195706806629E+0000  0.00000000000000000000E+0000  2.34433159148802059510E+0002  0.00000000000000000000E+0000  2.64574286225516024604E-0039  2.71783686185621765996E-0002  1.89275043932178005121E-0033  0.00000000000000000000E+0000  2.26915079509722664067E+0002  0.00000000000000000000E+0000  0.00000000000000000000E+0000  2.25638579286803837812E+0002  0.00000000000000000000E+0000  0.00000000000000000000E+0000  0.00000000000000000000E+0000  0.00000000000000000000E+0000  0.00000000000000000000E+0000 -4.95420845331797137506E-0006 -2.98657779370211464310E+0000  0.00000000000000000000E+0000  0.00000000000000000000E+0000  0.00000000000000000000E+0000  2.15379098036367784389E-0002
 6.08200000000000000005E-0008  0.00000000000000000000E+0000 -5.02158529584792279658E-0002  1.02569745630598175341E-0002 -5.02158529584792279658E-0002  1.04999999999999999996E+0000  1.44256463284607805886E+0000  1.51590542028986351132E+0000  1.38172285706393159672E+0000  0.00000000000000000000E+0000  2.34433159148802059510E+0002  0.00000000000000000000E+0000  2.64723525991035440652E-0039  2.71965013746783169935E-0002  1.89426313125032892010E-0033  0.00000000000000000000E+0000  2.26994723849310663544E+0002  0.00000000000000000000E+0000  0.00000000000000000000E+0000  2.25713998480608300484E+0002  0.00000000000000000000E+0000  0.00000000000000000000E+0000  0.00000000000000000000E+0000  0.00000000000000000000E+0000  0.00000000000000000000E+0000 -4.56038331254188694457E-0006 -2.98711274134889023953E+0000  0.00000000000000000000E+0000  0.00000000000000000000E+0000  0.00000000000000000000E+0000  1.97400209764461751081E-0002
 6.20299999999999999968E-0008  0.00000000000000000000E+0000 -4.68967261461207697385E-0002  1.00887188897225305669E-0002 -4.68967261461207697385E-0002  1.04999999999999999996E+0000  1.44257855430848754019E+0000  1.51592289283891195728E+0000  1.38174208667887042808E+0000  0.00000000000000000000E+0000  2.34433159148802059510E+0002  0.00000000000000000000E+0000  2.64871259645459934704E-0039  2.72144890324889322687E-0002  1.89576802880193134866E-0033  0.00000000000000000000E+0000  2.27073479680440017708E+0002  0.00000000000000000000E+0000  0.00000000000000000000E+0000  2.25789093196486287063E+0002  0.00000000000000000000E+0000  0.00000000000000000000E+0000  0.00000000000000000000E+0000  0.00000000000000000000E+0000  0.00000000000000000000E+0000 -4.51288585714671728306E-0006 -2.98719412384142125340E+0000  0.00000000000000000000E+0000  0.00000000000000000000E+0000  0.00000000000000000000E+0000  1.80269704537400849821E-0002
 6.32699999999999999993E-0008  0.00000000000000000000E+0000 -4.36702223162713017794E-0002  9.91912970994967480368E-0003 -4.36702223162713017794E-0002  1.04999999999999999996E+0000  1.44259254831320989695E+0000  1.51594049936679208077E+0000  1.38176150445373133895E+0000  0.00000000000000000000E+0000  2.34433159148802059510E+0002  0.00000000000000000000E+0000  2.65019844168178624562E-0039  2.72326174083168188094E-0002  1.89728890046514174244E-0033  0.00000000000000000000E+0000  2.27152627032170829985E+0002  0.00000000000000000000E+0000  0.00000000000000000000E+0000  2.25865003711509725090E+0002  0.00000000000000000000E+0000  0.00000000000000000000E+0000  0.00000000000000000000E+0000  0.00000000000000000000E+0000  0.00000000000000000000E+0000 -4.55034394082126081346E-0006 -2.98716355111607569290E+0000  0.00000000000000000000E+0000  0.00000000000000000000E+0000  0.00000000000000000000E+0000  1.63640522265187995328E-0002
 6.45400000000000000016E-0008  0.00000000000000000000E+0000 -4.05279760179707232852E-0002  9.74811057495319959623E-0003 -4.05279760179707232852E-0002  1.04999999999999999996E+0000  1.44260660240350110939E+0000  1.51595822330703786963E+0000  1.38178109115365870083E+0000  0.00000000000000000000E+0000  2.34433159148802059510E+0002  0.00000000000000000000E+0000  2.65169147684435769851E-0039  2.72508698262029745921E-0002  1.89882426969167694442E-0033  0.00000000000000000000E+0000  2.27232066809307705638E+0002  0.00000000000000000000E+0000  0.00000000000000000000E+0000  2.25941697661144750758E+0002  0.00000000000000000000E+0000  0.00000000000000000000E+0000  0.00000000000000000000E+0000  0.00000000000000000000E+0000  0.00000000000000000000E+0000 -4.59269916433958698127E-0006 -2.98712559763377610627E+0000  0.00000000000000000000E+0000  0.00000000000000000000E+0000  0.00000000000000000000E+0000  1.47503737859770523343E-0002
 6.58299999999999999995E-0008  0.00000000000000000000E+0000 -3.74935252400095764898E-0002  9.57695574301939708802E-0003 -3.74935252400095764898E-0002  1.04999999999999999996E+0000  1.44262059782121906655E+0000  1.51597591330432272436E+0000  1.38180067788765572831E+0000  0.00000000000000000000E+0000  2.34433159148802059510E+0002  0.00000000000000000000E+0000  2.65317908247027550618E-0039  2.72690908209323266270E-0002  1.90036091197788287945E-0033  0.00000000000000000000E+0000  2.27311109124119714670E+0002  0.00000000000000000000E+0000  0.00000000000000000000E+0000  2.26018539812625592803E+0002  0.00000000000000000000E+0000  0.00000000000000000000E+0000  0.00000000000000000000E+0000  0.00000000000000000000E+0000  0.00000000000000000000E+0000 -4.60117599784729026932E-0006 -2.98713081994517054454E+0000  0.00000000000000000000E+0000  0.00000000000000000000E+0000  0.00000000000000000000E+0000  1.31978265443557806021E-0002
 6.71499999999999999972E-0008  0.00000000000000000000E+0000 -3.45331529521254947119E-0002  9.40357795770111439341E-0003 -3.45331529521254947119E-0002  1.04999999999999999996E+0000  1.44263463145621390754E+0000  1.51599369070048727547E+0000  1.38182039778604987131E+0000  0.00000000000000000000E+0000  2.34433159148802059510E+0002  0.00000000000000000000E+0000  2.65467154130075769509E-0039  2.72874055302529146408E-0002  1.90190927467169261006E-0033  0.00000000000000000000E+0000  2.27390306021714928397E+0002  0.00000000000000000000E+0000  0.00000000000000000000E+0000  2.26096036623402372859E+0002  0.00000000000000000000E+0000  0.00000000000000000000E+0000  0.00000000000000000000E+0000  0.00000000000000000000E+0000  0.00000000000000000000E+0000 -4.21664419260953167869E-0006 -2.98764816707502989441E+0000  0.00000000000000000000E+0000  0.00000000000000000000E+0000  0.00000000000000000000E+0000  1.16898040196980793227E-0002
 6.84899999999999999969E-0008  0.00000000000000000000E+0000 -3.16972387692186731053E-0002  9.23092893467388016540E-0003 -3.16972387692186731053E-0002  1.04999999999999999996E+0000  1.44264859117038437512E+0000  1.51601141147167943729E+0000  1.38184008913377127795E+0000  0.00000000000000000000E+0000  2.34433159148802059510E+0002  0.00000000000000000000E+0000  2.65615695856189784032E-0039  2.73056664205110692031E-0002  1.90345669754487578077E-0033  0.00000000000000000000E+0000  2.27469000249640695227E+0002  0.00000000000000000000E+0000  0.00000000000000000000E+0000  2.26173593399181361366E+0002  0.00000000000000000000E+0000  0.00000000000000000000E+0000  0.00000000000000000000E+0000  0.00000000000000000000E+0000  0.00000000000000000000E+0000 -4.19222902890948044537E-0006 -2.98769452193972959446E+0000  0.00000000000000000000E+0000  0.00000000000000000000E+0000  0.00000000000000000000E+0000  1.02484053226234321547E-0002
 6.98600000000000000029E-0008  0.00000000000000000000E+0000 -2.89513899683871285660E-0002  9.05755388896830636040E-0003 -2.89513899683871285660E-0002  1.04999999999999999996E+0000  1.44266257205749385520E+0000  1.51602919480221026650E+0000  1.38185988280883198737E+0000  0.00000000000000000000E+0000  2.34433159148802059510E+0002  0.00000000000000000000E+0000  2.65764543668490962884E-0039  2.73239965257106408851E-0002  1.90501346454274957475E-0033  0.00000000000000000000E+0000  2.27547733673800827672E+0002  0.00000000000000000000E+0000  0.00000000000000000000E+0000  2.26251708491369802737E+0002  0.00000000000000000000E+0000  0.00000000000000000000E+0000  0.00000000000000000000E+0000  0.00000000000000000000E+0000  0.00000000000000000000E+0000 -4.21476738005329388463E-0006 -2.98767883151357340572E+0000  0.00000000000000000000E+0000  0.00000000000000000000E+0000  0.00000000000000000000E+0000  8.85727849295166147595E-0003
 7.12600000000000000022E-0008  0.00000000000000000000E+0000 -2.62920848560535986116E-0002  8.88334672470510402951E-0003 -2.62920848560535986116E-0002  1.04999999999999999996E+0000  1.44267656292840055121E+0000  1.51604702516027547293E+0000  1.38187976017604102221E+0000  0.00000000000000000000E+0000  2.34433159148802059510E+0002  0.00000000000000000000E+0000  2.65913578327198745715E-0039  2.73423802004313312318E-0002  1.90657812647766678675E-0033  0.00000000000000000000E+0000  2.27626423542044150169E+0002  0.00000000000000000000E+0000  0.00000000000000000000E+0000  2.26330336133348070854E+0002  0.00000000000000000000E+0000  0.00000000000000000000E+0000  0.00000000000000000000E+0000  0.00000000000000000000E+0000  0.00000000000000000000E+0000 -4.23825885773579290565E-0006 -2.98766119567192258268E+0000  0.00000000000000000000E+0000  0.00000000000000000000E+0000  0.00000000000000000000E+0000  7.51570921351910955075E-0003
 7.26799999999999999970E-0008  0.00000000000000000000E+0000 -2.37362916870915911400E-0002  8.70959065134724585757E-0003 -2.37362916870915911400E-0002  1.04999999999999999996E+0000  1.44269045691412793652E+0000  1.51606476456384160951E+0000  1.38189956561628964136E+0000  0.00000000000000000000E+0000  2.34433159148802059510E+0002  0.00000000000000000000E+0000  2.66061660414964965328E-0039  2.73606754991171675144E-0002  1.90813843344699095884E-0033  0.00000000000000000000E+0000  2.27704451324266096607E+0002  0.00000000000000000000E+0000  0.00000000000000000000E+0000  2.26408885147361049861E+0002  0.00000000000000000000E+0000  0.00000000000000000000E+0000  0.00000000000000000000E+0000  0.00000000000000000000E+0000  0.00000000000000000000E+0000 -4.23305834773758190141E-0006 -2.98768027968869069773E+0000  0.00000000000000000000E+0000  0.00000000000000000000E+0000  0.00000000000000000000E+0000  6.23182442614044205035E-0003
 7.41400000000000000024E-0008  0.00000000000000000000E+0000 -2.12502570692807150248E-0002  8.53328204940590035482E-0003 -2.12502570692807150248E-0002  1.04999999999999999996E+0000  1.44270443540677990380E+0000  1.51608264360545147268E+0000  1.38191955546134935030E+0000  0.00000000000000000000E+0000  2.34433159148802059510E+0002  0.00000000000000000000E+0000  2.66210721972924484772E-0039  2.73791203922071264209E-0002  1.90971458254186630745E-0033  0.00000000000000000000E+0000  2.27782848050134115306E+0002  0.00000000000000000000E+0000  0.00000000000000000000E+0000  2.26488343394290169611E+0002  0.00000000000000000000E+0000  0.00000000000000000000E+0000  0.00000000000000000000E+0000  0.00000000000000000000E+0000  0.00000000000000000000E+0000 -3.88816407769469603602E-0006 -2.98814220268899570065E+0000  0.00000000000000000000E+0000  0.00000000000000000000E+0000  0.00000000000000000000E+0000  4.98549223875407464715E-0003
 7.56199999999999999969E-0008  0.00000000000000000000E+0000 -1.88681941598679878250E-0002  8.35821412974048411667E-0003 -1.88681941598679878250E-0002  1.04999999999999999996E+0000  1.44271830005977887590E+0000  1.51610040675061236235E+0000  1.38193944222051730264E+0000  0.00000000000000000000E+0000  2.34433159148802059510E+0002  0.00000000000000000000E+0000  2.66358650408620784367E-0039  2.73974520035141686214E-0002  1.91128393812538272156E-0033  0.00000000000000000000E+0000  2.27860460909996902307E+0002  0.00000000000000000000E+0000  0.00000000000000000000E+0000  2.26567636373298193622E+0002  0.00000000000000000000E+0000  0.00000000000000000000E+0000  0.00000000000000000000E+0000  0.00000000000000000000E+0000  0.00000000000000000000E+0000 -3.85803884137394854286E-0006 -2.98819265709093885163E+0000  0.00000000000000000000E+0000  0.00000000000000000000E+0000  0.00000000000000000000E+0000  3.79862907145517064095E-0003
 7.71299999999999999976E-0008  0.00000000000000000000E+0000 -1.65720024644778366050E-0002  8.18310866398736847828E-0003 -1.65720024644778366050E-0002  1.04999999999999999996E+0000  1.44273213672505967525E+0000  1.51611816230288976037E+0000  1.38195934546487530321E+0000  0.00000000000000000000E+0000  2.34433159148802059510E+0002  0.00000000000000000000E+0000  2.66506359543593810627E-0039  2.74157822376292519479E-0002  1.91285592051658478009E-0033  0.00000000000000000000E+0000  2.27937786429381330236E+0002  0.00000000000000000000E+0000  0.00000000000000000000E+0000  2.26647206954063163920E+0002  0.00000000000000000000E+0000  0.00000000000000000000E+0000  0.00000000000000000000E+0000  0.00000000000000000000E+0000  0.00000000000000000000E+0000 -3.86510072812496896744E-0006 -2.98819406831309378604E+0000  0.00000000000000000000E+0000  0.00000000000000000000E+0000  0.00000000000000000000E+0000  2.65940527991470992383E-0003
 7.86699999999999999981E-0008  0.00000000000000000000E+0000 -1.43579911493998170536E-0002  8.00789833244297653293E-0003 -1.43579911493998170536E-0002  1.04999999999999999996E+0000  1.44274593559346094029E+0000  1.51613589618702330694E+0000  1.38197924791503741438E+0000  0.00000000000000000000E+0000  2.34433159148802059510E+0002  0.00000000000000000000E+0000  2.66653743766998100180E-0039  2.74340968270300565432E-0002  1.91442916504360611789E-0033  0.00000000000000000000E+0000  2.28014751596608765072E+0002  0.00000000000000000000E+0000  0.00000000000000000000E+0000  2.26727011632629982682E+0002  0.00000000000000000000E+0000  0.00000000000000000000E+0000  0.00000000000000000000E+0000  0.00000000000000000000E+0000  0.00000000000000000000E+0000 -3.87255127349374216878E-0006 -2.98819451336487762060E+0000  0.00000000000000000000E+0000  0.00000000000000000000E+0000  0.00000000000000000000E+0000  1.56658740359905533654E-0003
 8.02500000000000000027E-0008  0.00000000000000000000E+0000 -1.22126215075752249546E-0002  7.83162029862922687494E-0003 -1.22126215075752249546E-0002  1.04999999999999999996E+0000  1.44275977287515892679E+0000  1.51615370514203819032E+0000  1.38199925689599644157E+0000  0.00000000000000000000E+0000  2.34433159148802059510E+0002  0.00000000000000000000E+0000  2.66801617302915144696E-0039  2.74524960339657674108E-0002  1.91601216964485770530E-0033  0.00000000000000000000E+0000  2.28091778653845373009E+0002  0.00000000000000000000E+0000  0.00000000000000000000E+0000  2.26807480322289773109E+0002  0.00000000000000000000E+0000  0.00000000000000000000E+0000  0.00000000000000000000E+0000  0.00000000000000000000E+0000  0.00000000000000000000E+0000 -3.89861338703690003533E-0006 -2.98817030952354908665E+0000  0.00000000000000000000E+0000  0.00000000000000000000E+0000  0.00000000000000000000E+0000  5.13232277226463935597E-0004
 8.18500000000000000028E-0008  0.00000000000000000000E+0000 -1.01603298479249378753E-0002  7.65663428800173989555E-0003 -1.01603298479249378753E-0002  1.04999999999999999996E+0000  1.44277346590871425800E+0000  1.51617135243020197371E+0000  1.38201910477651194477E+0000  0.00000000000000000000E+0000  2.34433159148802059510E+0002  0.00000000000000000000E+0000  2.66948026521479140596E-0039  2.74707354661485394003E-0002  1.91758375006281484752E-0033  0.00000000000000000000E+0000  2.28167818485789966998E+0002  0.00000000000000000000E+0000  0.00000000000000000000E+0000  2.26887587270695468125E+0002  0.00000000000000000000E+0000  0.00000000000000000000E+0000  0.00000000000000000000E+0000  0.00000000000000000000E+0000  0.00000000000000000000E+0000 -3.88113817885323586857E-0006 -2.98820249587983251260E+0000  0.00000000000000000000E+0000  0.00000000000000000000E+0000  0.00000000000000000000E+0000 -4.89163187796252658937E-0004
 8.34900000000000000005E-0008  0.00000000000000000000E+0000 -8.17616503472655627390E-0003  7.48087521054635199846E-0003 -8.17616503472655627390E-0003  1.04999999999999999996E+0000  1.44278717523880083942E+0000  1.51618904354051983404E+0000  1.38203902126478331259E+0000  0.00000000000000000000E+0000  2.34433159148802059510E+0002  0.00000000000000000000E+0000  2.67094687856045956516E-0039  2.74890278124284052069E-0002  1.91916209597820827606E-0033  0.00000000000000000000E+0000  2.28243787145267404762E+0002  0.00000000000000000000E+0000  0.00000000000000000000E+0000  2.26968213336544488906E+0002  0.00000000000000000000E+0000  0.00000000000000000000E+0000  0.00000000000000000000E+0000  0.00000000000000000000E+0000  0.00000000000000000000E+0000 -3.89888569961038374446E-0006 -2.98818842758187803261E+0000  0.00000000000000000000E+0000  0.00000000000000000000E+0000  0.00000000000000000000E+0000 -1.45322436436331620188E-0003
 8.51599999999999999981E-0008  0.00000000000000000000E+0000 -6.28329317127374947080E-0003  7.30515241999964520429E-0003 -6.28329317127374947080E-0003  1.04999999999999999996E+0000  1.44280080476636136467E+0000  1.51620665324041892935E+0000  1.38205886403126482209E+0000  0.00000000000000000000E+0000  2.34433159148802059510E+0002  0.00000000000000000000E+0000  2.67240570145317521496E-0039  2.75072435167519529565E-0002  1.92073590503120067471E-0033  0.00000000000000000000E+0000  2.28319116289178506540E+0002  0.00000000000000000000E+0000  0.00000000000000000000E+0000  2.27048835793393552443E+0002  0.00000000000000000000E+0000  0.00000000000000000000E+0000  0.00000000000000000000E+0000  0.00000000000000000000E+0000  0.00000000000000000000E+0000 -3.54445067917206460459E-0006 -2.98865978647304563831E+0000  0.00000000000000000000E+0000  0.00000000000000000000E+0000  0.00000000000000000000E+0000 -2.37511320177373412166E-0003
 8.68600000000000000018E-0008  0.00000000000000000000E+0000 -4.45627934239049056189E-0003  7.13024955980174334463E-0003 -4.45627934239049056189E-0003  1.04999999999999999996E+0000  1.44281434797925676777E+0000  1.51622417141187872949E+0000  1.38207862012408298292E+0000  0.00000000000000000000E+0000  2.34433159148802059510E+0002  0.00000000000000000000E+0000  2.67385606178102377604E-0039  2.75253727709941146382E-0002  1.92230417206779713370E-0033  0.00000000000000000000E+0000  2.28393774718147977307E+0002  0.00000000000000000000E+0000  0.00000000000000000000E+0000  2.27129395238970436255E+0002  0.00000000000000000000E+0000  0.00000000000000000000E+0000  0.00000000000000000000E+0000  0.00000000000000000000E+0000  0.00000000000000000000E+0000 -3.51959765362983734910E-0006 -2.98870074311550900032E+0000  0.00000000000000000000E+0000  0.00000000000000000000E+0000  0.00000000000000000000E+0000 -3.25394858811753296040E-0003
 8.86000000000000000032E-0008  0.00000000000000000000E+0000 -2.69221887686797557499E-0003  6.95551846773506745887E-0003 -2.69221887686797557499E-0003  1.04999999999999999996E+0000  1.44282787297139561595E+0000  1.51624168482684590104E+0000  1.38209838609907743889E+0000  0.00000000000000000000E+0000  2.34433159148802059510E+0002  0.00000000000000000000E+0000  2.67530522777862793760E-0039  2.75435053871940817040E-0002  1.92387454163103192438E-0033  0.00000000000000000000E+0000  2.28468136259684797176E+0002  0.00000000000000000000E+0000  0.00000000000000000000E+0000  2.27210281096879895615E+0002  0.00000000000000000000E+0000  0.00000000000000000000E+0000  0.00000000000000000000E+0000  0.00000000000000000000E+0000  0.00000000000000000000E+0000 -3.52737916081100763596E-0006 -2.98869892546969184309E+0000  0.00000000000000000000E+0000  0.00000000000000000000E+0000  0.00000000000000000000E+0000 -4.09656532114748332907E-0003
 9.03699999999999999979E-0008  0.00000000000000000000E+0000 -1.00088134979495290391E-0003  6.78184731001709544084E-0003 -1.00088134979495290391E-0003  1.04999999999999999996E+0000  1.44284129237170444401E+0000  1.51625907898552819925E+0000  1.38211803136109699045E+0000  0.00000000000000000000E+0000  2.34433159148802059510E+0002  0.00000000000000000000E+0000  2.67674382246644104712E-0039  2.75615229326770770510E-0002  1.92543662419469295299E-0033  0.00000000000000000000E+0000  2.28541697517457957203E+0002  0.00000000000000000000E+0000  0.00000000000000000000E+0000  2.27290994477775404714E+0002  0.00000000000000000000E+0000  0.00000000000000000000E+0000  0.00000000000000000000E+0000  0.00000000000000000000E+0000  0.00000000000000000000E+0000 -3.51734449994642169942E-0006 -2.98872016638546477026E+0000  0.00000000000000000000E+0000  0.00000000000000000000E+0000  0.00000000000000000000E+0000 -4.89939062412408069724E-0003
 9.21800000000000000031E-0008  0.00000000000000000000E+0000  6.28403368858608088118E-0004  6.60834048778654958070E-0003  6.28403368858608088118E-0004  1.04999999999999999996E+0000  1.44285467107055458873E+0000  1.51627643671320551952E+0000  1.38213764819081476407E+0000  0.00000000000000000000E+0000  2.34433159148802059510E+0002  0.00000000000000000000E+0000  2.67817879376184773678E-0039  2.75795113739181688884E-0002  1.92699774828894804868E-0033  0.00000000000000000000E+0000  2.28614823205535339520E+0002  0.00000000000000000000E+0000  0.00000000000000000000E+0000  2.27371895198556245477E+0002  0.00000000000000000000E+0000  0.00000000000000000000E+0000  0.00000000000000000000E+0000  0.00000000000000000000E+0000  0.00000000000000000000E+0000 -3.52015736631887065240E-0006 -2.98872452126033608089E+0000  0.00000000000000000000E+0000  0.00000000000000000000E+0000  0.00000000000000000000E+0000 -5.66767282859735940880E-0003
 9.40200000000000000016E-0008  0.00000000000000000000E+0000  2.18819338970085069967E-0003  6.43619532393479823240E-0003  2.18819338970085069967E-0003  1.04999999999999999996E+0000  1.44286792623553860291E+0000  1.51629364921571708385E+0000  1.38215711232758851966E+0000  0.00000000000000000000E+0000  2.34433159148802059510E+0002  0.00000000000000000000E+0000  2.67960123949141893093E-0039  2.75973580225145028575E-0002  1.92854800504735972680E-0033  0.00000000000000000000E+0000  2.28687039230018736166E+0002  0.00000000000000000000E+0000  0.00000000000000000000E+0000  2.27452504234770538194E+0002  0.00000000000000000000E+0000  0.00000000000000000000E+0000  0.00000000000000000000E+0000  0.00000000000000000000E+0000  0.00000000000000000000E+0000 -3.50495966125390007203E-0006 -2.98875225066453262192E+0000  0.00000000000000000000E+0000  0.00000000000000000000E+0000  0.00000000000000000000E+0000 -6.39837940257005769912E-0003
 9.58999999999999999977E-0008  0.00000000000000000000E+0000  3.68872030855747380705E-0003  6.26455960443770387283E-0003  3.68872030855747380705E-0003  1.04999999999999999996E+0000  1.44288111974967907453E+0000  1.51631079560330715023E+0000  1.38217651202463783899E+0000  0.00000000000000000000E+0000  2.34433159148802059510E+0002  0.00000000000000000000E+0000  2.68101778874477359583E-0039  2.76151450103153488858E-0002  1.93009440790178528152E-0033  0.00000000000000000000E+0000  2.28758692906606531922E+0002  0.00000000000000000000E+0000  0.00000000000000000000E+0000  2.27533166244330602224E+0002  0.00000000000000000000E+0000  0.00000000000000000000E+0000  0.00000000000000000000E+0000  0.00000000000000000000E+0000  0.00000000000000000000E+0000 -3.50198388782605783622E-0006 -2.98876396787478041642E+0000  0.00000000000000000000E+0000  0.00000000000000000000E+0000  0.00000000000000000000E+0000 -7.09634379478405695158E-0003
 9.78199999999999999979E-0008  0.00000000000000000000E+0000  5.13144089762194042737E-0003  6.09370373478676888495E-0003  5.13144089762194042737E-0003  1.04999999999999999996E+0000  1.44289423991372532338E+0000  1.51632785952711140608E+0000  1.38219582765278779291E+0000  0.00000000000000000000E+0000  2.34433159148802059510E+0002  0.00000000000000000000E+0000  2.68242717197293118385E-0039  2.76328554566537923533E-0002  1.93163537749966789306E-0033  0.00000000000000000000E+0000  2.28829706193310143308E+0002  0.00000000000000000000E+0000  0.00000000000000000000E+0000  2.27613821016222511825E+0002  0.00000000000000000000E+0000  0.00000000000000000000E+0000  0.00000000000000000000E+0000  0.00000000000000000000E+0000  0.00000000000000000000E+0000 -3.49731372670149039597E-0006 -2.98877786212130278467E+0000  0.00000000000000000000E+0000  0.00000000000000000000E+0000  0.00000000000000000000E+0000 -7.76230927833071284129E-0003
 9.97800000000000000021E-0008  0.00000000000000000000E+0000  6.48820176053230498544E-0003  5.92363289390371310367E-0003  6.48820176053230498544E-0003  1.04999999999999999996E+0000  1.44290727365123607525E+0000  1.51634482299564551759E+0000  1.38221503771697010480E+0000  0.00000000000000000000E+0000  2.34433159148802059510E+0002  0.00000000000000000000E+0000  2.68382795352255655785E-0039  2.76504705053038451505E-0002  1.93316916474080773668E-0033  0.00000000000000000000E+0000  2.28900000751648415517E+0002  0.00000000000000000000E+0000  0.00000000000000000000E+0000  2.27694386241763627246E+0002  0.00000000000000000000E+0000  0.00000000000000000000E+0000  0.00000000000000000000E+0000  0.00000000000000000000E+0000  0.00000000000000000000E+0000 -3.17332288366819713666E-0006 -2.98920846158785999467E+0000  0.00000000000000000000E+0000  0.00000000000000000000E+0000  0.00000000000000000000E+0000 -8.39626148550845783895E-0003
 1.01799999999999999999E-0007  0.00000000000000000000E+0000  7.82819961034079085373E-0003  5.75264197365312602765E-0003  7.82819961034079085373E-0003  1.04999999999999999996E+0000  1.44292033796076483727E+0000  1.51636183718679268175E+0000  1.38223431252265463714E+0000  0.00000000000000000000E+0000  2.34433159148802059510E+0002  0.00000000000000000000E+0000  2.68523274078928988821E-0039  2.76681478095299809418E-0002  1.93470940444160512422E-0033  0.00000000000000000000E+0000  2.28970215738298670860E+0002  0.00000000000000000000E+0000  0.00000000000000000000E+0000  2.27775562071049796839E+0002  0.00000000000000000000E+0000  0.00000000000000000000E+0000  0.00000000000000000000E+0000  0.00000000000000000000E+0000  0.00000000000000000000E+0000 -3.17497563016506797178E-0006 -2.98921417816077356869E+0000  0.00000000000000000000E+0000  0.00000000000000000000E+0000  0.00000000000000000000E+0000 -9.00606976133206487760E-0003
 1.03800000000000000001E-0007  0.00000000000000000000E+0000  9.10202842230146593854E-0003  5.58874560797233685165E-0003  9.10202842230146593854E-0003  1.04999999999999999996E+0000  1.44293292367625289481E+0000  1.51637823741864717284E+0000  1.38225289771097999093E+0000  0.00000000000000000000E+0000  2.34433159148802059510E+0002  0.00000000000000000000E+0000  2.68658673227705641515E-0039  2.76851963585945911939E-0002  1.93619574072874465999E-0033  0.00000000000000000000E+0000  2.29037550996928843103E+0002  0.00000000000000000000E+0000  0.00000000000000000000E+0000  2.27854285917352664015E+0002  0.00000000000000000000E+0000  0.00000000000000000000E+0000  0.00000000000000000000E+0000  0.00000000000000000000E+0000  0.00000000000000000000E+0000 -3.39209767770970770753E-0006 -2.98893853395940154154E+0000  0.00000000000000000000E+0000  0.00000000000000000000E+0000  0.00000000000000000000E+0000 -9.57045314827721943472E-0003
 1.05900000000000000000E-0007  0.00000000000000000000E+0000  1.03057357927194898853E-0002  5.42122746334385964205E-0003  1.03057357927194898853E-0002  1.04999999999999999996E+0000  1.44294576303407247721E+0000  1.51639497725016061480E+0000  1.38227187305720253946E+0000  0.00000000000000000000E+0000  2.34433159148802059510E+0002  0.00000000000000000000E+0000  2.68796866415035366442E-0039  2.77026070264018267459E-0002  1.93771448197005067325E-0033  0.00000000000000000000E+0000  2.29106060241504869604E+0002  0.00000000000000000000E+0000  0.00000000000000000000E+0000  2.27934880559608425921E+0002  0.00000000000000000000E+0000  0.00000000000000000000E+0000  0.00000000000000000000E+0000  0.00000000000000000000E+0000  0.00000000000000000000E+0000 -3.15556002257835194050E-0006 -2.98925518666396967493E+0000  0.00000000000000000000E+0000  0.00000000000000000000E+0000  0.00000000000000000000E+0000 -1.01205563914308782912E-0002
 1.07999999999999999999E-0007  0.00000000000000000000E+0000  1.14580757463389639519E-0002  5.25819336139943675099E-0003  1.14580757463389639519E-0002  1.04999999999999999996E+0000  1.44295823915263099035E+0000  1.51641125131117971672E+0000  1.38229032464260042572E+0000  0.00000000000000000000E+0000  2.34433159148802059510E+0002  0.00000000000000000000E+0000  2.68931214590818376345E-0039  2.77195424632260721308E-0002  1.93919248413935153324E-0033  0.00000000000000000000E+0000  2.29172293540295352987E+0002  0.00000000000000000000E+0000  0.00000000000000000000E+0000  2.28013747333778745527E+0002  0.00000000000000000000E+0000  0.00000000000000000000E+0000  0.00000000000000000000E+0000  0.00000000000000000000E+0000  0.00000000000000000000E+0000 -3.07997551725754001140E-0006 -2.98936174203729125728E+0000  0.00000000000000000000E+0000  0.00000000000000000000E+0000  0.00000000000000000000E+0000 -1.06337623490142893797E-0002
 1.10200000000000000002E-0007  0.00000000000000000000E+0000  1.25980163280402358688E-0002  5.09223131222553591348E-0003  1.25980163280402358688E-0002  1.04999999999999999996E+0000  1.44297092450273919755E+0000  1.51642780550908610213E+0000  1.38230909750244055202E+0000  0.00000000000000000000E+0000  2.34433159148802059510E+0002  0.00000000000000000000E+0000  2.69067882596984155751E-0039  2.77367790947137484636E-0002  1.94069743616048657603E-0033  0.00000000000000000000E+0000  2.29239426429509895539E+0002  0.00000000000000000000E+0000  0.00000000000000000000E+0000  2.28094251489981695358E+0002  0.00000000000000000000E+0000  0.00000000000000000000E+0000  0.00000000000000000000E+0000  0.00000000000000000000E+0000  0.00000000000000000000E+0000 -3.12812079488594135502E-0006 -2.98930714418675147893E+0000  0.00000000000000000000E+0000  0.00000000000000000000E+0000  0.00000000000000000000E+0000 -1.11335350119624400310E-0002
 1.12399999999999999998E-0007  0.00000000000000000000E+0000  1.36604639965899888624E-0002  4.93208210361866760239E-0003  1.36604639965899888624E-0002  1.04999999999999999996E+0000  1.44298323631702143845E+0000  1.51644387852042028433E+0000  1.38232732729215975224E+0000  0.00000000000000000000E+0000  2.34433159148802059510E+0002  0.00000000000000000000E+0000  2.69200587474512697270E-0039  2.77535238036419526961E-0002  1.94215999475282916925E-0033  0.00000000000000000000E+0000  2.29304234120908828648E+0002  0.00000000000000000000E+0000  0.00000000000000000000E+0000  2.28172934517557526438E+0002  0.00000000000000000000E+0000  0.00000000000000000000E+0000  0.00000000000000000000E+0000  0.00000000000000000000E+0000  0.00000000000000000000E+0000 -3.06276363834738092904E-0006 -2.98940065626730088052E+0000  0.00000000000000000000E+0000  0.00000000000000000000E+0000  0.00000000000000000000E+0000 -1.15975896000348313716E-0002
 1.14600000000000000000E-0007  0.00000000000000000000E+0000  1.46514840141748684319E-0002  4.77637574339938252042E-0003  1.46514840141748684319E-0002  1.04999999999999999996E+0000  1.44299518639527127122E+0000  1.51645948459255514344E+0000  1.38234502931108778757E+0000  0.00000000000000000000E+0000  2.34433159148802059510E+0002  0.00000000000000000000E+0000  2.69329452398837646005E-0039  2.77697909616949270980E-0002  1.94358130630403775804E-0033  0.00000000000000000000E+0000  2.29366869486496268590E+0002  0.00000000000000000000E+0000  0.00000000000000000000E+0000  2.28249710071691123164E+0002  0.00000000000000000000E+0000  0.00000000000000000000E+0000  0.00000000000000000000E+0000  0.00000000000000000000E+0000  0.00000000000000000000E+0000 -2.98803636503641830563E-0006 -2.98950638713877520688E+0000  0.00000000000000000000E+0000  0.00000000000000000000E+0000  0.00000000000000000000E+0000 -1.20289973135484319264E-0002
 1.16900000000000000000E-0007  0.00000000000000000000E+0000  1.56347137846353311089E-0002  4.61810333909904960460E-0003  1.56347137846353311089E-0002  1.04999999999999999996E+0000  1.44300729818563861081E+0000  1.51647530654999352457E+0000  1.38236297754160485465E+0000  0.00000000000000000000E+0000  2.34433159148802059510E+0002  0.00000000000000000000E+0000  2.69460121734609221624E-0039  2.77862924293226130870E-0002  1.94502350628429305084E-0033  0.00000000000000000000E+0000  2.29430135232429071895E+0002  0.00000000000000000000E+0000  0.00000000000000000000E+0000  2.28327823665631221783E+0002  0.00000000000000000000E+0000  0.00000000000000000000E+0000  0.00000000000000000000E+0000  0.00000000000000000000E+0000  0.00000000000000000000E+0000 -3.02536305051898649939E-0006 -2.98946625340554754543E+0000  0.00000000000000000000E+0000  0.00000000000000000000E+0000  0.00000000000000000000E+0000 -1.24476271925200993094E-0002
 1.19200000000000000000E-0007  0.00000000000000000000E+0000  1.65478399730993668395E-0002  4.46588862247731651517E-0003  1.65478399730993668395E-0002  1.04999999999999999996E+0000  1.44301904004616359271E+0000  1.51649064929478578434E+0000  1.38238038268201364391E+0000  0.00000000000000000000E+0000  2.34433159148802059510E+0002  0.00000000000000000000E+0000  2.69586855385901906804E-0039  2.78023027756866423764E-0002  1.94642311614428360614E-0033  0.00000000000000000000E+0000  2.29491122218916027531E+0002  0.00000000000000000000E+0000  0.00000000000000000000E+0000  2.28404076721825848265E+0002  0.00000000000000000000E+0000  0.00000000000000000000E+0000  0.00000000000000000000E+0000  0.00000000000000000000E+0000  0.00000000000000000000E+0000 -2.95819952526227415462E-0006 -2.98956251633668451803E+0000  0.00000000000000000000E+0000  0.00000000000000000000E+0000  0.00000000000000000000E+0000 -1.28351126847861131051E-0002
 1.21599999999999999997E-0007  0.00000000000000000000E+0000  1.74465686883879546553E-0002  4.31127019191537556501E-0003  1.74465686883879546553E-0002  1.04999999999999999996E+0000  1.44303090408867512617E+0000  1.51650615512446415209E+0000  1.38239797288208792381E+0000  0.00000000000000000000E+0000  2.34433159148802059510E+0002  0.00000000000000000000E+0000  2.69714965738521648675E-0039  2.78184924753762430331E-0002  1.94783869032676296897E-0033  0.00000000000000000000E+0000  2.29552517539941975652E+0002  0.00000000000000000000E+0000  0.00000000000000000000E+0000  2.28481422626341141052E+0002  0.00000000000000000000E+0000  0.00000000000000000000E+0000  0.00000000000000000000E+0000  0.00000000000000000000E+0000  0.00000000000000000000E+0000 -2.98687495709533144123E-0006 -2.98953410719974646916E+0000  0.00000000000000000000E+0000  0.00000000000000000000E+0000  0.00000000000000000000E+0000 -1.32093200140644307465E-0002
 1.24099999999999999998E-0007  0.00000000000000000000E+0000  1.82821216238412127527E-0002  4.15666522455246010374E-0003  1.82821216238412127527E-0002  1.04999999999999999996E+0000  1.44304285386958940898E+0000  1.51652177613655804835E+0000  1.38241569305984817687E+0000  0.00000000000000000000E+0000  2.34433159148802059510E+0002  0.00000000000000000000E+0000  2.69844057458020380857E-0039  2.78348114396795504143E-0002  1.94926579443012546127E-0033  0.00000000000000000000E+0000  2.29614042640866196338E+0002  0.00000000000000000000E+0000  0.00000000000000000000E+0000  2.28559768158233435703E+0002  0.00000000000000000000E+0000  0.00000000000000000000E+0000  0.00000000000000000000E+0000  0.00000000000000000000E+0000  0.00000000000000000000E+0000 -2.74257841515362957611E-0006 -2.98986234412217420338E+0000  0.00000000000000000000E+0000  0.00000000000000000000E+0000  0.00000000000000000000E+0000 -1.35666662306458259151E-0002
 1.26499999999999999995E-0007  0.00000000000000000000E+0000  1.90816378748280506029E-0002  4.01284293648952373429E-0003  1.90816378748280506029E-0002  1.04999999999999999996E+0000  1.44305396352250230030E+0000  1.51653630113345701269E+0000  1.38243216885770396954E+0000  0.00000000000000000000E+0000  2.34433159148802059510E+0002  0.00000000000000000000E+0000  2.69964125699567541734E-0039  2.78499939435037512283E-0002  1.95059367102089319366E-0033  0.00000000000000000000E+0000  2.29670846246934251544E+0002  0.00000000000000000000E+0000  0.00000000000000000000E+0000  2.28633213589540626176E+0002  0.00000000000000000000E+0000  0.00000000000000000000E+0000  0.00000000000000000000E+0000  0.00000000000000000000E+0000  0.00000000000000000000E+0000 -2.83246237586293453754E-0006 -2.98975419969191343983E+0000  0.00000000000000000000E+0000  0.00000000000000000000E+0000  0.00000000000000000000E+0000 -1.38851763459355433045E-0002
 1.29099999999999999999E-0007  0.00000000000000000000E+0000  1.98377036468843657028E-0002  3.86226111608515679414E-0003  1.98377036468843657028E-0002  1.04999999999999999996E+0000  1.44306558803653957161E+0000  1.51655150110047018169E+0000  1.38244940870102563275E+0000  0.00000000000000000000E+0000  2.34433159148802059510E+0002  0.00000000000000000000E+0000  2.70089811722073319001E-0039  2.78658908607432202412E-0002  1.95198415072275528353E-0033  0.00000000000000000000E+0000  2.29730164459890604869E+0002  0.00000000000000000000E+0000  0.00000000000000000000E+0000  2.28710137206675885882E+0002  0.00000000000000000000E+0000  0.00000000000000000000E+0000  0.00000000000000000000E+0000  0.00000000000000000000E+0000  0.00000000000000000000E+0000 -2.67990244258010895015E-0006 -2.98996321784254323693E+0000  0.00000000000000000000E+0000  0.00000000000000000000E+0000  0.00000000000000000000E+0000 -1.42002117221561256199E-0002
 1.31700000000000000003E-0007  0.00000000000000000000E+0000  2.05626562426846797075E-0002  3.71782835977817458145E-0003  2.05626562426846797075E-0002  1.04999999999999999996E+0000  1.44307681642051483341E+0000  1.51656618454310659926E+0000  1.38246606057971034207E+0000  0.00000000000000000000E+0000  2.34433159148802059510E+0002  0.00000000000000000000E+0000  2.70211265044203689465E-0039  2.78812560812301972562E-0002  1.95332818849641675664E-0033  0.00000000000000000000E+0000  2.29787038614531902880E+0002  0.00000000000000000000E+0000  0.00000000000000000000E+0000  2.28785071824294194948E+0002  0.00000000000000000000E+0000  0.00000000000000000000E+0000  0.00000000000000000000E+0000  0.00000000000000000000E+0000  0.00000000000000000000E+0000 -2.60733602992653511356E-0006 -2.99006795972538507887E+0000  0.00000000000000000000E+0000  0.00000000000000000000E+0000  0.00000000000000000000E+0000 -1.44889957582360918586E-0002
 1.34299999999999999994E-0007  0.00000000000000000000E+0000  2.12736767245496572815E-0002  3.57792750656919813513E-0003  2.12736767245496572815E-0002  1.04999999999999999996E+0000  1.44308766457173991485E+0000  1.51658037155570609464E+0000  1.38248214719964396193E+0000  0.00000000000000000000E+0000  2.34433159148802059510E+0002  0.00000000000000000000E+0000  2.70328654794027818107E-0039  2.78961102058272287235E-0002  1.95462754674050798370E-0033  0.00000000000000000000E+0000  2.29841703904012624335E+0002  0.00000000000000000000E+0000  0.00000000000000000000E+0000  2.28857852953337380000E+0002  0.00000000000000000000E+0000  0.00000000000000000000E+0000  0.00000000000000000000E+0000  0.00000000000000000000E+0000  0.00000000000000000000E+0000 -2.78556539218014763416E-0006 -2.98984550810470605504E+0000  0.00000000000000000000E+0000  0.00000000000000000000E+0000  0.00000000000000000000E+0000 -1.47546243652118222884E-0002
 1.37000000000000000002E-0007  0.00000000000000000000E+0000  2.18839225969115413590E-0002  3.43967784081796568686E-0003  2.18839225969115413590E-0002  1.04999999999999999996E+0000  1.44309853202781799089E+0000  1.51659458447058845515E+0000  1.38249826031749824143E+0000  0.00000000000000000000E+0000  2.34433159148802059510E+0002  0.00000000000000000000E+0000  2.70446298053312370712E-0039  2.79109992721671073595E-0002  1.95592994075641648213E-0033  0.00000000000000000000E+0000  2.29896226040897747281E+0002  0.00000000000000000000E+0000  0.00000000000000000000E+0000  2.28931053127907196326E+0002  0.00000000000000000000E+0000  0.00000000000000000000E+0000  0.00000000000000000000E+0000  0.00000000000000000000E+0000  0.00000000000000000000E+0000 -2.54605709992810374304E-0006 -2.99016865187515530340E+0000  0.00000000000000000000E+0000  0.00000000000000000000E+0000  0.00000000000000000000E+0000 -1.50030288696926845663E-0002
 1.39699999999999999997E-0007  0.00000000000000000000E+0000  2.25232546800361593966E-0002  3.30459674538298758029E-0003  2.25232546800361593966E-0002  1.04999999999999999996E+0000  1.44310901889449004324E+0000  1.51660829971025480384E+0000  1.38251380631576706738E+0000  0.00000000000000000000E+0000  2.34433159148802059510E+0002  0.00000000000000000000E+0000  2.70559867392727590787E-0039  2.79253750289471031718E-0002  1.95718738925955583486E-0033  0.00000000000000000000E+0000  2.29948498851635006551E+0002  0.00000000000000000000E+0000  0.00000000000000000000E+0000  2.29002173128958898332E+0002  0.00000000000000000000E+0000  0.00000000000000000000E+0000  0.00000000000000000000E+0000  0.00000000000000000000E+0000  0.00000000000000000000E+0000 -2.71399751702351038129E-0006 -2.98996019909177373434E+0000  0.00000000000000000000E+0000  0.00000000000000000000E+0000  0.00000000000000000000E+0000 -1.52311091028536770377E-0002
 1.42499999999999999996E-0007  0.00000000000000000000E+0000  2.30559624869885924250E-0002  3.17241273391942236348E-0003  2.30559624869885924250E-0002  1.04999999999999999996E+0000  1.44311949736184053170E+0000  1.51662200396240931207E+0000  1.38252933639033082536E+0000  0.00000000000000000000E+0000  2.34433159148802059510E+0002  0.00000000000000000000E+0000  2.70673386743448439037E-0039  2.79397466637981821407E-0002  1.95844438819509461508E-0033  0.00000000000000000000E+0000  2.30000490414650282656E+0002  0.00000000000000000000E+0000  0.00000000000000000000E+0000  2.29073519322141435944E+0002  0.00000000000000000000E+0000  0.00000000000000000000E+0000  0.00000000000000000000E+0000  0.00000000000000000000E+0000  0.00000000000000000000E+0000 -2.47411658058382648162E-0006 -2.99028441303432973943E+0000  0.00000000000000000000E+0000  0.00000000000000000000E+0000  0.00000000000000000000E+0000 -1.54417731034599614485E-0002
 1.45399999999999999998E-0007  0.00000000000000000000E+0000  2.36058692845818208062E-0002  3.03873241073953914263E-0003  2.36058692845818208062E-0002  1.04999999999999999996E+0000  1.44312994279304174412E+0000  1.51663566449517479547E+0000  1.38254481324687125438E+0000  0.00000000000000000000E+0000  2.34433159148802059510E+0002  0.00000000000000000000E+0000  2.70786592180625732379E-0039  2.79540803675231944908E-0002  1.95969795475445065638E-0033  0.00000000000000000000E+0000  2.30052014754844912525E+0002  0.00000000000000000000E+0000  0.00000000000000000000E+0000  2.29145039389453607948E+0002  0.00000000000000000000E+0000  0.00000000000000000000E+0000  0.00000000000000000000E+0000  0.00000000000000000000E+0000  0.00000000000000000000E+0000 -2.46298714165433536999E-0006 -2.99031061198781892944E+0000  0.00000000000000000000E+0000  0.00000000000000000000E+0000  0.00000000000000000000E+0000 -1.56387941270362982225E-0002
 1.48300000000000000000E-0007  0.00000000000000000000E+0000  2.41471558041136071494E-0002  2.91144942873030670460E-0003  2.41471558041136071494E-0002  1.04999999999999999996E+0000  1.44313999789110974383E+0000  1.51664881380970240955E+0000  1.38255970716867367771E+0000  0.00000000000000000000E+0000  2.34433159148802059510E+0002  0.00000000000000000000E+0000  2.70895607723981084542E-0039  2.79678850726783074388E-0002  1.96090512406204521233E-0033  0.00000000000000000000E+0000  2.30101275685231645998E+0002  0.00000000000000000000E+0000  0.00000000000000000000E+0000  2.29214358732642778840E+0002  0.00000000000000000000E+0000  0.00000000000000000000E+0000  0.00000000000000000000E+0000  0.00000000000000000000E+0000  0.00000000000000000000E+0000 -2.62990432647722937292E-0006 -2.99010458764534360924E+0000  0.00000000000000000000E+0000  0.00000000000000000000E+0000  0.00000000000000000000E+0000 -1.58151424482895317335E-0002
 1.51200000000000000003E-0007  0.00000000000000000000E+0000  2.45938207496510224474E-0002  2.79110072503848857119E-0003  2.45938207496510224474E-0002  1.04999999999999999996E+0000  1.44314967588498389958E+0000  1.51666146925700172701E+0000  1.38257403776851404975E+0000  0.00000000000000000000E+0000  2.34433159148802059510E+0002  0.00000000000000000000E+0000  2.71000569951695088006E-0039  2.79811778906948936992E-0002  1.96206737476294612396E-0033  0.00000000000000000000E+0000  2.30148416815844019806E+0002  0.00000000000000000000E+0000  0.00000000000000000000E+0000  2.29281431814060787613E+0002  0.00000000000000000000E+0000  0.00000000000000000000E+0000  0.00000000000000000000E+0000  0.00000000000000000000E+0000  0.00000000000000000000E+0000 -2.55550093935910534572E-0006 -2.99021357701963295212E+0000  0.00000000000000000000E+0000  0.00000000000000000000E+0000  0.00000000000000000000E+0000 -1.59697000729741410560E-0002
 1.54299999999999999999E-0007  0.00000000000000000000E+0000  2.50008358744540461236E-0002  2.66608951942754616395E-0003  2.50008358744540461236E-0002  1.04999999999999999996E+0000  1.44315960764447322314E+0000  1.51667445535285744002E+0000  1.38258873844553099885E+0000  0.00000000000000000000E+0000  2.34433159148802059510E+0002  0.00000000000000000000E+0000  2.71108321757766516359E-0039  2.79948250854192890733E-0002  1.96326042023246337116E-0033  0.00000000000000000000E+0000  2.30196594018396806416E+0002  0.00000000000000000000E+0000  0.00000000000000000000E+0000  2.29350459810592812684E+0002  0.00000000000000000000E+0000  0.00000000000000000000E+0000  0.00000000000000000000E+0000  0.00000000000000000000E+0000  0.00000000000000000000E+0000 -2.37054696160349262248E-0006 -2.99046770573705557815E+0000  0.00000000000000000000E+0000  0.00000000000000000000E+0000  0.00000000000000000000E+0000 -1.61136301445866390506E-0002
 1.57300000000000000005E-0007  0.00000000000000000000E+0000  2.54166269472077764123E-0002  2.55077891336002543540E-0003  2.54166269472077764123E-0002  1.04999999999999999996E+0000  1.44316884851143155085E+0000  1.51668653696792254774E+0000  1.38260241112193803530E+0000  0.00000000000000000000E+0000  2.34433159148802059510E+0002  0.00000000000000000000E+0000  2.71208611728301662257E-0039  2.80075281709293070022E-0002  1.96437074670957571458E-0033  0.00000000000000000000E+0000  2.30241013404826218497E+0002  0.00000000000000000000E+0000  0.00000000000000000000E+0000  2.29415301272694529322E+0002  0.00000000000000000000E+0000  0.00000000000000000000E+0000  0.00000000000000000000E+0000  0.00000000000000000000E+0000  0.00000000000000000000E+0000 -2.45566380642088012582E-0006 -2.99036913728502990297E+0000  0.00000000000000000000E+0000  0.00000000000000000000E+0000  0.00000000000000000000E+0000 -1.62352101806865902495E-0002
 1.60500000000000000005E-0007  0.00000000000000000000E+0000  2.57479353330408546100E-0002  2.43375373578920797709E-0003  2.57479353330408546100E-0002  1.04999999999999999996E+0000  1.44317829994047428649E+0000  1.51669889238482124454E+0000  1.38261638914606296792E+0000  0.00000000000000000000E+0000  2.34433159148802059510E+0002  0.00000000000000000000E+0000  2.71311219623046568029E-0039  2.80205255576029812316E-0002  1.96550657867258687832E-0033  0.00000000000000000000E+0000  2.30286302520886443909E+0002  0.00000000000000000000E+0000  0.00000000000000000000E+0000  2.29481709559521845507E+0002  0.00000000000000000000E+0000  0.00000000000000000000E+0000  0.00000000000000000000E+0000  0.00000000000000000000E+0000  0.00000000000000000000E+0000 -2.27375650211437640089E-0006 -2.99061988755350045398E+0000  0.00000000000000000000E+0000  0.00000000000000000000E+0000  0.00000000000000000000E+0000 -1.63439845954666763552E-0002
 1.63700000000000000006E-0007  0.00000000000000000000E+0000  2.61191033840855759614E-0002  2.32068381940215716277E-0003  2.61191033840855759614E-0002  1.04999999999999999996E+0000  1.44318736516688260571E+0000  1.51671074133689817731E+0000  1.38262978983684056483E+0000  0.00000000000000000000E+0000  2.34433159148802059510E+0002  0.00000000000000000000E+0000  2.71409666990392855208E-0039  2.80329964649769931868E-0002  1.96659618675815283732E-0033  0.00000000000000000000E+0000  2.30329378572457973154E+0002  0.00000000000000000000E+0000  0.00000000000000000000E+0000  2.29545930517015366823E+0002  0.00000000000000000000E+0000  0.00000000000000000000E+0000  0.00000000000000000000E+0000  0.00000000000000000000E+0000  0.00000000000000000000E+0000 -2.41591953539387103954E-0006 -2.99044786042166053008E+0000  0.00000000000000000000E+0000  0.00000000000000000000E+0000  0.00000000000000000000E+0000 -1.64359710389677583464E-0002
 1.66999999999999999997E-0007  0.00000000000000000000E+0000  2.64196066128942390053E-0002  2.21160262142149291595E-0003  2.64196066128942390053E-0002  1.04999999999999999996E+0000  1.44319631942922294205E+0000  1.51672244359800750888E+0000  1.38264302004528949529E+0000  0.00000000000000000000E+0000  2.34433159148802059510E+0002  0.00000000000000000000E+0000  2.71506938133450744984E-0039  2.80453188245092403647E-0002  1.96767258181972703310E-0033  0.00000000000000000000E+0000  2.30371698889551036041E+0002  0.00000000000000000000E+0000  0.00000000000000000000E+0000  2.29609628220959473388E+0002  0.00000000000000000000E+0000  0.00000000000000000000E+0000  0.00000000000000000000E+0000  0.00000000000000000000E+0000  0.00000000000000000000E+0000 -2.39728564162292875788E-0006 -2.99048614771952120297E+0000  0.00000000000000000000E+0000  0.00000000000000000000E+0000  0.00000000000000000000E+0000 -1.65114361160109343488E-0002
 1.70300000000000000001E-0007  0.00000000000000000000E+0000  2.66686485464615274160E-0002  2.10804338095977725612E-0003  2.66686485464615274160E-0002  1.04999999999999999996E+0000  1.44320489569003409841E+0000  1.51673365034692944175E+0000  1.38265568548840039637E+0000  0.00000000000000000000E+0000  2.34433159148802059510E+0002  0.00000000000000000000E+0000  2.71600129337080341495E-0039  2.80571247973603755622E-0002  1.96870363332685765109E-0033  0.00000000000000000000E+0000  2.30411931957663147191E+0002  0.00000000000000000000E+0000  0.00000000000000000000E+0000  2.29671052790473421173E+0002  0.00000000000000000000E+0000  0.00000000000000000000E+0000  0.00000000000000000000E+0000  0.00000000000000000000E+0000  0.00000000000000000000E+0000 -2.31448555141644237430E-0006 -2.99060826072277903130E+0000  0.00000000000000000000E+0000  0.00000000000000000000E+0000  0.00000000000000000000E+0000 -1.65690208922881411078E-0002
 1.73699999999999999995E-0007  0.00000000000000000000E+0000  2.68972174082082191865E-0002  2.00473935238662358681E-0003  2.68972174082082191865E-0002  1.04999999999999999996E+0000  1.44321334900746300097E+0000  1.51674469460262674816E+0000  1.38266816281099784122E+0000  0.00000000000000000000E+0000  2.34433159148802059510E+0002  0.00000000000000000000E+0000  2.71692011074716446894E-0039  2.80687650427343911735E-0002  1.96971997314903117513E-0033  0.00000000000000000000E+0000  2.30451371580790319332E+0002  0.00000000000000000000E+0000  0.00000000000000000000E+0000  2.29731846809149249461E+0002  0.00000000000000000000E+0000  0.00000000000000000000E+0000  0.00000000000000000000E+0000  0.00000000000000000000E+0000  0.00000000000000000000E+0000 -2.28197527390763185690E-0006 -2.99066520971486140114E+0000  0.00000000000000000000E+0000  0.00000000000000000000E+0000  0.00000000000000000000E+0000 -1.66121520165434211105E-0002
 1.77200000000000000006E-0007  0.00000000000000000000E+0000  2.70978380406792438229E-0002  1.90460724730175149892E-0003  2.70978380406792438229E-0002  1.04999999999999999996E+0000  1.44322166361622424512E+0000  1.51675555576354036580E+0000  1.38268042868721022925E+0000  0.00000000000000000000E+0000  2.34433159148802059510E+0002  0.00000000000000000000E+0000  2.71782409449848657346E-0039  2.80802174792165236712E-0002  1.97071966729954536243E-0033  0.00000000000000000000E+0000  2.30489903145493610692E+0002  0.00000000000000000000E+0000  0.00000000000000000000E+0000  2.29791978912505105825E+0002  0.00000000000000000000E+0000  0.00000000000000000000E+0000  0.00000000000000000000E+0000  0.00000000000000000000E+0000  0.00000000000000000000E+0000 -2.25102355696096903129E-0006 -2.99072060221774883230E+0000  0.00000000000000000000E+0000  0.00000000000000000000E+0000  0.00000000000000000000E+0000 -1.66396509681649905718E-0002
 1.80700000000000000005E-0007  0.00000000000000000000E+0000  2.72495102371756921255E-0002  1.81083739631646405678E-0003  2.72495102371756921255E-0002  1.04999999999999999996E+0000  1.44322960776983292609E+0000  1.51676593137172118593E+0000  1.38269214167843156559E+0000  0.00000000000000000000E+0000  2.34433159148802059510E+0002  0.00000000000000000000E+0000  2.71868801714804164854E-0039  2.80911625861060223182E-0002  1.97167483234688038643E-0033  0.00000000000000000000E+0000  2.30526436827463075935E+0002  0.00000000000000000000E+0000  0.00000000000000000000E+0000  2.29849822686422680731E+0002  0.00000000000000000000E+0000  0.00000000000000000000E+0000  0.00000000000000000000E+0000  0.00000000000000000000E+0000  0.00000000000000000000E+0000 -2.16758418335416302208E-0006 -2.99084455258129305833E+0000  0.00000000000000000000E+0000  0.00000000000000000000E+0000  0.00000000000000000000E+0000 -1.66506901935591478070E-0002
 1.84399999999999999997E-0007  0.00000000000000000000E+0000  2.73956678861688513303E-0002  1.71398474100804264054E-0003  2.73956678861688513303E-0002  1.04999999999999999996E+0000  1.44323761287046940240E+0000  1.51677638438993618727E+0000  1.38270393752739163622E+0000  0.00000000000000000000E+0000  2.34433159148802059510E+0002  0.00000000000000000000E+0000  2.71955879653850470280E-0039  2.81021943579256744518E-0002  1.97263730986680132782E-0033  0.00000000000000000000E+0000  2.30563068469223683227E+0002  0.00000000000000000000E+0000  0.00000000000000000000E+0000  2.29908290622755305990E+0002  0.00000000000000000000E+0000  0.00000000000000000000E+0000  0.00000000000000000000E+0000  0.00000000000000000000E+0000  0.00000000000000000000E+0000 -2.17507411890854086856E-0006 -2.99085068302905514185E+0000  0.00000000000000000000E+0000  0.00000000000000000000E+0000  0.00000000000000000000E+0000 -1.66476580240051501891E-0002
 1.87999999999999999999E-0007  0.00000000000000000000E+0000  2.75291281233164261431E-0002  1.62769359054821841602E-0003  2.75291281233164261431E-0002  1.04999999999999999996E+0000  1.44324504687656808262E+0000  1.51678609004157241807E+0000  1.38271488569413760264E+0000  0.00000000000000000000E+0000  2.34433159148802059510E+0002  0.00000000000000000000E+0000  2.72036763663255627692E-0039  2.81124415181535132293E-0002  1.97353110035710681817E-0033  0.00000000000000000000E+0000  2.30596757293461236904E+0002  0.00000000000000000000E+0000  0.00000000000000000000E+0000  2.29963093837087044213E+0002  0.00000000000000000000E+0000  0.00000000000000000000E+0000  0.00000000000000000000E+0000  0.00000000000000000000E+0000  0.00000000000000000000E+0000 -2.25790071310692416201E-0006 -2.99075816105729912534E+0000  0.00000000000000000000E+0000  0.00000000000000000000E+0000  0.00000000000000000000E+0000 -1.66293628385632810428E-0002
 1.91799999999999999995E-0007  0.00000000000000000000E+0000  2.75532413442850727702E-0002  1.54196381595330588560E-0003  2.75532413442850727702E-0002  1.04999999999999999996E+0000  1.44325251575453279913E+0000  1.51679583936288541694E+0000  1.38272587860131452046E+0000  0.00000000000000000000E+0000  2.34433159148802059510E+0002  0.00000000000000000000E+0000  2.72118044135158557875E-0039  2.81227388205255855830E-0002  1.97442901620361490266E-0033  0.00000000000000000000E+0000  2.30630470095101818132E+0002  0.00000000000000000000E+0000  0.00000000000000000000E+0000  2.30018248453002371948E+0002  0.00000000000000000000E+0000  0.00000000000000000000E+0000  0.00000000000000000000E+0000  0.00000000000000000000E+0000  0.00000000000000000000E+0000 -2.05590996389800722473E-0006 -2.99103811481328779359E+0000  0.00000000000000000000E+0000  0.00000000000000000000E+0000  0.00000000000000000000E+0000 -1.65945728977021114750E-0002
 1.95600000000000000005E-0007  0.00000000000000000000E+0000  2.76353502656533571019E-0002  1.45756830066346647420E-0003  2.76353502656533571019E-0002  1.04999999999999999996E+0000  1.44325962746720833974E+0000  1.51680512055638765426E+0000  1.38273633955085577067E+0000  0.00000000000000000000E+0000  2.34433159148802059510E+0002  0.00000000000000000000E+0000  2.72195455422457900913E-0039  2.81325457517434458696E-0002  1.97528394692981795612E-0033  0.00000000000000000000E+0000  2.30662284714369456212E+0002  0.00000000000000000000E+0000  0.00000000000000000000E+0000  2.30071191161648482409E+0002  0.00000000000000000000E+0000  0.00000000000000000000E+0000  0.00000000000000000000E+0000  0.00000000000000000000E+0000  0.00000000000000000000E+0000 -2.16821062890846595532E-0006 -2.99090796032472407270E+0000  0.00000000000000000000E+0000  0.00000000000000000000E+0000  0.00000000000000000000E+0000 -1.65473362830926507008E-0002
 1.99500000000000000005E-0007  0.00000000000000000000E+0000  2.76432806570616237263E-0002  1.37963379001080609120E-0003  2.76432806570616237263E-0002  1.04999999999999999996E+0000  1.44326656746735589888E+0000  1.51681417586331083644E+0000  1.38274654170272100423E+0000  0.00000000000000000000E+0000  2.34433159148802059510E+0002  0.00000000000000000000E+0000  2.72271011525506664772E-0039  2.81421175145142134372E-0002  1.97611814837090626860E-0033  0.00000000000000000000E+0000  2.30693144469443130934E+0002  0.00000000000000000000E+0000  0.00000000000000000000E+0000  2.30123075502147108842E+0002  0.00000000000000000000E+0000  0.00000000000000000000E+0000  0.00000000000000000000E+0000  0.00000000000000000000E+0000  0.00000000000000000000E+0000 -2.12730746108145397182E-0006 -2.99097811756406242061E+0000  0.00000000000000000000E+0000  0.00000000000000000000E+0000  0.00000000000000000000E+0000 -1.64845209098540718896E-0002
 2.03499999999999999995E-0007  0.00000000000000000000E+0000  2.76204973714794716987E-0002  1.30332037014905658146E-0003  2.76204973714794716987E-0002  1.04999999999999999996E+0000  1.44327332703041327940E+0000  1.51682299396534975148E+0000  1.38275647244647118352E+0000  0.00000000000000000000E+0000  2.34433159148802059510E+0002  0.00000000000000000000E+0000  2.72344616605256627822E-0039  2.81514419596193982916E-0002  1.97693057080019322623E-0033  0.00000000000000000000E+0000  2.30722986123168676664E+0002  0.00000000000000000000E+0000  0.00000000000000000000E+0000  2.30173896672187794102E+0002  0.00000000000000000000E+0000  0.00000000000000000000E+0000  0.00000000000000000000E+0000  0.00000000000000000000E+0000  0.00000000000000000000E+0000 -2.07885267658953035091E-0006 -2.99105851752787104065E+0000  0.00000000000000000000E+0000  0.00000000000000000000E+0000  0.00000000000000000000E+0000 -1.64070476662768708949E-0002
 2.07600000000000000002E-0007  0.00000000000000000000E+0000  2.75669234091001657861E-0002  1.23001912817627174905E-0003  2.75669234091001657861E-0002  1.04999999999999999996E+0000  1.44327989861737463492E+0000  1.51683156509330637656E+0000  1.38276612095464318975E+0000  0.00000000000000000000E+0000  2.34433159148802059510E+0002  0.00000000000000000000E+0000  2.72416187000145051119E-0039  2.81605084768464035960E-0002  1.97772030122625060834E-0033  0.00000000000000000000E+0000  2.30751787151704401621E+0002  0.00000000000000000000E+0000  0.00000000000000000000E+0000  2.30223585710890933487E+0002  0.00000000000000000000E+0000  0.00000000000000000000E+0000  0.00000000000000000000E+0000  0.00000000000000000000E+0000  0.00000000000000000000E+0000 -2.02758065734335460675E-0006 -2.99114296125538804780E+0000  0.00000000000000000000E+0000  0.00000000000000000000E+0000  0.00000000000000000000E+0000 -1.63149667843346868106E-0002
 2.11800000000000000000E-0007  0.00000000000000000000E+0000  2.74827095051516827676E-0002  1.15979465414401152457E-0003  2.74827095051516827676E-0002  1.04999999999999999996E+0000  1.44328627578091362143E+0000  1.51683988092192388630E+0000  1.38277547804882704576E+0000  0.00000000000000000000E+0000  2.34433159148802059510E+0002  0.00000000000000000000E+0000  2.72485650886134091943E-0039  2.81693079675536004164E-0002  1.97848656016383612043E-0033  0.00000000000000000000E+0000  2.30779530841614730699E+0002  0.00000000000000000000E+0000  0.00000000000000000000E+0000  2.30272080625324518419E+0002  0.00000000000000000000E+0000  0.00000000000000000000E+0000  0.00000000000000000000E+0000  0.00000000000000000000E+0000  0.00000000000000000000E+0000 -1.97401706552620922261E-0006 -2.99123074513043188177E+0000  0.00000000000000000000E+0000  0.00000000000000000000E+0000  0.00000000000000000000E+0000 -1.62084038758096073637E-0002
 2.15999999999999999998E-0007  0.00000000000000000000E+0000  2.73600194021136142564E-0002  1.09547625160851496755E-0003  2.73600194021136142564E-0002  1.04999999999999999996E+0000  1.44329231653323909442E+0000  1.51684775663682674528E+0000  1.38278433606249797055E+0000  0.00000000000000000000E+0000  2.34433159148802059510E+0002  0.00000000000000000000E+0000  2.72551459337377257025E-0039  2.81776443690458418803E-0002  1.97921229524972885537E-0033  0.00000000000000000000E+0000  2.30805597157704486561E+0002  0.00000000000000000000E+0000  0.00000000000000000000E+0000  2.30318330015134172709E+0002  0.00000000000000000000E+0000  0.00000000000000000000E+0000  0.00000000000000000000E+0000  0.00000000000000000000E+0000  0.00000000000000000000E+0000 -1.88436258944638150120E-0006 -2.99136556607954785586E+0000  0.00000000000000000000E+0000  0.00000000000000000000E+0000  0.00000000000000000000E+0000 -1.60897791033523755875E-0002
 2.20300000000000000000E-0007  0.00000000000000000000E+0000  2.72746425690110697179E-0002  1.02865547662071089757E-0003  2.72746425690110697179E-0002  1.04999999999999999996E+0000  1.44329817010099085745E+0000  1.51685538640362614410E+0000  1.38279291406892467029E+0000  0.00000000000000000000E+0000  2.34433159148802059510E+0002  0.00000000000000000000E+0000  2.72615238628490853414E-0039  2.81857233037223587465E-0002  1.97991544234388498592E-0033  0.00000000000000000000E+0000  2.30830698528146338475E+0002  0.00000000000000000000E+0000  0.00000000000000000000E+0000  2.30363339669935264620E+0002  0.00000000000000000000E+0000  0.00000000000000000000E+0000  0.00000000000000000000E+0000  0.00000000000000000000E+0000  0.00000000000000000000E+0000 -2.01437700437554516941E-0006 -2.99121401536993517640E+0000  0.00000000000000000000E+0000  0.00000000000000000000E+0000  0.00000000000000000000E+0000 -1.59595403001654596796E-0002
 2.24700000000000000005E-0007  0.00000000000000000000E+0000  2.71093812358902507393E-0002  9.71822233170509003363E-0004  2.71093812358902507393E-0002  1.04999999999999999996E+0000  1.44330383029984630149E+0000  1.51686276268214727768E+0000  1.38280120347109312506E+0000  0.00000000000000000000E+0000  2.34433159148802059510E+0002  0.00000000000000000000E+0000  2.72676916399086049620E-0039  2.81935359405900330114E-0002  1.98059523283247972493E-0033  0.00000000000000000000E+0000  2.30854790666935606777E+0002  0.00000000000000000000E+0000  0.00000000000000000000E+0000  2.30407109864583882694E+0002  0.00000000000000000000E+0000  0.00000000000000000000E+0000  0.00000000000000000000E+0000  0.00000000000000000000E+0000  0.00000000000000000000E+0000 -1.96439375471144892327E-0006 -2.99129765536486995369E+0000  0.00000000000000000000E+0000  0.00000000000000000000E+0000  0.00000000000000000000E+0000 -1.58144811181976166577E-0002
 2.29200000000000000001E-0007  0.00000000000000000000E+0000  2.69130556231541443656E-0002  9.15395461801209935141E-0004  2.69130556231541443656E-0002  1.04999999999999999996E+0000  1.44330929385178533409E+0000  1.51686988128872082696E+0000  1.38280919979794890873E+0000  0.00000000000000000000E+0000  2.34433159148802059510E+0002  0.00000000000000000000E+0000  2.72736457262312707710E-0039  2.82010778038354534693E-0002  1.98125129300050135690E-0033  0.00000000000000000000E+0000  2.30877872771037213756E+0002  0.00000000000000000000E+0000  0.00000000000000000000E+0000  2.30449601710482653516E+0002  0.00000000000000000000E+0000  0.00000000000000000000E+0000  0.00000000000000000000E+0000  0.00000000000000000000E+0000  0.00000000000000000000E+0000 -1.90315266620849684258E-0006 -2.99139625186054604940E+0000  0.00000000000000000000E+0000  0.00000000000000000000E+0000  0.00000000000000000000E+0000 -1.56565926602389767195E-0002
 2.33800000000000000000E-0007  0.00000000000000000000E+0000  2.66893607539887440400E-0002  8.61871475540176081303E-0004  2.66893607539887440400E-0002  1.04999999999999999996E+0000  1.44331455849596400462E+0000  1.51687673934442376151E+0000  1.38281690008201629577E+0000  0.00000000000000000000E+0000  2.34433159148802059510E+0002  0.00000000000000000000E+0000  2.72793835306354900459E-0039  2.82083455998540646255E-0002  1.98188335388876334130E-0033  0.00000000000000000000E+0000  2.30899948026915684124E+0002  0.00000000000000000000E+0000  0.00000000000000000000E+0000  2.30490782375871047810E+0002  0.00000000000000000000E+0000  0.00000000000000000000E+0000  0.00000000000000000000E+0000  0.00000000000000000000E+0000  0.00000000000000000000E+0000 -1.84019354930884334764E-0006 -2.99149733358863563417E+0000  0.00000000000000000000E+0000  0.00000000000000000000E+0000  0.00000000000000000000E+0000 -1.54860538684981402073E-0002
 2.38499999999999999991E-0007  0.00000000000000000000E+0000  2.64391947929865661202E-0002  8.11393013898307264579E-0004  2.64391947929865661202E-0002  1.04999999999999999996E+0000  1.44331962280732498441E+0000  1.51688333510182604355E+0000  1.38282430261127295206E+0000  0.00000000000000000000E+0000  2.34433159148802059510E+0002  0.00000000000000000000E+0000  2.72849033782008849121E-0039  2.82153372277764581701E-0002  1.98249124983926638754E-0033  0.00000000000000000000E+0000  2.30921023558380179699E+0002  0.00000000000000000000E+0000  0.00000000000000000000E+0000  2.30530625188803948572E+0002  0.00000000000000000000E+0000  0.00000000000000000000E+0000  0.00000000000000000000E+0000  0.00000000000000000000E+0000  0.00000000000000000000E+0000 -1.77630461451868077296E-0006 -2.99159984946686411202E+0000  0.00000000000000000000E+0000  0.00000000000000000000E+0000  0.00000000000000000000E+0000 -1.53032302107345389407E-0002
 2.43300000000000000011E-0007  0.00000000000000000000E+0000  2.61634037284659780011E-0002  7.63950439733413424029E-0004  2.61634037284659780011E-0002  1.04999999999999999996E+0000  1.44332448617019137220E+0000  1.51688966787971526821E+0000  1.38283140687181711065E+0000  0.00000000000000000000E+0000  2.34433159148802059510E+0002  0.00000000000000000000E+0000  2.72902044846649835801E-0039  2.82220517237372589529E-0002  1.98307491416664608475E-0033  0.00000000000000000000E+0000  2.30941110121752276679E+0002  0.00000000000000000000E+0000  0.00000000000000000000E+0000  2.30569109471296623967E+0002  0.00000000000000000000E+0000  0.00000000000000000000E+0000  0.00000000000000000000E+0000  0.00000000000000000000E+0000  0.00000000000000000000E+0000 -1.71178743437073019165E-0006 -2.99170338159555250436E+0000  0.00000000000000000000E+0000  0.00000000000000000000E+0000  0.00000000000000000000E+0000 -1.51085452401533561575E-0002
 2.48100000000000000004E-0007  0.00000000000000000000E+0000  2.59153083003660334516E-0002  7.18005643119500115663E-0004  2.59153083003660334516E-0002  1.04999999999999999996E+0000  1.44332906068226311965E+0000  1.51689562326770730632E+0000  1.38283808502439075456E+0000  0.00000000000000000000E+0000  2.34433159148802059510E+0002  0.00000000000000000000E+0000  2.72951910153861058330E-0039  2.82283676540532640811E-0002  1.98362381999370666433E-0033  0.00000000000000000000E+0000  2.30959849757646018417E+0002  0.00000000000000000000E+0000  0.00000000000000000000E+0000  2.30605552952963932523E+0002  0.00000000000000000000E+0000  0.00000000000000000000E+0000  0.00000000000000000000E+0000  0.00000000000000000000E+0000  0.00000000000000000000E+0000 -1.78927430176215642110E-0006 -2.99162140731642758342E+0000  0.00000000000000000000E+0000  0.00000000000000000000E+0000  0.00000000000000000000E+0000 -1.49070366983904282956E-0002
 2.53100000000000000006E-0007  0.00000000000000000000E+0000  2.56020084722269631828E-0002  6.77318879816326375074E-0004  2.56020084722269631828E-0002  1.04999999999999999996E+0000  1.44333353073361815480E+0000  1.51690144139135982325E+0000  1.38284460646911932179E+0000  0.00000000000000000000E+0000  2.34433159148802059510E+0002  0.00000000000000000000E+0000  2.73000637059877405051E-0039  2.82345392703182061876E-0002  1.98416007375506300671E-0033  0.00000000000000000000E+0000  2.30978053911893447828E+0002  0.00000000000000000000E+0000  0.00000000000000000000E+0000  2.30641291140528651840E+0002  0.00000000000000000000E+0000  0.00000000000000000000E+0000  0.00000000000000000000E+0000  0.00000000000000000000E+0000  0.00000000000000000000E+0000 -1.75383419070488114337E-0006 -2.99168729367934007387E+0000  0.00000000000000000000E+0000  0.00000000000000000000E+0000  0.00000000000000000000E+0000 -1.46907865227146381663E-0002
 2.58100000000000000007E-0007  0.00000000000000000000E+0000  2.53124832080736710928E-0002  6.38064208378943821276E-0004  2.53124832080736710928E-0002  1.04999999999999999996E+0000  1.44333772492383859468E+0000  1.51690689940463007096E+0000  1.38285072170233106945E+0000  0.00000000000000000000E+0000  2.34433159148802059510E+0002  0.00000000000000000000E+0000  2.73046357444362305025E-0039  2.82403300897402381369E-0002  1.98466314586653313762E-0033  0.00000000000000000000E+0000  2.30994979853622621660E+0002  0.00000000000000000000E+0000  0.00000000000000000000E+0000  2.30675091984493425126E+0002  0.00000000000000000000E+0000  0.00000000000000000000E+0000  0.00000000000000000000E+0000  0.00000000000000000000E+0000  0.00000000000000000000E+0000 -1.83363591289171141352E-0006 -2.99160257731853273925E+0000  0.00000000000000000000E+0000  0.00000000000000000000E+0000  0.00000000000000000000E+0000 -1.44683008184946749829E-0002
 2.63299999999999999990E-0007  0.00000000000000000000E+0000  2.48965518414199618262E-0002  6.07776117998903399432E-0004  2.48965518414199618262E-0002  1.04999999999999999996E+0000  1.44334180454511837386E+0000  1.51691220751956974493E+0000  1.38285666619000288040E+0000  0.00000000000000000000E+0000  2.34433159148802059510E+0002  0.00000000000000000000E+0000  2.73090826278143450498E-0039  2.82459625708148219480E-0002  1.98515236486237042818E-0033  0.00000000000000000000E+0000  2.31011344465921297689E+0002  0.00000000000000000000E+0000  0.00000000000000000000E+0000  2.30708093231072681836E+0002  0.00000000000000000000E+0000  0.00000000000000000000E+0000  0.00000000000000000000E+0000  0.00000000000000000000E+0000  0.00000000000000000000E+0000 -1.62338047997890443349E-0006 -2.99189680654076706721E+0000  0.00000000000000000000E+0000  0.00000000000000000000E+0000  0.00000000000000000000E+0000 -1.42310803086446707445E-0002
 2.68599999999999999989E-0007  0.00000000000000000000E+0000  2.45614481163206972356E-0002  5.67670866183213020065E-0004  2.45614481163206972356E-0002  1.04999999999999999996E+0000  1.44334569191743787044E+0000  1.51691726427826273675E+0000  1.38286232691177824253E+0000  0.00000000000000000000E+0000  2.34433159148802059510E+0002  0.00000000000000000000E+0000  2.73133200435430477697E-0039  2.82513295983467027891E-0002  1.98561845735980614226E-0033  0.00000000000000000000E+0000  2.31026807796702570497E+0002  0.00000000000000000000E+0000  0.00000000000000000000E+0000  2.30739761647966964572E+0002  0.00000000000000000000E+0000  0.00000000000000000000E+0000  0.00000000000000000000E+0000  0.00000000000000000000E+0000  0.00000000000000000000E+0000 -1.70635777755704987971E-0006 -2.99180845332493194530E+0000  0.00000000000000000000E+0000  0.00000000000000000000E+0000  0.00000000000000000000E+0000 -1.39860714096007193506E-0002
 2.73899999999999999988E-0007  0.00000000000000000000E+0000  2.41537547676537583348E-0002  5.43256018756775545079E-0004  2.41537547676537583348E-0002  1.04999999999999999996E+0000  1.44334932396236095831E+0000  1.51692198830066127041E+0000  1.38286761275155041853E+0000  0.00000000000000000000E+0000  2.34433159148802059510E+0002  0.00000000000000000000E+0000  2.73172787621638909095E-0039  2.82563439118977324353E-0002  1.98605385076484429429E-0033  0.00000000000000000000E+0000  2.31041138017908587884E+0002  0.00000000000000000000E+0000  0.00000000000000000000E+0000  2.30769555710565027015E+0002  0.00000000000000000000E+0000  0.00000000000000000000E+0000  0.00000000000000000000E+0000  0.00000000000000000000E+0000  0.00000000000000000000E+0000 -1.61696263232191957771E-0006 -2.99194474878972217205E+0000  0.00000000000000000000E+0000  0.00000000000000000000E+0000  0.00000000000000000000E+0000 -1.37353174469086719856E-0002
 2.79399999999999999994E-0007  0.00000000000000000000E+0000  2.37330564095557606880E-0002  5.12480630233649799631E-0004  2.37330564095557606880E-0002  1.04999999999999999996E+0000  1.44335283749218548687E+0000  1.51692655721597824414E+0000  1.38287272289887509325E+0000  0.00000000000000000000E+0000  2.34433159148802059510E+0002  0.00000000000000000000E+0000  2.73211081110527159023E-0039  2.82611943653037507704E-0002  1.98647496465059709836E-0033  0.00000000000000000000E+0000  2.31054918576748332976E+0002  0.00000000000000000000E+0000  0.00000000000000000000E+0000  2.30798488671219369658E+0002  0.00000000000000000000E+0000  0.00000000000000000000E+0000  0.00000000000000000000E+0000  0.00000000000000000000E+0000  0.00000000000000000000E+0000 -1.56137068227748271885E-0006 -2.99203726075965546045E+0000  0.00000000000000000000E+0000  0.00000000000000000000E+0000  0.00000000000000000000E+0000 -1.34735060450396621700E-0002
 2.84999999999999999992E-0007  0.00000000000000000000E+0000  2.33463148068947444843E-0002  4.83343486548422833573E-0004  2.33463148068947444843E-0002  1.04999999999999999996E+0000  1.44335616961931323485E+0000  1.51693088925967812001E+0000  1.38287756619507511179E+0000  0.00000000000000000000E+0000  2.34433159148802059510E+0002  0.00000000000000000000E+0000  2.73247394968326286972E-0039  2.82657940491126254470E-0002  1.98687426969375052991E-0033  0.00000000000000000000E+0000  2.31067880459295932977E+0002  0.00000000000000000000E+0000  0.00000000000000000000E+0000  2.30826123399092662553E+0002  0.00000000000000000000E+0000  0.00000000000000000000E+0000  0.00000000000000000000E+0000  0.00000000000000000000E+0000  0.00000000000000000000E+0000 -1.64396204302032241318E-0006 -2.99194945053200396404E+0000  0.00000000000000000000E+0000  0.00000000000000000000E+0000  0.00000000000000000000E+0000 -1.32044532426622721642E-0002
 2.90700000000000000006E-0007  0.00000000000000000000E+0000  2.28893582277256597360E-0002  4.64492695747471519534E-0004  2.28893582277256597360E-0002  1.04999999999999999996E+0000  1.44335932281108267783E+0000  1.51693498811679273704E+0000  1.38288214671344564309E+0000  0.00000000000000000000E+0000  2.34433159148802059510E+0002  0.00000000000000000000E+0000  2.73281753402611273458E-0039  2.82701463302437104231E-0002  1.98725206060124377623E-0033  0.00000000000000000000E+0000  2.31080055407121054273E+0002  0.00000000000000000000E+0000  0.00000000000000000000E+0000  2.30852434455775490929E+0002  0.00000000000000000000E+0000  0.00000000000000000000E+0000  0.00000000000000000000E+0000  0.00000000000000000000E+0000  0.00000000000000000000E+0000 -1.57352434066938995296E-0006 -2.99206129566756827507E+0000  0.00000000000000000000E+0000  0.00000000000000000000E+0000  0.00000000000000000000E+0000 -1.29279077211873894922E-0002
 2.96500000000000000010E-0007  0.00000000000000000000E+0000  2.24714325944874862305E-0002  4.38414163727605882346E-0004  2.24714325944874862305E-0002  1.04999999999999999996E+0000  1.44336230382481333267E+0000  1.51693886232309232194E+0000  1.38288647448831004451E+0000  0.00000000000000000000E+0000  2.34433159148802059510E+0002  0.00000000000000000000E+0000  2.73314232673840452172E-0039  2.82742606293479387449E-0002  1.98760917762897329759E-0033  0.00000000000000000000E+0000  2.31091482791490011761E+0002  0.00000000000000000000E+0000  0.00000000000000000000E+0000  2.30877460328370068751E+0002  0.00000000000000000000E+0000  0.00000000000000000000E+0000  0.00000000000000000000E+0000  0.00000000000000000000E+0000  0.00000000000000000000E+0000 -1.64989964842295156697E-0006 -2.99198148251338142821E+0000  0.00000000000000000000E+0000  0.00000000000000000000E+0000  0.00000000000000000000E+0000 -1.26463311193074266800E-0002
 3.02499999999999999996E-0007  0.00000000000000000000E+0000  2.19865652040980270986E-0002  4.21893094730236482889E-0004  2.19865652040980270986E-0002  1.04999999999999999996E+0000  1.44336516029107269992E+0000  1.51694257402471526267E+0000  1.38289061893204638437E+0000  0.00000000000000000000E+0000  2.34433159148802059510E+0002  0.00000000000000000000E+0000  2.73345348655063450265E-0039  2.82782024358524821699E-0002  1.98795130835069236037E-0033  0.00000000000000000000E+0000  2.31102358048548370106E+0002  0.00000000000000000000E+0000  0.00000000000000000000E+0000  2.30901568596751559079E+0002  0.00000000000000000000E+0000  0.00000000000000000000E+0000  0.00000000000000000000E+0000  0.00000000000000000000E+0000  0.00000000000000000000E+0000 -1.59435574067193761615E-0006 -2.99207402552325357347E+0000  0.00000000000000000000E+0000  0.00000000000000000000E+0000  0.00000000000000000000E+0000 -1.23544278434720355636E-0002
 3.08500000000000000008E-0007  0.00000000000000000000E+0000  2.14790348865710844735E-0002  4.07450696690423611072E-0004  2.14790348865710844735E-0002  1.04999999999999999996E+0000  1.44336780508157710003E+0000  1.51694601045248151608E+0000  1.38289445419047268935E+0000  0.00000000000000000000E+0000  2.34433159148802059510E+0002  0.00000000000000000000E+0000  2.73374152904996948794E-0039  2.82818518767290842941E-0002  1.98826805375827545104E-0033  0.00000000000000000000E+0000  2.31112342413351588039E+0002  0.00000000000000000000E+0000  0.00000000000000000000E+0000  2.30924079509414021311E+0002  0.00000000000000000000E+0000  0.00000000000000000000E+0000  0.00000000000000000000E+0000  0.00000000000000000000E+0000  0.00000000000000000000E+0000 -1.49292809988548519706E-0006 -2.99222604399489432994E+0000  0.00000000000000000000E+0000  0.00000000000000000000E+0000  0.00000000000000000000E+0000 -1.20613889309098063799E-0002
 3.14700000000000000001E-0007  0.00000000000000000000E+0000  2.09655658702532039673E-0002  3.88362730791700889266E-0004  2.09655658702532039673E-0002  1.04999999999999999996E+0000  1.44337032987997361414E+0000  1.51694929036320779521E+0000  1.38289811325248679700E+0000  0.00000000000000000000E+0000  2.34433159148802059510E+0002  0.00000000000000000000E+0000  2.73401645346950168499E-0039  2.82853353059802202157E-0002  1.98857039928568609851E-0033  0.00000000000000000000E+0000  2.31121817974691359687E+0002  0.00000000000000000000E+0000  0.00000000000000000000E+0000  2.30945664036002004840E+0002  0.00000000000000000000E+0000  0.00000000000000000000E+0000  0.00000000000000000000E+0000  0.00000000000000000000E+0000  0.00000000000000000000E+0000 -1.42363777360846868957E-0006 -2.99233623999808440674E+0000  0.00000000000000000000E+0000  0.00000000000000000000E+0000  0.00000000000000000000E+0000 -1.17610998409441154050E-0002
 3.21000000000000000011E-0007  0.00000000000000000000E+0000  2.04930319694895143298E-0002  3.69688726447619024338E-0004  2.04930319694895143298E-0002  1.04999999999999999996E+0000  1.44337269841963959454E+0000  1.51695236662120567128E+0000  1.38290154383035577776E+0000  0.00000000000000000000E+0000  2.34433159148802059510E+0002  0.00000000000000000000E+0000  2.73427431069175662166E-0039  2.82886026296838750587E-0002  1.98885400940830919250E-0033  0.00000000000000000000E+0000  2.31130639525214243782E+0002  0.00000000000000000000E+0000  0.00000000000000000000E+0000  2.30966065121847792960E+0002  0.00000000000000000000E+0000  0.00000000000000000000E+0000  0.00000000000000000000E+0000  0.00000000000000000000E+0000  0.00000000000000000000E+0000 -1.48467994909016156149E-0006 -2.99227619805117940437E+0000  0.00000000000000000000E+0000  0.00000000000000000000E+0000  0.00000000000000000000E+0000 -1.14574182113997823473E-0002
 3.27400000000000000011E-0007  0.00000000000000000000E+0000  1.99611746686136531133E-0002  3.60840115651132732733E-0004  1.99611746686136531133E-0002  1.04999999999999999996E+0000  1.44337491505211933953E+0000  1.51695524531571219952E+0000  1.38290475264803062777E+0000  0.00000000000000000000E+0000  2.34433159148802059510E+0002  0.00000000000000000000E+0000  2.73451555170040637262E-0039  2.82916598323101885220E-0002  1.98911940152940416758E-0033  0.00000000000000000000E+0000  2.31138838064223358218E+0002  0.00000000000000000000E+0000  0.00000000000000000000E+0000  2.30985285073674946763E+0002  0.00000000000000000000E+0000  0.00000000000000000000E+0000  0.00000000000000000000E+0000  0.00000000000000000000E+0000  0.00000000000000000000E+0000 -1.40879777228501129937E-0006 -2.99239462862870985826E+0000  0.00000000000000000000E+0000  0.00000000000000000000E+0000  0.00000000000000000000E+0000 -1.11505890625689580387E-0002
 3.33900000000000000003E-0007  0.00000000000000000000E+0000  1.94730323749098539953E-0002  3.43708495520571747679E-0004  1.94730323749098539953E-0002  1.04999999999999999996E+0000  1.44337698798379614911E+0000  1.51695793687678723012E+0000  1.38290775174344466941E+0000  0.00000000000000000000E+0000  2.34433159148802059510E+0002  0.00000000000000000000E+0000  2.73474110065379559302E-0039  2.82945184028461170602E-0002  1.98936758692908333671E-0033  0.00000000000000000000E+0000  2.31146454663836535062E+0002  0.00000000000000000000E+0000  0.00000000000000000000E+0000  2.31003378653598884715E+0002  0.00000000000000000000E+0000  0.00000000000000000000E+0000  0.00000000000000000000E+0000  0.00000000000000000000E+0000  0.00000000000000000000E+0000 -1.46371952450539041461E-0006 -2.99234213723230761043E+0000  0.00000000000000000000E+0000  0.00000000000000000000E+0000  0.00000000000000000000E+0000 -1.08425997111550285845E-0002
 3.40600000000000000001E-0007  0.00000000000000000000E+0000  1.89284585020921255889E-0002  3.35416635676228008322E-0004  1.89284585020921255889E-0002  1.04999999999999999996E+0000  1.44337894893658260200E+0000  1.51696048269234076223E+0000  1.38291058722484332035E+0000  0.00000000000000000000E+0000  2.34433159148802059510E+0002  0.00000000000000000000E+0000  2.73495438253773577868E-0039  2.82972218515312272166E-0002  1.98960234304478658180E-0033  0.00000000000000000000E+0000  2.31153613949799981261E+0002  0.00000000000000000000E+0000  0.00000000000000000000E+0000  2.31020597762591490473E+0002  0.00000000000000000000E+0000  0.00000000000000000000E+0000  0.00000000000000000000E+0000  0.00000000000000000000E+0000  0.00000000000000000000E+0000 -1.40036639324798990018E-0006 -2.99244399095715751260E+0000  0.00000000000000000000E+0000  0.00000000000000000000E+0000  0.00000000000000000000E+0000 -1.05288320383888584825E-0002
 3.47399999999999999990E-0007  0.00000000000000000000E+0000  1.84249328074230896329E-0002  3.21206175194063097628E-0004  1.84249328074230896329E-0002  1.04999999999999999996E+0000  1.44338077435430718512E+0000  1.51696285214760359639E+0000  1.38291322525131093969E+0000  0.00000000000000000000E+0000  2.34433159148802059510E+0002  0.00000000000000000000E+0000  2.73515286112131164104E-0039  2.82997379658887323013E-0002  1.98982088030035081094E-0033  0.00000000000000000000E+0000  2.31160232401473111283E+0002  0.00000000000000000000E+0000  0.00000000000000000000E+0000  2.31036755960638144528E+0002  0.00000000000000000000E+0000  0.00000000000000000000E+0000  0.00000000000000000000E+0000  0.00000000000000000000E+0000  0.00000000000000000000E+0000 -1.45263604171250206495E-0006 -2.99239469856659709196E+0000  0.00000000000000000000E+0000  0.00000000000000000000E+0000  0.00000000000000000000E+0000 -1.02146148471591982548E-0002
 3.54400000000000000013E-0007  0.00000000000000000000E+0000  1.78659762635231230202E-0002  3.14552019702465067276E-0004  1.78659762635231230202E-0002  1.04999999999999999996E+0000  1.44338249187564192887E+0000  1.51696508129315801167E+0000  1.38291570596588349296E+0000  0.00000000000000000000E+0000  2.34433159148802059510E+0002  0.00000000000000000000E+0000  2.73533951974467948083E-0039  2.83021046474611588681E-0002  1.99002649023473462723E-0033  0.00000000000000000000E+0000  2.31166421219121346650E+0002  0.00000000000000000000E+0000  0.00000000000000000000E+0000  2.31052056767792956010E+0002  0.00000000000000000000E+0000  0.00000000000000000000E+0000  0.00000000000000000000E+0000  0.00000000000000000000E+0000  0.00000000000000000000E+0000 -1.38483284318525911668E-0006 -2.99250202116444803213E+0000  0.00000000000000000000E+0000  0.00000000000000000000E+0000  0.00000000000000000000E+0000 -9.89636626024231545713E-0003
 3.61500000000000000000E-0007  0.00000000000000000000E+0000  1.72957309961834868084E-0002  3.06459248647502762016E-0004  1.72957309961834868084E-0002  1.04999999999999999996E+0000  1.44338408134267318864E+0000  1.51696714419161255783E+0000  1.38291800055539744496E+0000  0.00000000000000000000E+0000  2.34433159148802059510E+0002  0.00000000000000000000E+0000  2.73551218185055071424E-0039  2.83042944212305846697E-0002  1.99021678568286500785E-0033  0.00000000000000000000E+0000  2.31172110409211648274E+0002  0.00000000000000000000E+0000  0.00000000000000000000E+0000  2.31066340161680203846E+0002  0.00000000000000000000E+0000  0.00000000000000000000E+0000  0.00000000000000000000E+0000  0.00000000000000000000E+0000  0.00000000000000000000E+0000 -1.29393620717499855288E-0006 -2.99263916685186824335E+0000  0.00000000000000000000E+0000  0.00000000000000000000E+0000  0.00000000000000000000E+0000 -9.57846263891663571474E-0003
 3.68700000000000000004E-0007  0.00000000000000000000E+0000  1.67767287780858480396E-0002  2.92736099922376004606E-0004  1.67767287780858480396E-0002  1.04999999999999999996E+0000  1.44338555172970760070E+0000  1.51696905219701757932E+0000  1.38292012207312664648E+0000  0.00000000000000000000E+0000  2.34433159148802059510E+0002  0.00000000000000000000E+0000  2.73567184548509899054E-0039  2.83063196677621035071E-0002  1.99039285259919061119E-0033  0.00000000000000000000E+0000  2.31177343146669467489E+0002  0.00000000000000000000E+0000  0.00000000000000000000E+0000  2.31079653924962610506E+0002  0.00000000000000000000E+0000  0.00000000000000000000E+0000  0.00000000000000000000E+0000  0.00000000000000000000E+0000  0.00000000000000000000E+0000 -1.33164699744374952864E-0006 -2.99260813498629266887E+0000  0.00000000000000000000E+0000  0.00000000000000000000E+0000  0.00000000000000000000E+0000 -9.26259285434699258688E-0003
 3.76099999999999999989E-0007  0.00000000000000000000E+0000  1.62110237414107795766E-0002  2.87102413695600524067E-0004  1.62110237414107795766E-0002  1.04999999999999999996E+0000  1.44338692523896688642E+0000  1.51697083428914907737E+0000  1.38292210273644725277E+0000  0.00000000000000000000E+0000  2.34433159148802059510E+0002  0.00000000000000000000E+0000  2.73582089666394910086E-0039  2.83082107264787645343E-0002  1.99055732527770815089E-0033  0.00000000000000000000E+0000  2.31182203072924481957E+0002  0.00000000000000000000E+0000  0.00000000000000000000E+0000  2.31092178977111710664E+0002  0.00000000000000000000E+0000  0.00000000000000000000E+0000  0.00000000000000000000E+0000  0.00000000000000000000E+0000  0.00000000000000000000E+0000 -1.26257673349654428200E-0006 -2.99271628627662924886E+0000  0.00000000000000000000E+0000  0.00000000000000000000E+0000  0.00000000000000000000E+0000 -8.94484647974765586938E-0003
 3.83599999999999999991E-0007  0.00000000000000000000E+0000  1.56898817388599629829E-0002  2.75518487053392608142E-0004  1.56898817388599629829E-0002  1.04999999999999999996E+0000  1.44338818986826527473E+0000  1.51697247488334065017E+0000  1.38292392541954918300E+0000  0.00000000000000000000E+0000  2.34433159148802059510E+0002  0.00000000000000000000E+0000  2.73595806271344485888E-0039  2.83099513965355096513E-0002  1.99070879503154791250E-0033  0.00000000000000000000E+0000  2.31186652452419313122E+0002  0.00000000000000000000E+0000  0.00000000000000000000E+0000  2.31103817378643898853E+0002  0.00000000000000000000E+0000  0.00000000000000000000E+0000  0.00000000000000000000E+0000  0.00000000000000000000E+0000  0.00000000000000000000E+0000 -1.29861910880622059969E-0006 -2.99268689927317867801E+0000  0.00000000000000000000E+0000  0.00000000000000000000E+0000  0.00000000000000000000E+0000 -8.62973794494211345216E-0003
 3.91300000000000000000E-0007  0.00000000000000000000E+0000  1.51238926345064330520E-0002  2.70454583196491806780E-0004  1.51238926345064330520E-0002  1.04999999999999999996E+0000  1.44338936470897329339E+0000  1.51697399887839430956E+0000  1.38292561778498911942E+0000  0.00000000000000000000E+0000  2.34433159148802059510E+0002  0.00000000000000000000E+0000  2.73608539518629408632E-0039  2.83115677565034369817E-0002  1.99084952691067183809E-0033  0.00000000000000000000E+0000  2.31190763721778657969E+0002  0.00000000000000000000E+0000  0.00000000000000000000E+0000  2.31114713666240683423E+0002  0.00000000000000000000E+0000  0.00000000000000000000E+0000  0.00000000000000000000E+0000  0.00000000000000000000E+0000  0.00000000000000000000E+0000 -1.22759286382482584772E-0006 -2.99279700301818743220E+0000  0.00000000000000000000E+0000  0.00000000000000000000E+0000  0.00000000000000000000E+0000 -8.31447699925168751382E-0003
 3.99100000000000000000E-0007  0.00000000000000000000E+0000  1.46038163890893815588E-0002  2.59396822849034434927E-0004  1.46038163890893815588E-0002  1.04999999999999999996E+0000  1.44339044121459417831E+0000  1.51697539513924063324E+0000  1.38292716767287294805E+0000  0.00000000000000000000E+0000  2.34433159148802059510E+0002  0.00000000000000000000E+0000  2.73620199864208256235E-0039  2.83130483547033740829E-0002  1.99097852294645799968E-0033  0.00000000000000000000E+0000  2.31194512068250150230E+0002  0.00000000000000000000E+0000  0.00000000000000000000E+0000  2.31124796851312469023E+0002  0.00000000000000000000E+0000  0.00000000000000000000E+0000  0.00000000000000000000E+0000  0.00000000000000000000E+0000  0.00000000000000000000E+0000 -1.25835303356816311209E-0006 -2.99277387409507761849E+0000  0.00000000000000000000E+0000  0.00000000000000000000E+0000  0.00000000000000000000E+0000 -8.00295476362263629805E-0003
 4.07100000000000000007E-0007  0.00000000000000000000E+0000  1.40425125972173065376E-0002  2.54514032909329031579E-0004  1.40425125972173065376E-0002  1.04999999999999999996E+0000  1.44339143572670654269E+0000  1.51697668496311279581E+0000  1.38292859873748234833E+0000  0.00000000000000000000E+0000  2.34433159148802059510E+0002  0.00000000000000000000E+0000  2.73630962437428930015E-0039  2.83144154473453814794E-0002  1.99109771727986667029E-0033  0.00000000000000000000E+0000  2.31197957761429290627E+0002  0.00000000000000000000E+0000  0.00000000000000000000E+0000  2.31134192071665778040E+0002  0.00000000000000000000E+0000  0.00000000000000000000E+0000  0.00000000000000000000E+0000  0.00000000000000000000E+0000  0.00000000000000000000E+0000 -1.18584850368110144491E-0006 -2.99288521839113290770E+0000  0.00000000000000000000E+0000  0.00000000000000000000E+0000  0.00000000000000000000E+0000 -7.69271813179802636088E-0003
 4.15200000000000000005E-0007  0.00000000000000000000E+0000  1.35281606475810125917E-0002  2.43837264271737630309E-0004  1.35281606475810125917E-0002  1.04999999999999999996E+0000  1.44339234247911675144E+0000  1.51697786083406976182E+0000  1.38292990282042791241E+0000  0.00000000000000000000E+0000  2.34433159148802059510E+0002  0.00000000000000000000E+0000  2.73640768062839206443E-0039  2.83156614385871393412E-0002  1.99120644390773448622E-0033  0.00000000000000000000E+0000  2.31201086149121350824E+0002  0.00000000000000000000E+0000  0.00000000000000000000E+0000  2.31142850570327489518E+0002  0.00000000000000000000E+0000  0.00000000000000000000E+0000  0.00000000000000000000E+0000  0.00000000000000000000E+0000  0.00000000000000000000E+0000 -1.21149059199345510486E-0006 -2.99286805142646048059E+0000  0.00000000000000000000E+0000  0.00000000000000000000E+0000  0.00000000000000000000E+0000 -7.38721373642261878979E-0003
 4.23500000000000000010E-0007  0.00000000000000000000E+0000  1.29764048180396792565E-0002  2.38975420636949119161E-0004  1.29764048180396792565E-0002  1.04999999999999999996E+0000  1.44339317536074050556E+0000  1.51697894084546089496E+0000  1.38293110000309867199E+0000  0.00000000000000000000E+0000  2.34433159148802059510E+0002  0.00000000000000000000E+0000  2.73649765134449931341E-0039  2.83168051867578594401E-0002  1.99130634228536895556E-0033  0.00000000000000000000E+0000  2.31203946897387875581E+0002  0.00000000000000000000E+0000  0.00000000000000000000E+0000  2.31150880024884737382E+0002  0.00000000000000000000E+0000  0.00000000000000000000E+0000  0.00000000000000000000E+0000  0.00000000000000000000E+0000  0.00000000000000000000E+0000 -1.13838777734145459573E-0006 -2.99297941155255074687E+0000  0.00000000000000000000E+0000  0.00000000000000000000E+0000  0.00000000000000000000E+0000 -7.08434793015975749473E-0003
 4.31999999999999999996E-0007  0.00000000000000000000E+0000  1.24708686972286929193E-0002  2.27796023551241426696E-0004  1.24708686972286929193E-0002  1.04999999999999999996E+0000  1.44339393909252113090E+0000  1.51697993100138731537E+0000  1.38293219711222423835E+0000  0.00000000000000000000E+0000  2.34433159148802059510E+0002  0.00000000000000000000E+0000  2.73658008021577300567E-0039  2.83178534714281426400E-0002  1.99139799997363817298E-0033  0.00000000000000000000E+0000  2.31206560706151942206E+0002  0.00000000000000000000E+0000  0.00000000000000000000E+0000  2.31158323920763810522E+0002  0.00000000000000000000E+0000  0.00000000000000000000E+0000  0.00000000000000000000E+0000  0.00000000000000000000E+0000  0.00000000000000000000E+0000 -1.16779367362775205680E-0006 -2.99295670382354525910E+0000  0.00000000000000000000E+0000  0.00000000000000000000E+0000  0.00000000000000000000E+0000 -6.78422929499140341836E-0003
 4.40600000000000000000E-0007  0.00000000000000000000E+0000  1.19793678471117408801E-0002  2.20439433690701376156E-0004  1.19793678471117408801E-0002  1.04999999999999999996E+0000  1.44339462983891921759E+0000  1.51698082636455992790E+0000  1.38293318879553096162E+0000  0.00000000000000000000E+0000  2.34433159148802059510E+0002  0.00000000000000000000E+0000  2.73665454517753349622E-0039  2.83188008878956505465E-0002  1.99148093796358312691E-0033  0.00000000000000000000E+0000  2.31208917582592173273E+0002  0.00000000000000000000E+0000  0.00000000000000000000E+0000  2.31165139198700066325E+0002  0.00000000000000000000E+0000  0.00000000000000000000E+0000  0.00000000000000000000E+0000  0.00000000000000000000E+0000  0.00000000000000000000E+0000 -1.20536100039897180726E-0006 -2.99292284635293320545E+0000  0.00000000000000000000E+0000  0.00000000000000000000E+0000  0.00000000000000000000E+0000 -6.49032479337420969653E-0003
 4.49400000000000000010E-0007  0.00000000000000000000E+0000  1.14478084878504346578E-0002  2.16087582962696831822E-0004  1.14478084878504346578E-0002  1.04999999999999999996E+0000  1.44339525804604248114E+0000  1.51698164062365079441E+0000  1.38293409015898530396E+0000  0.00000000000000000000E+0000  2.34433159148802059510E+0002  0.00000000000000000000E+0000  2.73672216765185374645E-0039  2.83196617559664089833E-0002  1.99155639954259416804E-0033  0.00000000000000000000E+0000  2.31211053435335423506E+0002  0.00000000000000000000E+0000  0.00000000000000000000E+0000  2.31171409798961223686E+0002  0.00000000000000000000E+0000  0.00000000000000000000E+0000  0.00000000000000000000E+0000  0.00000000000000000000E+0000  0.00000000000000000000E+0000 -1.13172469527008005685E-0006 -2.99303370339379693019E+0000  0.00000000000000000000E+0000  0.00000000000000000000E+0000  0.00000000000000000000E+0000 -6.20113552642174252413E-0003
 4.58400000000000000002E-0007  0.00000000000000000000E+0000  1.09635669699754174597E-0002  2.05352359656810391490E-0004  1.09635669699754174597E-0002  1.04999999999999999996E+0000  1.44339582856437723438E+0000  1.51698237998668223063E+0000  1.38293490819478573210E+0000  0.00000000000000000000E+0000  2.34433159148802059510E+0002  0.00000000000000000000E+0000  2.73678350839882942323E-0039  2.83204431062264871384E-0002  1.99162499188374352614E-0033  0.00000000000000000000E+0000  2.31212988996973356604E+0002  0.00000000000000000000E+0000  0.00000000000000000000E+0000  2.31177180469926186662E+0002  0.00000000000000000000E+0000  0.00000000000000000000E+0000  0.00000000000000000000E+0000  0.00000000000000000000E+0000  0.00000000000000000000E+0000 -1.15513799172451810397E-0006 -2.99301757282952936691E+0000  0.00000000000000000000E+0000  0.00000000000000000000E+0000  0.00000000000000000000E+0000 -5.91607002692571045425E-0003
 4.67600000000000000001E-0007  0.00000000000000000000E+0000  1.04458834147581938342E-0002  2.01006618204796219608E-0004  1.04458834147581938342E-0002  1.04999999999999999996E+0000  1.44339634319118547540E+0000  1.51698304687781840782E+0000  1.38293564559045453592E+0000  0.00000000000000000000E+0000  2.34433159148802059510E+0002  0.00000000000000000000E+0000  2.73683873714132012035E-0039  2.83211471105078686015E-0002  1.99168689831284776449E-0033  0.00000000000000000000E+0000  2.31214730832759750620E+0002  0.00000000000000000000E+0000  0.00000000000000000000E+0000  2.31182462427348031503E+0002  0.00000000000000000000E+0000  0.00000000000000000000E+0000  0.00000000000000000000E+0000  0.00000000000000000000E+0000  0.00000000000000000000E+0000 -1.08044480983551234500E-0006 -2.99312904214448444662E+0000  0.00000000000000000000E+0000  0.00000000000000000000E+0000  0.00000000000000000000E+0000 -5.63621346927237416791E-0003
 4.76900000000000000017E-0007  0.00000000000000000000E+0000  9.97691525444070108778E-0003  1.91234145998538864298E-0004  9.97691525444070108778E-0003  1.04999999999999999996E+0000  1.44339680229561292436E+0000  1.51698364178086374666E+0000  1.38293630298915458637E+0000  0.00000000000000000000E+0000  2.34433159148802059510E+0002  0.00000000000000000000E+0000  2.73688793366883704527E-0039  2.83217747271532466135E-0002  1.99174219021093580371E-0033  0.00000000000000000000E+0000  2.31216284494696853374E+0002  0.00000000000000000000E+0000  0.00000000000000000000E+0000  2.31187251960178211399E+0002  0.00000000000000000000E+0000  0.00000000000000000000E+0000  0.00000000000000000000E+0000  0.00000000000000000000E+0000  0.00000000000000000000E+0000 -1.09094468507711983355E-0006 -2.99312883530387894020E+0000  0.00000000000000000000E+0000  0.00000000000000000000E+0000  0.00000000000000000000E+0000 -5.36393315022596402363E-0003
 4.86500000000000000005E-0007  0.00000000000000000000E+0000  9.48071922407762220950E-0003  1.85517214578825333446E-0004  9.48071922407762220950E-0003  1.04999999999999999996E+0000  1.44339721737625695946E+0000  1.51698417953123325971E+0000  1.38293689684342356605E+0000  0.00000000000000000000E+0000  2.34433159148802059510E+0002  0.00000000000000000000E+0000  2.73693231417362346433E-0039  2.83223413632455455635E-0002  1.99179221818691943851E-0033  0.00000000000000000000E+0000  2.31217685591866304609E+0002  0.00000000000000000000E+0000  0.00000000000000000000E+0000  2.31191648254928262207E+0002  0.00000000000000000000E+0000  0.00000000000000000000E+0000  0.00000000000000000000E+0000  0.00000000000000000000E+0000  0.00000000000000000000E+0000 -1.02202608642395146505E-0006 -2.99323191951824050974E+0000  0.00000000000000000000E+0000  0.00000000000000000000E+0000  0.00000000000000000000E+0000 -5.09607835168373347879E-0003
 4.96200000000000000009E-0007  0.00000000000000000000E+0000  9.03037588139056182063E-0003  1.76551307392681875522E-0004  9.03037588139056182063E-0003  1.04999999999999999996E+0000  1.44339758466714020678E+0000  1.51698465532370644585E+0000  1.38293742190979787512E+0000  0.00000000000000000000E+0000  2.34433159148802059510E+0002  0.00000000000000000000E+0000  2.73697150784113323022E-0039  2.83228422739028132045E-0002  1.99183654827201285762E-0033  0.00000000000000000000E+0000  2.31218928298927652212E+0002  0.00000000000000000000E+0000  0.00000000000000000000E+0000  2.31195617460825685777E+0002  0.00000000000000000000E+0000  0.00000000000000000000E+0000  0.00000000000000000000E+0000  0.00000000000000000000E+0000  0.00000000000000000000E+0000 -1.02997102443664439278E-0006 -2.99323420849026619411E+0000  0.00000000000000000000E+0000  0.00000000000000000000E+0000  0.00000000000000000000E+0000 -4.83564384033216649430E-0003
 5.06099999999999999995E-0007  0.00000000000000000000E+0000  8.60328003578290987260E-0003  1.68295534681633986791E-0004  8.60328003578290987260E-0003  1.04999999999999999996E+0000  1.44339791214583286927E+0000  1.51698507934981895043E+0000  1.38293788959402648062E+0000  0.00000000000000000000E+0000  2.34433159148802059510E+0002  0.00000000000000000000E+0000  2.73700637128930811327E-0039  2.83232882273566461056E-0002  1.99187612258194027719E-0033  0.00000000000000000000E+0000  2.31220036417631832140E+0002  0.00000000000000000000E+0000  0.00000000000000000000E+0000  2.31199220765640634526E+0002  0.00000000000000000000E+0000  0.00000000000000000000E+0000  0.00000000000000000000E+0000  0.00000000000000000000E+0000  0.00000000000000000000E+0000 -1.06203446959728456336E-0006 -2.99320457018720146279E+0000  0.00000000000000000000E+0000  0.00000000000000000000E+0000  0.00000000000000000000E+0000 -4.58238024577192889536E-0003
 5.16299999999999999979E-0007  0.00000000000000000000E+0000  8.14383717661510899531E-0003  1.63568293414789776690E-0004  8.14383717661510899531E-0003  1.04999999999999999996E+0000  1.44339820380296446161E+0000  1.51698545682267274331E+0000  1.38293830562595279968E+0000  0.00000000000000000000E+0000  2.34433159148802059510E+0002  0.00000000000000000000E+0000  2.73703731621863710242E-0039  2.83236844670144090119E-0002  1.99191139724614399776E-0033  0.00000000000000000000E+0000  2.31221023305992473953E+0002  0.00000000000000000000E+0000  0.00000000000000000000E+0000  2.31202498785765737432E+0002  0.00000000000000000000E+0000  0.00000000000000000000E+0000  0.00000000000000000000E+0000  0.00000000000000000000E+0000  0.00000000000000000000E+0000 -9.99564630232801796505E-0007 -2.99329789761674972654E+0000  0.00000000000000000000E+0000  0.00000000000000000000E+0000  0.00000000000000000000E+0000 -4.33481163691695166019E-0003
 5.26599999999999999979E-0007  0.00000000000000000000E+0000  7.72816913352355805078E-0003  1.55241502188577091139E-0004  7.72816913352355805078E-0003  1.04999999999999999996E+0000  1.44339845827664904783E+0000  1.51698578612369151190E+0000  1.38293866821043772396E+0000  0.00000000000000000000E+0000  2.34433159148802059510E+0002  0.00000000000000000000E+0000  2.73706423745216572724E-0039  2.83240296831522330429E-0002  1.99194223503608139707E-0033  0.00000000000000000000E+0000  2.31221889850123268229E+0002  0.00000000000000000000E+0000  0.00000000000000000000E+0000  2.31205434774189912253E+0002  0.00000000000000000000E+0000  0.00000000000000000000E+0000  0.00000000000000000000E+0000  0.00000000000000000000E+0000  0.00000000000000000000E+0000 -1.00520769703701333784E-0006 -2.99330184606178984082E+0000  0.00000000000000000000E+0000  0.00000000000000000000E+0000  0.00000000000000000000E+0000 -4.09529472326754942761E-0003
 5.37100000000000000013E-0007  0.00000000000000000000E+0000  7.29259642519437293292E-0003  1.50132654601918402887E-0004  7.29259642519437293292E-0003  1.04999999999999999996E+0000  1.44339868007709427129E+0000  1.51698607308263371364E+0000  1.38293898380654870786E+0000  0.00000000000000000000E+0000  2.34433159148802059510E+0002  0.00000000000000000000E+0000  2.73708760106277888337E-0039  2.83243297757478293900E-0002  1.99196915238832572355E-0033  0.00000000000000000000E+0000  2.31222647018087529847E+0002  0.00000000000000000000E+0000  0.00000000000000000000E+0000  2.31208063355410650741E+0002  0.00000000000000000000E+0000  0.00000000000000000000E+0000  0.00000000000000000000E+0000  0.00000000000000000000E+0000  0.00000000000000000000E+0000 -9.33244154848464012326E-0007 -2.99340654072810725484E+0000  0.00000000000000000000E+0000  0.00000000000000000000E+0000  0.00000000000000000000E+0000 -3.86466351613870727571E-0003
 5.47899999999999999993E-0007  0.00000000000000000000E+0000  6.90191873804014385856E-0003  1.40865910807903268943E-0004  6.90191873804014385856E-0003  1.04999999999999999996E+0000  1.44339887492133891794E+0000  1.51698632503624196476E+0000  1.38293926056228488723E+0000  0.00000000000000000000E+0000  2.34433159148802059510E+0002  0.00000000000000000000E+0000  2.73710804988579877040E-0039  2.83245928834873654588E-0002  1.99199286112217629404E-0033  0.00000000000000000000E+0000  2.31223315264332044003E+0002  0.00000000000000000000E+0000  0.00000000000000000000E+0000  2.31210440738292424101E+0002  0.00000000000000000000E+0000  0.00000000000000000000E+0000  0.00000000000000000000E+0000  0.00000000000000000000E+0000  0.00000000000000000000E+0000 -9.41057245998649210991E-0007 -2.99340681666433133562E+0000  0.00000000000000000000E+0000  0.00000000000000000000E+0000  0.00000000000000000000E+0000 -3.63900850400078041188E-0003
 5.58799999999999999989E-0007  0.00000000000000000000E+0000  6.53553301477544338134E-0003  1.34365112949398968354E-0004  6.53553301477544338134E-0003  1.04999999999999999996E+0000  1.44339904239674675357E+0000  1.51698654140690871622E+0000  1.38293949798642927247E+0000  0.00000000000000000000E+0000  2.34433159148802059510E+0002  0.00000000000000000000E+0000  2.73712553771810742069E-0039  2.83248182865168801231E-0002  1.99201328212130613369E-0033  0.00000000000000000000E+0000  2.31223896204476403543E+0002  0.00000000000000000000E+0000  0.00000000000000000000E+0000  2.31212555521394198324E+0002  0.00000000000000000000E+0000  0.00000000000000000000E+0000  0.00000000000000000000E+0000  0.00000000000000000000E+0000  0.00000000000000000000E+0000 -9.67615349833656089054E-0007 -2.99338211291734509014E+0000  0.00000000000000000000E+0000  0.00000000000000000000E+0000  0.00000000000000000000E+0000 -3.42215576352173347095E-0003
 5.69999999999999999983E-0007  0.00000000000000000000E+0000  6.14565495491656220963E-0003  1.29296891931703879505E-0004  6.14565495491656220963E-0003  1.04999999999999999996E+0000  1.44339918653232310959E+0000  1.51698672737505600272E+0000  1.38293970179749019093E+0000  0.00000000000000000000E+0000  2.34433159148802059510E+0002  0.00000000000000000000E+0000  2.73714048157008555954E-0039  2.83250112774645876547E-0002  1.99203088462996965008E-0033  0.00000000000000000000E+0000  2.31224398285705687511E+0002  0.00000000000000000000E+0000  0.00000000000000000000E+0000  2.31214444041289415716E+0002  0.00000000000000000000E+0000  0.00000000000000000000E+0000  0.00000000000000000000E+0000  0.00000000000000000000E+0000  0.00000000000000000000E+0000 -9.11240260715399929429E-0007 -2.99346514785609949904E+0000  0.00000000000000000000E+0000  0.00000000000000000000E+0000  0.00000000000000000000E+0000 -3.21394790247050079891E-0003
 5.81400000000000000011E-0007  0.00000000000000000000E+0000  5.79637013662695913906E-0003  1.21960155239046706510E-0004  5.79637013662695913906E-0003  1.04999999999999999996E+0000  1.44339930917656568193E+0000  1.51698688544227699548E+0000  1.38293987471769821041E+0000  0.00000000000000000000E+0000  2.34433159148802059510E+0002  0.00000000000000000000E+0000  2.73715311351889637572E-0039  2.83251748493627694508E-0002  1.99204591584461215455E-0033  0.00000000000000000000E+0000  2.31224832066342776943E+0002  0.00000000000000000000E+0000  0.00000000000000000000E+0000  2.31216124502002786975E+0002  0.00000000000000000000E+0000  0.00000000000000000000E+0000  0.00000000000000000000E+0000  0.00000000000000000000E+0000  0.00000000000000000000E+0000 -9.17312660492074804444E-0007 -2.99346630758103171761E+0000  0.00000000000000000000E+0000  0.00000000000000000000E+0000  0.00000000000000000000E+0000 -3.01226153912071135717E-0003
 5.93000000000000000020E-0007  0.00000000000000000000E+0000  5.43113708658266340493E-0003  1.17105908742151978591E-0004  5.43113708658266340493E-0003  1.04999999999999999996E+0000  1.44339941141947667596E+0000  1.51698701702982293685E+0000  1.38294001832788843295E+0000  0.00000000000000000000E+0000  2.34433159148802059510E+0002  0.00000000000000000000E+0000  2.73716353298287591165E-0039  2.83253102311018380303E-0002  1.99205847751576255699E-0033  0.00000000000000000000E+0000  2.31225199410485239504E+0002  0.00000000000000000000E+0000  0.00000000000000000000E+0000  2.31217602500891378114E+0002  0.00000000000000000000E+0000  0.00000000000000000000E+0000  0.00000000000000000000E+0000  0.00000000000000000000E+0000  0.00000000000000000000E+0000 -8.54679611958582080576E-0007 -2.99355659006690707504E+0000  0.00000000000000000000E+0000  0.00000000000000000000E+0000  0.00000000000000000000E+0000 -2.82026137540579110533E-0003
 6.04899999999999999975E-0007  0.00000000000000000000E+0000  5.10770423854209668600E-0003  1.09789615956444405264E-0004  5.10770423854209668600E-0003  1.04999999999999999996E+0000  1.44339949711215762224E+0000  1.51698712713217058413E+0000  1.38294013811968247607E+0000  0.00000000000000000000E+0000  2.34433159148802059510E+0002  0.00000000000000000000E+0000  2.73717217897696487694E-0039  2.83254230447403854886E-0002  1.99206906317164222444E-0033  0.00000000000000000000E+0000  2.31225512478323648138E+0002  0.00000000000000000000E+0000  0.00000000000000000000E+0000  2.31218916348440173866E+0002  0.00000000000000000000E+0000  0.00000000000000000000E+0000  0.00000000000000000000E+0000  0.00000000000000000000E+0000  0.00000000000000000000E+0000 -8.57660416879042950387E-0007 -2.99356093189614252633E+0000  0.00000000000000000000E+0000  0.00000000000000000000E+0000  0.00000000000000000000E+0000 -2.63389928808883427183E-0003
 6.17000000000000000016E-0007  0.00000000000000000000E+0000  4.77069546646267401861E-0003  1.04990848129966566888E-0004  4.77069546646267401861E-0003  1.04999999999999999996E+0000  1.44339956634983165829E+0000  1.51698721585082002886E+0000  1.38294023427677780088E+0000  0.00000000000000000000E+0000  2.34433159148802059510E+0002  0.00000000000000000000E+0000  2.73717904424671679985E-0039  2.83255131042939009288E-0002  1.99207764620683569375E-0033  0.00000000000000000000E+0000  2.31225773289945786687E+0002  0.00000000000000000000E+0000  0.00000000000000000000E+0000  2.31220062800014740934E+0002  0.00000000000000000000E+0000  0.00000000000000000000E+0000  0.00000000000000000000E+0000  0.00000000000000000000E+0000  0.00000000000000000000E+0000 -7.99610018448216029063E-0007 -2.99364439746333706356E+0000  0.00000000000000000000E+0000  0.00000000000000000000E+0000  0.00000000000000000000E+0000 -2.45703329655947229505E-0003
 6.29299999999999999985E-0007  0.00000000000000000000E+0000  4.47438751966607515772E-0003  9.88566249995165440224E-0005  4.47438751966607515772E-0003  1.04999999999999999996E+0000  1.44339962197443718347E+0000  1.51698728690359307025E+0000  1.38294031089867116039E+0000  0.00000000000000000000E+0000  2.34433159148802059510E+0002  0.00000000000000000000E+0000  2.73718446090399903163E-0039  2.83255846705044103373E-0002  1.99208459693834461342E-0033  0.00000000000000000000E+0000  2.31225989920213857609E+0002  0.00000000000000000000E+0000  0.00000000000000000000E+0000  2.31221067258967814859E+0002  0.00000000000000000000E+0000  0.00000000000000000000E+0000  0.00000000000000000000E+0000  0.00000000000000000000E+0000  0.00000000000000000000E+0000 -7.98695777447107597223E-0007 -2.99365293646563781203E+0000  0.00000000000000000000E+0000  0.00000000000000000000E+0000  0.00000000000000000000E+0000 -2.28703027522952171728E-0003
 6.41900000000000000005E-0007  0.00000000000000000000E+0000  4.20705171857861275053E-0003  9.29608204899719511923E-0005  4.20705171857861275053E-0003  1.04999999999999999996E+0000  1.44339966657328517391E+0000  1.51698734353863949999E+0000  1.38294037163459030727E+0000  0.00000000000000000000E+0000  2.34433159148802059510E+0002  0.00000000000000000000E+0000  2.73718869864402104568E-0039  2.83256411183440736865E-0002  1.99209021548116480450E-0033  0.00000000000000000000E+0000  2.31226169185960095984E+0002  0.00000000000000000000E+0000  0.00000000000000000000E+0000  2.31221954301898129508E+0002  0.00000000000000000000E+0000  0.00000000000000000000E+0000  0.00000000000000000000E+0000  0.00000000000000000000E+0000  0.00000000000000000000E+0000 -8.30900475650097213089E-0007 -2.99361791615562336652E+0000  0.00000000000000000000E+0000  0.00000000000000000000E+0000  0.00000000000000000000E+0000 -2.12352298337031283976E-0003
 6.54700000000000000006E-0007  0.00000000000000000000E+0000  3.92369833879981621165E-0003  8.78578893235792988963E-0005  3.92369833879981621165E-0003  1.04999999999999999996E+0000  1.44339970015819050704E+0000  1.51698738569603337766E+0000  1.38294041651978924414E+0000  0.00000000000000000000E+0000  2.34433159148802059510E+0002  0.00000000000000000000E+0000  2.73719174662998350697E-0039  2.83256821728094407785E-0002  1.99209446671310101650E-0033  0.00000000000000000000E+0000  2.31226313111559947960E+0002  0.00000000000000000000E+0000  0.00000000000000000000E+0000  2.31222720036681628944E+0002  0.00000000000000000000E+0000  0.00000000000000000000E+0000  0.00000000000000000000E+0000  0.00000000000000000000E+0000  0.00000000000000000000E+0000 -7.96484381009334916063E-0007 -2.99366929075281481957E+0000  0.00000000000000000000E+0000  0.00000000000000000000E+0000  0.00000000000000000000E+0000 -1.97054054946150296765E-0003
 6.67800000000000000005E-0007  0.00000000000000000000E+0000  3.63884937632301043583E-0003  8.34769756913881421502E-0005  3.63884937632301043583E-0003  1.04999999999999999996E+0000  1.44339972372172152071E+0000  1.51698741472722650845E+0000  1.38294044697381293533E+0000  0.00000000000000000000E+0000  2.34433159148802059510E+0002  0.00000000000000000000E+0000  2.73719372282781868669E-0039  2.83257093846483449171E-0002  1.99209748439610667135E-0033  0.00000000000000000000E+0000  2.31226423808570863513E+0002  0.00000000000000000000E+0000  0.00000000000000000000E+0000  2.31223375865837743812E+0002  0.00000000000000000000E+0000  0.00000000000000000000E+0000  0.00000000000000000000E+0000  0.00000000000000000000E+0000  0.00000000000000000000E+0000 -7.29591919864341006132E-0007 -2.99376259810511490250E+0000  0.00000000000000000000E+0000  0.00000000000000000000E+0000  0.00000000000000000000E+0000 -1.82607535346876931088E-0003
 6.81200000000000000002E-0007  0.00000000000000000000E+0000  3.39363845708837836864E-0003  7.92471364183406547175E-0005  3.39363845708837836864E-0003  1.04999999999999999996E+0000  1.44339973934360191069E+0000  1.51698743344417238466E+0000  1.38294046600033703322E+0000  0.00000000000000000000E+0000  2.34433159148802059510E+0002  0.00000000000000000000E+0000  2.73719486652246455509E-0039  2.83257259173026907283E-0002  1.99209954546804463989E-0033  0.00000000000000000000E+0000  2.31226508256086887919E+0002  0.00000000000000000000E+0000  0.00000000000000000000E+0000  2.31223943814521991719E+0002  0.00000000000000000000E+0000  0.00000000000000000000E+0000  0.00000000000000000000E+0000  0.00000000000000000000E+0000  0.00000000000000000000E+0000 -7.22260730618704567228E-0007 -2.99377795084488605671E+0000  0.00000000000000000000E+0000  0.00000000000000000000E+0000  0.00000000000000000000E+0000 -1.68574708985234710333E-0003
 6.94799999999999999981E-0007  0.00000000000000000000E+0000  3.17959726976943176810E-0003  7.50172742188581244571E-0005  3.17959726976943176810E-0003  1.04999999999999999996E+0000  1.44339974865993321031E+0000  1.51698744395365800854E+0000  1.38294047596268016834E+0000  0.00000000000000000000E+0000  2.34433159148802059510E+0002  0.00000000000000000000E+0000  2.73719534920702402884E-0039  2.83257339347170449774E-0002  1.99210083695780702957E-0033  0.00000000000000000000E+0000  2.31226571032992542457E+0002  0.00000000000000000000E+0000  0.00000000000000000000E+0000  2.31224435954136627383E+0002  0.00000000000000000000E+0000  0.00000000000000000000E+0000  0.00000000000000000000E+0000  0.00000000000000000000E+0000  0.00000000000000000000E+0000 -7.52040523578339168156E-0007 -2.99374457988496770833E+0000  0.00000000000000000000E+0000  0.00000000000000000000E+0000  0.00000000000000000000E+0000 -1.55141363573031315186E-0003
 7.08700000000000000009E-0007  0.00000000000000000000E+0000  2.92078890799847346980E-0003  6.71970454081398684514E-0005  2.92078890799847346980E-0003  1.04999999999999999996E+0000  1.44339975082014764906E+0000  1.51698744503079062038E+0000  1.38294047560280919027E+0000  0.00000000000000000000E+0000  2.34433159148802059510E+0002  0.00000000000000000000E+0000  2.73719505778631620653E-0039  2.83257318377938087091E-0002  1.99210120920225352258E-0033  0.00000000000000000000E+0000  2.31226610390786923493E+0002  0.00000000000000000000E+0000  0.00000000000000000000E+0000  2.31224841206955054551E+0002  0.00000000000000000000E+0000  0.00000000000000000000E+0000  0.00000000000000000000E+0000  0.00000000000000000000E+0000  0.00000000000000000000E+0000 -6.58454327246525442838E-0007 -2.99387151108099022929E+0000  0.00000000000000000000E+0000  0.00000000000000000000E+0000  0.00000000000000000000E+0000 -1.43141085667948910284E-0003
 7.22899999999999999983E-0007  0.00000000000000000000E+0000  2.73982770212912936148E-0003  6.99347383401949364394E-0005  2.73982770212912936148E-0003  1.04999999999999999996E+0000  1.44339974884671871837E+0000  1.51698744070973682511E+0000  1.38294046927857577217E+0000  0.00000000000000000000E+0000  2.34433159148802059510E+0002  0.00000000000000000000E+0000  2.73719435730155272864E-0039  2.83257244401335485601E-0002  1.99210109958837499758E-0033  0.00000000000000000000E+0000  2.31226633281666766315E+0002  0.00000000000000000000E+0000  0.00000000000000000000E+0000  2.31225195337814974555E+0002  0.00000000000000000000E+0000  0.00000000000000000000E+0000  0.00000000000000000000E+0000  0.00000000000000000000E+0000  0.00000000000000000000E+0000 -7.01057589663342195208E-0007 -2.99382077543700210855E+0000  0.00000000000000000000E+0000  0.00000000000000000000E+0000  0.00000000000000000000E+0000 -1.30908054954586643488E-0003
 7.37299999999999999991E-0007  0.00000000000000000000E+0000  2.51571619028940413801E-0003  5.84089839198398994686E-0005  2.51571619028940413801E-0003  1.04999999999999999996E+0000  1.44339974184578882191E+0000  1.51698742974857957763E+0000  1.38294045573488433786E+0000  0.00000000000000000000E+0000  2.34433159148802059510E+0002  0.00000000000000000000E+0000  2.73719311544215934049E-0039  2.83257099046356629678E-0002  1.99210032537529472163E-0033  0.00000000000000000000E+0000  2.31226640771513503148E+0002  0.00000000000000000000E+0000  0.00000000000000000000E+0000  2.31225480748595034156E+0002  0.00000000000000000000E+0000  0.00000000000000000000E+0000  0.00000000000000000000E+0000  0.00000000000000000000E+0000  0.00000000000000000000E+0000 -6.28717429133806769089E-0007 -2.99391931971504968580E+0000  0.00000000000000000000E+0000  0.00000000000000000000E+0000  0.00000000000000000000E+0000 -1.20270952676144368439E-0003
 7.52100000000000000013E-0007  0.00000000000000000000E+0000  2.33104961775891855210E-0003  5.87856678644291677155E-0005  2.33104961775891855210E-0003  1.04999999999999999996E+0000  1.44339973127873130514E+0000  1.51698741407461471181E+0000  1.38294043702424243082E+0000  0.00000000000000000000E+0000  2.34433159148802059510E+0002  0.00000000000000000000E+0000  2.73719151513489380034E-0039  2.83256906425609509389E-0002  1.99209911499445007258E-0033  0.00000000000000000000E+0000  2.31226633439447625373E+0002  0.00000000000000000000E+0000  0.00000000000000000000E+0000  2.31225719333266578656E+0002  0.00000000000000000000E+0000  0.00000000000000000000E+0000  0.00000000000000000000E+0000  0.00000000000000000000E+0000  0.00000000000000000000E+0000 -6.11630722574359679764E-0007 -2.99394565255277907536E+0000  0.00000000000000000000E+0000  0.00000000000000000000E+0000  0.00000000000000000000E+0000 -1.09756235721854522023E-0003
 7.67100000000000000017E-0007  0.00000000000000000000E+0000  2.14595223490823533316E-0003  5.33796851123092106955E-0005  2.14595223490823533316E-0003  1.04999999999999999996E+0000  1.44339971759678081787E+0000  1.51698739431126010131E+0000  1.38294041386023962390E+0000  0.00000000000000000000E+0000  2.34433159148802059510E+0002  0.00000000000000000000E+0000  2.73718959528233440278E-0039  2.83256671346256504773E-0002  1.99209749840647912326E-0033  0.00000000000000000000E+0000  2.31226616250024083116E+0002  0.00000000000000000000E+0000  0.00000000000000000000E+0000  2.31225910630814421212E+0002  0.00000000000000000000E+0000  0.00000000000000000000E+0000  0.00000000000000000000E+0000  0.00000000000000000000E+0000  0.00000000000000000000E+0000 -5.71329655324915158028E-0007 -2.99400187282252720289E+0000  0.00000000000000000000E+0000  0.00000000000000000000E+0000  0.00000000000000000000E+0000 -1.00118637663937833956E-0003
 7.82499999999999999983E-0007  0.00000000000000000000E+0000  1.96459066921694055058E-0003  4.93257387547265653273E-0005  1.96459066921694055058E-0003  1.04999999999999999996E+0000  1.44339970102318585377E+0000  1.51698737073802746164E+0000  1.38294038652987266930E+0000  0.00000000000000000000E+0000  2.34433159148802059510E+0002  0.00000000000000000000E+0000  2.73718738241042619173E-0039  2.83256397242847026011E-0002  1.99209550861164717031E-0033  0.00000000000000000000E+0000  2.31226588237102821707E+0002  0.00000000000000000000E+0000  0.00000000000000000000E+0000  2.31226059105531696614E+0002  0.00000000000000000000E+0000  0.00000000000000000000E+0000  0.00000000000000000000E+0000  0.00000000000000000000E+0000  0.00000000000000000000E+0000 -5.16160995000461811888E-0007 -2.99407714736870567856E+0000  0.00000000000000000000E+0000  0.00000000000000000000E+0000  0.00000000000000000000E+0000 -9.12040284277407689201E-0004
 7.98099999999999999983E-0007  0.00000000000000000000E+0000  1.81575827582547808997E-0003  4.98194764164421915104E-0005  1.81575827582547808997E-0003  1.04999999999999999996E+0000  1.44339968280256652415E+0000  1.51698734503522005034E+0000  1.38294035686289896623E+0000  0.00000000000000000000E+0000  2.34433159148802059510E+0002  0.00000000000000000000E+0000  2.73718501407513175155E-0039  2.83256102338518565258E-0002  1.99209331255659293391E-0033  0.00000000000000000000E+0000  2.31226552352712238614E+0002  0.00000000000000000000E+0000  0.00000000000000000000E+0000  2.31226177910583199832E+0002  0.00000000000000000000E+0000  0.00000000000000000000E+0000  0.00000000000000000000E+0000  0.00000000000000000000E+0000  0.00000000000000000000E+0000 -5.03908765508804696987E-0007 -2.99409634067905035650E+0000  0.00000000000000000000E+0000  0.00000000000000000000E+0000  0.00000000000000000000E+0000 -8.24733145374859370412E-0004
 8.14099999999999999997E-0007  0.00000000000000000000E+0000  1.67000291229892722798E-0003  4.37457045292948227622E-0005  1.67000291229892722798E-0003  1.04999999999999999996E+0000  1.44339966296221690334E+0000  1.51698731720302013330E+0000  1.38294032486303676316E+0000  0.00000000000000000000E+0000  2.34433159148802059510E+0002  0.00000000000000000000E+0000  2.73718248095895068355E-0039  2.83255785474898316930E-0002  1.99209089986754150734E-0033  0.00000000000000000000E+0000  2.31226507742716728425E+0002  0.00000000000000000000E+0000  0.00000000000000000000E+0000  2.31226267469068452631E+0002  0.00000000000000000000E+0000  0.00000000000000000000E+0000  0.00000000000000000000E+0000  0.00000000000000000000E+0000  0.00000000000000000000E+0000 -4.75036322317193270940E-0007 -2.99413689767106273236E+0000  0.00000000000000000000E+0000  0.00000000000000000000E+0000  0.00000000000000000000E+0000 -7.44134081094380980114E-0004
 8.30400000000000000010E-0007  0.00000000000000000000E+0000  1.52728143695726244577E-0003  3.94365608776906012746E-0005  1.52728143695726244577E-0003  1.04999999999999999996E+0000  1.44339964194999540727E+0000  1.51698728780975245921E+0000  1.38294029120017870189E+0000  0.00000000000000000000E+0000  2.34433159148802059510E+0002  0.00000000000000000000E+0000  2.73717983903982241497E-0039  2.83255453206971376599E-0002  1.99208832108941204708E-0033  0.00000000000000000000E+0000  2.31226458728585747768E+0002  0.00000000000000000000E+0000  0.00000000000000000000E+0000  2.31226330337216152325E+0002  0.00000000000000000000E+0000  0.00000000000000000000E+0000  0.00000000000000000000E+0000  0.00000000000000000000E+0000  0.00000000000000000000E+0000 -4.34036520676739769453E-0007 -2.99419294677939843308E+0000  0.00000000000000000000E+0000  0.00000000000000000000E+0000  0.00000000000000000000E+0000 -6.71171188076925647523E-0004
 8.47000000000000000020E-0007  0.00000000000000000000E+0000  1.39001442368120085951E-0003  3.67118707825620515588E-0005  1.39001442368120085951E-0003  1.04999999999999999996E+0000  1.44339962010157189570E+0000  1.51698725728406017780E+0000  1.38294025636602610832E+0000  0.00000000000000000000E+0000  2.34433159148802059510E+0002  0.00000000000000000000E+0000  2.73717713029798134306E-0039  2.83255110562633316447E-0002  1.99208561719782363926E-0033  0.00000000000000000000E+0000  2.31226406736427893954E+0002  0.00000000000000000000E+0000  0.00000000000000000000E+0000  2.31226368993913918182E+0002  0.00000000000000000000E+0000  0.00000000000000000000E+0000  0.00000000000000000000E+0000  0.00000000000000000000E+0000  0.00000000000000000000E+0000 -3.84579168749823839193E-0007 -2.99425970975668863860E+0000  0.00000000000000000000E+0000  0.00000000000000000000E+0000  0.00000000000000000000E+0000 -6.04915784650618583321E-0004
 8.63899999999999999976E-0007  0.00000000000000000000E+0000  1.25878367956312867937E-0003  3.44105383495798481056E-0005  1.25878367956312867937E-0003  1.04999999999999999996E+0000  1.44339959772395988956E+0000  1.51698722604664181022E+0000  1.38294022081958144633E+0000  0.00000000000000000000E+0000  2.34433159148802059510E+0002  0.00000000000000000000E+0000  2.73717439130839747440E-0039  2.83254762242542328666E-0002  1.99208282770112559823E-0033  0.00000000000000000000E+0000  2.31226353519200818545E+0002  0.00000000000000000000E+0000  0.00000000000000000000E+0000  2.31226386424570908754E+0002  0.00000000000000000000E+0000  0.00000000000000000000E+0000  0.00000000000000000000E+0000  0.00000000000000000000E+0000  0.00000000000000000000E+0000 -3.30024382430899731171E-0007 -2.99433282855058977316E+0000  0.00000000000000000000E+0000  0.00000000000000000000E+0000  0.00000000000000000000E+0000 -5.44919067944583657360E-0004
 8.81199999999999999999E-0007  0.00000000000000000000E+0000  1.15180700548260359054E-0003  3.61041630770775692735E-0005  1.15180700548260359054E-0003  1.04999999999999999996E+0000  1.44339957489235180788E+0000  1.51698719420050773677E+0000  1.38294018460952361201E+0000  0.00000000000000000000E+0000  2.34433159148802059510E+0002  0.00000000000000000000E+0000  2.73717161210771301435E-0039  2.83254408038039893955E-0002  1.99207997319303141617E-0033  0.00000000000000000000E+0000  2.31226292932323675769E+0002  0.00000000000000000000E+0000  0.00000000000000000000E+0000  2.31226390545264200660E+0002  0.00000000000000000000E+0000  0.00000000000000000000E+0000  0.00000000000000000000E+0000  0.00000000000000000000E+0000  0.00000000000000000000E+0000 -3.04022740362106841457E-0007 -2.99436877178782721171E+0000  0.00000000000000000000E+0000  0.00000000000000000000E+0000  0.00000000000000000000E+0000 -4.85520064858391478778E-0004
 8.98800000000000000020E-0007  0.00000000000000000000E+0000  1.03639942445248900614E-0003  3.23392739365175250855E-0005  1.03639942445248900614E-0003  1.04999999999999999996E+0000  1.44339955216722126078E+0000  1.51698716253204310509E+0000  1.38294014865106073772E+0000  0.00000000000000000000E+0000  2.34433159148802059510E+0002  0.00000000000000000000E+0000  2.73716887326243234965E-0039  2.83254057661243225725E-0002  1.99207711113185170736E-0033  0.00000000000000000000E+0000  2.31226236671414155210E+0002  0.00000000000000000000E+0000  0.00000000000000000000E+0000  2.31226377642302882834E+0002  0.00000000000000000000E+0000  0.00000000000000000000E+0000  0.00000000000000000000E+0000  0.00000000000000000000E+0000  0.00000000000000000000E+0000 -2.43874081759760529160E-0007 -2.99444868152763973368E+0000  0.00000000000000000000E+0000  0.00000000000000000000E+0000  0.00000000000000000000E+0000 -4.32844951403968281239E-0004
 9.16800000000000000004E-0007  0.00000000000000000000E+0000  9.36335426363211042776E-0004  2.72474622751103288621E-0005  9.36335426363211042776E-0004  1.04999999999999999996E+0000  1.44339952932853020329E+0000  1.51698713071976103584E+0000  1.38294011254377516729E+0000  0.00000000000000000000E+0000  2.34433159148802059510E+0002  0.00000000000000000000E+0000  2.73716613269554806842E-0039  2.83253706281139543204E-0002  1.99207422347942603123E-0033  0.00000000000000000000E+0000  2.31226175410211244807E+0002  0.00000000000000000000E+0000  0.00000000000000000000E+0000  2.31226354378761252001E+0002  0.00000000000000000000E+0000  0.00000000000000000000E+0000  0.00000000000000000000E+0000  0.00000000000000000000E+0000  0.00000000000000000000E+0000 -2.06188363020889646776E-0007 -2.99449938716674708976E+0000  0.00000000000000000000E+0000  0.00000000000000000000E+0000  0.00000000000000000000E+0000 -3.86254216872476082750E-0004
 9.35099999999999999985E-0007  0.00000000000000000000E+0000  8.34008217030049361833E-0004  2.75229688486086645066E-0005  8.34008217030049361833E-0004  1.04999999999999999996E+0000  1.44339950720895641989E+0000  1.51698709994400358567E+0000  1.38294007762103621814E+0000  0.00000000000000000000E+0000  2.34433159148802059510E+0002  0.00000000000000000000E+0000  2.73716350872837202259E-0039  2.83253368686718060621E-0002  1.99207141567478424150E-0033  0.00000000000000000000E+0000  2.31226122286546829254E+0002  0.00000000000000000000E+0000  0.00000000000000000000E+0000  2.31226319885984771832E+0002  0.00000000000000000000E+0000  0.00000000000000000000E+0000  0.00000000000000000000E+0000  0.00000000000000000000E+0000  0.00000000000000000000E+0000 -1.49004546701384118729E-0007 -2.99457498878022823391E+0000  0.00000000000000000000E+0000  0.00000000000000000000E+0000  0.00000000000000000000E+0000 -3.43813087111378470761E-0004
 9.53800000000000000033E-0007  0.00000000000000000000E+0000  7.44156211591782446894E-0004  2.36827546137484501131E-0005  7.44156211591782446894E-0004  1.04999999999999999996E+0000  1.44339948526187192128E+0000  1.51698706944412771793E+0000  1.38294004299837050283E+0000  0.00000000000000000000E+0000  2.34433159148802059510E+0002  0.00000000000000000000E+0000  2.73716091259550648267E-0039  2.83253034162460638932E-0002  1.99206861823613927775E-0033  0.00000000000000000000E+0000  2.31226065994456911182E+0002  0.00000000000000000000E+0000  0.00000000000000000000E+0000  2.31226278074769477699E+0002  0.00000000000000000000E+0000  0.00000000000000000000E+0000  0.00000000000000000000E+0000  0.00000000000000000000E+0000  0.00000000000000000000E+0000 -1.06619202337758919239E-0007 -2.99463140491068543331E+0000  0.00000000000000000000E+0000  0.00000000000000000000E+0000  0.00000000000000000000E+0000 -3.05963264656643371341E-0004
 9.72900000000000000044E-0007  0.00000000000000000000E+0000  6.64400974720891488057E-0004  2.33437174693108445831E-0005  6.64400974720891488057E-0004  1.04999999999999999996E+0000  1.44339946365285608384E+0000  1.51698703947185501546E+0000  1.38294000894372403471E+0000  0.00000000000000000000E+0000  2.34433159148802059510E+0002  0.00000000000000000000E+0000  2.73715836498587532574E-0039  2.83252705750257946494E-0002  1.99206585924191889287E-0033  0.00000000000000000000E+0000  2.31226009024695347990E+0002  0.00000000000000000000E+0000  0.00000000000000000000E+0000  2.31226229850906713992E+0002  0.00000000000000000000E+0000  0.00000000000000000000E+0000  0.00000000000000000000E+0000  0.00000000000000000000E+0000  0.00000000000000000000E+0000 -6.34774136567097037571E-0008 -2.99468865611569531101E+0000  0.00000000000000000000E+0000  0.00000000000000000000E+0000  0.00000000000000000000E+0000 -2.66867738048815982420E-0004
 9.92400000000000000018E-0007  0.00000000000000000000E+0000  5.88267885032895353474E-0004  2.05448816953902340844E-0005  5.88267885032895353474E-0004  1.04999999999999999996E+0000  1.44339944256167549070E+0000  1.51698701028739037775E+0000  1.38293997574277500637E+0000  0.00000000000000000000E+0000  2.34433159148802059510E+0002  0.00000000000000000000E+0000  2.73715588705086601036E-0039  2.83252386369108789860E-0002  1.99206316311223480008E-0033  0.00000000000000000000E+0000  2.31225952750866369095E+0002  0.00000000000000000000E+0000  0.00000000000000000000E+0000  2.31226176727220623458E+0002  0.00000000000000000000E+0000  0.00000000000000000000E+0000  0.00000000000000000000E+0000  0.00000000000000000000E+0000  0.00000000000000000000E+0000 -2.07064760610808383422E-0008 -2.99474527308276773901E+0000  0.00000000000000000000E+0000  0.00000000000000000000E+0000  0.00000000000000000000E+0000 -2.33101762293205399233E-0004
 1.01199999999999999996E-0006  0.00000000000000000000E+0000  5.17626568513800321715E-0004  1.84277045070829824101E-0005  5.17626568513800321715E-0004  1.04999999999999999996E+0000  1.44339942247471058809E+0000  1.51698698256758281731E+0000  1.38293994415970187704E+0000  0.00000000000000000000E+0000  2.34433159148802059510E+0002  0.00000000000000000000E+0000  2.73715353867190592569E-0039  2.83252083773133955773E-0002  1.99206059585414624081E-0033  0.00000000000000000000E+0000  2.31225900251615681488E+0002  0.00000000000000000000E+0000  0.00000000000000000000E+0000  2.31226121458412695625E+0002  0.00000000000000000000E+0000  0.00000000000000000000E+0000  0.00000000000000000000E+0000  0.00000000000000000000E+0000  0.00000000000000000000E+0000  1.98012508908297956582E-0008 -2.99479877863677818126E+0000  0.00000000000000000000E+0000  0.00000000000000000000E+0000  0.00000000000000000000E+0000 -2.03533359773324504690E-0004
 1.03199999999999999996E-0006  0.00000000000000000000E+0000  4.52737712387241620162E-0004  1.69034119828823474728E-0005  4.52737712387241620162E-0004  1.04999999999999999996E+0000  1.44339940323526626665E+0000  1.51698695609697624702E+0000  1.38293991394680222760E+0000  0.00000000000000000000E+0000  2.34433159148802059510E+0002  0.00000000000000000000E+0000  2.73715129820940373532E-0039  2.83251795180322247334E-0002  1.99205813441371708443E-0033  0.00000000000000000000E+0000  2.31225850055223501142E+0002  0.00000000000000000000E+0000  0.00000000000000000000E+0000  2.31226064158714984559E+0002  0.00000000000000000000E+0000  0.00000000000000000000E+0000  0.00000000000000000000E+0000  0.00000000000000000000E+0000  0.00000000000000000000E+0000  5.81569003793579051420E-0008 -2.99484934174562303540E+0000  0.00000000000000000000E+0000  0.00000000000000000000E+0000  0.00000000000000000000E+0000 -1.77368589819661697436E-0004
 1.05300000000000000003E-0006  0.00000000000000000000E+0000  3.87740757159652140697E-0004  1.70580234818387371022E-0005  3.87740757159652140697E-0004  1.04999999999999999996E+0000  1.44339938572163502717E+0000  1.51698693216468001382E+0000  1.38293988652286342590E+0000  0.00000000000000000000E+0000  2.34433159148802059510E+0002  0.00000000000000000000E+0000  2.73714929286989907368E-0039  2.83251537185919832525E-0002  1.99205590934471523315E-0033  0.00000000000000000000E+0000  2.31225814793959559612E+0002  0.00000000000000000000E+0000  0.00000000000000000000E+0000  2.31226009023825193098E+0002  0.00000000000000000000E+0000  0.00000000000000000000E+0000  0.00000000000000000000E+0000  0.00000000000000000000E+0000  0.00000000000000000000E+0000  8.31409658578213064972E-0008 -2.99488209142971627155E+0000  0.00000000000000000000E+0000  0.00000000000000000000E+0000  0.00000000000000000000E+0000 -1.58091709713530622883E-0004
 1.07399999999999999999E-0006  0.00000000000000000000E+0000  3.28446716912184030264E-0004  1.39137583579560973570E-0005  3.28446716912184030264E-0004  1.04999999999999999996E+0000  1.44339936949386041481E+0000  1.51698691008782777752E+0000  1.38293986116040509555E+0000  0.00000000000000000000E+0000  2.34433159148802059510E+0002  0.00000000000000000000E+0000  2.73714744006040556250E-0039  2.83251299007059247636E-0002  1.99205384455702683090E-0033  0.00000000000000000000E+0000  2.31225784763826246862E+0002  0.00000000000000000000E+0000  0.00000000000000000000E+0000  2.31225956498470036599E+0002  0.00000000000000000000E+0000  0.00000000000000000000E+0000  0.00000000000000000000E+0000  0.00000000000000000000E+0000  0.00000000000000000000E+0000  1.12644666672006973549E-0007 -2.99492085375641538345E+0000  0.00000000000000000000E+0000  0.00000000000000000000E+0000  0.00000000000000000000E+0000 -1.39483990355299996407E-0004
 1.09600000000000000002E-0006  0.00000000000000000000E+0000  2.76724601269712353562E-0004  1.40146350554129741439E-0005  2.76724601269712353562E-0004  1.04999999999999999996E+0000  1.44339935385832060836E+0000  1.51698688893717400952E+0000  1.38293983678590433242E+0000  0.00000000000000000000E+0000  2.34433159148802059510E+0002  0.00000000000000000000E+0000  2.73714565626570439405E-0039  2.83251070223202447697E-0002  1.99205185362360384013E-0033  0.00000000000000000000E+0000  2.31225755141155092862E+0002  0.00000000000000000000E+0000  0.00000000000000000000E+0000  2.31225903365432107470E+0002  0.00000000000000000000E+0000  0.00000000000000000000E+0000  0.00000000000000000000E+0000  0.00000000000000000000E+0000  0.00000000000000000000E+0000  1.39956935927009608050E-0007 -2.99495669977220865593E+0000  0.00000000000000000000E+0000  0.00000000000000000000E+0000  0.00000000000000000000E+0000 -1.19550130534067758245E-0004
 1.11800000000000000004E-0006  0.00000000000000000000E+0000  2.28466809900167692641E-0004  1.25714854842502414236E-0005  2.28466809900167692641E-0004  1.04999999999999999996E+0000  1.44339933958931545340E+0000  1.51698686977454755113E+0000  1.38293981461360977693E+0000  0.00000000000000000000E+0000  2.34433159148802059510E+0002  0.00000000000000000000E+0000  2.73714404309412838227E-0039  2.83250864135665266000E-0002  1.99205005444242637368E-0033  0.00000000000000000000E+0000  2.31225731959292388387E+0002  0.00000000000000000000E+0000  0.00000000000000000000E+0000  2.31225854614018013947E+0002  0.00000000000000000000E+0000  0.00000000000000000000E+0000  0.00000000000000000000E+0000  0.00000000000000000000E+0000  0.00000000000000000000E+0000  1.61787279232554981905E-0007 -2.99498532513106136650E+0000  0.00000000000000000000E+0000  0.00000000000000000000E+0000  0.00000000000000000000E+0000 -1.02569933563209567114E-0004
 1.13999999999999999997E-0006  0.00000000000000000000E+0000  1.85383555465947090601E-0004  1.12637369652190111683E-0005  1.85383555465947090601E-0004  1.04999999999999999996E+0000  1.44339932667607504207E+0000  1.51698685258615052166E+0000  1.38293979462569278113E+0000  0.00000000000000000000E+0000  2.34433159148802059510E+0002  0.00000000000000000000E+0000  2.73714259111044714510E-0039  2.83250679603050701978E-0002  1.99204843817501277696E-0033  0.00000000000000000000E+0000  2.31225713043926495716E+0002  0.00000000000000000000E+0000  0.00000000000000000000E+0000  2.31225810149036026309E+0002  0.00000000000000000000E+0000  0.00000000000000000000E+0000  0.00000000000000000000E+0000  0.00000000000000000000E+0000  0.00000000000000000000E+0000  1.78675371142612080333E-0007 -2.99500744686523590250E+0000  0.00000000000000000000E+0000  0.00000000000000000000E+0000  0.00000000000000000000E+0000 -8.78821441707675386234E-0005
 1.16299999999999999995E-0006  0.00000000000000000000E+0000  1.46309427696450402758E-0004  1.02402150175585507070E-0005  1.46309427696450402758E-0004  1.04999999999999999996E+0000  1.44339931457881239169E+0000  1.51698683664931703000E+0000  1.38293977598246408170E+0000  0.00000000000000000000E+0000  2.34433159148802059510E+0002  0.00000000000000000000E+0000  2.73714123048090218013E-0039  2.83250507757618770743E-0002  1.99204692858753091079E-0033  0.00000000000000000000E+0000  2.31225695969155278939E+0002  0.00000000000000000000E+0000  0.00000000000000000000E+0000  2.31225767927944731675E+0002  0.00000000000000000000E+0000  0.00000000000000000000E+0000  0.00000000000000000000E+0000  0.00000000000000000000E+0000  0.00000000000000000000E+0000  1.92491673417326196798E-0007 -2.99502552718381646999E+0000  0.00000000000000000000E+0000  0.00000000000000000000E+0000  0.00000000000000000000E+0000 -7.45163522190333084759E-0005
 1.18600000000000000004E-0006  0.00000000000000000000E+0000  1.11409158506067897240E-0004  9.40849002552043654333E-0006  1.11409158506067897240E-0004  1.04999999999999999996E+0000  1.44339930385105848654E+0000  1.51698682269027968069E+0000  1.38293975953000496061E+0000  0.00000000000000000000E+0000  2.34433159148802059510E+0002  0.00000000000000000000E+0000  2.73714003775405346708E-0039  2.83250358329561192782E-0002  1.99204561240243578248E-0033  0.00000000000000000000E+0000  2.31225684844993924855E+0002  0.00000000000000000000E+0000  0.00000000000000000000E+0000  2.31225731845476016255E+0002  0.00000000000000000000E+0000  0.00000000000000000000E+0000  0.00000000000000000000E+0000  0.00000000000000000000E+0000  0.00000000000000000000E+0000  2.00786535253219277976E-0007 -2.99503636454950049762E+0000  0.00000000000000000000E+0000  0.00000000000000000000E+0000  0.00000000000000000000E+0000 -6.25228501740322711441E-0005
 1.20999999999999999998E-0006  0.00000000000000000000E+0000  8.03467342112558935937E-0005  8.58754745482631895637E-0006  8.03467342112558935937E-0005  1.04999999999999999996E+0000  1.44339929404734148113E+0000  1.51698681011468186847E+0000  1.38293974457027699966E+0000  0.00000000000000000000E+0000  2.34433159148802059510E+0002  0.00000000000000000000E+0000  2.73713894748603052314E-0039  2.83250222987694490980E-0002  1.99204441621854896118E-0033  0.00000000000000000000E+0000  2.31225675990936000451E+0002  0.00000000000000000000E+0000  0.00000000000000000000E+0000  2.31225699382425661774E+0002  0.00000000000000000000E+0000  0.00000000000000000000E+0000  0.00000000000000000000E+0000  0.00000000000000000000E+0000  0.00000000000000000000E+0000  2.05809086272681399050E-0007 -2.99504290811477833726E+0000  0.00000000000000000000E+0000  0.00000000000000000000E+0000  0.00000000000000000000E+0000 -5.17372893917021680415E-0005
 1.23400000000000000003E-0006  0.00000000000000000000E+0000  5.33386397442220049881E-0005  7.84511458326334055755E-0006  5.33386397442220049881E-0005  1.04999999999999999996E+0000  1.44339928557893871011E+0000  1.51698679943468173171E+0000  1.38293973171326335539E+0000  0.00000000000000000000E+0000  2.34433159148802059510E+0002  0.00000000000000000000E+0000  2.73713801919809715909E-0039  2.83250109096156560605E-0002  1.99204340510333175431E-0033  0.00000000000000000000E+0000  2.31225672381007043121E+0002  0.00000000000000000000E+0000  0.00000000000000000000E+0000  2.31225673606228806223E+0002  0.00000000000000000000E+0000  0.00000000000000000000E+0000  0.00000000000000000000E+0000  0.00000000000000000000E+0000  0.00000000000000000000E+0000  2.05706619359996870997E-0007 -2.99504273576278070906E+0000  0.00000000000000000000E+0000  0.00000000000000000000E+0000  0.00000000000000000000E+0000 -4.22038563476373964411E-0005
 1.25900000000000000004E-0006  0.00000000000000000000E+0000  3.00218114897380524246E-0005  7.11304724900552336139E-0006  3.00218114897380524246E-0005  1.04999999999999999996E+0000  1.44339927808732354389E+0000  1.51698679017062258852E+0000  1.38293972038896940729E+0000  0.00000000000000000000E+0000  2.34433159148802059510E+0002  0.00000000000000000000E+0000  2.73713719880860878802E-0039  2.83250009740446180414E-0002  1.99204251704898699584E-0033  0.00000000000000000000E+0000  2.31225671138218430836E+0002  0.00000000000000000000E+0000  0.00000000000000000000E+0000  2.31225652319956620454E+0002  0.00000000000000000000E+0000  0.00000000000000000000E+0000  0.00000000000000000000E+0000  0.00000000000000000000E+0000  0.00000000000000000000E+0000  2.02470822952355207355E-0007 -2.99503845565084859818E+0000  0.00000000000000000000E+0000  0.00000000000000000000E+0000  0.00000000000000000000E+0000 -3.37702558160044563844E-0005
 1.28400000000000000004E-0006  0.00000000000000000000E+0000  1.06211412900879041822E-0005  6.47618662715961170121E-0006  1.06211412900879041822E-0005  1.04999999999999999996E+0000  1.44339927185035614833E+0000  1.51698678263661255192E+0000  1.38293971099014782278E+0000  0.00000000000000000000E+0000  2.34433159148802059510E+0002  0.00000000000000000000E+0000  2.73713652934857640827E-0039  2.83249930001452598743E-0002  1.99204179658071624427E-0033  0.00000000000000000000E+0000  2.31225674234094154061E+0002  0.00000000000000000000E+0000  0.00000000000000000000E+0000  2.31225637722131059787E+0002  0.00000000000000000000E+0000  0.00000000000000000000E+0000  0.00000000000000000000E+0000  0.00000000000000000000E+0000  0.00000000000000000000E+0000  1.94845164028016346371E-0007 -2.99502842368273090108E+0000  0.00000000000000000000E+0000  0.00000000000000000000E+0000  0.00000000000000000000E+0000 -2.64593722242019471408E-0005
 1.30900000000000000005E-0006  0.00000000000000000000E+0000 -4.76867276291800512351E-0006  5.91020060478428655798E-0006 -4.76867276291800512351E-0006  1.04999999999999999996E+0000  1.44339926678465558011E+0000  1.51698677668787374644E+0000  1.38293970336021092413E+0000  0.00000000000000000000E+0000  2.34433159148802059510E+0002  0.00000000000000000000E+0000  2.73713599425626060640E-0039  2.83249867501595438735E-0002  1.99204122181905166314E-0033  0.00000000000000000000E+0000  2.31225680166520230222E+0002  0.00000000000000000000E+0000  0.00000000000000000000E+0000  2.31225628894153310430E+0002  0.00000000000000000000E+0000  0.00000000000000000000E+0000  0.00000000000000000000E+0000  0.00000000000000000000E+0000  0.00000000000000000000E+0000  1.83857256078898505608E-0007 -2.99501398582264172742E+0000  0.00000000000000000000E+0000  0.00000000000000000000E+0000  0.00000000000000000000E+0000 -2.03311247181774189435E-0005
 1.33599999999999999997E-0006  0.00000000000000000000E+0000 -1.74792731213865615976E-0005  5.30907434954977380219E-0006 -1.74792731213865615976E-0005  1.04999999999999999996E+0000  1.44339926248092587969E+0000  1.51698677180491028969E+0000  1.38293969684852764376E+0000  0.00000000000000000000E+0000  2.34433159148802059510E+0002  0.00000000000000000000E+0000  2.73713553904391756111E-0039  2.83249815463794285914E-0002  1.99204073046517365100E-0033  0.00000000000000000000E+0000  2.31225687633976005178E+0002  0.00000000000000000000E+0000  0.00000000000000000000E+0000  2.31225623981371275290E+0002  0.00000000000000000000E+0000  0.00000000000000000000E+0000  0.00000000000000000000E+0000  0.00000000000000000000E+0000  0.00000000000000000000E+0000  1.71119421945950119974E-0007 -2.99499724909094342104E+0000  0.00000000000000000000E+0000  0.00000000000000000000E+0000  0.00000000000000000000E+0000 -1.49408464962523234642E-0005
 1.36200000000000000004E-0006  0.00000000000000000000E+0000 -2.64683943998271880537E-0005  4.88958211729774525900E-0006 -2.64683943998271880537E-0005  1.04999999999999999996E+0000  1.44339925935897251709E+0000  1.51698676841822375095E+0000  1.38293969206044188081E+0000  0.00000000000000000000E+0000  2.34433159148802059510E+0002  0.00000000000000000000E+0000  2.73713523158368649412E-0039  2.83249781595997873618E-0002  1.99204039300656771262E-0033  0.00000000000000000000E+0000  2.31225698803557705524E+0002  0.00000000000000000000E+0000  0.00000000000000000000E+0000  2.31225625869192500064E+0002  0.00000000000000000000E+0000  0.00000000000000000000E+0000  0.00000000000000000000E+0000  0.00000000000000000000E+0000  0.00000000000000000000E+0000  1.54764942554973668340E-0007 -2.99497576919323700551E+0000  0.00000000000000000000E+0000  0.00000000000000000000E+0000  0.00000000000000000000E+0000 -1.05537477790919539253E-0005
 1.39000000000000000003E-0006  0.00000000000000000000E+0000 -3.29444232352456520442E-0005  4.40691596875994713669E-0006 -3.29444232352456520442E-0005  1.04999999999999999996E+0000  1.44339925697448119796E+0000  1.51698676599180243621E+0000  1.38293968829065274122E+0000  0.00000000000000000000E+0000  2.34433159148802059510E+0002  0.00000000000000000000E+0000  2.73713499781489957376E-0039  2.83249756835274666149E-0002  1.99204012528861371436E-0033  0.00000000000000000000E+0000  2.31225710614747925142E+0002  0.00000000000000000000E+0000  0.00000000000000000000E+0000  2.31225631037789371436E+0002  0.00000000000000000000E+0000  0.00000000000000000000E+0000  0.00000000000000000000E+0000  0.00000000000000000000E+0000  0.00000000000000000000E+0000  1.37578678164684594632E-0007 -2.99495319267238910006E+0000  0.00000000000000000000E+0000  0.00000000000000000000E+0000  0.00000000000000000000E+0000 -6.93401797101318518087E-0006
 1.41699999999999999995E-0006  0.00000000000000000000E+0000 -3.63167443177559732438E-0005  4.10207096140730938753E-0006 -3.63167443177559732438E-0005  1.04999999999999999996E+0000  1.44339925550302618262E+0000  1.51698676464668507930E+0000  1.38293968579875142431E+0000  0.00000000000000000000E+0000  2.34433159148802059510E+0002  0.00000000000000000000E+0000  2.73713487626551743331E-0039  2.83249745290559063240E-0002  1.99203996840790553978E-0033  0.00000000000000000000E+0000  2.31225724435433297427E+0002  0.00000000000000000000E+0000  0.00000000000000000000E+0000  2.31225641281963138735E+0002  0.00000000000000000000E+0000  0.00000000000000000000E+0000  0.00000000000000000000E+0000  0.00000000000000000000E+0000  0.00000000000000000000E+0000  1.18380973531093456114E-0007 -2.99492797205262487872E+0000  0.00000000000000000000E+0000  0.00000000000000000000E+0000  0.00000000000000000000E+0000 -4.16274386832596675661E-0006
 1.44600000000000000000E-0006  0.00000000000000000000E+0000 -3.77396679778538639227E-0005  3.71267674960097336972E-0006 -3.77396679778538639227E-0005  1.04999999999999999996E+0000  1.44339925466840740087E+0000  1.51698676406348782828E+0000  1.38293968412833144044E+0000  0.00000000000000000000E+0000  2.34433159148802059510E+0002  0.00000000000000000000E+0000  2.73713481916950053214E-0039  2.83249741190146578017E-0002  1.99203986666880048732E-0033  0.00000000000000000000E+0000  2.31225738574219808696E+0002  0.00000000000000000000E+0000  0.00000000000000000000E+0000  2.31225654211125902907E+0002  0.00000000000000000000E+0000  0.00000000000000000000E+0000  0.00000000000000000000E+0000  0.00000000000000000000E+0000  0.00000000000000000000E+0000  9.90239183178886535076E-0008 -2.99490253507588730379E+0000  0.00000000000000000000E+0000  0.00000000000000000000E+0000  0.00000000000000000000E+0000 -1.99406432200834649430E-0006
 1.47500000000000000005E-0006  0.00000000000000000000E+0000 -3.70300926887565165116E-0005  3.43672403741604286056E-0006 -3.70300926887565165116E-0005  1.04999999999999999996E+0000  1.44339925444485874624E+0000  1.51698676414735083575E+0000  1.38293968325797794153E+0000  0.00000000000000000000E+0000  2.34433159148802059510E+0002  0.00000000000000000000E+0000  2.73713483414722189533E-0039  2.83249745111833461045E-0002  1.99203983041705624222E-0033  0.00000000000000000000E+0000  2.31225753374117635436E+0002  0.00000000000000000000E+0000  0.00000000000000000000E+0000  2.31225670413514956578E+0002  0.00000000000000000000E+0000  0.00000000000000000000E+0000  0.00000000000000000000E+0000  0.00000000000000000000E+0000  0.00000000000000000000E+0000  7.91149411488702000003E-0008 -2.99487636406897980690E+0000  0.00000000000000000000E+0000  0.00000000000000000000E+0000  0.00000000000000000000E+0000 -4.04618825917685994372E-0007
 1.50399999999999999999E-0006  0.00000000000000000000E+0000 -3.46446812281397153358E-0005  3.24771531754640551104E-0006 -3.46446812281397153358E-0005  1.04999999999999999996E+0000  1.44339925470055995167E+0000  1.51698676471552709017E+0000  1.38293968299508755965E+0000  0.00000000000000000000E+0000  2.34433159148802059510E+0002  0.00000000000000000000E+0000  2.73713489965080201019E-0039  2.83249754286394803211E-0002  1.99203983710179845958E-0033  0.00000000000000000000E+0000  2.31225767656469427536E+0002  0.00000000000000000000E+0000  0.00000000000000000000E+0000  2.31225688215834055975E+0002  0.00000000000000000000E+0000  0.00000000000000000000E+0000  0.00000000000000000000E+0000  0.00000000000000000000E+0000  0.00000000000000000000E+0000  5.98617348088479868097E-0008 -2.99485104560184015043E+0000  0.00000000000000000000E+0000  0.00000000000000000000E+0000  0.00000000000000000000E+0000  6.42477064815390450363E-0007
 1.53400000000000000000E-0006  0.00000000000000000000E+0000 -3.11329805028472344070E-0005  3.00198197188979974617E-0006 -3.11329805028472344070E-0005  1.04999999999999999996E+0000  1.44339925532062881273E+0000  1.51698676562412778041E+0000  1.38293968315980583177E+0000  0.00000000000000000000E+0000  2.34433159148802059510E+0002  0.00000000000000000000E+0000  2.73713500236098233472E-0039  2.83249767081853018035E-0002  1.99203987200116929175E-0033  0.00000000000000000000E+0000  2.31225781304561279969E+0002  0.00000000000000000000E+0000  0.00000000000000000000E+0000  2.31225707136896100849E+0002  0.00000000000000000000E+0000  0.00000000000000000000E+0000  0.00000000000000000000E+0000  0.00000000000000000000E+0000  0.00000000000000000000E+0000  4.15467950729704891118E-0008 -2.99482695012547574004E+0000  0.00000000000000000000E+0000  0.00000000000000000000E+0000  0.00000000000000000000E+0000  1.32458157469317179671E-0006
 1.56499999999999999997E-0006  0.00000000000000000000E+0000 -2.67748096037474783772E-0005  2.75451654056578633524E-0006 -2.67748096037474783772E-0005  1.04999999999999999996E+0000  1.44339925619040151212E+0000  1.51698676672502407402E+0000  1.38293968360058568167E+0000  0.00000000000000000000E+0000  2.34433159148802059510E+0002  0.00000000000000000000E+0000  2.73713513000241958707E-0039  2.83249782008012429916E-0002  1.99203992447254533118E-0033  0.00000000000000000000E+0000  2.31225794050563490403E+0002  0.00000000000000000000E+0000  0.00000000000000000000E+0000  2.31225726746597124550E+0002  0.00000000000000000000E+0000  0.00000000000000000000E+0000  0.00000000000000000000E+0000  0.00000000000000000000E+0000  0.00000000000000000000E+0000  2.43890929080655453647E-0008 -2.99480436436851347884E+0000  0.00000000000000000000E+0000  0.00000000000000000000E+0000  0.00000000000000000000E+0000  1.74716055215390200660E-0006
 1.59600000000000000004E-0006  0.00000000000000000000E+0000 -2.18760722561102736159E-0005  2.61437549635802285446E-0006 -2.18760722561102736159E-0005  1.04999999999999999996E+0000  1.44339925717021038028E+0000  1.51698676784501467298E+0000  1.38293968416161948561E+0000  0.00000000000000000000E+0000  2.34433159148802059510E+0002  0.00000000000000000000E+0000  2.73713526481028007635E-0039  2.83249796977413729377E-0002  1.99203998130219506289E-0033  0.00000000000000000000E+0000  2.31225805184786288402E+0002  0.00000000000000000000E+0000  0.00000000000000000000E+0000  2.31225745918427186734E+0002  0.00000000000000000000E+0000  0.00000000000000000000E+0000  0.00000000000000000000E+0000  0.00000000000000000000E+0000  0.00000000000000000000E+0000  9.06462781772509796536E-0009 -2.99478417724748594226E+0000  0.00000000000000000000E+0000  0.00000000000000000000E+0000  0.00000000000000000000E+0000  1.95190847987069255687E-0006
 1.62799999999999999996E-0006  0.00000000000000000000E+0000 -1.68419253263067130426E-0005  2.44232752045190832010E-0006 -1.68419253263067130426E-0005  1.04999999999999999996E+0000  1.44339925818062230856E+0000  1.51698676889473662969E+0000  1.38293968472931986559E+0000  0.00000000000000000000E+0000  2.34433159148802059510E+0002  0.00000000000000000000E+0000  2.73713539806372040066E-0039  2.83249810997043136998E-0002  1.99204003370407909072E-0033  0.00000000000000000000E+0000  2.31225814591441544379E+0002  0.00000000000000000000E+0000  0.00000000000000000000E+0000  2.31225764106477397544E+0002  0.00000000000000000000E+0000  0.00000000000000000000E+0000  0.00000000000000000000E+0000  0.00000000000000000000E+0000  0.00000000000000000000E+0000 -4.21032363051627188497E-0009 -2.99476667452197881027E+0000  0.00000000000000000000E+0000  0.00000000000000000000E+0000  0.00000000000000000000E+0000  2.04029217927081009546E-0006
 1.66099999999999999995E-0006  0.00000000000000000000E+0000 -1.18711384118872020055E-0005  2.25359250863962433396E-0006 -1.18711384118872020055E-0005  1.04999999999999999996E+0000  1.44339925912165739598E+0000  1.51698676976451525187E+0000  1.38293968519085113777E+0000  0.00000000000000000000E+0000  2.34433159148802059510E+0002  0.00000000000000000000E+0000  2.73713551812929378054E-0039  2.83249822804043013847E-0002  1.99204007312872128302E-0033  0.00000000000000000000E+0000  2.31225822061740855548E+0002  0.00000000000000000000E+0000  0.00000000000000000000E+0000  2.31225780909448812864E+0002  0.00000000000000000000E+0000  0.00000000000000000000E+0000  0.00000000000000000000E+0000  0.00000000000000000000E+0000  0.00000000000000000000E+0000 -1.53381855596571827164E-0008 -2.99475198434915597682E+0000  0.00000000000000000000E+0000  0.00000000000000000000E+0000  0.00000000000000000000E+0000  2.07964231423872943251E-0006
 1.69400000000000000004E-0006  0.00000000000000000000E+0000 -7.24098307440580322440E-0006  2.13201150586109753847E-0006 -7.24098307440580322440E-0006  1.04999999999999999996E+0000  1.44339925988839990118E+0000  1.51698677035063874546E+0000  1.38293968545163646318E+0000  0.00000000000000000000E+0000  2.34433159148802059510E+0002  0.00000000000000000000E+0000  2.73713561155104217568E-0039  2.83249831013352232890E-0002  1.99204009142751764502E-0033  0.00000000000000000000E+0000  2.31225827257593102862E+0002  0.00000000000000000000E+0000  0.00000000000000000000E+0000  2.31225795496711072324E+0002  0.00000000000000000000E+0000  0.00000000000000000000E+0000  0.00000000000000000000E+0000  0.00000000000000000000E+0000  0.00000000000000000000E+0000 -2.39374684837714025854E-0008 -2.99474060994486338395E+0000  0.00000000000000000000E+0000  0.00000000000000000000E+0000  0.00000000000000000000E+0000  2.10174601993467271777E-0006
 1.72799999999999999999E-0006  0.00000000000000000000E+0000 -3.13103905143713576634E-0006  1.95971333353360365480E-0006 -3.13103905143713576634E-0006  1.04999999999999999996E+0000  1.44339926044132749454E+0000  1.51698677061596422873E+0000  1.38293968545830253897E+0000  0.00000000000000000000E+0000  2.34433159148802059510E+0002  0.00000000000000000000E+0000  2.73713567610399594982E-0039  2.83249835433768631669E-0002  1.99204008629777715968E-0033  0.00000000000000000000E+0000  2.31225830273570527054E+0002  0.00000000000000000000E+0000  0.00000000000000000000E+0000  2.31225807673081785482E+0002  0.00000000000000000000E+0000  0.00000000000000000000E+0000  0.00000000000000000000E+0000  0.00000000000000000000E+0000  0.00000000000000000000E+0000 -3.00987330311651737580E-0008 -2.99473243363102918299E+0000  0.00000000000000000000E+0000  0.00000000000000000000E+0000  0.00000000000000000000E+0000  2.14668920072737653534E-0006
 1.76200000000000000004E-0006  0.00000000000000000000E+0000  3.24490831920942591786E-0007  1.80121354355085623827E-0006  3.24490831920942591786E-0007  1.04999999999999999996E+0000  1.44339926072540159310E+0000  1.51698677052549892855E+0000  1.38293968517894449663E+0000  0.00000000000000000000E+0000  2.34433159148802059510E+0002  0.00000000000000000000E+0000  2.73713570401831781961E-0039  2.83249835397734579441E-0002  1.99204005419535535336E-0033  0.00000000000000000000E+0000  2.31225831119104059272E+0002  0.00000000000000000000E+0000  0.00000000000000000000E+0000  2.31225817123754300506E+0002  0.00000000000000000000E+0000  0.00000000000000000000E+0000  0.00000000000000000000E+0000  0.00000000000000000000E+0000  0.00000000000000000000E+0000 -3.38225284239590819573E-0008 -2.99472745591975039693E+0000  0.00000000000000000000E+0000  0.00000000000000000000E+0000  0.00000000000000000000E+0000  2.22736703046293341763E-0006
 1.79800000000000000000E-0006  0.00000000000000000000E+0000  3.15055739272128368022E-0006  1.57011486612282499270E-0006  3.15055739272128368022E-0006  1.04999999999999999996E+0000  1.44339926072593092868E+0000  1.51698677005798421584E+0000  1.38293968457260590520E+0000  0.00000000000000000000E+0000  2.34433159148802059510E+0002  0.00000000000000000000E+0000  2.73713569739513176232E-0039  2.83249831109773674396E-0002  1.99203999466202312177E-0033  0.00000000000000000000E+0000  2.31225829928077922099E+0002  0.00000000000000000000E+0000  0.00000000000000000000E+0000  2.31225823975400416446E+0002  0.00000000000000000000E+0000  0.00000000000000000000E+0000  0.00000000000000000000E+0000  0.00000000000000000000E+0000  0.00000000000000000000E+0000 -3.54126863527210123089E-0008 -2.99472527685776603815E+0000  0.00000000000000000000E+0000  0.00000000000000000000E+0000  0.00000000000000000000E+0000  2.34995486745096709257E-0006
 1.83300000000000000001E-0006  0.00000000000000000000E+0000  5.16361616341113812748E-0006  1.42882292635688551352E-0006  5.16361616341113812748E-0006  1.04999999999999999996E+0000  1.44339926044347061378E+0000  1.51698676927103412416E+0000  1.38293968370365521917E+0000  0.00000000000000000000E+0000  2.34433159148802059510E+0002  0.00000000000000000000E+0000  2.73713565254482824583E-0039  2.83249822557754275356E-0002  1.99203990963134504743E-0033  0.00000000000000000000E+0000  2.31225827069649403495E+0002  0.00000000000000000000E+0000  0.00000000000000000000E+0000  2.31225828032914144869E+0002  0.00000000000000000000E+0000  0.00000000000000000000E+0000  0.00000000000000000000E+0000  0.00000000000000000000E+0000  0.00000000000000000000E+0000 -3.49282506970546618198E-0008 -2.99472582182427427737E+0000  0.00000000000000000000E+0000  0.00000000000000000000E+0000  0.00000000000000000000E+0000  2.49745243250336486386E-0006
 1.87000000000000000004E-0006  0.00000000000000000000E+0000  6.53767547105304328539E-0006  1.21639542845285468810E-0006  6.53767547105304328539E-0006  1.04999999999999999996E+0000  1.44339925987181909935E+0000  1.51698676813534743927E+0000  1.38293968252367425564E+0000  0.00000000000000000000E+0000  2.34433159148802059510E+0002  0.00000000000000000000E+0000  2.73713557494626633276E-0039  2.83249810204504732269E-0002  1.99203979996425114879E-0033  0.00000000000000000000E+0000  2.31225822558968709022E+0002  0.00000000000000000000E+0000  0.00000000000000000000E+0000  2.31225829515002788000E+0002  0.00000000000000000000E+0000  0.00000000000000000000E+0000  0.00000000000000000000E+0000  0.00000000000000000000E+0000  0.00000000000000000000E+0000 -3.27052784752958655488E-0008 -2.99472864835175708658E+0000  0.00000000000000000000E+0000  0.00000000000000000000E+0000  0.00000000000000000000E+0000  2.65550672885712733034E-0006
 1.90799999999999999993E-0006  0.00000000000000000000E+0000  7.27106474500964382624E-0006  1.01986040805811463199E-0006  7.27106474500964382624E-0006  1.04999999999999999996E+0000  1.44339925904686204963E+0000  1.51698676672071414390E+0000  1.38293968109486644226E+0000  0.00000000000000000000E+0000  2.34433159148802059510E+0002  0.00000000000000000000E+0000  2.73713546627176062954E-0039  2.83249794419397660260E-0002  1.99203966791064160582E-0033  0.00000000000000000000E+0000  2.31225816855920488280E+0002  0.00000000000000000000E+0000  0.00000000000000000000E+0000  2.31225828667217688780E+0002  0.00000000000000000000E+0000  0.00000000000000000000E+0000  0.00000000000000000000E+0000  0.00000000000000000000E+0000  0.00000000000000000000E+0000 -2.90678463278693943788E-0008 -2.99473332984666416380E+0000  0.00000000000000000000E+0000  0.00000000000000000000E+0000  0.00000000000000000000E+0000  2.80260236760179516566E-0006
 1.94600000000000000002E-0006  0.00000000000000000000E+0000  7.37298191379837381089E-0006  8.59693838379635105731E-0007  7.37298191379837381089E-0006  1.04999999999999999996E+0000  1.44339925803628602605E+0000  1.51698676512956539479E+0000  1.38293967950962362265E+0000  0.00000000000000000000E+0000  2.34433159148802059510E+0002  0.00000000000000000000E+0000  2.73713533615804909644E-0039  2.83249776463799996677E-0002  1.99203952219453838105E-0033  0.00000000000000000000E+0000  2.31225810515076054680E+0002  0.00000000000000000000E+0000  0.00000000000000000000E+0000  2.31225825831554199691E+0002  0.00000000000000000000E+0000  0.00000000000000000000E+0000  0.00000000000000000000E+0000  0.00000000000000000000E+0000  0.00000000000000000000E+0000 -2.43829871935874693038E-0008 -2.99473938705190830629E+0000  0.00000000000000000000E+0000  0.00000000000000000000E+0000  0.00000000000000000000E+0000  2.91012263804695730358E-0006
 1.98499999999999999997E-0006  0.00000000000000000000E+0000  7.00568144064341421422E-0006  7.06538945888196360079E-0007  7.00568144064341421422E-0006  1.04999999999999999996E+0000  1.44339925686948305800E+0000  1.51698676339253477150E+0000  1.38293967778708297965E+0000  0.00000000000000000000E+0000  2.34433159148802059510E+0002  0.00000000000000000000E+0000  2.73713518976241038367E-0039  2.83249756885698616680E-0002  1.99203936535820879939E-0033  0.00000000000000000000E+0000  2.31225803709096923613E+0002  0.00000000000000000000E+0000  0.00000000000000000000E+0000  2.31225821343413261225E+0002  0.00000000000000000000E+0000  0.00000000000000000000E+0000  0.00000000000000000000E+0000  0.00000000000000000000E+0000  0.00000000000000000000E+0000 -1.89765315645768611605E-0008 -2.99474639193323100635E+0000  0.00000000000000000000E+0000  0.00000000000000000000E+0000  0.00000000000000000000E+0000  2.96233678224274645141E-0006
 2.02399999999999999991E-0006  0.00000000000000000000E+0000  6.22197812480906820025E-0006  5.92181185004477647139E-0007  6.22197812480906820025E-0006  1.04999999999999999996E+0000  1.44339925563375260633E+0000  1.51698676162596151945E+0000  1.38293967603209431256E+0000  0.00000000000000000000E+0000  2.34433159148802059510E+0002  0.00000000000000000000E+0000  2.73713503757016491767E-0039  2.83249736974980020392E-0002  1.99203920610650272812E-0033  0.00000000000000000000E+0000  2.31225797056316865391E+0002  0.00000000000000000000E+0000  0.00000000000000000000E+0000  2.31225815742687291057E+0002  0.00000000000000000000E+0000  0.00000000000000000000E+0000  0.00000000000000000000E+0000  0.00000000000000000000E+0000  0.00000000000000000000E+0000 -1.32880724253473947807E-0008 -2.99475376835119667463E+0000  0.00000000000000000000E+0000  0.00000000000000000000E+0000  0.00000000000000000000E+0000  2.94343597784957687684E-0006
 2.06499999999999999998E-0006  0.00000000000000000000E+0000  5.20779397574325629789E-0006  5.22556522163490598018E-0007  5.20779397574325629789E-0006  1.04999999999999999996E+0000  1.44339925432715573636E+0000  1.51698675981206847609E+0000  1.38293967421703580900E+0000  0.00000000000000000000E+0000  2.34433159148802059510E+0002  0.00000000000000000000E+0000  2.73713487978445547911E-0039  2.83249716620923266679E-0002  1.99203904193971754828E-0033  0.00000000000000000000E+0000  2.31225790425055274524E+0002  0.00000000000000000000E+0000  0.00000000000000000000E+0000  2.31225809212262012504E+0002  0.00000000000000000000E+0000  0.00000000000000000000E+0000  0.00000000000000000000E+0000  0.00000000000000000000E+0000  0.00000000000000000000E+0000 -7.46766634720615052906E-0009 -2.99476131814675699942E+0000  0.00000000000000000000E+0000  0.00000000000000000000E+0000  0.00000000000000000000E+0000  2.85226714091447337485E-0006
 2.10600000000000000006E-0006  0.00000000000000000000E+0000  3.94992817946082189755E-0006  4.94000506843192531050E-0007  3.94992817946082189755E-0006  1.04999999999999999996E+0000  1.44339925306874762470E+0000  1.51698675810487229056E+0000  1.38293967248588622410E+0000  0.00000000000000000000E+0000  2.34433159148802059510E+0002  0.00000000000000000000E+0000  2.73713473095401378189E-0039  2.83249697602424942105E-0002  1.99203888591857670827E-0033  0.00000000000000000000E+0000  2.31225784632366114346E+0002  0.00000000000000000000E+0000  0.00000000000000000000E+0000  2.31225802413615881076E+0002  0.00000000000000000000E+0000  0.00000000000000000000E+0000  0.00000000000000000000E+0000  0.00000000000000000000E+0000  0.00000000000000000000E+0000 -1.98744656474960270269E-0009 -2.99476842358725363932E+0000  0.00000000000000000000E+0000  0.00000000000000000000E+0000  0.00000000000000000000E+0000  2.68121887135430604605E-0006
 2.14799999999999999998E-0006  0.00000000000000000000E+0000  2.62103586062304411943E-0006  4.92644415521853748168E-0007  2.62103586062304411943E-0006  1.04999999999999999996E+0000  1.44339925187796007725E+0000  1.51698675651832374362E+0000  1.38293967084486643985E+0000  0.00000000000000000000E+0000  2.34433159148802059510E+0002  0.00000000000000000000E+0000  2.73713459312721895893E-0039  2.83249680077898713207E-0002  1.99203873826936768540E-0033  0.00000000000000000000E+0000  2.31225779598644995763E+0002  0.00000000000000000000E+0000  0.00000000000000000000E+0000  2.31225795632080283928E+0002  0.00000000000000000000E+0000  0.00000000000000000000E+0000  0.00000000000000000000E+0000  0.00000000000000000000E+0000  0.00000000000000000000E+0000  2.98459300035796190678E-0009 -2.99477486552233275962E+0000  0.00000000000000000000E+0000  0.00000000000000000000E+0000  0.00000000000000000000E+0000  2.44628082005007903423E-0006
 2.19099999999999999997E-0006  0.00000000000000000000E+0000  1.26285329509702887037E-0006  4.92447605228372254917E-0007  1.26285329509702887037E-0006  1.04999999999999999996E+0000  1.44339925079827389488E+0000  1.51698675510048843536E+0000  1.38293966933662686582E+0000  0.00000000000000000000E+0000  2.34433159148802059510E+0002  0.00000000000000000000E+0000  2.73713447136710423666E-0039  2.83249664613284779419E-0002  1.99203860304316324966E-0033  0.00000000000000000000E+0000  2.31225775548246011037E+0002  0.00000000000000000000E+0000  0.00000000000000000000E+0000  2.31225789192094142388E+0002  0.00000000000000000000E+0000  0.00000000000000000000E+0000  0.00000000000000000000E+0000  0.00000000000000000000E+0000  0.00000000000000000000E+0000  7.26918803343879088495E-0009 -2.99478040935860182533E+0000  0.00000000000000000000E+0000  0.00000000000000000000E+0000  0.00000000000000000000E+0000  2.16033189686039561551E-0006
 2.23500000000000000003E-0006  0.00000000000000000000E+0000 -5.98279421921818068497E-0008  4.82904285221643509625E-0007 -5.98279421921818068497E-0008  1.04999999999999999996E+0000  1.44339924986318139687E+0000  1.51698675388738572355E+0000  1.38293966799444635596E+0000  0.00000000000000000000E+0000  2.34433159148802059510E+0002  0.00000000000000000000E+0000  2.73713436928795245556E-0039  2.83249651610318201296E-0002  1.99203848340100366455E-0033  0.00000000000000000000E+0000  2.31225772578439564789E+0002  0.00000000000000000000E+0000  0.00000000000000000000E+0000  2.31225783382475530744E+0002  0.00000000000000000000E+0000  0.00000000000000000000E+0000  0.00000000000000000000E+0000  0.00000000000000000000E+0000  0.00000000000000000000E+0000  1.07268291301025207385E-0008 -2.99478487355062446273E+0000  0.00000000000000000000E+0000  0.00000000000000000000E+0000  0.00000000000000000000E+0000  1.84414711003421324127E-0006
 2.27999999999999999993E-0006  0.00000000000000000000E+0000 -1.29387903922380232854E-0006  4.57926200845737819345E-0007 -1.29387903922380232854E-0006  1.04999999999999999996E+0000  1.44339924909493435494E+0000  1.51698675290201331488E+0000  1.38293966684148333425E+0000  0.00000000000000000000E+0000  2.34433159148802059510E+0002  0.00000000000000000000E+0000  2.73713428901643136797E-0039  2.83249641307045829053E-0002  1.99203838163262680570E-0033  0.00000000000000000000E+0000  2.31225770713515391880E+0002  0.00000000000000000000E+0000  0.00000000000000000000E+0000  2.31225778426159003301E+0002  0.00000000000000000000E+0000  0.00000000000000000000E+0000  0.00000000000000000000E+0000  0.00000000000000000000E+0000  0.00000000000000000000E+0000  1.32761126507873347476E-0008 -2.99478815281475418898E+0000  0.00000000000000000000E+0000  0.00000000000000000000E+0000  0.00000000000000000000E+0000  1.52051900112802146369E-0006
 2.32500000000000000005E-0006  0.00000000000000000000E+0000 -2.39463088754046902556E-0006  4.13155432420048947796E-0007 -2.39463088754046902556E-0006  1.04999999999999999996E+0000  1.44339924851624961668E+0000  1.51698675216969896867E+0000  1.38293966590911371415E+0000  0.00000000000000000000E+0000  2.34433159148802059510E+0002  0.00000000000000000000E+0000  2.73713423294948831685E-0039  2.83249634005006615898E-0002  1.99203830134196730293E-0033  0.00000000000000000000E+0000  2.31225769974524256442E+0002  0.00000000000000000000E+0000  0.00000000000000000000E+0000  2.31225774552461143072E+0002  0.00000000000000000000E+0000  0.00000000000000000000E+0000  0.00000000000000000000E+0000  0.00000000000000000000E+0000  0.00000000000000000000E+0000  1.48374369220558515156E-0008 -2.99479014499609305774E+0000  0.00000000000000000000E+0000  0.00000000000000000000E+0000  0.00000000000000000000E+0000  1.21442475179808771816E-0006
 2.37200000000000000008E-0006  0.00000000000000000000E+0000 -3.32007353975429592099E-0006  3.51934609552518901032E-0007 -3.32007353975429592099E-0006  1.04999999999999999996E+0000  1.44339924810172416810E+0000  1.51698675165603944046E+0000  1.38293966516158974673E+0000  0.00000000000000000000E+0000  2.34433159148802059510E+0002  0.00000000000000000000E+0000  2.73713419627852135589E-0039  2.83249629105504397439E-0002  1.99203823780456976616E-0033  0.00000000000000000000E+0000  2.31225770089061159418E+0002  0.00000000000000000000E+0000  0.00000000000000000000E+0000  2.31225771679734176473E+0002  0.00000000000000000000E+0000  0.00000000000000000000E+0000  0.00000000000000000000E+0000  0.00000000000000000000E+0000  0.00000000000000000000E+0000  1.55571136545164046759E-0008 -2.99479104150447639600E+0000  0.00000000000000000000E+0000  0.00000000000000000000E+0000  0.00000000000000000000E+0000  9.40799547119308503124E-0007
 2.41899999999999999991E-0006  0.00000000000000000000E+0000 -4.07603190554402456088E-0006  2.78553060292500797745E-0007 -4.07603190554402456088E-0006  1.04999999999999999996E+0000  1.44339924785931739853E+0000  1.51698675136994369679E+0000  1.38293966462489373618E+0000  0.00000000000000000000E+0000  2.34433159148802059510E+0002  0.00000000000000000000E+0000  2.73713418078088885814E-0039  2.83249626876536515724E-0002  1.99203819557003730576E-0033  0.00000000000000000000E+0000  2.31225771076355814365E+0002  0.00000000000000000000E+0000  0.00000000000000000000E+0000  2.31225769938233566406E+0002  0.00000000000000000000E+0000  0.00000000000000000000E+0000  0.00000000000000000000E+0000  0.00000000000000000000E+0000  0.00000000000000000000E+0000  1.54181671186624070580E-0008 -2.99479082206421174609E+0000  0.00000000000000000000E+0000  0.00000000000000000000E+0000  0.00000000000000000000E+0000  7.17454116507859752606E-0007
 2.46800000000000000006E-0006  0.00000000000000000000E+0000 -4.63301211158469755451E-0006  2.07728506866066041874E-0007 -4.63301211158469755451E-0006  1.04999999999999999996E+0000  1.44339924776164270598E+0000  1.51698675127787142565E+0000  1.38293966426639288998E+0000  0.00000000000000000000E+0000  2.34433159148802059510E+0002  0.00000000000000000000E+0000  2.73713418119822828395E-0039  2.83249626686161837151E-0002  1.99203816975760653015E-0033  0.00000000000000000000E+0000  2.31225772662755538575E+0002  0.00000000000000000000E+0000  0.00000000000000000000E+0000  2.31225769190673936679E+0002  0.00000000000000000000E+0000  0.00000000000000000000E+0000  0.00000000000000000000E+0000  0.00000000000000000000E+0000  0.00000000000000000000E+0000  1.45936523540981225573E-0008 -2.99478971283079714008E+0000  0.00000000000000000000E+0000  0.00000000000000000000E+0000  0.00000000000000000000E+0000  5.49071641260968178790E-0007
 2.51700000000000000001E-0006  0.00000000000000000000E+0000 -4.98675709834798007295E-0006  1.44112141913594637613E-0007 -4.98675709834798007295E-0006  1.04999999999999999996E+0000  1.44339924779032613867E+0000  1.51698675135598849185E+0000  1.38293966408391405889E+0000  0.00000000000000000000E+0000  2.34433159148802059510E+0002  0.00000000000000000000E+0000  2.73713419598458365011E-0039  2.83249628397950118718E-0002  1.99203816171248686811E-0033  0.00000000000000000000E+0000  2.31225774711474503939E+0002  0.00000000000000000000E+0000  0.00000000000000000000E+0000  2.31225769404991173275E+0002  0.00000000000000000000E+0000  0.00000000000000000000E+0000  0.00000000000000000000E+0000  0.00000000000000000000E+0000  0.00000000000000000000E+0000  1.31659982759087693768E-0008 -2.99478782280995508777E+0000  0.00000000000000000000E+0000  0.00000000000000000000E+0000  0.00000000000000000000E+0000  4.41766382505535529085E-0007
 2.56700000000000000002E-0006  0.00000000000000000000E+0000 -5.13894829420058432641E-0006  1.06743709481035372503E-0007 -5.13894829420058432641E-0006  1.04999999999999999996E+0000  1.44339924791817222514E+0000  1.51698675157115764149E+0000  1.38293966405087688997E+0000  0.00000000000000000000E+0000  2.34433159148802059510E+0002  0.00000000000000000000E+0000  2.73713422057140112321E-0039  2.83249631469212562692E-0002  1.99203816759148840787E-0033  0.00000000000000000000E+0000  2.31225777005678430565E+0002  0.00000000000000000000E+0000  0.00000000000000000000E+0000  2.31225770401495537176E+0002  0.00000000000000000000E+0000  0.00000000000000000000E+0000  0.00000000000000000000E+0000  0.00000000000000000000E+0000  0.00000000000000000000E+0000  1.13147119416388420948E-0008 -2.99478538621843986926E+0000  0.00000000000000000000E+0000  0.00000000000000000000E+0000  0.00000000000000000000E+0000  3.88414362806238523583E-0007
 2.61899999999999999995E-0006  0.00000000000000000000E+0000 -5.10720949887669211088E-0006  1.10239359692623508840E-0007 -5.10720949887669211088E-0006  1.04999999999999999996E+0000  1.44339924812253419834E+0000  1.51698675189608674953E+0000  1.38293966414722730980E+0000  0.00000000000000000000E+0000  2.34433159148802059510E+0002  0.00000000000000000000E+0000  2.73713425236401232799E-0039  2.83249635602874982805E-0002  1.99203818558151354571E-0033  0.00000000000000000000E+0000  2.31225779438205458718E+0002  0.00000000000000000000E+0000  0.00000000000000000000E+0000  2.31225772050545522934E+0002  0.00000000000000000000E+0000  0.00000000000000000000E+0000  0.00000000000000000000E+0000  0.00000000000000000000E+0000  0.00000000000000000000E+0000  9.16873277223770142875E-0009 -2.99478257064437448248E+0000  0.00000000000000000000E+0000  0.00000000000000000000E+0000  0.00000000000000000000E+0000  3.75724220777758906338E-0007
 2.67100000000000000009E-0006  0.00000000000000000000E+0000 -4.87642930639843757270E-0006  1.39104491170641308819E-0007 -4.87642930639843757270E-0006  1.04999999999999999996E+0000  1.44339924836993273337E+0000  1.51698675228493501659E+0000  1.38293966434639655633E+0000  0.00000000000000000000E+0000  2.34433159148802059510E+0002  0.00000000000000000000E+0000  2.73713428744737882490E-0039  2.83249640319651289176E-0002  1.99203821313229640362E-0033  0.00000000000000000000E+0000  2.31225781782716001703E+0002  0.00000000000000000000E+0000  0.00000000000000000000E+0000  2.31225774170837554758E+0002  0.00000000000000000000E+0000  0.00000000000000000000E+0000  0.00000000000000000000E+0000  0.00000000000000000000E+0000  0.00000000000000000000E+0000  6.88057476172254057697E-0009 -2.99477957517798245397E+0000  0.00000000000000000000E+0000  0.00000000000000000000E+0000  0.00000000000000000000E+0000  3.93520884036842499987E-0007
 2.72400000000000000008E-0006  0.00000000000000000000E+0000 -4.49372650945997531478E-0006  1.70309568466198323201E-0007 -4.49372650945997531478E-0006  1.04999999999999999996E+0000  1.44339924864097481343E+0000  1.51698675271226000329E+0000  1.38293966462681118263E+0000  0.00000000000000000000E+0000  2.34433159148802059510E+0002  0.00000000000000000000E+0000  2.73713432317219684001E-0039  2.83249645277478721446E-0002  1.99203824734031995867E-0033  0.00000000000000000000E+0000  2.31225783959904945875E+0002  0.00000000000000000000E+0000  0.00000000000000000000E+0000  2.31225776569935967675E+0002  0.00000000000000000000E+0000  0.00000000000000000000E+0000  0.00000000000000000000E+0000  0.00000000000000000000E+0000  0.00000000000000000000E+0000  4.59800242553122740407E-0009 -2.99477659157566141281E+0000  0.00000000000000000000E+0000  0.00000000000000000000E+0000  0.00000000000000000000E+0000  4.24698858552107204815E-0007
 2.77899999999999999999E-0006  0.00000000000000000000E+0000 -3.97978477990464812897E-0006  1.91307894688017209951E-0007 -3.97978477990464812897E-0006  1.04999999999999999996E+0000  1.44339924892001957783E+0000  1.51698675315651245517E+0000  1.38293966496998427381E+0000  0.00000000000000000000E+0000  2.34433159148802059510E+0002  0.00000000000000000000E+0000  2.73713435806512873743E-0039  2.83249650274674510549E-0002  1.99203828637439938274E-0033  0.00000000000000000000E+0000  2.31225785925237327309E+0002  0.00000000000000000000E+0000  0.00000000000000000000E+0000  2.31225779130256698504E+0002  0.00000000000000000000E+0000  0.00000000000000000000E+0000  0.00000000000000000000E+0000  0.00000000000000000000E+0000  0.00000000000000000000E+0000  2.40350704724480070669E-0009 -2.99477372618824899350E+0000  0.00000000000000000000E+0000  0.00000000000000000000E+0000  0.00000000000000000000E+0000  4.53991707780700053761E-0007
 2.83499999999999999997E-0006  0.00000000000000000000E+0000 -3.34204796939402645266E-0006  2.06121667246987392379E-0007 -3.34204796939402645266E-0006  1.04999999999999999996E+0000  1.44339924918487472812E+0000  1.51698675358333611460E+0000  1.38293966534690894498E+0000  0.00000000000000000000E+0000  2.34433159148802059510E+0002  0.00000000000000000000E+0000  2.73713438965032304443E-0039  2.83249654950489686694E-0002  1.99203832700500736732E-0033  0.00000000000000000000E+0000  2.31225787562131452332E+0002  0.00000000000000000000E+0000  0.00000000000000000000E+0000  2.31225781686124574860E+0002  0.00000000000000000000E+0000  0.00000000000000000000E+0000  0.00000000000000000000E+0000  0.00000000000000000000E+0000  0.00000000000000000000E+0000  4.05649408288433705799E-0010 -2.99477111955585008699E+0000  0.00000000000000000000E+0000  0.00000000000000000000E+0000  0.00000000000000000000E+0000  4.67826291735331495398E-0007
 2.89099999999999999994E-0006  0.00000000000000000000E+0000 -2.62591964334137380436E-0006  2.16616162623334497314E-0007 -2.62591964334137380436E-0006  1.04999999999999999996E+0000  1.44339924941904809740E+0000  1.51698675396469542505E+0000  1.38293966572980053223E+0000  0.00000000000000000000E+0000  2.34433159148802059510E+0002  0.00000000000000000000E+0000  2.73713441612614860069E-0039  2.83249659008507919425E-0002  1.99203836605831129554E-0033  0.00000000000000000000E+0000  2.31225788814793374620E+0002  0.00000000000000000000E+0000  0.00000000000000000000E+0000  2.31225784060455582997E+0002  0.00000000000000000000E+0000  0.00000000000000000000E+0000  0.00000000000000000000E+0000  0.00000000000000000000E+0000  0.00000000000000000000E+0000 -1.28863714542344619776E-0009 -2.99476891010850603610E+0000  0.00000000000000000000E+0000  0.00000000000000000000E+0000  0.00000000000000000000E+0000  4.56793707550136772612E-0007
 2.94900000000000000003E-0006  0.00000000000000000000E+0000 -1.89132803770823692726E-0006  2.14870848694457987062E-0007 -1.89132803770823692726E-0006  1.04999999999999999996E+0000  1.44339924962141938868E+0000  1.51698675429650333411E+0000  1.38293966610967659740E+0000  0.00000000000000000000E+0000  2.34433159148802059510E+0002  0.00000000000000000000E+0000  2.73713443800168984051E-0039  2.83249662472222220239E-0002  1.99203840296580567832E-0033  0.00000000000000000000E+0000  2.31225789754523041300E+0002  0.00000000000000000000E+0000  0.00000000000000000000E+0000  2.31225786190351554311E+0002  0.00000000000000000000E+0000  0.00000000000000000000E+0000  0.00000000000000000000E+0000  0.00000000000000000000E+0000  0.00000000000000000000E+0000 -2.66182370784216946918E-0009 -2.99476711987251079691E+0000  0.00000000000000000000E+0000  0.00000000000000000000E+0000  0.00000000000000000000E+0000  4.19792981879181387090E-0007
 3.00799999999999999999E-0006  0.00000000000000000000E+0000 -1.14624373169079830266E-0006  2.02919283641499361657E-0007 -1.14624373169079830266E-0006  1.04999999999999999996E+0000  1.44339924978225180908E+0000  1.51698675455928940056E+0000  1.38293966646017767207E+0000  0.00000000000000000000E+0000  2.34433159148802059510E+0002  0.00000000000000000000E+0000  2.73713445416023086657E-0039  2.83249665126352392851E-0002  1.99203843484275129101E-0033  0.00000000000000000000E+0000  2.31225790332620117579E+0002  0.00000000000000000000E+0000  0.00000000000000000000E+0000  2.31225787988193287062E+0002  0.00000000000000000000E+0000  0.00000000000000000000E+0000  0.00000000000000000000E+0000  0.00000000000000000000E+0000  0.00000000000000000000E+0000 -3.68049947953998316211E-0009 -2.99476579148641095353E+0000  0.00000000000000000000E+0000  0.00000000000000000000E+0000  0.00000000000000000000E+0000  3.55332131299911805568E-0007
 3.06800000000000000000E-0006  0.00000000000000000000E+0000 -4.43231779610797094946E-0007  1.86373796882203936176E-0007 -4.43231779610797094946E-0007  1.04999999999999999996E+0000  1.44339924989902555232E+0000  1.51698675474505995022E+0000  1.38293966676411212899E+0000  0.00000000000000000000E+0000  2.34433159148802059510E+0002  0.00000000000000000000E+0000  2.73713446471989025911E-0039  2.83249666927406805475E-0002  1.99203846029292052787E-0033  0.00000000000000000000E+0000  2.31225790584202198122E+0002  0.00000000000000000000E+0000  0.00000000000000000000E+0000  2.31225789386816623638E+0002  0.00000000000000000000E+0000  0.00000000000000000000E+0000  0.00000000000000000000E+0000  0.00000000000000000000E+0000  0.00000000000000000000E+0000 -4.32889236267400126116E-0009 -2.99476494512365323222E+0000  0.00000000000000000000E+0000  0.00000000000000000000E+0000  0.00000000000000000000E+0000  2.69207763385145506887E-0007
 3.12999999999999999993E-0006  0.00000000000000000000E+0000  1.83565802405912997109E-0007  1.63501052251148444435E-0007  1.83565802405912997109E-0007  1.04999999999999999996E+0000  1.44339924997239040655E+0000  1.51698675485168685707E+0000  1.38293966701013126006E+0000  0.00000000000000000000E+0000  2.34433159148802059510E+0002  0.00000000000000000000E+0000  2.73713447012378083105E-0039  2.83249667893041273665E-0002  1.99203847865038088747E-0033  0.00000000000000000000E+0000  2.31225790548301507493E+0002  0.00000000000000000000E+0000  0.00000000000000000000E+0000  2.31225790367356720381E+0002  0.00000000000000000000E+0000  0.00000000000000000000E+0000  0.00000000000000000000E+0000  0.00000000000000000000E+0000  0.00000000000000000000E+0000 -4.62659773038903767241E-0009 -2.99476455511011972646E+0000  0.00000000000000000000E+0000  0.00000000000000000000E+0000  0.00000000000000000000E+0000  1.71067962993809463496E-0007
 3.19200000000000000007E-0006  0.00000000000000000000E+0000  7.09409660950943122444E-0007  1.33900919706244588026E-0007  7.09409660950943122444E-0007  1.04999999999999999996E+0000  1.44339925000245423493E+0000  1.51698675487688882779E+0000  1.38293966718047037440E+0000  0.00000000000000000000E+0000  2.34433159148802059510E+0002  0.00000000000000000000E+0000  2.73713447027960246184E-0039  2.83249667970632988117E-0002  1.99203848828282363912E-0033  0.00000000000000000000E+0000  2.31225790238430096088E+0002  0.00000000000000000000E+0000  0.00000000000000000000E+0000  2.31225790907405580457E+0002  0.00000000000000000000E+0000  0.00000000000000000000E+0000  0.00000000000000000000E+0000  0.00000000000000000000E+0000  0.00000000000000000000E+0000 -4.58891785009978490481E-0009 -2.99476460137745871862E+0000  0.00000000000000000000E+0000  0.00000000000000000000E+0000  0.00000000000000000000E+0000  7.01964610175992665650E-0008
 3.25599999999999999992E-0006  0.00000000000000000000E+0000  1.10590031975567383865E-0006  1.02123161730360739147E-0007  1.10590031975567383865E-0006  1.04999999999999999996E+0000  1.44339924999351024788E+0000  1.51698675482641114271E+0000  1.38293966727368529618E+0000  0.00000000000000000000E+0000  2.34433159148802059510E+0002  0.00000000000000000000E+0000  2.73713446627856657366E-0039  2.83249667296324852967E-0002  1.99203849001319782597E-0033  0.00000000000000000000E+0000  2.31225789716370489502E+0002  0.00000000000000000000E+0000  0.00000000000000000000E+0000  2.31225791032358852756E+0002  0.00000000000000000000E+0000  0.00000000000000000000E+0000  0.00000000000000000000E+0000  0.00000000000000000000E+0000  0.00000000000000000000E+0000 -4.26375582422661550474E-0009 -2.99476502188381242617E+0000  0.00000000000000000000E+0000  0.00000000000000000000E+0000  0.00000000000000000000E+0000 -2.07749890546068114552E-0008
 3.32100000000000000004E-0006  0.00000000000000000000E+0000  1.36566482879710894929E-0006  7.04641455035555005921E-0008  1.36566482879710894929E-0006  1.04999999999999999996E+0000  1.44339924995009642728E+0000  1.51698675470875630718E+0000  1.38293966728543440243E+0000  0.00000000000000000000E+0000  2.34433159148802059510E+0002  0.00000000000000000000E+0000  2.73713445843661648203E-0039  2.83249665920636332433E-0002  1.99203848365629271802E-0033  0.00000000000000000000E+0000  2.31225789013345076700E+0002  0.00000000000000000000E+0000  0.00000000000000000000E+0000  2.31225790778796994593E+0002  0.00000000000000000000E+0000  0.00000000000000000000E+0000  0.00000000000000000000E+0000  0.00000000000000000000E+0000  0.00000000000000000000E+0000 -3.70240443728577913409E-0009 -2.99476575003350580124E+0000  0.00000000000000000000E+0000  0.00000000000000000000E+0000  0.00000000000000000000E+0000 -9.31766439931502273634E-0008
 3.38800000000000000008E-0006  0.00000000000000000000E+0000  1.48660529984072887411E-0006  5.10230839601679825894E-0008  1.48660529984072887411E-0006  1.04999999999999999996E+0000  1.44339924987711405550E+0000  1.51698675453364628034E+0000  1.38293966721841399725E+0000  0.00000000000000000000E+0000  2.34433159148802059510E+0002  0.00000000000000000000E+0000  2.73713444753477670282E-0039  2.83249663970131435658E-0002  1.99203847016447215645E-0033  0.00000000000000000000E+0000  2.31225788172147603022E+0002  0.00000000000000000000E+0000  0.00000000000000000000E+0000  2.31225790195505915461E+0002  0.00000000000000000000E+0000  0.00000000000000000000E+0000  0.00000000000000000000E+0000  0.00000000000000000000E+0000  0.00000000000000000000E+0000 -2.96034241722250142414E-0009 -2.99476671390842114160E+0000  0.00000000000000000000E+0000  0.00000000000000000000E+0000  0.00000000000000000000E+0000 -1.39929307208618192069E-0007
 3.45499999999999999991E-0006  0.00000000000000000000E+0000  1.46781745360533101204E-0006  5.15521044448832441342E-0008  1.46781745360533101204E-0006  1.04999999999999999996E+0000  1.44339924978360938774E+0000  1.51698675432099223058E+0000  1.38293966708276283811E+0000  0.00000000000000000000E+0000  2.34433159148802059510E+0002  0.00000000000000000000E+0000  2.73713443455973822147E-0039  2.83249661631753458333E-0002  1.99203845099585892004E-0033  0.00000000000000000000E+0000  2.31225787265356026307E+0002  0.00000000000000000000E+0000  0.00000000000000000000E+0000  2.31225789364947952084E+0002  0.00000000000000000000E+0000  0.00000000000000000000E+0000  0.00000000000000000000E+0000  0.00000000000000000000E+0000  0.00000000000000000000E+0000 -2.11164431851840001953E-0009 -2.99476781735321771760E+0000  0.00000000000000000000E+0000  0.00000000000000000000E+0000  0.00000000000000000000E+0000 -1.56840567488309488184E-0007
 3.52400000000000000007E-0006  0.00000000000000000000E+0000  1.33838705681428129800E-0006  6.71271572476834122945E-0008  1.33838705681428129800E-0006  1.04999999999999999996E+0000  1.44339924967443329000E+0000  1.51698675408158915358E+0000  1.38293966688830945915E+0000  0.00000000000000000000E+0000  2.34433159148802059510E+0002  0.00000000000000000000E+0000  2.73713442020323633430E-0039  2.83249659037618697984E-0002  1.99203842756608656567E-0033  0.00000000000000000000E+0000  2.31225786317855678931E+0002  0.00000000000000000000E+0000  0.00000000000000000000E+0000  2.31225788352457846800E+0002  0.00000000000000000000E+0000  0.00000000000000000000E+0000  0.00000000000000000000E+0000  0.00000000000000000000E+0000  0.00000000000000000000E+0000 -1.21175090192091530947E-0009 -2.99476898824259007959E+0000  0.00000000000000000000E+0000  0.00000000000000000000E+0000  0.00000000000000000000E+0000 -1.46111287433834143848E-0007
 3.59499999999999999994E-0006  0.00000000000000000000E+0000  1.11548628539098021966E-0006  8.27025961417303269970E-0008  1.11548628539098021966E-0006  1.04999999999999999996E+0000  1.44339924955746429886E+0000  1.51698675383326508166E+0000  1.38293966665158528861E+0000  0.00000000000000000000E+0000  2.34433159148802059510E+0002  0.00000000000000000000E+0000  2.73713440528664033760E-0039  2.83249656356568857230E-0002  1.99203840162715418880E-0033  0.00000000000000000000E+0000  2.31225785387494305240E+0002  0.00000000000000000000E+0000  0.00000000000000000000E+0000  2.31225787237035064009E+0002  0.00000000000000000000E+0000  0.00000000000000000000E+0000  0.00000000000000000000E+0000  0.00000000000000000000E+0000  0.00000000000000000000E+0000 -3.20679610632052069245E-0010 -2.99477014847808239431E+0000  0.00000000000000000000E+0000  0.00000000000000000000E+0000  0.00000000000000000000E+0000 -1.11692537496425014893E-0007
 3.66700000000000000008E-0006  0.00000000000000000000E+0000  8.23786146244131061258E-0007  9.36966506016119537807E-0008  8.23786146244131061258E-0007  1.04999999999999999996E+0000  1.44339924944218340379E+0000  1.51698675359723433159E+0000  1.38293966639512827435E+0000  0.00000000000000000000E+0000  2.34433159148802059510E+0002  0.00000000000000000000E+0000  2.73713439099004176885E-0039  2.83249653815653908234E-0002  1.99203837560015843520E-0033  0.00000000000000000000E+0000  2.31225784547305943842E+0002  0.00000000000000000000E+0000  0.00000000000000000000E+0000  2.31225786115545179397E+0002  0.00000000000000000000E+0000  0.00000000000000000000E+0000  0.00000000000000000000E+0000  0.00000000000000000000E+0000  0.00000000000000000000E+0000  4.94455441366061504498E-0010 -2.99477121059251609773E+0000  0.00000000000000000000E+0000  0.00000000000000000000E+0000  0.00000000000000000000E+0000 -6.01911524076262764997E-0008
 3.74000000000000000008E-0006  0.00000000000000000000E+0000  4.99652113472009153096E-0007  1.00144116937247935204E-0007  4.99652113472009153096E-0007  1.04999999999999999996E+0000  1.44339924933587196215E+0000  1.51698675338955119420E+0000  1.38293966613931026619E+0000  0.00000000000000000000E+0000  2.34433159148802059510E+0002  0.00000000000000000000E+0000  2.73713437817524943602E-0039  2.83249651583950044032E-0002  1.99203835144314607235E-0033  0.00000000000000000000E+0000  2.31225783843057772451E+0002  0.00000000000000000000E+0000  0.00000000000000000000E+0000  2.31225785071280239710E+0002  0.00000000000000000000E+0000  0.00000000000000000000E+0000  0.00000000000000000000E+0000  0.00000000000000000000E+0000  0.00000000000000000000E+0000  1.18217006820418261103E-0009 -2.99477210728247847946E+0000  0.00000000000000000000E+0000  0.00000000000000000000E+0000  0.00000000000000000000E+0000 -1.15261176130915455436E-0009
 3.81500000000000000000E-0006  0.00000000000000000000E+0000  1.76661370260702742944E-0007  1.04126151372261173940E-0007  1.76661370260702742944E-0007  1.04999999999999999996E+0000  1.44339924924396559118E+0000  1.51698675322155061265E+0000  1.38293966590110652560E+0000  0.00000000000000000000E+0000  2.34433159148802059510E+0002  0.00000000000000000000E+0000  2.73713436741505468130E-0039  2.83249649773297838538E-0002  1.99203833055245431489E-0033  0.00000000000000000000E+0000  2.31225783304350634872E+0002  0.00000000000000000000E+0000  0.00000000000000000000E+0000  2.31225784166683368648E+0002  0.00000000000000000000E+0000  0.00000000000000000000E+0000  0.00000000000000000000E+0000  0.00000000000000000000E+0000  0.00000000000000000000E+0000  1.71026979223384466951E-0009 -2.99477279628847118764E+0000  0.00000000000000000000E+0000  0.00000000000000000000E+0000  0.00000000000000000000E+0000  5.57862890992558121317E-0008
 3.89100000000000000018E-0006  0.00000000000000000000E+0000 -1.23452659378012066099E-0007  1.05285008255168204729E-0007 -1.23452659378012066099E-0007  1.04999999999999999996E+0000  1.44339924917279103286E+0000  1.51698675310568343059E+0000  1.38293966570093682946E+0000  0.00000000000000000000E+0000  2.34433159148802059510E+0002  0.00000000000000000000E+0000  2.73713435958303120032E-0039  2.83249648534031856207E-0002  1.99203831475216992651E-0033  0.00000000000000000000E+0000  2.31225782980885365178E+0002  0.00000000000000000000E+0000  0.00000000000000000000E+0000  2.31225783462537194640E+0002  0.00000000000000000000E+0000  0.00000000000000000000E+0000  0.00000000000000000000E+0000  0.00000000000000000000E+0000  0.00000000000000000000E+0000  2.05058165040970212928E-0009 -2.99477324062394571432E+0000  0.00000000000000000000E+0000  0.00000000000000000000E+0000  0.00000000000000000000E+0000  1.02467240213368642586E-0007
 3.96900000000000000008E-0006  0.00000000000000000000E+0000 -3.71681906236199399534E-0007  1.07644778990604680765E-0007 -3.71681906236199399534E-0007  1.04999999999999999996E+0000  1.44339924912505029127E+0000  1.51698675304633371675E+0000  1.38293966555002089238E+0000  0.00000000000000000000E+0000  2.34433159148802059510E+0002  0.00000000000000000000E+0000  2.73713435487401059972E-0039  2.83249647900035753553E-0002  1.99203830464438591770E-0033  0.00000000000000000000E+0000  2.31225782875628027957E+0002  0.00000000000000000000E+0000  0.00000000000000000000E+0000  2.31225782997212837996E+0002  0.00000000000000000000E+0000  0.00000000000000000000E+0000  0.00000000000000000000E+0000  0.00000000000000000000E+0000  0.00000000000000000000E+0000  2.19322578571510900021E-0009 -2.99477342710277119413E+0000  0.00000000000000000000E+0000  0.00000000000000000000E+0000  0.00000000000000000000E+0000  1.32485111454768410302E-0007
 4.04799999999999999983E-0006  0.00000000000000000000E+0000 -5.56070391259103654392E-0007  1.06478473211150863287E-0007 -5.56070391259103654392E-0007  1.04999999999999999996E+0000  1.44339924910254879342E+0000  1.51698675304502885136E+0000  1.38293966545846447921E+0000  0.00000000000000000000E+0000  2.34433159148802059510E+0002  0.00000000000000000000E+0000  2.73713435360780771357E-0039  2.83249647909253435679E-0002  1.99203830091441323909E-0033  0.00000000000000000000E+0000  2.31225782997782775149E+0002  0.00000000000000000000E+0000  0.00000000000000000000E+0000  2.31225782787501105517E+0002  0.00000000000000000000E+0000  0.00000000000000000000E+0000  0.00000000000000000000E+0000  0.00000000000000000000E+0000  0.00000000000000000000E+0000  2.14423525805701535142E-0009 -2.99477336337803494567E+0000  0.00000000000000000000E+0000  0.00000000000000000000E+0000  0.00000000000000000000E+0000  1.42355015029455384798E-0007
 4.12900000000000000011E-0006  0.00000000000000000000E+0000 -6.64619655298870049472E-0007  1.03421073986956819775E-0007 -6.64619655298870049472E-0007  1.04999999999999999996E+0000  1.44339924910415582651E+0000  1.51698675309746421730E+0000  1.38293966542759782839E+0000  0.00000000000000000000E+0000  2.34433159148802059510E+0002  0.00000000000000000000E+0000  2.73713435549532772814E-0039  2.83249648502198220138E-0002  1.99203830316777548243E-0033  0.00000000000000000000E+0000  2.31225783320835605192E+0002  0.00000000000000000000E+0000  0.00000000000000000000E+0000  2.31225782833233206540E+0002  0.00000000000000000000E+0000  0.00000000000000000000E+0000  0.00000000000000000000E+0000  0.00000000000000000000E+0000  0.00000000000000000000E+0000  1.92097847518843034604E-0009 -2.99477307197947367735E+0000  0.00000000000000000000E+0000  0.00000000000000000000E+0000  0.00000000000000000000E+0000  1.32197275687770089875E-0007
 4.21200000000000000011E-0006  0.00000000000000000000E+0000 -6.98689465339619799217E-0007  9.48091177872552178813E-0008 -6.98689465339619799217E-0007  1.04999999999999999996E+0000  1.44339924912708579877E+0000  1.51698675319527506776E+0000  1.38293966545459784628E+0000  0.00000000000000000000E+0000  2.34433159148802059510E+0002  0.00000000000000000000E+0000  2.73713436020316912959E-0039  2.83249649600047615115E-0002  1.99203831081756563686E-0033  0.00000000000000000000E+0000  2.31225783811956246999E+0002  0.00000000000000000000E+0000  0.00000000000000000000E+0000  2.31225783108612823302E+0002  0.00000000000000000000E+0000  0.00000000000000000000E+0000  0.00000000000000000000E+0000  0.00000000000000000000E+0000  0.00000000000000000000E+0000  1.55712228704480433345E-0009 -2.99477259678925520595E+0000  0.00000000000000000000E+0000  0.00000000000000000000E+0000  0.00000000000000000000E+0000  1.04716393068354894349E-0007
 4.29599999999999999997E-0006  0.00000000000000000000E+0000 -6.62773728460497212079E-0007  8.01368378629721016376E-0008 -6.62773728460497212079E-0007  1.04999999999999999996E+0000  1.44339924916617272008E+0000  1.51698675332477383787E+0000  1.38293966553044721420E+0000  0.00000000000000000000E+0000  2.34433159148802059510E+0002  0.00000000000000000000E+0000  2.73713436701301831907E-0039  2.83249651057388906369E-0002  1.99203832262115309436E-0033  0.00000000000000000000E+0000  2.31225784412473731891E+0002  0.00000000000000000000E+0000  0.00000000000000000000E+0000  2.31225783566903334509E+0002  0.00000000000000000000E+0000  0.00000000000000000000E+0000  0.00000000000000000000E+0000  0.00000000000000000000E+0000  0.00000000000000000000E+0000  1.09789567916308158102E-0009 -2.99477199687468817078E+0000  0.00000000000000000000E+0000  0.00000000000000000000E+0000  0.00000000000000000000E+0000  6.50611940293856500255E-0008
 4.38199999999999999995E-0006  0.00000000000000000000E+0000 -5.70128276362722714304E-0007  6.34757312225095164809E-0008 -5.70128276362722714304E-0007  1.04999999999999999996E+0000  1.44339924921572773371E+0000  1.51698675347241146655E+0000  1.38293966564293325106E+0000  0.00000000000000000000E+0000  2.34433159148802059510E+0002  0.00000000000000000000E+0000  2.73713437508007548776E-0039  2.83249652717208235740E-0002  1.99203833710596991564E-0033  0.00000000000000000000E+0000  2.31225785064921575768E+0002  0.00000000000000000000E+0000  0.00000000000000000000E+0000  2.31225784156173726644E+0002  0.00000000000000000000E+0000  0.00000000000000000000E+0000  0.00000000000000000000E+0000  0.00000000000000000000E+0000  0.00000000000000000000E+0000  5.88084444909829475148E-0010 -2.99477133084041439808E+0000  0.00000000000000000000E+0000  0.00000000000000000000E+0000  0.00000000000000000000E+0000  2.03316182763040410127E-0008
 4.47000000000000000005E-0006  0.00000000000000000000E+0000 -4.36614118975914852934E-0007  5.20258819673195739057E-0008 -4.36614118975914852934E-0007  1.04999999999999999996E+0000  1.44339924926912279400E+0000  1.51698675362236173761E+0000  1.38293966577673868947E+0000  0.00000000000000000000E+0000  2.34433159148802059510E+0002  0.00000000000000000000E+0000  2.73713438349316897934E-0039  2.83249654407266192672E-0002  1.99203835264410502812E-0033  0.00000000000000000000E+0000  2.31225785703132064988E+0002  0.00000000000000000000E+0000  0.00000000000000000000E+0000  2.31225784810203505049E+0002  0.00000000000000000000E+0000  0.00000000000000000000E+0000  0.00000000000000000000E+0000  0.00000000000000000000E+0000  0.00000000000000000000E+0000  7.84219399941566225922E-0011 -2.99477066506371255726E+0000  0.00000000000000000000E+0000  0.00000000000000000000E+0000  0.00000000000000000000E+0000 -2.26406727609030367565E-0008
 4.55900000000000000001E-0006  0.00000000000000000000E+0000 -2.78610630565337535515E-0007  5.51742339364413109090E-0008 -2.78610630565337535515E-0007  1.04999999999999999996E+0000  1.44339924931953383252E+0000  1.51698675375812025066E+0000  1.38293966591461596222E+0000  0.00000000000000000000E+0000  2.34433159148802059510E+0002  0.00000000000000000000E+0000  2.73713439122992420480E-0039  2.83249655937709003795E-0002  1.99203836740624191385E-0033  0.00000000000000000000E+0000  2.31225786255990722093E+0002  0.00000000000000000000E+0000  0.00000000000000000000E+0000  2.31225785457480931165E+0002  0.00000000000000000000E+0000  0.00000000000000000000E+0000  0.00000000000000000000E+0000  0.00000000000000000000E+0000  0.00000000000000000000E+0000 -3.81210032263878117150E-0010 -2.99477006482499788107E+0000  0.00000000000000000000E+0000  0.00000000000000000000E+0000  0.00000000000000000000E+0000 -5.75160021743653451315E-0008
 4.65000000000000000010E-0006  0.00000000000000000000E+0000 -1.18736148691345142734E-0007  7.05446777080220609966E-0008 -1.18736148691345142734E-0007  1.04999999999999999996E+0000  1.44339924936213351823E+0000  1.51698675386859353265E+0000  1.38293966604315500437E+0000  0.00000000000000000000E+0000  2.34433159148802059510E+0002  0.00000000000000000000E+0000  2.73713439761993727005E-0039  2.83249657185493974186E-0002  1.99203838014988040794E-0033  0.00000000000000000000E+0000  2.31225786683343310882E+0002  0.00000000000000000000E+0000  0.00000000000000000000E+0000  2.31225786037396085465E+0002  0.00000000000000000000E+0000  0.00000000000000000000E+0000  0.00000000000000000000E+0000  0.00000000000000000000E+0000  0.00000000000000000000E+0000 -7.52990224164515274854E-0010 -2.99476957963742232514E+0000  0.00000000000000000000E+0000  0.00000000000000000000E+0000  0.00000000000000000000E+0000 -7.97910826971537553487E-0008
 4.74299999999999999989E-0006  0.00000000000000000000E+0000  2.87701116325046975280E-0008  8.68864793425239767047E-0008  2.87701116325046975280E-0008  1.04999999999999999996E+0000  1.44339924939300646143E+0000  1.51698675394443365221E+0000  1.38293966615003911498E+0000  0.00000000000000000000E+0000  2.34433159148802059510E+0002  0.00000000000000000000E+0000  2.73713440205895387717E-0039  2.83249658040399102147E-0002  1.99203838973178222764E-0033  0.00000000000000000000E+0000  2.31225786947027783486E+0002  0.00000000000000000000E+0000  0.00000000000000000000E+0000  2.31225786500065140561E+0002  0.00000000000000000000E+0000  0.00000000000000000000E+0000  0.00000000000000000000E+0000  0.00000000000000000000E+0000  0.00000000000000000000E+0000 -1.00993831871881563025E-0009 -2.99476924479003288001E+0000  0.00000000000000000000E+0000  0.00000000000000000000E+0000  0.00000000000000000000E+0000 -8.72794203806557386086E-0008
 4.83799999999999999981E-0006  0.00000000000000000000E+0000  1.50501412020778497005E-0007  9.74617785561776242213E-0008  1.50501412020778497005E-0007  1.04999999999999999996E+0000  1.44339924941018127660E+0000  1.51698675398063721363E+0000  1.38293966622682485573E+0000  0.00000000000000000000E+0000  2.34433159148802059510E+0002  0.00000000000000000000E+0000  2.73713440422821233912E-0039  2.83249658442547636754E-0002  1.99203839546002862767E-0033  0.00000000000000000000E+0000  2.31225787030983493953E+0002  0.00000000000000000000E+0000  0.00000000000000000000E+0000  2.31225786808797623695E+0002  0.00000000000000000000E+0000  0.00000000000000000000E+0000  0.00000000000000000000E+0000  0.00000000000000000000E+0000  0.00000000000000000000E+0000 -1.13665078187512594706E-0009 -2.99476908037943359130E+0000  0.00000000000000000000E+0000  0.00000000000000000000E+0000  0.00000000000000000000E+0000 -8.01593433824955256704E-0008
 4.93499999999999999986E-0006  0.00000000000000000000E+0000  2.37314504369625653226E-0007  9.88748497044880494496E-0008  2.37314504369625653226E-0007  1.04999999999999999996E+0000  1.44339924941376817117E+0000  1.51698675397689653594E+0000  1.38293966626961691143E+0000  0.00000000000000000000E+0000  2.34433159148802059510E+0002  0.00000000000000000000E+0000  2.73713440411433127727E-0039  2.83249658386072154148E-0002  1.99203839713414677461E-0033  0.00000000000000000000E+0000  2.31225786940529680930E+0002  0.00000000000000000000E+0000  0.00000000000000000000E+0000  2.31225786945677672990E+0002  0.00000000000000000000E+0000  0.00000000000000000000E+0000  0.00000000000000000000E+0000  0.00000000000000000000E+0000  0.00000000000000000000E+0000 -1.13216209990333900712E-0009 -2.99476908756783966829E+0000  0.00000000000000000000E+0000  0.00000000000000000000E+0000  0.00000000000000000000E+0000 -6.09212705059529153849E-0008
 5.03400000000000000002E-0006  0.00000000000000000000E+0000  2.84857540446903118286E-0007  9.01063540792820986822E-0008  2.84857540446903118286E-0007  1.04999999999999999996E+0000  1.44339924940578868278E+0000  1.51698675393736995460E+0000  1.38293966627909142896E+0000  0.00000000000000000000E+0000  2.34433159148802059510E+0002  0.00000000000000000000E+0000  2.73713440199631011616E-0039  2.83249657917249955068E-0002  1.99203839503312865600E-0033  0.00000000000000000000E+0000  2.31225786700894115067E+0002  0.00000000000000000000E+0000  0.00000000000000000000E+0000  2.31225786912551995664E+0002  0.00000000000000000000E+0000  0.00000000000000000000E+0000  0.00000000000000000000E+0000  0.00000000000000000000E+0000  0.00000000000000000000E+0000 -1.00935111776562493886E-0009 -2.99476924937227998087E+0000  0.00000000000000000000E+0000  0.00000000000000000000E+0000  0.00000000000000000000E+0000 -3.37843021597454597317E-0008
 5.13400000000000000005E-0006  0.00000000000000000000E+0000  2.93531755486190821596E-0007  7.18453966839887706711E-0008  2.93531755486190821596E-0007  1.04999999999999999996E+0000  1.44339924938994730987E+0000  1.51698675387049655120E+0000  1.38293966626006575903E+0000  0.00000000000000000000E+0000  2.34433159148802059510E+0002  0.00000000000000000000E+0000  2.73713439841008222899E-0039  2.83249657130382267548E-0002  1.99203838986159499799E-0033  0.00000000000000000000E+0000  2.31225786355322501756E+0002  0.00000000000000000000E+0000  0.00000000000000000000E+0000  2.31225786732157267536E+0002  0.00000000000000000000E+0000  0.00000000000000000000E+0000  0.00000000000000000000E+0000  0.00000000000000000000E+0000  0.00000000000000000000E+0000 -7.94493013969030475306E-0010 -2.99476953127440893550E+0000  0.00000000000000000000E+0000  0.00000000000000000000E+0000  0.00000000000000000000E+0000 -3.88308833265188972951E-0009
 5.23700000000000000005E-0006  0.00000000000000000000E+0000  2.67761815091577560081E-0007  4.90413412605932217478E-0008  2.67761815091577560081E-0007  1.04999999999999999996E+0000  1.44339924937015404995E+0000  1.51698675378538006453E+0000  1.38293966621974042969E+0000  0.00000000000000000000E+0000  2.34433159148802059510E+0002  0.00000000000000000000E+0000  2.73713439400639258634E-0039  2.83249656138465550768E-0002  1.99203838257137665541E-0033  0.00000000000000000000E+0000  2.31225785949786289714E+0002  0.00000000000000000000E+0000  0.00000000000000000000E+0000  2.31225786433714238816E+0002  0.00000000000000000000E+0000  0.00000000000000000000E+0000  0.00000000000000000000E+0000  0.00000000000000000000E+0000  0.00000000000000000000E+0000 -5.16088089000869133908E-0010 -2.99476989585410501753E+0000  0.00000000000000000000E+0000  0.00000000000000000000E+0000  0.00000000000000000000E+0000  2.36578179020738965852E-0008
 5.34200000000000000018E-0006  0.00000000000000000000E+0000  2.15997207801004371382E-0007  2.89651631179649894860E-0008  2.15997207801004371382E-0007  1.04999999999999999996E+0000  1.44339924935095539199E+0000  1.51698675369417478704E+0000  1.38293966616738042046E+0000  0.00000000000000000000E+0000  2.34433159148802059510E+0002  0.00000000000000000000E+0000  2.73713438948711891119E-0039  2.83249655076308839171E-0002  1.99203837426490829603E-0033  0.00000000000000000000E+0000  2.31225785539969916543E+0002  0.00000000000000000000E+0000  0.00000000000000000000E+0000  2.31225786066444588027E+0002  0.00000000000000000000E+0000  0.00000000000000000000E+0000  0.00000000000000000000E+0000  0.00000000000000000000E+0000  0.00000000000000000000E+0000 -2.14030386193807038060E-0010 -2.99477029084307382664E+0000  0.00000000000000000000E+0000  0.00000000000000000000E+0000  0.00000000000000000000E+0000  4.46271560101623722196E-0008
 5.44900000000000000002E-0006  0.00000000000000000000E+0000  1.47744745399391376182E-0007  3.10804739636496224841E-0008  1.47744745399391376182E-0007  1.04999999999999999996E+0000  1.44339924933611368784E+0000  1.51698675360798633624E+0000  1.38293966611212390950E+0000  0.00000000000000000000E+0000  2.34433159148802059510E+0002  0.00000000000000000000E+0000  2.73713438553328066031E-0039  2.83249654076630277652E-0002  1.99203836607129197326E-0033  0.00000000000000000000E+0000  2.31225785175293232443E+0002  0.00000000000000000000E+0000  0.00000000000000000000E+0000  2.31225785678534378337E+0002  0.00000000000000000000E+0000  0.00000000000000000000E+0000  0.00000000000000000000E+0000  0.00000000000000000000E+0000  0.00000000000000000000E+0000  7.60082439768866868208E-0011 -2.99477066954552306028E+0000  0.00000000000000000000E+0000  0.00000000000000000000E+0000  0.00000000000000000000E+0000  5.60936855427227499406E-0008
 5.55799999999999999999E-0006  0.00000000000000000000E+0000  7.34916457785481415202E-0008  4.84454106561570231507E-0008  7.34916457785481415202E-0008  1.04999999999999999996E+0000  1.44339924932819930873E+0000  1.51698675353622623935E+0000  1.38293966606187667897E+0000  0.00000000000000000000E+0000  2.34433159148802059510E+0002  0.00000000000000000000E+0000  2.73713438266076824007E-0039  2.83249653250158284816E-0002  1.99203835894744633196E-0033  0.00000000000000000000E+0000  2.31225784894432712352E+0002  0.00000000000000000000E+0000  0.00000000000000000000E+0000  2.31225785316642257358E+0002  0.00000000000000000000E+0000  0.00000000000000000000E+0000  0.00000000000000000000E+0000  0.00000000000000000000E+0000  0.00000000000000000000E+0000  3.22542822260693087321E-0010 -2.99477099082414522117E+0000  0.00000000000000000000E+0000  0.00000000000000000000E+0000  0.00000000000000000000E+0000  5.70877316748666602270E-0008
 5.66900000000000000008E-0006  0.00000000000000000000E+0000  3.02512526774017333261E-0009  6.30216442940521469851E-0008  3.02512526774017333261E-0009  1.04999999999999999996E+0000  1.44339924932825259467E+0000  1.51698675348561919573E+0000  1.38293966602235280901E+0000  0.00000000000000000000E+0000  2.34433159148802059510E+0002  0.00000000000000000000E+0000  2.73713438117412820102E-0039  2.83249652675864882371E-0002  1.99203835359499546232E-0033  0.00000000000000000000E+0000  2.31225784721521019638E+0002  0.00000000000000000000E+0000  0.00000000000000000000E+0000  2.31225785019770497017E+0002  0.00000000000000000000E+0000  0.00000000000000000000E+0000  0.00000000000000000000E+0000  0.00000000000000000000E+0000  0.00000000000000000000E+0000  5.02172972983551058413E-0010 -2.99477122419159979064E+0000  0.00000000000000000000E+0000  0.00000000000000000000E+0000  0.00000000000000000000E+0000  4.84584215126108298688E-0008
 5.78199999999999999988E-0006  0.00000000000000000000E+0000 -5.56898414319089256786E-0008  6.96630798057525683558E-0008 -5.56898414319089256786E-0008  1.04999999999999999996E+0000  1.44339924933571825438E+0000  1.51698675345964013688E+0000  1.38293966599656513504E+0000  0.00000000000000000000E+0000  2.34433159148802059510E+0002  0.00000000000000000000E+0000  2.73713438113912631142E-0039  2.83249652393990824280E-0002  1.99203835040044392272E-0033  0.00000000000000000000E+0000  2.31225784664410832753E+0002  0.00000000000000000000E+0000  0.00000000000000000000E+0000  2.31225784815229363375E+0002  0.00000000000000000000E+0000  0.00000000000000000000E+0000  0.00000000000000000000E+0000  0.00000000000000000000E+0000  0.00000000000000000000E+0000  6.01682204158271493421E-0010 -2.99477135254237234233E+0000  0.00000000000000000000E+0000  0.00000000000000000000E+0000  0.00000000000000000000E+0000  3.25723632774301588785E-0008
 5.89800000000000000007E-0006  0.00000000000000000000E+0000 -9.65719735537221646578E-0008  6.81669120425613195166E-0008 -9.65719735537221646578E-0008  1.04999999999999999996E+0000  1.44339924934885928582E+0000  1.51698675345842752256E+0000  1.38293966598484345445E+0000  0.00000000000000000000E+0000  2.34433159148802059510E+0002  0.00000000000000000000E+0000  2.73713438239337249411E-0039  2.83249652402528891790E-0002  1.99203834939899545121E-0033  0.00000000000000000000E+0000  2.31225784714640425196E+0002  0.00000000000000000000E+0000  0.00000000000000000000E+0000  2.31225784717477207880E+0002  0.00000000000000000000E+0000  0.00000000000000000000E+0000  0.00000000000000000000E+0000  0.00000000000000000000E+0000  0.00000000000000000000E+0000  6.17962367914752787608E-0010 -2.99477137202724137482E+0000  0.00000000000000000000E+0000  0.00000000000000000000E+0000  0.00000000000000000000E+0000  1.27776736616290984970E-0008
 6.01599999999999999997E-0006  0.00000000000000000000E+0000 -1.19401285021391117734E-0007  5.77566087492325194935E-0008 -1.19401285021391117734E-0007  1.04999999999999999996E+0000  1.44339924936463160764E+0000  1.51698675347928857860E+0000  1.38293966598529613423E+0000  0.00000000000000000000E+0000  2.34433159148802059510E+0002  0.00000000000000000000E+0000  2.73713438462475420552E-0039  2.83249652672915819817E-0002  1.99203835043285967702E-0033  0.00000000000000000000E+0000  2.31225784854401881604E+0002  0.00000000000000000000E+0000  0.00000000000000000000E+0000  2.31225784723274169485E+0002  0.00000000000000000000E+0000  0.00000000000000000000E+0000  0.00000000000000000000E+0000  0.00000000000000000000E+0000  0.00000000000000000000E+0000  5.60489370779093241164E-0010 -2.99477129526189569009E+0000  0.00000000000000000000E+0000  0.00000000000000000000E+0000  0.00000000000000000000E+0000 -7.25030372970690315318E-0009
 6.13600000000000000000E-0006  0.00000000000000000000E+0000 -1.22921664670255446343E-0007  4.17133360556704722186E-0008 -1.22921664670255446343E-0007  1.04999999999999999996E+0000  1.44339924937963178463E+0000  1.51698675351696629719E+0000  1.38293966599416020690E+0000  0.00000000000000000000E+0000  2.34433159148802059510E+0002  0.00000000000000000000E+0000  2.73713438734425518792E-0039  2.83249653138204143926E-0002  1.99203835301670557883E-0033  0.00000000000000000000E+0000  2.31225785052763419314E+0002  0.00000000000000000000E+0000  0.00000000000000000000E+0000  2.31225784821269675237E+0002  0.00000000000000000000E+0000  0.00000000000000000000E+0000  0.00000000000000000000E+0000  0.00000000000000000000E+0000  0.00000000000000000000E+0000  4.43559565250261014629E-0010 -2.99477114115123256078E+0000  0.00000000000000000000E+0000  0.00000000000000000000E+0000  0.00000000000000000000E+0000 -2.40430592693352654638E-0008
 6.25900000000000000001E-0006  0.00000000000000000000E+0000 -1.10120802649838358748E-0007  2.39687758390652150625E-0008 -1.10120802649838358748E-0007  1.04999999999999999996E+0000  1.44339924939079683084E+0000  1.51698675356514248440E+0000  1.38293966600706302980E+0000  0.00000000000000000000E+0000  2.34433159148802059510E+0002  0.00000000000000000000E+0000  2.73713439006734749733E-0039  2.83249653720843960751E-0002  1.99203835657691771965E-0033  0.00000000000000000000E+0000  2.31225785278079235124E+0002  0.00000000000000000000E+0000  0.00000000000000000000E+0000  2.31225784989225973245E+0002  0.00000000000000000000E+0000  0.00000000000000000000E+0000  0.00000000000000000000E+0000  0.00000000000000000000E+0000  0.00000000000000000000E+0000  2.87840259315305483932E-0010 -2.99477093685982875913E+0000  0.00000000000000000000E+0000  0.00000000000000000000E+0000  0.00000000000000000000E+0000 -3.51496257975021257353E-0008
 6.38400000000000000015E-0006  0.00000000000000000000E+0000 -8.55656254499376165918E-0008  1.44881210590753980326E-0008 -8.55656254499376165918E-0008  1.04999999999999999996E+0000  1.44339924939548505363E+0000  1.51698675361637696384E+0000  1.38293966601954227585E+0000  0.00000000000000000000E+0000  2.34433159148802059510E+0002  0.00000000000000000000E+0000  2.73713439232349640378E-0039  2.83249654332792428351E-0002  1.99203836047923253177E-0033  0.00000000000000000000E+0000  2.31225785496630661858E+0002  0.00000000000000000000E+0000  0.00000000000000000000E+0000  2.31225785196704627975E+0002  0.00000000000000000000E+0000  0.00000000000000000000E+0000  0.00000000000000000000E+0000  0.00000000000000000000E+0000  0.00000000000000000000E+0000  1.17899977868434121395E-0010 -2.99477071459543962373E+0000  0.00000000000000000000E+0000  0.00000000000000000000E+0000  0.00000000000000000000E+0000 -3.91747435372105094956E-0008
 6.51199999999999999985E-0006  0.00000000000000000000E+0000 -5.49730290875597856020E-0008  2.38126616838718445640E-0008 -5.49730290875597856020E-0008  1.04999999999999999996E+0000  1.44339924939233188710E+0000  1.51698675366442428691E+0000  1.38293966602818255347E+0000  0.00000000000000000000E+0000  2.34433159148802059510E+0002  0.00000000000000000000E+0000  2.73713439377269331352E-0039  2.83249654898486896481E-0002  1.99203836416987456494E-0033  0.00000000000000000000E+0000  2.31225785683538916468E+0002  0.00000000000000000000E+0000  0.00000000000000000000E+0000  2.31225785413950560718E+0002  0.00000000000000000000E+0000  0.00000000000000000000E+0000  0.00000000000000000000E+0000  0.00000000000000000000E+0000  0.00000000000000000000E+0000 -4.42636710290587658311E-0011 -2.99477050310164239128E+0000  0.00000000000000000000E+0000  0.00000000000000000000E+0000  0.00000000000000000000E+0000 -3.61837282157133366384E-0008
 6.64200000000000000008E-0006  0.00000000000000000000E+0000 -2.25825454816652207454E-0008  3.44561332528646306950E-0008 -2.25825454816652207454E-0008  1.04999999999999999996E+0000  1.44339924938128081288E+0000  1.51698675370357986174E+0000  1.38293966603087702008E+0000  0.00000000000000000000E+0000  2.34433159148802059510E+0002  0.00000000000000000000E+0000  2.73713439420353654930E-0039  2.83249655349661607391E-0002  1.99203836716560343589E-0033  0.00000000000000000000E+0000  2.31225785817619776438E+0002  0.00000000000000000000E+0000  0.00000000000000000000E+0000  2.31225785613168521679E+0002  0.00000000000000000000E+0000  0.00000000000000000000E+0000  0.00000000000000000000E+0000  0.00000000000000000000E+0000  0.00000000000000000000E+0000 -1.79931490626648578540E-0010 -2.99477032676967103099E+0000  0.00000000000000000000E+0000  0.00000000000000000000E+0000  0.00000000000000000000E+0000 -2.73280918338266179562E-0008
 6.77499999999999999989E-0006  0.00000000000000000000E+0000  5.64470840925086026113E-0009  4.05351903699108971441E-0008  5.64470840925086026113E-0009  1.04999999999999999996E+0000  1.44339924936348792484E+0000  1.51698675373053295547E+0000  1.38293966602715985830E+0000  0.00000000000000000000E+0000  2.34433159148802059510E+0002  0.00000000000000000000E+0000  2.73713439361019279720E-0039  2.83249655649734984233E-0002  1.99203836921695204007E-0033  0.00000000000000000000E+0000  2.31225785892151724149E+0002  0.00000000000000000000E+0000  0.00000000000000000000E+0000  2.31225785771176856331E+0002  0.00000000000000000000E+0000  0.00000000000000000000E+0000  0.00000000000000000000E+0000  0.00000000000000000000E+0000  0.00000000000000000000E+0000 -2.75185334257185232301E-0010 -2.99477020362967339654E+0000  0.00000000000000000000E+0000  0.00000000000000000000E+0000  0.00000000000000000000E+0000 -1.47682587016415311557E-0008
 6.90999999999999999982E-0006  0.00000000000000000000E+0000  2.79943670313643736738E-0008  4.01797579244675566473E-0008  2.79943670313643736738E-0008  1.04999999999999999996E+0000  1.44339924934144503367E+0000  1.51698675374349702539E+0000  1.38293966601818677734E+0000  0.00000000000000000000E+0000  2.34433159148802059510E+0002  0.00000000000000000000E+0000  2.73713439212741680768E-0039  2.83249655777651961086E-0002  1.99203837018729248677E-0033  0.00000000000000000000E+0000  2.31225785905415076066E+0002  0.00000000000000000000E+0000  0.00000000000000000000E+0000  2.31225785875177230103E+0002  0.00000000000000000000E+0000  0.00000000000000000000E+0000  0.00000000000000000000E+0000  0.00000000000000000000E+0000  0.00000000000000000000E+0000 -3.24549743090425728562E-0010 -2.99477014064296510800E+0000  0.00000000000000000000E+0000  0.00000000000000000000E+0000  0.00000000000000000000E+0000 -9.96712844773356839954E-0010
 7.04800000000000000014E-0006  0.00000000000000000000E+0000  4.12345485598818557226E-0008  3.50985314951724950851E-0008  4.12345485598818557226E-0008  1.04999999999999999996E+0000  1.44339924931800903183E+0000  1.51698675374287816084E+0000  1.38293966600608120819E+0000  0.00000000000000000000E+0000  2.34433159148802059510E+0002  0.00000000000000000000E+0000  2.73713439003663897114E-0039  2.83249655743580935971E-0002  1.99203837016673725200E-0033  0.00000000000000000000E+0000  2.31225785867120574538E+0002  0.00000000000000000000E+0000  0.00000000000000000000E+0000  2.31225785917904211902E+0002  0.00000000000000000000E+0000  0.00000000000000000000E+0000  0.00000000000000000000E+0000  0.00000000000000000000E+0000  0.00000000000000000000E+0000 -3.26866485946351780334E-0010 -2.99477013910962771822E+0000  0.00000000000000000000E+0000  0.00000000000000000000E+0000  0.00000000000000000000E+0000  1.14970147960085784421E-0008
 7.18900000000000000003E-0006  0.00000000000000000000E+0000  4.62320703572231826975E-0008  2.63876861664215022581E-0008  4.62320703572231826975E-0008  1.04999999999999999996E+0000  1.44339924929641570195E+0000  1.51698675373050865340E+0000  1.38293966599364927543E+0000  0.00000000000000000000E+0000  2.34433159148802059510E+0002  0.00000000000000000000E+0000  2.73713438767491688427E-0039  2.83249655571207012144E-0002  1.99203836932412569651E-0033  0.00000000000000000000E+0000  2.31225785789757526514E+0002  0.00000000000000000000E+0000  0.00000000000000000000E+0000  2.31225785903250275199E+0002  0.00000000000000000000E+0000  0.00000000000000000000E+0000  0.00000000000000000000E+0000  0.00000000000000000000E+0000  0.00000000000000000000E+0000 -2.88863043263497276042E-0010 -2.99477019004431297289E+0000  0.00000000000000000000E+0000  0.00000000000000000000E+0000  0.00000000000000000000E+0000  2.07362817061832619506E-0008
 7.33299999999999999990E-0006  0.00000000000000000000E+0000  4.40634301491911613621E-0008  1.65383485603888345883E-0008  4.40634301491911613621E-0008  1.04999999999999999996E+0000  1.44339924927965401215E+0000  1.51698675370940047396E+0000  1.38293966598377020543E+0000  0.00000000000000000000E+0000  2.34433159148802059510E+0002  0.00000000000000000000E+0000  2.73713438541092323385E-0039  2.83249655299376687645E-0002  1.99203836792398744243E-0033  0.00000000000000000000E+0000  2.31225785689442651219E+0002  0.00000000000000000000E+0000  0.00000000000000000000E+0000  2.31225785840631911636E+0002  0.00000000000000000000E+0000  0.00000000000000000000E+0000  0.00000000000000000000E+0000  0.00000000000000000000E+0000  0.00000000000000000000E+0000 -2.20538118096559596232E-0010 -2.99477028022573254227E+0000  0.00000000000000000000E+0000  0.00000000000000000000E+0000  0.00000000000000000000E+0000  2.54706282142811541443E-0008
 7.48000000000000000016E-0006  0.00000000000000000000E+0000  3.66511868800579780042E-0008  1.00233329716159360083E-0008  3.66511868800579780042E-0008  1.04999999999999999996E+0000  1.44339924927003009048E+0000  1.51698675368320825250E+0000  1.38293966597884937357E+0000  0.00000000000000000000E+0000  2.34433159148802059510E+0002  0.00000000000000000000E+0000  2.73713438357854468211E-0039  2.83249654974028496417E-0002  1.99203836626324406802E-0033  0.00000000000000000000E+0000  2.31225785582460224288E+0002  0.00000000000000000000E+0000  0.00000000000000000000E+0000  2.31225785744247695319E+0002  0.00000000000000000000E+0000  0.00000000000000000000E+0000  0.00000000000000000000E+0000  0.00000000000000000000E+0000  0.00000000000000000000E+0000 -1.34379066284844009793E-0010 -2.99477039324381526567E+0000  0.00000000000000000000E+0000  0.00000000000000000000E+0000  0.00000000000000000000E+0000  2.53786806729973829152E-0008
 7.62900000000000000014E-0006  0.00000000000000000000E+0000  2.61466355300892550441E-0008  1.22495375198817879161E-0008  2.61466355300892550441E-0008  1.04999999999999999996E+0000  1.44339924926890553843E+0000  1.51698675365584513953E+0000  1.38293966598041750580E+0000  0.00000000000000000000E+0000  2.34433159148802059510E+0002  0.00000000000000000000E+0000  2.73713438244002945227E-0039  2.83249654643333242199E-0002  1.99203836463293182756E-0033  0.00000000000000000000E+0000  2.31225785483756940866E+0002  0.00000000000000000000E+0000  0.00000000000000000000E+0000  2.31225785630859689002E+0002  0.00000000000000000000E+0000  0.00000000000000000000E+0000  0.00000000000000000000E+0000  0.00000000000000000000E+0000  0.00000000000000000000E+0000 -4.35995997824612079071E-0011 -2.99477051180653872282E+0000  0.00000000000000000000E+0000  0.00000000000000000000E+0000  0.00000000000000000000E+0000  2.09988992574740508262E-0008
 7.78200000000000000036E-0006  0.00000000000000000000E+0000  1.53827373309762705928E-0008  1.72932624135925752705E-0008  1.53827373309762705928E-0008  1.04999999999999999996E+0000  1.44339924927637284818E+0000  1.51698675363036321068E+0000  1.38293966598886329284E+0000  0.00000000000000000000E+0000  2.34433159148802059510E+0002  0.00000000000000000000E+0000  2.73713438211400159797E-0039  2.83249654343649350792E-0002  1.99203836323984154745E-0033  0.00000000000000000000E+0000  2.31225785402031448465E+0002  0.00000000000000000000E+0000  0.00000000000000000000E+0000  2.31225785516650414964E+0002  0.00000000000000000000E+0000  0.00000000000000000000E+0000  0.00000000000000000000E+0000  0.00000000000000000000E+0000  0.00000000000000000000E+0000  4.00836398911181755587E-0011 -2.99477062066621383795E+0000  0.00000000000000000000E+0000  0.00000000000000000000E+0000  0.00000000000000000000E+0000  1.36394890426877881632E-0008
 7.93800000000000000015E-0006  0.00000000000000000000E+0000  5.33174265676055528641E-0009  2.02702981889099690527E-0008  5.33174265676055528641E-0009  1.04999999999999999996E+0000  1.44339924929147280712E+0000  1.51698675360964230902E+0000  1.38293966600343788958E+0000  0.00000000000000000000E+0000  2.34433159148802059510E+0002  0.00000000000000000000E+0000  2.73713438262440555987E-0039  2.83249654108643735902E-0002  1.99203836225302920415E-0033  0.00000000000000000000E+0000  2.31225785345191774497E+0002  0.00000000000000000000E+0000  0.00000000000000000000E+0000  2.31225785415352172641E+0002  0.00000000000000000000E+0000  0.00000000000000000000E+0000  0.00000000000000000000E+0000  0.00000000000000000000E+0000  0.00000000000000000000E+0000  1.07677628819855698322E-0010 -2.99477070816925648798E+0000  0.00000000000000000000E+0000  0.00000000000000000000E+0000  0.00000000000000000000E+0000  4.85009890348757001641E-0009
 8.09599999999999999965E-0006  0.00000000000000000000E+0000 -2.88413074119061324584E-0009  2.03149646379003340832E-0008 -2.88413074119061324584E-0009  1.04999999999999999996E+0000  1.44339924931216323761E+0000  1.51698675359552903152E+0000  1.38293966602228805992E+0000  0.00000000000000000000E+0000  2.34433159148802059510E+0002  0.00000000000000000000E+0000  2.73713438386617220658E-0039  2.83249653958853653780E-0002  1.99203836175020256658E-0033  0.00000000000000000000E+0000  2.31225785315647395984E+0002  0.00000000000000000000E+0000  0.00000000000000000000E+0000  2.31225785337718149848E+0002  0.00000000000000000000E+0000  0.00000000000000000000E+0000  0.00000000000000000000E+0000  0.00000000000000000000E+0000  0.00000000000000000000E+0000  1.53009793813166444216E-0010 -2.99477076639659863574E+0000  0.00000000000000000000E+0000  0.00000000000000000000E+0000  0.00000000000000000000E+0000 -3.65818031593097169633E-0009
 8.25800000000000000023E-0006  0.00000000000000000000E+0000 -7.65659269985211125926E-0009  1.85230213403280535770E-0008 -7.65659269985211125926E-0009  1.04999999999999999996E+0000  1.44339924933614732196E+0000  1.51698675358866134238E+0000  1.38293966604333793975E+0000  0.00000000000000000000E+0000  2.34433159148802059510E+0002  0.00000000000000000000E+0000  2.73713438564772902777E-0039  2.83249653897608538576E-0002  1.99203836170798275635E-0033  0.00000000000000000000E+0000  2.31225785310739595915E+0002  0.00000000000000000000E+0000  0.00000000000000000000E+0000  2.31225785290885655521E+0002  0.00000000000000000000E+0000  0.00000000000000000000E+0000  0.00000000000000000000E+0000  0.00000000000000000000E+0000  0.00000000000000000000E+0000  1.72959523537216853833E-0010 -2.99477079142335600448E+0000  0.00000000000000000000E+0000  0.00000000000000000000E+0000  0.00000000000000000000E+0000 -1.04973959779899464501E-0008
 8.42400000000000000023E-0006  0.00000000000000000000E+0000 -1.03105665756043674530E-0008  1.53696648558635246019E-0008 -1.03105665756043674530E-0008  1.04999999999999999996E+0000  1.44339924936060550701E+0000  1.51698675358901401025E+0000  1.38293966606401182965E+0000  0.00000000000000000000E+0000  2.34433159148802059510E+0002  0.00000000000000000000E+0000  2.73713438773273037755E-0039  2.83249653923001794088E-0002  1.99203836208120338948E-0033  0.00000000000000000000E+0000  2.31225785327754851731E+0002  0.00000000000000000000E+0000  0.00000000000000000000E+0000  2.31225785275293651097E+0002  0.00000000000000000000E+0000  0.00000000000000000000E+0000  0.00000000000000000000E+0000  0.00000000000000000000E+0000  0.00000000000000000000E+0000  1.69353459879971400481E-0010 -2.99477078577751540975E+0000  0.00000000000000000000E+0000  0.00000000000000000000E+0000  0.00000000000000000000E+0000 -1.47156404490297162101E-0008
 8.59199999999999999994E-0006  0.00000000000000000000E+0000 -1.18108038507656481448E-0008  1.17194763766439621790E-0008 -1.18108038507656481448E-0008  1.04999999999999999996E+0000  1.44339924938242436222E+0000  1.51698675359566652939E+0000  1.38293966608147698017E+0000  0.00000000000000000000E+0000  2.34433159148802059510E+0002  0.00000000000000000000E+0000  2.73713438982837603546E-0039  2.83249654022210826004E-0002  1.99203836276405674080E-0033  0.00000000000000000000E+0000  2.31225785361300282442E+0002  0.00000000000000000000E+0000  0.00000000000000000000E+0000  2.31225785287991060540E+0002  0.00000000000000000000E+0000  0.00000000000000000000E+0000  0.00000000000000000000E+0000  0.00000000000000000000E+0000  0.00000000000000000000E+0000  1.46217757550443074180E-0010 -2.99477075484394132773E+0000  0.00000000000000000000E+0000  0.00000000000000000000E+0000  0.00000000000000000000E+0000 -1.58630557132218520786E-0008
 8.76399999999999999990E-0006  0.00000000000000000000E+0000 -1.17280445887168500560E-0008  9.57634760318647099229E-0009 -1.17280445887168500560E-0008  1.04999999999999999996E+0000  1.44339924939951589451E+0000  1.51698675360718969647E+0000  1.38293966609390591132E+0000  0.00000000000000000000E+0000  2.34433159148802059510E+0002  0.00000000000000000000E+0000  2.73713439168817698535E-0039  2.83249654174300497986E-0002  1.99203836361661709913E-0033  0.00000000000000000000E+0000  2.31225785404895446587E+0002  0.00000000000000000000E+0000  0.00000000000000000000E+0000  2.31225785324954649438E+0002  0.00000000000000000000E+0000  0.00000000000000000000E+0000  0.00000000000000000000E+0000  0.00000000000000000000E+0000  0.00000000000000000000E+0000  1.08019906394880945697E-0010 -2.99477070451821320084E+0000  0.00000000000000000000E+0000  0.00000000000000000000E+0000  0.00000000000000000000E+0000 -1.42255485243108839648E-0008
 8.93900000000000000025E-0006  0.00000000000000000000E+0000 -1.13303988674662990737E-0008  9.09594135918735637037E-0009 -1.13303988674662990737E-0008  1.04999999999999999996E+0000  1.44339924941002501466E+0000  1.51698675362168497514E+0000  1.38293966609978765097E+0000  0.00000000000000000000E+0000  2.34433159148802059510E+0002  0.00000000000000000000E+0000  2.73713439309621887579E-0039  2.83249654356364779850E-0002  1.99203836450987325274E-0033  0.00000000000000000000E+0000  2.31225785452538883491E+0002  0.00000000000000000000E+0000  0.00000000000000000000E+0000  2.31225785377573324286E+0002  0.00000000000000000000E+0000  0.00000000000000000000E+0000  0.00000000000000000000E+0000  0.00000000000000000000E+0000  0.00000000000000000000E+0000  6.20503389678150972853E-0011 -2.99477064435184991281E+0000  0.00000000000000000000E+0000  0.00000000000000000000E+0000  0.00000000000000000000E+0000 -1.04244797274253843685E-0008
 9.11800000000000000002E-0006  0.00000000000000000000E+0000 -1.08152743378876379233E-0008  9.79254614748642969974E-0009 -1.08152743378876379233E-0008  1.04999999999999999996E+0000  1.44339924941310466459E+0000  1.51698675363725269890E+0000  1.38293966609856475169E+0000  0.00000000000000000000E+0000  2.34433159148802059510E+0002  0.00000000000000000000E+0000  2.73713439391162881827E-0039  2.83249654544864442387E-0002  1.99203836532080559170E-0033  0.00000000000000000000E+0000  2.31225785498968283413E+0002  0.00000000000000000000E+0000  0.00000000000000000000E+0000  2.31225785437819391241E+0002  0.00000000000000000000E+0000  0.00000000000000000000E+0000  0.00000000000000000000E+0000  0.00000000000000000000E+0000  0.00000000000000000000E+0000  1.45946497336559179053E-0011 -2.99477058252722417035E+0000  0.00000000000000000000E+0000  0.00000000000000000000E+0000  0.00000000000000000000E+0000 -5.43332880651835335264E-0009
 9.30000000000000000019E-0006  0.00000000000000000000E+0000 -1.00928729313056331845E-0008  1.06322475887714009712E-0008 -1.00928729313056331845E-0008  1.04999999999999999996E+0000  1.44339924940866254615E+0000  1.51698675365192859449E+0000  1.38293966609045094183E+0000  0.00000000000000000000E+0000  2.34433159148802059510E+0002  0.00000000000000000000E+0000  2.73713439406086351901E-0039  2.83249654716695101017E-0002  1.99203836594393292369E-0033  0.00000000000000000000E+0000  2.31225785539169199259E+0002  0.00000000000000000000E+0000  0.00000000000000000000E+0000  2.31225785497463091511E+0002  0.00000000000000000000E+0000  0.00000000000000000000E+0000  0.00000000000000000000E+0000  0.00000000000000000000E+0000  0.00000000000000000000E+0000 -2.84523968641248457742E-0011 -2.99477052668635639943E+0000  0.00000000000000000000E+0000  0.00000000000000000000E+0000  0.00000000000000000000E+0000 -2.63372592415016642787E-0010
 9.48599999999999999978E-0006  0.00000000000000000000E+0000 -9.24735187928514951410E-0009  1.12691032931248475576E-0008 -9.24735187928514951410E-0009  1.04999999999999999996E+0000  1.44339924939745799010E+0000  1.51698675366417609731E+0000  1.38293966607639136118E+0000  0.00000000000000000000E+0000  2.34433159148802059510E+0002  0.00000000000000000000E+0000  2.73713439355928144487E-0039  2.83249654854680576198E-0002  1.99203836631306367923E-0033  0.00000000000000000000E+0000  2.31225785570163512875E+0002  0.00000000000000000000E+0000  0.00000000000000000000E+0000  2.31225785549417016326E+0002  0.00000000000000000000E+0000  0.00000000000000000000E+0000  0.00000000000000000000E+0000  0.00000000000000000000E+0000  0.00000000000000000000E+0000 -6.24827511189707566204E-0011 -2.99477048276244012834E+0000  0.00000000000000000000E+0000  0.00000000000000000000E+0000  0.00000000000000000000E+0000  4.16588916370041426398E-0009
 9.67599999999999999962E-0006  0.00000000000000000000E+0000 -7.74926179880018159554E-0009  1.16176214927624921644E-0008 -7.74926179880018159554E-0009  1.04999999999999999996E+0000  1.44339924938093478563E+0000  1.51698675367278643664E+0000  1.38293966605795270032E+0000  0.00000000000000000000E+0000  2.34433159148802059510E+0002  0.00000000000000000000E+0000  2.73713439248924188296E-0039  2.83249654945731584518E-0002  1.99203836639001225534E-0033  0.00000000000000000000E+0000  2.31225785589518616187E+0002  0.00000000000000000000E+0000  0.00000000000000000000E+0000  2.31225785588702989426E+0002  0.00000000000000000000E+0000  0.00000000000000000000E+0000  0.00000000000000000000E+0000  0.00000000000000000000E+0000  0.00000000000000000000E+0000 -8.47577745210998479430E-0011 -2.99477045424140436844E+0000  0.00000000000000000000E+0000  0.00000000000000000000E+0000  0.00000000000000000000E+0000  7.20808907668496232458E-0009
 9.86999999999999999971E-0006  0.00000000000000000000E+0000 -5.31310972450165846502E-0009  1.16400966730857249739E-0008 -5.31310972450165846502E-0009  1.04999999999999999996E+0000  1.44339924936105172765E+0000  1.51698675367706893547E+0000  1.38293966603712486347E+0000  0.00000000000000000000E+0000  2.34433159148802059510E+0002  0.00000000000000000000E+0000  2.73713439099375414328E-0039  2.83249654983234813071E-0002  1.99203836617471668998E-0033  0.00000000000000000000E+0000  2.31225785596308948969E+0002  0.00000000000000000000E+0000  0.00000000000000000000E+0000  2.31225785612286762569E+0002  0.00000000000000000000E+0000  0.00000000000000000000E+0000  0.00000000000000000000E+0000  0.00000000000000000000E+0000  0.00000000000000000000E+0000 -9.41329431000418216937E-0011 -2.99477044253231935046E+0000  0.00000000000000000000E+0000  0.00000000000000000000E+0000  0.00000000000000000000E+0000  8.54542895591349042264E-0009
 1.00699999999999999998E-0005  0.00000000000000000000E+0000 -2.26608080077877550750E-0009  1.14969485815712807616E-0008 -2.26608080077877550750E-0009  1.04999999999999999996E+0000  1.44339924933983027966E+0000  1.51698675367688366104E+0000  1.38293966601584801470E+0000  0.00000000000000000000E+0000  2.34433159148802059510E+0002  0.00000000000000000000E+0000  2.73713438924338053422E-0039  2.83249654967624776580E-0002  1.99203836570129743446E-0033  0.00000000000000000000E+0000  2.31225785591091689747E+0002  0.00000000000000000000E+0000  0.00000000000000000000E+0000  2.31225785618784546338E+0002  0.00000000000000000000E+0000  0.00000000000000000000E+0000  0.00000000000000000000E+0000  0.00000000000000000000E+0000  0.00000000000000000000E+0000 -9.07282245139879900568E-0011 -2.99477044741545188377E+0000  0.00000000000000000000E+0000  0.00000000000000000000E+0000  0.00000000000000000000E+0000  8.23490660255508632595E-0009
 1.02699999999999999998E-0005  0.00000000000000000000E+0000  2.74751506885454064012E-0009  1.00625052412188425340E-0008  2.74751506885454064012E-0009  1.04999999999999999996E+0000  1.44339924932022027116E+0000  1.51698675367268928258E+0000  1.38293966599700632748E+0000  0.00000000000000000000E+0000  2.34433159148802059510E+0002  0.00000000000000000000E+0000  2.73713438748234529663E-0039  2.83249654904120539633E-0002  1.99203836503924156978E-0033  0.00000000000000000000E+0000  2.31225785575071068667E+0002  0.00000000000000000000E+0000  0.00000000000000000000E+0000  2.31225785611629764058E+0002  0.00000000000000000000E+0000  0.00000000000000000000E+0000  0.00000000000000000000E+0000  0.00000000000000000000E+0000  0.00000000000000000000E+0000 -7.80114745132232350507E-0011 -2.99477046430341896192E+0000  0.00000000000000000000E+0000  0.00000000000000000000E+0000  0.00000000000000000000E+0000  6.51205009806093553886E-0009
 1.04699999999999999999E-0005  0.00000000000000000000E+0000  7.36520143438310589732E-0009  8.52240736013993922913E-0009  7.36520143438310589732E-0009  1.04999999999999999996E+0000  1.44339924930421992862E+0000  1.51698675366545680842E+0000  1.38293966598244400337E+0000  0.00000000000000000000E+0000  2.34433159148802059510E+0002  0.00000000000000000000E+0000  2.73713438592435395010E-0039  2.83249654807492295236E-0002  1.99203836430326842990E-0033  0.00000000000000000000E+0000  2.31225785552101014975E+0002  0.00000000000000000000E+0000  0.00000000000000000000E+0000  2.31225785591452724699E+0002  0.00000000000000000000E+0000  0.00000000000000000000E+0000  0.00000000000000000000E+0000  0.00000000000000000000E+0000  0.00000000000000000000E+0000 -5.72258583965916897480E-0011 -2.99477049156585973361E+0000  0.00000000000000000000E+0000  0.00000000000000000000E+0000  0.00000000000000000000E+0000  3.96933143336814145841E-0009
 1.06800000000000000001E-0005  0.00000000000000000000E+0000  1.09612770188576305206E-0008  7.68020004825653417609E-0009  1.09612770188576305206E-0008  1.04999999999999999996E+0000  1.44339924929253136791E+0000  1.51698675365599639202E+0000  1.38293966597271345692E+0000  0.00000000000000000000E+0000  2.34433159148802059510E+0002  0.00000000000000000000E+0000  2.73713438466112719637E-0039  2.83249654688590735038E-0002  1.99203836355950114913E-0033  0.00000000000000000000E+0000  2.31225785524284812467E+0002  0.00000000000000000000E+0000  0.00000000000000000000E+0000  2.31225785561113792096E+0002  0.00000000000000000000E+0000  0.00000000000000000000E+0000  0.00000000000000000000E+0000  0.00000000000000000000E+0000  0.00000000000000000000E+0000 -3.10966581431517175880E-0011 -2.99477052567170054184E+0000  0.00000000000000000000E+0000  0.00000000000000000000E+0000  0.00000000000000000000E+0000  1.23994050624712716667E-0009
 1.08999999999999999998E-0005  0.00000000000000000000E+0000  1.41568240815703535338E-0008  7.58285345913778320027E-0009  1.41568240815703535338E-0008  1.04999999999999999996E+0000  1.44339924928638294185E+0000  1.51698675364562563580E+0000  1.38293966596887561900E+0000  0.00000000000000000000E+0000  2.34433159148802059510E+0002  0.00000000000000000000E+0000  2.73713438381952443722E-0039  2.83249654561538916011E-0002  1.99203836289137582302E-0033  0.00000000000000000000E+0000  2.31225785495065267433E+0002  0.00000000000000000000E+0000  0.00000000000000000000E+0000  2.31225785527303634187E+0002  0.00000000000000000000E+0000  0.00000000000000000000E+0000  0.00000000000000000000E+0000  0.00000000000000000000E+0000  0.00000000000000000000E+0000 -4.76667037682468310256E-0012 -2.99477055992452001910E+0000  0.00000000000000000000E+0000  0.00000000000000000000E+0000  0.00000000000000000000E+0000 -1.21490769668164752297E-0009
 1.11100000000000000000E-0005  0.00000000000000000000E+0000  1.34649988453215687695E-0008  8.23774165674594798242E-0009  1.34649988453215687695E-0008  1.04999999999999999996E+0000  1.44339924928678510019E+0000  1.51698675363646098726E+0000  1.38293966597154792625E+0000  0.00000000000000000000E+0000  2.34433159148802059510E+0002  0.00000000000000000000E+0000  2.73713438356286983117E-0039  2.83249654453675889758E-0002  1.99203836245079548376E-0033  0.00000000000000000000E+0000  2.31225785471612396593E+0002  0.00000000000000000000E+0000  0.00000000000000000000E+0000  2.31225785492973761895E+0002  0.00000000000000000000E+0000  0.00000000000000000000E+0000  0.00000000000000000000E+0000  0.00000000000000000000E+0000  0.00000000000000000000E+0000  1.96774222757050917098E-0011 -2.99477059164046917664E+0000  0.00000000000000000000E+0000  0.00000000000000000000E+0000  0.00000000000000000000E+0000 -2.94239056818413823882E-0009
 1.13399999999999999999E-0005  0.00000000000000000000E+0000  1.52247738237638765385E-0008  1.04846775455252779895E-0008  1.52247738237638765385E-0008  1.04999999999999999996E+0000  1.44339924929317681796E+0000  1.51698675362848815621E+0000  1.38293966598042741909E+0000  0.00000000000000000000E+0000  2.34433159148802059510E+0002  0.00000000000000000000E+0000  2.73713438381469819092E-0039  2.83249654360610149724E-0002  1.99203836220677850842E-0033  0.00000000000000000000E+0000  2.31225785449822676607E+0002  0.00000000000000000000E+0000  0.00000000000000000000E+0000  2.31225785466842542956E+0002  0.00000000000000000000E+0000  0.00000000000000000000E+0000  0.00000000000000000000E+0000  0.00000000000000000000E+0000  0.00000000000000000000E+0000  3.62800991796980639223E-0011 -2.99477061307552771163E+0000  0.00000000000000000000E+0000  0.00000000000000000000E+0000  0.00000000000000000000E+0000 -3.92578725221274237279E-0009
 1.15600000000000000003E-0005  0.00000000000000000000E+0000  9.13214041126812772312E-0009  1.02610613164793713226E-0008  9.13214041126812772312E-0009  1.04999999999999999996E+0000  1.44339924930407282071E+0000  1.51698675362350065567E+0000  1.38293966599351167781E+0000  0.00000000000000000000E+0000  2.34433159148802059510E+0002  0.00000000000000000000E+0000  2.73713438455935514521E-0039  2.83249654309361617176E-0002  1.99203836227282243237E-0033  0.00000000000000000000E+0000  2.31225785439809956495E+0002  0.00000000000000000000E+0000  0.00000000000000000000E+0000  2.31225785441410485413E+0002  0.00000000000000000000E+0000  0.00000000000000000000E+0000  0.00000000000000000000E+0000  0.00000000000000000000E+0000  0.00000000000000000000E+0000  5.09427214604930841657E-0011 -2.99477063200248228643E+0000  0.00000000000000000000E+0000  0.00000000000000000000E+0000  0.00000000000000000000E+0000 -3.89160860503266401823E-0009
 1.17900000000000000002E-0005  0.00000000000000000000E+0000  5.65911760097754068430E-0009  1.07805314589599522249E-0008  5.65911760097754068430E-0009  1.04999999999999999996E+0000  1.44339924931877715611E+0000  1.51698675362139653053E+0000  1.38293966601026627845E+0000  0.00000000000000000000E+0000  2.34433159148802059510E+0002  0.00000000000000000000E+0000  2.73713438568327122597E-0039  2.83249654291420674797E-0002  1.99203836257346625946E-0033  0.00000000000000000000E+0000  2.31225785436069932122E+0002  0.00000000000000000000E+0000  0.00000000000000000000E+0000  2.31225785430312978722E+0002  0.00000000000000000000E+0000  0.00000000000000000000E+0000  0.00000000000000000000E+0000  0.00000000000000000000E+0000  0.00000000000000000000E+0000  5.43029450535128615179E-0011 -2.99477063619837427337E+0000  0.00000000000000000000E+0000  0.00000000000000000000E+0000  0.00000000000000000000E+0000 -3.24315636147802695294E-0009
 1.20300000000000000002E-0005  0.00000000000000000000E+0000  6.69843706028365627719E-0010  1.01878750348337636407E-0008  6.69843706028365627719E-0010  1.04999999999999999996E+0000  1.44339924933563078420E+0000  1.51698675362235114712E+0000  1.38293966602897655234E+0000  0.00000000000000000000E+0000  2.34433159148802059510E+0002  0.00000000000000000000E+0000  2.73713438707785178736E-0039  2.83249654310936480395E-0002  1.99203836310736535938E-0033  0.00000000000000000000E+0000  2.31225785441045002103E+0002  0.00000000000000000000E+0000  0.00000000000000000000E+0000  2.31225785428111119096E+0002  0.00000000000000000000E+0000  0.00000000000000000000E+0000  0.00000000000000000000E+0000  0.00000000000000000000E+0000  0.00000000000000000000E+0000  5.11468631435747255500E-0011 -2.99477063193651338682E+0000  0.00000000000000000000E+0000  0.00000000000000000000E+0000  0.00000000000000000000E+0000 -2.16487985498836847651E-0009
 1.22700000000000000003E-0005  0.00000000000000000000E+0000 -5.94655015946930481525E-0009  7.86708563152538751743E-0009 -5.94655015946930481525E-0009  1.04999999999999999996E+0000  1.44339924935204604040E+0000  1.51698675362596275933E+0000  1.38293966604686416810E+0000  0.00000000000000000000E+0000  2.34433159148802059510E+0002  0.00000000000000000000E+0000  2.73713438853000953232E-0039  2.83249654363252334867E-0002  1.99203836379208942182E-0033  0.00000000000000000000E+0000  2.31225785453530037691E+0002  0.00000000000000000000E+0000  0.00000000000000000000E+0000  2.31225785432349770943E+0002  0.00000000000000000000E+0000  0.00000000000000000000E+0000  0.00000000000000000000E+0000  0.00000000000000000000E+0000  0.00000000000000000000E+0000  4.37472670075155383966E-0011 -2.99477062219998907086E+0000  0.00000000000000000000E+0000  0.00000000000000000000E+0000  0.00000000000000000000E+0000 -8.77532975722290876414E-0010
 1.25199999999999999997E-0005  0.00000000000000000000E+0000 -1.08765908819336979278E-0008  6.04120031439467960254E-0009 -1.08765908819336979278E-0008  1.04999999999999999996E+0000  1.44339924936691841478E+0000  1.51698675363165285334E+0000  1.38293966606282347478E+0000  0.00000000000000000000E+0000  2.34433159148802059510E+0002  0.00000000000000000000E+0000  2.73713438991303193167E-0039  2.83249654438593866501E-0002  1.99203836454247501292E-0033  0.00000000000000000000E+0000  2.31225785470813087044E+0002  0.00000000000000000000E+0000  0.00000000000000000000E+0000  2.31225785445549640029E+0002  0.00000000000000000000E+0000  0.00000000000000000000E+0000  0.00000000000000000000E+0000  0.00000000000000000000E+0000  0.00000000000000000000E+0000  3.07254796791532595355E-0011 -2.99477060517452877103E+0000  0.00000000000000000000E+0000  0.00000000000000000000E+0000  0.00000000000000000000E+0000  2.80377960991701462553E-0010
 1.27700000000000000000E-0005  0.00000000000000000000E+0000 -1.42523207329593129044E-0008  5.37211474993115441666E-0009 -1.42523207329593129044E-0008  1.04999999999999999996E+0000  1.44339924937809855850E+0000  1.51698675363830368134E+0000  1.38293966607456780262E+0000  0.00000000000000000000E+0000  2.34433159148802059510E+0002  0.00000000000000000000E+0000  2.73713439102902741100E-0039  2.83249654524200402501E-0002  1.99203836524404959063E-0033  0.00000000000000000000E+0000  2.31225785489639383663E+0002  0.00000000000000000000E+0000  0.00000000000000000000E+0000  2.31225785463027962555E+0002  0.00000000000000000000E+0000  0.00000000000000000000E+0000  0.00000000000000000000E+0000  0.00000000000000000000E+0000  0.00000000000000000000E+0000  1.58476329834952884376E-0011 -2.99477058576997684958E+0000  0.00000000000000000000E+0000  0.00000000000000000000E+0000  0.00000000000000000000E+0000  1.13465739945649577019E-0009
 1.30200000000000000003E-0005  0.00000000000000000000E+0000 -1.49689722379380552969E-0008  6.69876530899666239096E-0009 -1.49689722379380552969E-0008  1.04999999999999999996E+0000  1.44339924938465315044E+0000  1.51698675364494509012E+0000  1.38293966608112297656E+0000  0.00000000000000000000E+0000  2.34433159148802059510E+0002  0.00000000000000000000E+0000  2.73713439176402896052E-0039  2.83249654607050810486E-0002  1.99203836580176175188E-0033  0.00000000000000000000E+0000  2.31225785507276511130E+0002  0.00000000000000000000E+0000  0.00000000000000000000E+0000  2.31225785483357502190E+0002  0.00000000000000000000E+0000  0.00000000000000000000E+0000  0.00000000000000000000E+0000  0.00000000000000000000E+0000  0.00000000000000000000E+0000  2.82487218484176985318E-0013 -2.99477056549391558839E+0000  0.00000000000000000000E+0000  0.00000000000000000000E+0000  0.00000000000000000000E+0000  1.57673144769217219112E-0009
 1.32799999999999999999E-0005  0.00000000000000000000E+0000 -1.42865166740313602872E-0008  8.64545529028804983876E-0009 -1.42865166740313602872E-0008  1.04999999999999999996E+0000  1.44339924938645204080E+0000  1.51698675365092634413E+0000  1.38293966608233866817E+0000  0.00000000000000000000E+0000  2.34433159148802059510E+0002  0.00000000000000000000E+0000  2.73713439209062259249E-0039  2.83249654679783399548E-0002  1.99203836617430396516E-0033  0.00000000000000000000E+0000  2.31225785522460808685E+0002  0.00000000000000000000E+0000  0.00000000000000000000E+0000  2.31225785502463738130E+0002  0.00000000000000000000E+0000  0.00000000000000000000E+0000  0.00000000000000000000E+0000  0.00000000000000000000E+0000  0.00000000000000000000E+0000 -1.30580511166394231912E-0011 -2.99477054813514234578E+0000  0.00000000000000000000E+0000  0.00000000000000000000E+0000  0.00000000000000000000E+0000  1.63252676637608727076E-0009
 1.35499999999999999998E-0005  0.00000000000000000000E+0000 -1.15233334464462514604E-0008  1.00414517214376556984E-0008 -1.15233334464462514604E-0008  1.04999999999999999996E+0000  1.44339924938347762050E+0000  1.51698675365546701535E+0000  1.38293966607819334715E+0000  0.00000000000000000000E+0000  2.34433159148802059510E+0002  0.00000000000000000000E+0000  2.73713439198417515270E-0039  2.83249654733116502710E-0002  1.99203836631282596438E-0033  0.00000000000000000000E+0000  2.31225785532727020413E+0002  0.00000000000000000000E+0000  0.00000000000000000000E+0000  2.31225785518882500202E+0002  0.00000000000000000000E+0000  0.00000000000000000000E+0000  0.00000000000000000000E+0000  0.00000000000000000000E+0000  0.00000000000000000000E+0000 -2.33463038492361010055E-0011 -2.99477053476051989587E+0000  0.00000000000000000000E+0000  0.00000000000000000000E+0000  0.00000000000000000000E+0000  1.35072829556355935392E-0009
 1.38199999999999999996E-0005  0.00000000000000000000E+0000 -5.79101981934996980456E-0009  9.64053549690150009981E-0009 -5.79101981934996980456E-0009  1.04999999999999999996E+0000  1.44339924937641180262E+0000  1.51698675365795187923E+0000  1.38293966606949409815E+0000  0.00000000000000000000E+0000  2.34433159148802059510E+0002  0.00000000000000000000E+0000  2.73713439147529879756E-0039  2.83249654759075716737E-0002  1.99203836619585274492E-0033  0.00000000000000000000E+0000  2.31225785536429579811E+0002  0.00000000000000000000E+0000  0.00000000000000000000E+0000  2.31225785532808160078E+0002  0.00000000000000000000E+0000  0.00000000000000000000E+0000  0.00000000000000000000E+0000  0.00000000000000000000E+0000  0.00000000000000000000E+0000 -3.09850783580622381396E-0011 -2.99477052483107824285E+0000  0.00000000000000000000E+0000  0.00000000000000000000E+0000  0.00000000000000000000E+0000  8.15793553480702279502E-0010
 1.40999999999999999997E-0005  0.00000000000000000000E+0000 -7.61977346855445702881E-0010  8.61548382655299042734E-0009 -7.61977346855445702881E-0010  1.04999999999999999996E+0000  1.44339924936613016239E+0000  1.51698675365833227340E+0000  1.38293966605717325979E+0000  0.00000000000000000000E+0000  2.34433159148802059510E+0002  0.00000000000000000000E+0000  2.73713439064438264821E-0039  2.83249654758831318356E-0002  1.99203836585958596381E-0033  0.00000000000000000000E+0000  2.31225785534913139171E+0002  0.00000000000000000000E+0000  0.00000000000000000000E+0000  2.31225785538993215573E+0002  0.00000000000000000000E+0000  0.00000000000000000000E+0000  0.00000000000000000000E+0000  0.00000000000000000000E+0000  0.00000000000000000000E+0000 -3.25480961649058857073E-0011 -2.99477052282255887944E+0000  0.00000000000000000000E+0000  0.00000000000000000000E+0000  0.00000000000000000000E+0000  2.36678752878762855136E-0010
 1.43799999999999999998E-0005  0.00000000000000000000E+0000  5.10067175151008470604E-0009  6.02585028120125867683E-0009  5.10067175151008470604E-0009  1.04999999999999999996E+0000  1.44339924935431137057E+0000  1.51698675365674223779E+0000  1.38293966604315503506E+0000  0.00000000000000000000E+0000  2.34433159148802059510E+0002  0.00000000000000000000E+0000  2.73713438962377101707E-0039  2.83249654733393234879E-0002  1.99203836535605399700E-0033  0.00000000000000000000E+0000  2.31225785528271235492E+0002  0.00000000000000000000E+0000  0.00000000000000000000E+0000  2.31225785541009328489E+0002  0.00000000000000000000E+0000  0.00000000000000000000E+0000  0.00000000000000000000E+0000  0.00000000000000000000E+0000  0.00000000000000000000E+0000 -3.10704315071833398263E-0011 -2.99477052476925890826E+0000  0.00000000000000000000E+0000  0.00000000000000000000E+0000  0.00000000000000000000E+0000 -2.87413642986240164859E-0010
 1.46700000000000000000E-0005  0.00000000000000000000E+0000  9.19330990130592231627E-0009  3.72162547424273351344E-0009  9.19330990130592231627E-0009  1.04999999999999999996E+0000  1.44339924934200046936E+0000  1.51698675365353585873E+0000  1.38293966602858651278E+0000  0.00000000000000000000E+0000  2.34433159148802059510E+0002  0.00000000000000000000E+0000  2.73713438852087372261E-0039  2.83249654688897942656E-0002  1.99203836475287763963E-0033  0.00000000000000000000E+0000  2.31225785518345708258E+0002  0.00000000000000000000E+0000  0.00000000000000000000E+0000  2.31225785536218364141E+0002  0.00000000000000000000E+0000  0.00000000000000000000E+0000  0.00000000000000000000E+0000  0.00000000000000000000E+0000  0.00000000000000000000E+0000 -2.49837716290585348518E-0011 -2.99477053272605566055E+0000  0.00000000000000000000E+0000  0.00000000000000000000E+0000  0.00000000000000000000E+0000 -6.35532608792995909762E-0010
 1.49600000000000000003E-0005  0.00000000000000000000E+0000  1.18910370806929433471E-0008  3.05332324556577318288E-0009  1.18910370806929433471E-0008  1.04999999999999999996E+0000  1.44339924933098825771E+0000  1.51698675364937922178E+0000  1.38293966601553465652E+0000  0.00000000000000000000E+0000  2.34433159148802059510E+0002  0.00000000000000000000E+0000  2.73713438749474520845E-0039  2.83249654633088658867E-0002  1.99203836413976025116E-0033  0.00000000000000000000E+0000  2.31225785506905202285E+0002  0.00000000000000000000E+0000  0.00000000000000000000E+0000  2.31225785527716869050E+0002  0.00000000000000000000E+0000  0.00000000000000000000E+0000  0.00000000000000000000E+0000  0.00000000000000000000E+0000  0.00000000000000000000E+0000 -1.68615372678791232214E-0011 -2.99477054333785100556E+0000  0.00000000000000000000E+0000  0.00000000000000000000E+0000  0.00000000000000000000E+0000 -7.68191815260020948921E-0010
 1.52600000000000000000E-0005  0.00000000000000000000E+0000  1.28846546443060637702E-0008  4.93438530069931083425E-0009  1.28846546443060637702E-0008  1.04999999999999999996E+0000  1.44339924932200549168E+0000  1.51698675364478276716E+0000  1.38293966600483400598E+0000  0.00000000000000000000E+0000  2.34433159148802059510E+0002  0.00000000000000000000E+0000  2.73713438662772508014E-0039  2.83249654573300357797E-0002  1.99203836357833568722E-0033  0.00000000000000000000E+0000  2.31225785495237607867E+0002  0.00000000000000000000E+0000  0.00000000000000000000E+0000  2.31225785516417753421E+0002  0.00000000000000000000E+0000  0.00000000000000000000E+0000  0.00000000000000000000E+0000  0.00000000000000000000E+0000  0.00000000000000000000E+0000 -7.52121076622947322574E-0012 -2.99477055554152115160E+0000  0.00000000000000000000E+0000  0.00000000000000000000E+0000  0.00000000000000000000E+0000 -6.99155024844343260635E-0010
 1.55599999999999999996E-0005  0.00000000000000000000E+0000  1.14451469642122377521E-0008  6.65305837950431187503E-0009  1.14451469642122377521E-0008  1.04999999999999999996E+0000  1.44339924931617470617E+0000  1.51698675364052147619E+0000  1.38293966599781328777E+0000  0.00000000000000000000E+0000  2.34433159148802059510E+0002  0.00000000000000000000E+0000  2.73713438603095032598E-0039  2.83249654518926413536E-0002  1.99203836314707677909E-0033  0.00000000000000000000E+0000  2.31225785485528326335E+0002  0.00000000000000000000E+0000  0.00000000000000000000E+0000  2.31225785503374988969E+0002  0.00000000000000000000E+0000  0.00000000000000000000E+0000  0.00000000000000000000E+0000  0.00000000000000000000E+0000  0.00000000000000000000E+0000  2.19559835433235339388E-0012 -2.99477056824316145408E+0000  0.00000000000000000000E+0000  0.00000000000000000000E+0000  0.00000000000000000000E+0000 -4.59620448796152880782E-0010
 1.58699999999999999995E-0005  0.00000000000000000000E+0000  9.28146662607265679835E-0009  7.82182314265627769903E-0009  9.28146662607265679835E-0009  1.04999999999999999996E+0000  1.44339924931363886072E+0000  1.51698675363699272945E+0000  1.38293966599467405974E+0000  0.00000000000000000000E+0000  2.34433159148802059510E+0002  0.00000000000000000000E+0000  2.73713438572956064683E-0039  2.83249654474974298775E-0002  1.99203836287429397996E-0033  0.00000000000000000000E+0000  2.31225785478065485240E+0002  0.00000000000000000000E+0000  0.00000000000000000000E+0000  2.31225785492031517335E+0002  0.00000000000000000000E+0000  0.00000000000000000000E+0000  0.00000000000000000000E+0000  0.00000000000000000000E+0000  0.00000000000000000000E+0000  9.85755788174568516627E-0012 -2.99477057826615387101E+0000  0.00000000000000000000E+0000  0.00000000000000000000E+0000  0.00000000000000000000E+0000 -1.49001037343662699744E-0010
 1.61899999999999999996E-0005  0.00000000000000000000E+0000  5.92337392751514815552E-0009  8.00053860127067500369E-0009  5.92337392751514815552E-0009  1.04999999999999999996E+0000  1.44339924931444224608E+0000  1.51698675363461883431E+0000  1.38293966599552345105E+0000  0.00000000000000000000E+0000  2.34433159148802059510E+0002  0.00000000000000000000E+0000  2.73713438573799902942E-0039  2.83249654446459483788E-0002  1.99203836278485479391E-0033  0.00000000000000000000E+0000  2.31225785473998163622E+0002  0.00000000000000000000E+0000  0.00000000000000000000E+0000  2.31225785482474896784E+0002  0.00000000000000000000E+0000  0.00000000000000000000E+0000  0.00000000000000000000E+0000  0.00000000000000000000E+0000  0.00000000000000000000E+0000  1.55935517997353236369E-0011 -2.99477058577781589713E+0000  0.00000000000000000000E+0000  0.00000000000000000000E+0000  0.00000000000000000000E+0000  1.57632711671093162295E-0010
 1.65199999999999999999E-0005  0.00000000000000000000E+0000  1.83412071795512413500E-0009  7.14562149013728834189E-0009  1.83412071795512413500E-0009  1.04999999999999999996E+0000  1.44339924931824917318E+0000  1.51698675363364256826E+0000  1.38293966600002400549E+0000  0.00000000000000000000E+0000  2.34433159148802059510E+0002  0.00000000000000000000E+0000  2.73713438603582735240E-0039  2.83249654436266136309E-0002  1.99203836288095681821E-0033  0.00000000000000000000E+0000  2.31225785473607264503E+0002  0.00000000000000000000E+0000  0.00000000000000000000E+0000  2.31225785475551455464E+0002  0.00000000000000000000E+0000  0.00000000000000000000E+0000  0.00000000000000000000E+0000  0.00000000000000000000E+0000  0.00000000000000000000E+0000  1.89911158765454926837E-0011 -2.99477059023606069824E+0000  0.00000000000000000000E+0000  0.00000000000000000000E+0000  0.00000000000000000000E+0000  3.95267418835774778369E-0010
 1.68500000000000000002E-0005  0.00000000000000000000E+0000 -2.91282300581464019225E-0009  5.04958581227750998671E-0009 -2.91282300581464019225E-0009  1.04999999999999999996E+0000  1.44339924932428431584E+0000  1.51698675363409799573E+0000  1.38293966600729537791E+0000  0.00000000000000000000E+0000  2.34433159148802059510E+0002  0.00000000000000000000E+0000  2.73713438656204047770E-0039  2.83249654444937627569E-0002  1.99203836313867254592E-0033  0.00000000000000000000E+0000  2.31225785476710272631E+0002  0.00000000000000000000E+0000  0.00000000000000000000E+0000  2.31225785470846219444E+0002  0.00000000000000000000E+0000  0.00000000000000000000E+0000  0.00000000000000000000E+0000  0.00000000000000000000E+0000  0.00000000000000000000E+0000  2.05545088587774865275E-0011 -2.99477059229507679324E+0000  0.00000000000000000000E+0000  0.00000000000000000000E+0000  0.00000000000000000000E+0000  5.31982787338192815761E-0010
 1.71800000000000000005E-0005  0.00000000000000000000E+0000 -6.48914403192673080332E-0009  2.62522188679963281709E-0009 -6.48914403192673080332E-0009  1.04999999999999999996E+0000  1.44339924933162370958E+0000  1.51698675363575473385E+0000  1.38293966601626466394E+0000  0.00000000000000000000E+0000  2.34433159148802059510E+0002  0.00000000000000000000E+0000  2.73713438723079957815E-0039  2.83249654469056184841E-0002  1.99203836350752070153E-0033  0.00000000000000000000E+0000  2.31225785482126534001E+0002  0.00000000000000000000E+0000  0.00000000000000000000E+0000  2.31225785470509992273E+0002  0.00000000000000000000E+0000  0.00000000000000000000E+0000  0.00000000000000000000E+0000  0.00000000000000000000E+0000  0.00000000000000000000E+0000  1.89493904326955453583E-0011 -2.99477059020781209014E+0000  0.00000000000000000000E+0000  0.00000000000000000000E+0000  0.00000000000000000000E+0000  5.43921587828456338298E-0010
 1.75299999999999999995E-0005  0.00000000000000000000E+0000 -8.54454348165139537450E-0009  1.37957570232564367659E-0009 -8.54454348165139537450E-0009  1.04999999999999999996E+0000  1.44339924933974314862E+0000  1.51698675363839793147E+0000  1.38293966602634380470E+0000  0.00000000000000000000E+0000  2.34433159148802059510E+0002  0.00000000000000000000E+0000  2.73713438798542436912E-0039  2.83249654504971003087E-0002  1.99203836395066385615E-0033  0.00000000000000000000E+0000  2.31225785489117420898E+0002  0.00000000000000000000E+0000  0.00000000000000000000E+0000  2.31225785474442227602E+0002  0.00000000000000000000E+0000  0.00000000000000000000E+0000  0.00000000000000000000E+0000  0.00000000000000000000E+0000  0.00000000000000000000E+0000  1.45288399322415460584E-0011 -2.99477058443369100783E+0000  0.00000000000000000000E+0000  0.00000000000000000000E+0000  0.00000000000000000000E+0000  4.30872559375335706988E-0010
 1.78800000000000000002E-0005  0.00000000000000000000E+0000 -9.43963138072664406214E-0009  3.00829944468594434908E-0009 -9.43963138072664406214E-0009  1.04999999999999999996E+0000  1.44339924934726682529E+0000  1.51698675364147979154E+0000  1.38293966603586288109E+0000  0.00000000000000000000E+0000  2.34433159148802059510E+0002  0.00000000000000000000E+0000  2.73713438870405064892E-0039  2.83249654546639200740E-0002  1.99203836439838685874E-0033  0.00000000000000000000E+0000  2.31225785496427938701E+0002  0.00000000000000000000E+0000  0.00000000000000000000E+0000  2.31225785480412783110E+0002  0.00000000000000000000E+0000  0.00000000000000000000E+0000  0.00000000000000000000E+0000  0.00000000000000000000E+0000  0.00000000000000000000E+0000  9.10003434241804809892E-0012 -2.99477057732935341783E+0000  0.00000000000000000000E+0000  0.00000000000000000000E+0000  0.00000000000000000000E+0000  2.28035036397521772976E-0010
 1.82299999999999999993E-0005  0.00000000000000000000E+0000 -8.81981829857678012254E-0009  4.69818701705431491100E-0009 -8.81981829857678012254E-0009  1.04999999999999999996E+0000  1.44339924935344282282E+0000  1.51698675364454722630E+0000  1.38293966604388502339E+0000  0.00000000000000000000E+0000  2.34433159148802059510E+0002  0.00000000000000000000E+0000  2.73713438930502916050E-0039  2.83249654587489040070E-0002  1.99203836479285440575E-0033  0.00000000000000000000E+0000  2.31225785503115660244E+0002  0.00000000000000000000E+0000  0.00000000000000000000E+0000  2.31225785488200360651E+0002  0.00000000000000000000E+0000  0.00000000000000000000E+0000  0.00000000000000000000E+0000  0.00000000000000000000E+0000  0.00000000000000000000E+0000  2.90180681830524202477E-0012 -2.99477056920836709995E+0000  0.00000000000000000000E+0000  0.00000000000000000000E+0000  0.00000000000000000000E+0000 -9.20431130995636229221E-0012
 1.86000000000000000004E-0005  0.00000000000000000000E+0000 -8.02764338153737426049E-0009  6.11977836641999387902E-0009 -8.02764338153737426049E-0009  1.04999999999999999996E+0000  1.44339924935809127654E+0000  1.51698675364736614924E+0000  1.38293966605016066616E+0000  0.00000000000000000000E+0000  2.34433159148802059510E+0002  0.00000000000000000000E+0000  2.73713438976423794499E-0039  2.83249654624368420268E-0002  1.99203836511416299601E-0033  0.00000000000000000000E+0000  2.31225785508885687825E+0002  0.00000000000000000000E+0000  0.00000000000000000000E+0000  2.31225785494996859071E+0002  0.00000000000000000000E+0000  0.00000000000000000000E+0000  0.00000000000000000000E+0000  0.00000000000000000000E+0000  0.00000000000000000000E+0000 -2.04392198879707212996E-0012 -2.99477056271533440468E+0000  0.00000000000000000000E+0000  0.00000000000000000000E+0000  0.00000000000000000000E+0000 -2.16988561179295952565E-0010
 1.89699999999999999999E-0005  0.00000000000000000000E+0000 -5.05554238476536164767E-0009  6.27665769679789293376E-0009 -5.05554238476536164767E-0009  1.04999999999999999996E+0000  1.44339924936057382391E+0000  1.51698675364941972410E+0000  1.38293966605381913194E+0000  0.00000000000000000000E+0000  2.34433159148802059510E+0002  0.00000000000000000000E+0000  2.73713439001902200847E-0039  2.83249654651170651561E-0002  1.99203836531485694458E-0033  0.00000000000000000000E+0000  2.31225785512239169608E+0002  0.00000000000000000000E+0000  0.00000000000000000000E+0000  2.31225785503434086016E+0002  0.00000000000000000000E+0000  0.00000000000000000000E+0000  0.00000000000000000000E+0000  0.00000000000000000000E+0000  0.00000000000000000000E+0000 -7.69524700181257881896E-0012 -2.99477055529700306570E+0000  0.00000000000000000000E+0000  0.00000000000000000000E+0000  0.00000000000000000000E+0000 -3.77770778073440551882E-0010
 1.93499999999999999995E-0005  0.00000000000000000000E+0000 -2.28108803875829232706E-0009  5.85763807603939466983E-0009 -2.28108803875829232706E-0009  1.04999999999999999996E+0000  1.44339924936095016902E+0000  1.51698675365055317399E+0000  1.38293966605486822407E+0000  0.00000000000000000000E+0000  2.34433159148802059510E+0002  0.00000000000000000000E+0000  2.73713439006548868103E-0039  2.83249654665513453934E-0002  1.99203836538687637610E-0033  0.00000000000000000000E+0000  2.31225785513502628279E+0002  0.00000000000000000000E+0000  0.00000000000000000000E+0000  2.31225785509326220851E+0002  0.00000000000000000000E+0000  0.00000000000000000000E+0000  0.00000000000000000000E+0000  0.00000000000000000000E+0000  0.00000000000000000000E+0000 -1.10730846572016745868E-0011 -2.99477055084886946488E+0000  0.00000000000000000000E+0000  0.00000000000000000000E+0000  0.00000000000000000000E+0000 -4.58363496864986786260E-0010
 1.97399999999999999994E-0005  0.00000000000000000000E+0000  6.83267791234802050332E-0010  4.65802385495464872454E-0009  6.83267791234802050332E-0010  1.04999999999999999996E+0000  1.44339924935939259746E+0000  1.51698675365066698172E+0000  1.38293966605343754167E+0000  0.00000000000000000000E+0000  2.34433159148802059510E+0002  0.00000000000000000000E+0000  2.73713438991772727679E-0039  2.83249654666345027598E-0002  1.99203836533264368122E-0033  0.00000000000000000000E+0000  2.31225785512498754684E+0002  0.00000000000000000000E+0000  0.00000000000000000000E+0000  2.31225785513403113827E+0002  0.00000000000000000000E+0000  0.00000000000000000000E+0000  0.00000000000000000000E+0000  0.00000000000000000000E+0000  0.00000000000000000000E+0000 -1.28964980893483585040E-0011 -2.99477054843675643842E+0000  0.00000000000000000000E+0000  0.00000000000000000000E+0000  0.00000000000000000000E+0000 -4.46956422205567815612E-0010
 2.01299999999999999993E-0005  0.00000000000000000000E+0000  3.69540174583133691596E-0009  2.77470542221524045426E-0009  3.69540174583133691596E-0009  1.04999999999999999996E+0000  1.44339924935631488587E+0000  1.51698675364981478157E+0000  1.38293966604995994250E+0000  0.00000000000000000000E+0000  2.34433159148802059510E+0002  0.00000000000000000000E+0000  2.73713438961217838403E-0039  2.83249654654214611451E-0002  1.99203836516939142638E-0033  0.00000000000000000000E+0000  2.31225785509521862202E+0002  0.00000000000000000000E+0000  0.00000000000000000000E+0000  2.31225785515852580804E+0002  0.00000000000000000000E+0000  0.00000000000000000000E+0000  0.00000000000000000000E+0000  0.00000000000000000000E+0000  0.00000000000000000000E+0000 -1.34393731886705234650E-0011 -2.99477054770755964151E+0000  0.00000000000000000000E+0000  0.00000000000000000000E+0000  0.00000000000000000000E+0000 -3.62416750964464705346E-0010
 2.05399999999999999996E-0005  0.00000000000000000000E+0000  5.54950069504171522769E-0009  9.76169746445231608295E-0010  5.54950069504171522769E-0009  1.04999999999999999996E+0000  1.44339924935209628612E+0000  1.51698675364813343554E+0000  1.38293966604486589849E+0000  0.00000000000000000000E+0000  2.34433159148802059510E+0002  0.00000000000000000000E+0000  2.73713438918865127294E-0039  2.83249654631404499480E-0002  1.99203836492280127773E-0033  0.00000000000000000000E+0000  2.31225785505197347053E+0002  0.00000000000000000000E+0000  0.00000000000000000000E+0000  2.31225785514888278485E+0002  0.00000000000000000000E+0000  0.00000000000000000000E+0000  0.00000000000000000000E+0000  0.00000000000000000000E+0000  0.00000000000000000000E+0000 -1.15685223247223474573E-0011 -2.99477055014177852938E+0000  0.00000000000000000000E+0000  0.00000000000000000000E+0000  0.00000000000000000000E+0000 -2.21145904118111639384E-0010
 2.09499999999999999999E-0005  0.00000000000000000000E+0000  6.76605665972369500641E-0009  1.60956434779602604865E-0009  6.76605665972369500641E-0009  1.04999999999999999996E+0000  1.44339924934749266904E+0000  1.51698675364596914390E+0000  1.38293966603905425718E+0000  0.00000000000000000000E+0000  2.34433159148802059510E+0002  0.00000000000000000000E+0000  2.73713438871867527807E-0039  2.83249654601823253749E-0002  1.99203836463361989426E-0033  0.00000000000000000000E+0000  2.31225785500247977736E+0002  0.00000000000000000000E+0000  0.00000000000000000000E+0000  2.31225785512326284674E+0002  0.00000000000000000000E+0000  0.00000000000000000000E+0000  0.00000000000000000000E+0000  0.00000000000000000000E+0000  0.00000000000000000000E+0000 -8.76624172489962497060E-0012 -2.99477055380587918183E+0000  0.00000000000000000000E+0000  0.00000000000000000000E+0000  0.00000000000000000000E+0000 -5.42373892599399752002E-0011
 2.13600000000000000002E-0005  0.00000000000000000000E+0000  6.75817839718743945820E-0009  3.19556745366065734777E-0009  6.75817839718743945820E-0009  1.04999999999999999996E+0000  1.44339924934306658324E+0000  1.51698675364366624514E+0000  1.38293966603322914985E+0000  0.00000000000000000000E+0000  2.34433159148802059510E+0002  0.00000000000000000000E+0000  2.73713438826431518511E-0039  2.83249654570369795087E-0002  1.99203836434438754033E-0033  0.00000000000000000000E+0000  2.31225785495446420389E+0002  0.00000000000000000000E+0000  0.00000000000000000000E+0000  2.31225785507722901985E+0002  0.00000000000000000000E+0000  0.00000000000000000000E+0000  0.00000000000000000000E+0000  0.00000000000000000000E+0000  0.00000000000000000000E+0000 -4.80170598491075295385E-0012 -2.99477055899984988567E+0000  0.00000000000000000000E+0000  0.00000000000000000000E+0000  0.00000000000000000000E+0000  1.07471379294670563881E-0010
 2.17899999999999999993E-0005  0.00000000000000000000E+0000  6.38645984051021446167E-0009  4.56975744233546102703E-0009  6.38645984051021446167E-0009  1.04999999999999999996E+0000  1.44339924933906253940E+0000  1.51698675364142838875E+0000  1.38293966602771653085E+0000  0.00000000000000000000E+0000  2.34433159148802059510E+0002  0.00000000000000000000E+0000  2.73713438785711650509E-0039  2.83249654540180751293E-0002  1.99203836407762513451E-0033  0.00000000000000000000E+0000  2.31225785491151503717E+0002  0.00000000000000000000E+0000  0.00000000000000000000E+0000  2.31225785503072319940E+0002  0.00000000000000000000E+0000  0.00000000000000000000E+0000  0.00000000000000000000E+0000  0.00000000000000000000E+0000  0.00000000000000000000E+0000 -1.16577852361425124106E-0012 -2.99477056377389230660E+0000  0.00000000000000000000E+0000  0.00000000000000000000E+0000  0.00000000000000000000E+0000  2.32023108729882277373E-0010
 2.22300000000000000002E-0005  0.00000000000000000000E+0000  4.86316152645054635696E-0009  5.19434328706478944803E-0009  4.86316152645054635696E-0009  1.04999999999999999996E+0000  1.44339924933595908105E+0000  1.51698675363961850448E+0000  1.38293966602317415775E+0000  0.00000000000000000000E+0000  2.34433159148802059510E+0002  0.00000000000000000000E+0000  2.73713438754348786133E-0039  2.83249654515336699527E-0002  1.99203836386445310226E-0033  0.00000000000000000000E+0000  2.31225785488147070612E+0002  0.00000000000000000000E+0000  0.00000000000000000000E+0000  2.31225785497452569386E+0002  0.00000000000000000000E+0000  0.00000000000000000000E+0000  0.00000000000000000000E+0000  0.00000000000000000000E+0000  0.00000000000000000000E+0000  2.82216252902301051475E-0012 -2.99477056901284217449E+0000  0.00000000000000000000E+0000  0.00000000000000000000E+0000  0.00000000000000000000E+0000  3.05390954440357708155E-0010
 2.26699999999999999995E-0005  0.00000000000000000000E+0000  2.36572931761404228238E-0009  4.93052267425736091110E-0009  2.36572931761404228238E-0009  1.04999999999999999996E+0000  1.44339924933405122946E+0000  1.51698675363851363590E+0000  1.38293966602005056435E+0000  0.00000000000000000000E+0000  2.34433159148802059510E+0002  0.00000000000000000000E+0000  2.73713438735899965215E-0039  2.83249654499766077902E-0002  1.99203836373161609129E-0033  0.00000000000000000000E+0000  2.31225785486809506858E+0002  0.00000000000000000000E+0000  0.00000000000000000000E+0000  2.31225785491478347242E+0002  0.00000000000000000000E+0000  0.00000000000000000000E+0000  0.00000000000000000000E+0000  0.00000000000000000000E+0000  0.00000000000000000000E+0000  6.70681318084681278760E-0012 -2.99477057411806965462E+0000  0.00000000000000000000E+0000  0.00000000000000000000E+0000  0.00000000000000000000E+0000  3.30961220665498187593E-0010
 2.31299999999999999992E-0005  0.00000000000000000000E+0000  5.03465594422432491558E-0010  4.32147644612445701769E-0009  5.03465594422432491558E-0010  1.04999999999999999996E+0000  1.44339924933328076460E+0000  1.51698675363816679919E+0000  1.38293966601832763266E+0000  0.00000000000000000000E+0000  2.34433159148802059510E+0002  0.00000000000000000000E+0000  2.73713438730376426716E-0039  2.83249654494566252634E-0002  1.99203836368111929922E-0033  0.00000000000000000000E+0000  2.31225785486956647921E+0002  0.00000000000000000000E+0000  0.00000000000000000000E+0000  2.31225785488210399704E+0002  0.00000000000000000000E+0000  0.00000000000000000000E+0000  0.00000000000000000000E+0000  0.00000000000000000000E+0000  0.00000000000000000000E+0000  8.36353423311201544541E-0012 -2.99477057631261034181E+0000  0.00000000000000000000E+0000  0.00000000000000000000E+0000  0.00000000000000000000E+0000  2.99131615897193423234E-0010
 2.35900000000000000006E-0005  0.00000000000000000000E+0000 -2.03704548459610355843E-0009  2.98878776448290506735E-0009 -2.03704548459610355843E-0009  1.04999999999999999996E+0000  1.44339924933363439091E+0000  1.51698675363862515184E+0000  1.38293966601809712358E+0000  0.00000000000000000000E+0000  2.34433159148802059510E+0002  0.00000000000000000000E+0000  2.73713438737248313984E-0039  2.83249654500091798289E-0002  1.99203836371247696110E-0033  0.00000000000000000000E+0000  2.31225785488680910196E+0002  0.00000000000000000000E+0000  0.00000000000000000000E+0000  2.31225785485012931775E+0002  0.00000000000000000000E+0000  0.00000000000000000000E+0000  0.00000000000000000000E+0000  0.00000000000000000000E+0000  0.00000000000000000000E+0000  9.83589663547932249446E-0012 -2.99477057826013853023E+0000  0.00000000000000000000E+0000  0.00000000000000000000E+0000  0.00000000000000000000E+0000  2.28046580525940845824E-0010
 2.40600000000000000005E-0005  0.00000000000000000000E+0000 -3.80256712384680289865E-0009  1.72896167882197867496E-0009 -3.80256712384680289865E-0009  1.04999999999999999996E+0000  1.44339924933490233012E+0000  1.51698675363977864179E+0000  1.38293966601915094272E+0000  0.00000000000000000000E+0000  2.34433159148802059510E+0002  0.00000000000000000000E+0000  2.73713438754484713259E-0039  2.83249654515187110866E-0002  1.99203836381289264823E-0033  0.00000000000000000000E+0000  2.31225785491518039519E+0002  0.00000000000000000000E+0000  0.00000000000000000000E+0000  2.31225785484352503757E+0002  0.00000000000000000000E+0000  0.00000000000000000000E+0000  0.00000000000000000000E+0000  0.00000000000000000000E+0000  0.00000000000000000000E+0000  9.41766825154360206153E-0012 -2.99477057773115852416E+0000  0.00000000000000000000E+0000  0.00000000000000000000E+0000  0.00000000000000000000E+0000  1.33251148834027780744E-0010
 2.45400000000000000006E-0005  0.00000000000000000000E+0000 -4.93852403191862800245E-0009  1.57841735327517744445E-0009 -4.93852403191862800245E-0009  1.04999999999999999996E+0000  1.44339924933681685497E+0000  1.51698675364143224851E+0000  1.38293966602120878110E+0000  0.00000000000000000000E+0000  2.34433159148802059510E+0002  0.00000000000000000000E+0000  2.73713438778869883176E-0039  2.83249654537262577558E-0002  1.99203836396201569342E-0033  0.00000000000000000000E+0000  2.31225785495003958822E+0002  0.00000000000000000000E+0000  0.00000000000000000000E+0000  2.31225785485515818077E+0002  0.00000000000000000000E+0000  0.00000000000000000000E+0000  0.00000000000000000000E+0000  0.00000000000000000000E+0000  0.00000000000000000000E+0000  7.77476176044918842040E-0012 -2.99477057559370439576E+0000  0.00000000000000000000E+0000  0.00000000000000000000E+0000  0.00000000000000000000E+0000  2.87267702882717959919E-0011
 2.50299999999999999993E-0005  0.00000000000000000000E+0000 -5.34594307974094405093E-0009  2.64435783638897874760E-0009 -5.34594307974094405093E-0009  1.04999999999999999996E+0000  1.44339924933907790190E+0000  1.51698675364332916712E+0000  1.38293966602392776717E+0000  0.00000000000000000000E+0000  2.34433159148802059510E+0002  0.00000000000000000000E+0000  2.73713438806755609006E-0039  2.83249654562949591448E-0002  1.99203836413594270073E-0033  0.00000000000000000000E+0000  2.31225785498621794298E+0002  0.00000000000000000000E+0000  0.00000000000000000000E+0000  2.31225785488214881286E+0002  0.00000000000000000000E+0000  0.00000000000000000000E+0000  0.00000000000000000000E+0000  0.00000000000000000000E+0000  0.00000000000000000000E+0000  5.21477052926239374727E-0012 -2.99477057224904843601E+0000  0.00000000000000000000E+0000  0.00000000000000000000E+0000  0.00000000000000000000E+0000 -6.77089926278321335805E-0011
 2.55299999999999999998E-0005  0.00000000000000000000E+0000 -4.99391617403659264868E-0009  3.66416696010025318775E-0009 -4.99391617403659264868E-0009  1.04999999999999999996E+0000  1.44339924934139198160E+0000  1.51698675364518713597E+0000  1.38293966602694833219E+0000  0.00000000000000000000E+0000  2.34433159148802059510E+0002  0.00000000000000000000E+0000  2.73713438834478320893E-0039  2.83249654588520237055E-0002  1.99203836431022569390E-0033  0.00000000000000000000E+0000  2.31225785501856851964E+0002  0.00000000000000000000E+0000  0.00000000000000000000E+0000  2.31225785492033975008E+0002  0.00000000000000000000E+0000  0.00000000000000000000E+0000  0.00000000000000000000E+0000  0.00000000000000000000E+0000  0.00000000000000000000E+0000  2.10601145566448124777E-0012 -2.99477056817881325803E+0000  0.00000000000000000000E+0000  0.00000000000000000000E+0000  0.00000000000000000000E+0000 -1.43147881249108922248E-0010
 2.60400000000000000005E-0005  0.00000000000000000000E+0000 -3.94287058040160833579E-0009  4.23742981222447283274E-0009 -3.94287058040160833579E-0009  1.04999999999999999996E+0000  1.44339924934350472430E+0000  1.51698675364673721299E+0000  1.38293966602993524304E+0000  0.00000000000000000000E+0000  2.34433159148802059510E+0002  0.00000000000000000000E+0000  2.73713438858773884950E-0039  2.83249654610372585138E-0002  1.99203836446278473916E-0033  0.00000000000000000000E+0000  2.31225785504269497186E+0002  0.00000000000000000000E+0000  0.00000000000000000000E+0000  2.31225785496449398798E+0002  0.00000000000000000000E+0000  0.00000000000000000000E+0000  0.00000000000000000000E+0000  0.00000000000000000000E+0000  0.00000000000000000000E+0000 -1.14093806091821633074E-0012 -2.99477056392068959577E+0000  0.00000000000000000000E+0000  0.00000000000000000000E+0000  0.00000000000000000000E+0000 -1.90262843338206079980E-0010
 2.65599999999999999998E-0005  0.00000000000000000000E+0000 -2.34521069991039648166E-0009  4.26071063863543824369E-0009 -2.34521069991039648166E-0009  1.04999999999999999996E+0000  1.44339924934522426570E+0000  1.51698675364776059511E+0000  1.38293966603261001870E+0000  0.00000000000000000000E+0000  2.34433159148802059510E+0002  0.00000000000000000000E+0000  2.73713438877121080846E-0039  2.83249654625506729093E-0002  1.99203836457644817251E-0033  0.00000000000000000000E+0000  2.31225785505553590213E+0002  0.00000000000000000000E+0000  0.00000000000000000000E+0000  2.31225785500877677764E+0002  0.00000000000000000000E+0000  0.00000000000000000000E+0000  0.00000000000000000000E+0000  0.00000000000000000000E+0000  0.00000000000000000000E+0000 -4.10999748254961969679E-0012 -2.99477056002021525035E+0000  0.00000000000000000000E+0000  0.00000000000000000000E+0000  0.00000000000000000000E+0000 -2.06798802732424755097E-0010
 2.70999999999999999996E-0005  0.00000000000000000000E+0000 -6.94148687873960240540E-0010  3.87206916394200532645E-0009 -6.94148687873960240540E-0010  1.04999999999999999996E+0000  1.44339924934647180596E+0000  1.51698675364814298703E+0000  1.38293966603482553933E+0000  0.00000000000000000000E+0000  2.34433159148802059510E+0002  0.00000000000000000000E+0000  2.73713438888285193705E-0039  2.83249654632169449802E-0002  1.99203836464268827922E-0033  0.00000000000000000000E+0000  2.31225785505622316890E+0002  0.00000000000000000000E+0000  0.00000000000000000000E+0000  2.31225785504233724080E+0002  0.00000000000000000000E+0000  0.00000000000000000000E+0000  0.00000000000000000000E+0000  0.00000000000000000000E+0000  0.00000000000000000000E+0000 -6.07090553394857901416E-0012 -2.99477055743324697707E+0000  0.00000000000000000000E+0000  0.00000000000000000000E+0000  0.00000000000000000000E+0000 -1.91586303061447057551E-0010
 2.76399999999999999993E-0005  0.00000000000000000000E+0000  1.57653736215051218604E-0009  3.07041851829378741982E-0009  1.57653736215051218604E-0009  1.04999999999999999996E+0000  1.44339924934713862727E+0000  1.51698675364780352767E+0000  1.38293966603636314628E+0000  0.00000000000000000000E+0000  2.34433159148802059510E+0002  0.00000000000000000000E+0000  2.73713438891407303784E-0039  2.83249654629405943825E-0002  1.99203836465637526458E-0033  0.00000000000000000000E+0000  2.31225785504430300793E+0002  0.00000000000000000000E+0000  0.00000000000000000000E+0000  2.31225785507668891897E+0002  0.00000000000000000000E+0000  0.00000000000000000000E+0000  0.00000000000000000000E+0000  0.00000000000000000000E+0000  0.00000000000000000000E+0000 -7.91993518405262051077E-0012 -2.99477055499333323640E+0000  0.00000000000000000000E+0000  0.00000000000000000000E+0000  0.00000000000000000000E+0000 -1.57840321899424326931E-0010
 2.81899999999999999992E-0005  0.00000000000000000000E+0000  3.29032196426512662568E-0009  2.59063867018854360190E-0009  3.29032196426512662568E-0009  1.04999999999999999996E+0000  1.44339924934727883673E+0000  1.51698675364681796578E+0000  1.38293966603723749982E+0000  0.00000000000000000000E+0000  2.34433159148802059510E+0002  0.00000000000000000000E+0000  2.73713438886887221094E-0039  2.83249654617565126683E-0002  1.99203836462067361903E-0033  0.00000000000000000000E+0000  2.31225785502247172906E+0002  0.00000000000000000000E+0000  0.00000000000000000000E+0000  2.31225785509033815668E+0002  0.00000000000000000000E+0000  0.00000000000000000000E+0000  0.00000000000000000000E+0000  0.00000000000000000000E+0000  0.00000000000000000000E+0000 -8.16530508667590034512E-0012 -2.99477055465017654367E+0000  0.00000000000000000000E+0000  0.00000000000000000000E+0000  0.00000000000000000000E+0000 -1.08861181945151644094E-0010
 2.87499999999999999993E-0005  0.00000000000000000000E+0000  4.39024619654909698906E-0009  2.80276492982208923335E-0009  4.39024619654909698906E-0009  1.04999999999999999996E+0000  1.44339924934698073968E+0000  1.51698675364535760747E+0000  1.38293966603749721828E+0000  0.00000000000000000000E+0000  2.34433159148802059510E+0002  0.00000000000000000000E+0000  2.73713438876361453569E-0039  2.83249654598810191775E-0002  1.99203836454833476473E-0033  0.00000000000000000000E+0000  2.31225785499494628825E+0002  0.00000000000000000000E+0000  0.00000000000000000000E+0000  2.31225785508579772101E+0002  0.00000000000000000000E+0000  0.00000000000000000000E+0000  0.00000000000000000000E+0000  0.00000000000000000000E+0000  0.00000000000000000000E+0000 -7.12519299329285791060E-0012 -2.99477055599084816015E+0000  0.00000000000000000000E+0000  0.00000000000000000000E+0000  0.00000000000000000000E+0000 -4.93410639828891220009E-0011
 2.93299999999999999999E-0005  0.00000000000000000000E+0000  4.83425770600139882092E-0009  3.45402266277899323522E-0009  4.83425770600139882092E-0009  1.04999999999999999996E+0000  1.44339924934634760876E+0000  1.51698675364362619233E+0000  1.38293966603722848620E+0000  0.00000000000000000000E+0000  2.34433159148802059510E+0002  0.00000000000000000000E+0000  2.73713438861858290017E-0039  2.83249654575968242394E-0002  1.99203836445486963663E-0033  0.00000000000000000000E+0000  2.31225785496595985291E+0002  0.00000000000000000000E+0000  0.00000000000000000000E+0000  2.31225785506627033755E+0002  0.00000000000000000000E+0000  0.00000000000000000000E+0000  0.00000000000000000000E+0000  0.00000000000000000000E+0000  0.00000000000000000000E+0000 -5.13658058561818003771E-0012 -2.99477055857731411866E+0000  0.00000000000000000000E+0000  0.00000000000000000000E+0000  0.00000000000000000000E+0000  1.05664780843062785391E-0011
 2.99200000000000000007E-0005  0.00000000000000000000E+0000  4.41083059761880767920E-0009  3.95758924358721592147E-0009  4.41083059761880767920E-0009  1.04999999999999999996E+0000  1.44339924934552277908E+0000  1.51698675364193813844E+0000  1.38293966603655893118E+0000  0.00000000000000000000E+0000  2.34433159148802059510E+0002  0.00000000000000000000E+0000  2.73713438845706838189E-0039  2.83249654552671685619E-0002  1.99203836435662434954E-0033  0.00000000000000000000E+0000  2.31225785494023674135E+0002  0.00000000000000000000E+0000  0.00000000000000000000E+0000  2.31225785503179238692E+0002  0.00000000000000000000E+0000  0.00000000000000000000E+0000  0.00000000000000000000E+0000  0.00000000000000000000E+0000  0.00000000000000000000E+0000 -2.28363417173069644841E-0012 -2.99477056230090107089E+0000  0.00000000000000000000E+0000  0.00000000000000000000E+0000  0.00000000000000000000E+0000  6.39584088138479316459E-0011
 3.05099999999999999998E-0005  0.00000000000000000000E+0000  2.85235736047855069344E-0009  3.83356622707475527074E-0009  2.85235736047855069344E-0009  1.04999999999999999996E+0000  1.44339924934467385854E+0000  1.51698675364062724065E+0000  1.38293966603566399472E+0000  0.00000000000000000000E+0000  2.34433159148802059510E+0002  0.00000000000000000000E+0000  2.73713438830779358477E-0039  2.83249654533257463412E-0002  1.99203836427436747997E-0033  0.00000000000000000000E+0000  2.31225785492310892663E+0002  0.00000000000000000000E+0000  0.00000000000000000000E+0000  2.31225785498191954884E+0002  0.00000000000000000000E+0000  0.00000000000000000000E+0000  0.00000000000000000000E+0000  0.00000000000000000000E+0000  0.00000000000000000000E+0000  1.38933996754556226040E-0012 -2.99477056710442897706E+0000  0.00000000000000000000E+0000  0.00000000000000000000E+0000  0.00000000000000000000E+0000  1.10982422796447141549E-0010
 3.11199999999999999993E-0005  0.00000000000000000000E+0000  1.04255709236326106614E-0009  3.54945051197677750542E-0009  1.04255709236326106614E-0009  1.04999999999999999996E+0000  1.44339924934387570229E+0000  1.51698675363986012978E+0000  1.38293966603463396427E+0000  0.00000000000000000000E+0000  2.34433159148802059510E+0002  0.00000000000000000000E+0000  2.73713438819175754144E-0039  2.83249654520855749879E-0002  1.99203836422348235657E-0033  0.00000000000000000000E+0000  2.31225785491705835450E+0002  0.00000000000000000000E+0000  0.00000000000000000000E+0000  2.31225785493748116309E+0002  0.00000000000000000000E+0000  0.00000000000000000000E+0000  0.00000000000000000000E+0000  0.00000000000000000000E+0000  0.00000000000000000000E+0000  4.35478167289566739340E-0012 -2.99477057099360756171E+0000  0.00000000000000000000E+0000  0.00000000000000000000E+0000  0.00000000000000000000E+0000  1.41265054500553001244E-0010
 3.17499999999999999992E-0005  0.00000000000000000000E+0000 -1.07459599444400191185E-0009  3.39379092735509510102E-0009 -1.07459599444400191185E-0009  1.04999999999999999996E+0000  1.44339924934321455895E+0000  1.51698675363978601046E+0000  1.38293966603357588823E+0000  0.00000000000000000000E+0000  2.34433159148802059510E+0002  0.00000000000000000000E+0000  2.73713438811975155666E-0039  2.83249654517181056747E-0002  1.99203836420817696490E-0033  0.00000000000000000000E+0000  2.31225785492224172629E+0002  0.00000000000000000000E+0000  0.00000000000000000000E+0000  2.31225785489754624188E+0002  0.00000000000000000000E+0000  0.00000000000000000000E+0000  0.00000000000000000000E+0000  0.00000000000000000000E+0000  0.00000000000000000000E+0000  6.74355380784039951898E-0012 -2.99477057413697423955E+0000  0.00000000000000000000E+0000  0.00000000000000000000E+0000  0.00000000000000000000E+0000  1.51306562026494625786E-0010
 3.23799999999999999992E-0005  0.00000000000000000000E+0000 -3.38980356269585136318E-0009  4.00404431666393309959E-0009 -3.38980356269585136318E-0009  1.04999999999999999996E+0000  1.44339924934276931225E+0000  1.51698675364044212712E+0000  1.38293966603260413636E+0000  0.00000000000000000000E+0000  2.34433159148802059510E+0002  0.00000000000000000000E+0000  2.73713438810257003905E-0039  2.83249654523256816963E-0002  1.99203836423141294443E-0033  0.00000000000000000000E+0000  2.31225785493806920243E+0002  0.00000000000000000000E+0000  0.00000000000000000000E+0000  2.31225785486387152040E+0002  0.00000000000000000000E+0000  0.00000000000000000000E+0000  0.00000000000000000000E+0000  0.00000000000000000000E+0000  0.00000000000000000000E+0000  8.48529473596625073809E-0012 -2.99477057643922847251E+0000  0.00000000000000000000E+0000  0.00000000000000000000E+0000  0.00000000000000000000E+0000  1.46361569677980068873E-0010
 3.30299999999999999995E-0005  0.00000000000000000000E+0000 -4.86056053229556318045E-0009  5.01448037231263380913E-0009 -4.86056053229556318045E-0009  1.04999999999999999996E+0000  1.44339924934253550318E+0000  1.51698675364172318777E+0000  1.38293966603173108148E+0000  0.00000000000000000000E+0000  2.34433159148802059510E+0002  0.00000000000000000000E+0000  2.73713438813828061496E-0039  2.83249654538238378690E-0002  1.99203836428740676974E-0033  0.00000000000000000000E+0000  2.31225785496101471445E+0002  0.00000000000000000000E+0000  0.00000000000000000000E+0000  2.31225785485486203877E+0002  0.00000000000000000000E+0000  0.00000000000000000000E+0000  0.00000000000000000000E+0000  0.00000000000000000000E+0000  0.00000000000000000000E+0000  8.35180736669829349924E-0012 -2.99477057629392271333E+0000  0.00000000000000000000E+0000  0.00000000000000000000E+0000  0.00000000000000000000E+0000  1.21881035742240718027E-0010
 3.36900000000000000001E-0005  0.00000000000000000000E+0000 -5.34079801129326197224E-0009  5.74388916168664996306E-0009 -5.34079801129326197224E-0009  1.04999999999999999996E+0000  1.44339924934248156488E+0000  1.51698675364336068628E+0000  1.38293966603096370063E+0000  0.00000000000000000000E+0000  2.34433159148802059510E+0002  0.00000000000000000000E+0000  2.73713438821572413085E-0039  2.83249654559270749820E-0002  1.99203836436193153464E-0033  0.00000000000000000000E+0000  2.31225785498617463901E+0002  0.00000000000000000000E+0000  0.00000000000000000000E+0000  2.31225785486939772878E+0002  0.00000000000000000000E+0000  0.00000000000000000000E+0000  0.00000000000000000000E+0000  0.00000000000000000000E+0000  0.00000000000000000000E+0000  6.58922814965256771983E-0012 -2.99477057401779155803E+0000  0.00000000000000000000E+0000  0.00000000000000000000E+0000  0.00000000000000000000E+0000  7.82067989264793992414E-0011
 3.43600000000000000009E-0005  0.00000000000000000000E+0000 -4.30487357571434705454E-0009  5.40125224597616048409E-0009 -4.30487357571434705454E-0009  1.04999999999999999996E+0000  1.44339924934251763336E+0000  1.51698675364498512450E+0000  1.38293966603024533982E+0000  0.00000000000000000000E+0000  2.34433159148802059510E+0002  0.00000000000000000000E+0000  2.73713438831322907530E-0039  2.83249654581901509984E-0002  1.99203836443303639937E-0033  0.00000000000000000000E+0000  2.31225785500683778909E+0002  0.00000000000000000000E+0000  0.00000000000000000000E+0000  2.31225785491222259355E+0002  0.00000000000000000000E+0000  0.00000000000000000000E+0000  0.00000000000000000000E+0000  0.00000000000000000000E+0000  0.00000000000000000000E+0000  3.01236155725348831468E-0012 -2.99477056936461485839E+0000  0.00000000000000000000E+0000  0.00000000000000000000E+0000  0.00000000000000000000E+0000  1.75350913663625681211E-0011
 3.50499999999999999988E-0005  0.00000000000000000000E+0000 -1.83367909980455022692E-0009  3.81828261881593481451E-0009 -1.83367909980455022692E-0009  1.04999999999999999996E+0000  1.44339924934252825908E+0000  1.51698675364621760086E+0000  1.38293966602949380883E+0000  0.00000000000000000000E+0000  2.34433159148802059510E+0002  0.00000000000000000000E+0000  2.73713438840298108104E-0039  2.83249654601004829018E-0002  1.99203836447595870922E-0033  0.00000000000000000000E+0000  2.31225785501700627833E+0002  0.00000000000000000000E+0000  0.00000000000000000000E+0000  2.31225785497621850351E+0002  0.00000000000000000000E+0000  0.00000000000000000000E+0000  0.00000000000000000000E+0000  0.00000000000000000000E+0000  0.00000000000000000000E+0000 -1.71820549180357182429E-0012 -2.99477056319316552613E+0000  0.00000000000000000000E+0000  0.00000000000000000000E+0000  0.00000000000000000000E+0000 -5.27696458128148794273E-0011
 3.57500000000000000002E-0005  0.00000000000000000000E+0000  2.04763396059114401678E-0009  2.68961098222460676528E-0009  2.04763396059114401678E-0009  1.04999999999999999996E+0000  1.44339924934235640664E+0000  1.51698675364664761810E+0000  1.38293966602861504453E+0000  0.00000000000000000000E+0000  2.34433159148802059510E+0002  0.00000000000000000000E+0000  2.73713438845556920673E-0039  2.83249654611325292001E-0002  1.99203836446880122406E-0033  0.00000000000000000000E+0000  2.31225785501252564136E+0002  0.00000000000000000000E+0000  0.00000000000000000000E+0000  2.31225785505700055858E+0002  0.00000000000000000000E+0000  0.00000000000000000000E+0000  0.00000000000000000000E+0000  0.00000000000000000000E+0000  0.00000000000000000000E+0000 -7.19212188876612911384E-0012 -2.99477055603706459382E+0000  0.00000000000000000000E+0000  0.00000000000000000000E+0000  0.00000000000000000000E+0000 -1.26873727928721379624E-0010
 3.64699999999999999987E-0005  0.00000000000000000000E+0000  6.56049961212141748064E-0009  6.45944760111011649604E-0009  6.56049961212141748064E-0009  1.04999999999999999996E+0000  1.44339924934183758012E+0000  1.51698675364601779877E+0000  1.38293966602749860350E+0000  0.00000000000000000000E+0000  2.34433159148802059510E+0002  0.00000000000000000000E+0000  2.73713438844128184230E-0039  2.83249654608667910613E-0002  1.99203836439252152821E-0033  0.00000000000000000000E+0000  2.31225785499143030338E+0002  0.00000000000000000000E+0000  0.00000000000000000000E+0000  2.31225785513632517240E+0002  0.00000000000000000000E+0000  0.00000000000000000000E+0000  0.00000000000000000000E+0000  0.00000000000000000000E+0000  0.00000000000000000000E+0000 -1.20660259259389274406E-0011 -2.99477054964980927629E+0000  0.00000000000000000000E+0000  0.00000000000000000000E+0000  0.00000000000000000000E+0000 -1.92339444000078983003E-0010
 3.72000000000000000008E-0005  0.00000000000000000000E+0000  1.06894748045860323197E-0008  1.18059173360760514421E-0008  1.06894748045860323197E-0008  1.04999999999999999996E+0000  1.44339924934087033756E+0000  1.51698675364431439822E+0000  1.38293966602613867972E+0000  0.00000000000000000000E+0000  2.34433159148802059510E+0002  0.00000000000000000000E+0000  2.73713438833974954669E-0039  2.83249654591168140381E-0002  1.99203836424209844275E-0033  0.00000000000000000000E+0000  2.31225785495635835221E+0002  0.00000000000000000000E+0000  0.00000000000000000000E+0000  2.31225785519469768409E+0002  0.00000000000000000000E+0000  0.00000000000000000000E+0000  0.00000000000000000000E+0000  0.00000000000000000000E+0000  0.00000000000000000000E+0000 -1.50310303558944093396E-0011 -2.99477054574311910224E+0000  0.00000000000000000000E+0000  0.00000000000000000000E+0000  0.00000000000000000000E+0000 -2.34610141473715807295E-0010
 3.79399999999999999997E-0005  0.00000000000000000000E+0000  1.23547815130719879426E-0008  1.58223692369103091766E-0008  1.23547815130719879426E-0008  1.04999999999999999996E+0000  1.44339924933951303863E+0000  1.51698675364192303507E+0000  1.38293966602470280659E+0000  0.00000000000000000000E+0000  2.34433159148802059510E+0002  0.00000000000000000000E+0000  2.73713438815350972117E-0039  2.83249654561336599803E-0002  1.99203836403615324236E-0033  0.00000000000000000000E+0000  2.31225785491728034707E+0002  0.00000000000000000000E+0000  0.00000000000000000000E+0000  2.31225785519647977301E+0002  0.00000000000000000000E+0000  0.00000000000000000000E+0000  0.00000000000000000000E+0000  0.00000000000000000000E+0000  0.00000000000000000000E+0000 -1.37698823318883044860E-0011 -2.99477054734791983681E+0000  0.00000000000000000000E+0000  0.00000000000000000000E+0000  0.00000000000000000000E+0000 -2.32223397839064519830E-0010
 3.86999999999999999991E-0005  0.00000000000000000000E+0000  9.58521118837128081136E-0009  1.58863391920913137718E-0008  9.58521118837128081136E-0009  1.04999999999999999996E+0000  1.44339924933803634801E+0000  1.51698675363962355936E+0000  1.38293966602357426869E+0000  0.00000000000000000000E+0000  2.34433159148802059510E+0002  0.00000000000000000000E+0000  2.73713438792107353397E-0039  2.83249654527243409394E-0002  1.99203836382561876399E-0033  0.00000000000000000000E+0000  2.31225785489114645813E+0002  0.00000000000000000000E+0000  0.00000000000000000000E+0000  2.31225785511385356269E+0002  0.00000000000000000000E+0000  0.00000000000000000000E+0000  0.00000000000000000000E+0000  0.00000000000000000000E+0000  0.00000000000000000000E+0000 -6.72424620153867514156E-0012 -2.99477055650762005409E+0000  0.00000000000000000000E+0000  0.00000000000000000000E+0000  0.00000000000000000000E+0000 -1.65670044958344580926E-0010
 3.94699999999999999986E-0005  0.00000000000000000000E+0000 -2.19944746415419505207E-0010  8.68510966881110620753E-0009 -2.19944746415419505207E-0010  1.04999999999999999996E+0000  1.44339924933718918723E+0000  1.51698675363880196504E+0000  1.38293966602362784052E+0000  0.00000000000000000000E+0000  2.34433159148802059510E+0002  0.00000000000000000000E+0000  2.73713438772431414452E-0039  2.83249654502833138193E-0002  1.99203836369599156820E-0033  0.00000000000000000000E+0000  2.31225785489924151136E+0002  0.00000000000000000000E+0000  0.00000000000000000000E+0000  2.31225785490875377540E+0002  0.00000000000000000000E+0000  0.00000000000000000000E+0000  0.00000000000000000000E+0000  0.00000000000000000000E+0000  0.00000000000000000000E+0000  8.23182187148162892286E-0012 -2.99477057600921270082E+0000  0.00000000000000000000E+0000  0.00000000000000000000E+0000  0.00000000000000000000E+0000 -8.30656702355565044163E-0012
 4.02599999999999999986E-0005  0.00000000000000000000E+0000 -1.92592850354558002548E-0008  1.07717856663890860948E-0008 -1.92592850354558002548E-0008  1.04999999999999999996E+0000  1.44339924933827949715E+0000  1.51698675364128307053E+0000  1.38293966602629002870E+0000  0.00000000000000000000E+0000  2.34433159148802059510E+0002  0.00000000000000000000E+0000  2.73713438771198644963E-0039  2.83249654508957196989E-0002  1.99203836378227124985E-0033  0.00000000000000000000E+0000  2.31225785497100650795E+0002  0.00000000000000000000E+0000  0.00000000000000000000E+0000  2.31225785455774107788E+0002  0.00000000000000000000E+0000  0.00000000000000000000E+0000  0.00000000000000000000E+0000  0.00000000000000000000E+0000  0.00000000000000000000E+0000  3.20000892892176139211E-0011 -2.99477060704188622221E+0000  0.00000000000000000000E+0000  0.00000000000000000000E+0000  0.00000000000000000000E+0000  2.52675490226824186460E-0010
 4.10699999999999999990E-0005  0.00000000000000000000E+0000 -4.96677409795885740615E-0008  4.45644073287046957804E-0008 -4.96677409795885740615E-0008  1.04999999999999999996E+0000  1.44339924934348304731E+0000  1.51698675364936976504E+0000  1.38293966603382006129E+0000  0.00000000000000000000E+0000  2.34433159148802059510E+0002  0.00000000000000000000E+0000  2.73713438810574436103E-0039  2.83249654571900591332E-0002  1.99203836426356489785E-0033  0.00000000000000000000E+0000  2.31225785513596705109E+0002  0.00000000000000000000E+0000  0.00000000000000000000E+0000  2.31225785403760769526E+0002  0.00000000000000000000E+0000  0.00000000000000000000E+0000  0.00000000000000000000E+0000  0.00000000000000000000E+0000  0.00000000000000000000E+0000  6.53692580120651674836E-0011 -2.99477065064537325721E+0000  0.00000000000000000000E+0000  0.00000000000000000000E+0000  0.00000000000000000000E+0000  6.32110170883894499588E-0010
 4.18899999999999999996E-0005  0.00000000000000000000E+0000 -9.01200190122438744841E-0008  9.55564685074307521973E-0008 -9.01200190122438744841E-0008  1.04999999999999999996E+0000  1.44339924935552135440E+0000  1.51698675366497570313E+0000  1.38293966604881985415E+0000  0.00000000000000000000E+0000  2.34433159148802059510E+0002  0.00000000000000000000E+0000  2.73713438921249664654E-0039  2.83249654721451666608E-0002  1.99203836536267553436E-0033  0.00000000000000000000E+0000  2.31225785542102320949E+0002  0.00000000000000000000E+0000  0.00000000000000000000E+0000  2.31225785339700331072E+0002  0.00000000000000000000E+0000  0.00000000000000000000E+0000  0.00000000000000000000E+0000  0.00000000000000000000E+0000  0.00000000000000000000E+0000  1.04020968325937003960E-0010 -2.99477070118916534444E+0000  0.00000000000000000000E+0000  0.00000000000000000000E+0000  0.00000000000000000000E+0000  1.10531988097653429634E-0009
 4.27300000000000000007E-0005  0.00000000000000000000E+0000 -1.36051505727962968681E-0007  1.61498991927920342856E-0007 -1.36051505727962968681E-0007  1.04999999999999999996E+0000  1.44339924937786671575E+0000  1.51698675368949676117E+0000  1.38293966607451920467E+0000  0.00000000000000000000E+0000  2.34433159148802059510E+0002  0.00000000000000000000E+0000  2.73713439134737178094E-0039  2.83249654978509199826E-0002  1.99203836726422572781E-0033  0.00000000000000000000E+0000  2.31225785582126818457E+0002  0.00000000000000000000E+0000  0.00000000000000000000E+0000  2.31225785272417574651E+0002  0.00000000000000000000E+0000  0.00000000000000000000E+0000  0.00000000000000000000E+0000  0.00000000000000000000E+0000  0.00000000000000000000E+0000  1.41249782385625613153E-0010 -2.99477074991424296250E+0000  0.00000000000000000000E+0000  0.00000000000000000000E+0000  0.00000000000000000000E+0000  1.61995369282345306645E-0009
 4.35799999999999999986E-0005  0.00000000000000000000E+0000 -1.70404132130456439214E-0007  2.28376988657726797164E-0007 -1.70404132130456439214E-0007  1.04999999999999999996E+0000  1.44339924941229644510E+0000  1.51698675372052813970E+0000  1.38293966611174749424E+0000  0.00000000000000000000E+0000  2.34433159148802059510E+0002  0.00000000000000000000E+0000  2.73713439479303999611E-0039  2.83249655347122106104E-0002  1.99203837007830931567E-0033  0.00000000000000000000E+0000  2.31225785630099780754E+0002  0.00000000000000000000E+0000  0.00000000000000000000E+0000  2.31225785235518199387E+0002  0.00000000000000000000E+0000  0.00000000000000000000E+0000  0.00000000000000000000E+0000  0.00000000000000000000E+0000  0.00000000000000000000E+0000  1.53652178862060814773E-0010 -2.99477076625322508377E+0000  0.00000000000000000000E+0000  0.00000000000000000000E+0000  0.00000000000000000000E+0000  1.97231116244264517970E-0009
 4.44500000000000000003E-0005  0.00000000000000000000E+0000 -1.61970623430293357735E-0007  2.64004855198743249109E-0007 -1.61970623430293357735E-0007  1.04999999999999999996E+0000  1.44339924945754603629E+0000  1.51698675375038992798E+0000  1.38293966615755138823E+0000  0.00000000000000000000E+0000  2.34433159148802059510E+0002  0.00000000000000000000E+0000  2.73713439944297952703E-0039  2.83249655770614531466E-0002  1.99203837350550931093E-0033  0.00000000000000000000E+0000  2.31225785668762419858E+0002  0.00000000000000000000E+0000  0.00000000000000000000E+0000  2.31225785281565409099E+0002  0.00000000000000000000E+0000  0.00000000000000000000E+0000  0.00000000000000000000E+0000  0.00000000000000000000E+0000  0.00000000000000000000E+0000  1.06747732540564289058E-0010 -2.99477070515054025852E+0000  0.00000000000000000000E+0000  0.00000000000000000000E+0000  0.00000000000000000000E+0000  1.86061719984577897801E-0009
 4.53399999999999999990E-0005  0.00000000000000000000E+0000 -4.59393677767323644430E-0008  1.99588231617041522841E-0007 -4.59393677767323644430E-0008  1.04999999999999999996E+0000  1.44339924950161973410E+0000  1.51698675375824173031E+0000  1.38293966619638378430E+0000  0.00000000000000000000E+0000  2.34433159148802059510E+0002  0.00000000000000000000E+0000  2.73713440446057825949E-0039  2.83249656096990393278E-0002  1.99203837658899477952E-0033  0.00000000000000000000E+0000  2.31225785666265226115E+0002  0.00000000000000000000E+0000  0.00000000000000000000E+0000  2.31225785525088791322E+0002  0.00000000000000000000E+0000  0.00000000000000000000E+0000  0.00000000000000000000E+0000  0.00000000000000000000E+0000  0.00000000000000000000E+0000 -7.39775614426101615033E-0011 -2.99477046926502175742E+0000  0.00000000000000000000E+0000  0.00000000000000000000E+0000  0.00000000000000000000E+0000  5.84429271367457800901E-0010
 4.62500000000000000015E-0005  0.00000000000000000000E+0000  3.19993859541538548807E-0007  1.41097876825892186686E-0007  3.19993859541538548807E-0007  1.04999999999999999996E+0000  1.44339924950653106890E+0000  1.51698675369530156204E+0000  1.38293966618270390003E+0000  0.00000000000000000000E+0000  2.34433159148802059510E+0002  0.00000000000000000000E+0000  2.73713440709406784989E-0039  2.83249655954162651932E-0002  1.99203837670954832901E-0033  0.00000000000000000000E+0000  2.31225785549852933976E+0002  0.00000000000000000000E+0000  0.00000000000000000000E+0000  2.31225786216197653614E+0002  0.00000000000000000000E+0000  0.00000000000000000000E+0000  0.00000000000000000000E+0000  0.00000000000000000000E+0000  0.00000000000000000000E+0000 -5.50655963074209186775E-0010 -2.99476984685076287542E+0000  0.00000000000000000000E+0000  0.00000000000000000000E+0000  0.00000000000000000000E+0000 -3.30179797032834489354E-0009
 4.71700000000000000009E-0005  0.00000000000000000000E+0000  1.23282049019440366996E-0006  1.04962169797955615806E-0006  1.23282049019440366996E-0006  1.04999999999999999996E+0000  1.44339924937698199897E+0000  1.51698675345650639578E+0000  1.38293966600591324945E+0000  0.00000000000000000000E+0000  2.34433159148802059510E+0002  0.00000000000000000000E+0000  2.73713440019372748439E-0039  2.83249654501067943401E-0002  1.99203836755298903141E-0033  0.00000000000000000000E+0000  2.31225785161966063977E+0002  0.00000000000000000000E+0000  0.00000000000000000000E+0000  2.31225787873483441245E+0002  0.00000000000000000000E+0000  0.00000000000000000000E+0000  0.00000000000000000000E+0000  0.00000000000000000000E+0000  0.00000000000000000000E+0000 -1.65749022011238367678E-0009 -2.99476840149476530384E+0000  0.00000000000000000000E+0000  0.00000000000000000000E+0000  0.00000000000000000000E+0000 -1.28238779664633627466E-0008
 4.81200000000000000009E-0005  0.00000000000000000000E+0000  3.43619005728964830654E-0006  3.36581550249162325215E-0006  3.43619005728964830654E-0006  1.04999999999999999996E+0000  1.44339924886201122580E+0000  1.51698675277774802487E+0000  1.38293966537420779761E+0000  0.00000000000000000000E+0000  2.34433159148802059510E+0002  0.00000000000000000000E+0000  2.73713436716692518975E-0039  2.83249649900103948858E-0002  1.99203833489710781604E-0033  0.00000000000000000000E+0000  2.31225784162658500334E+0002  0.00000000000000000000E+0000  0.00000000000000000000E+0000  2.31225791849728303615E+0002  0.00000000000000000000E+0000  0.00000000000000000000E+0000  0.00000000000000000000E+0000  0.00000000000000000000E+0000  0.00000000000000000000E+0000 -4.27932484337745164474E-0009 -2.99476497803985423191E+0000  0.00000000000000000000E+0000  0.00000000000000000000E+0000  0.00000000000000000000E+0000 -3.54923082015935608531E-0008
 4.90800000000000000012E-0005  0.00000000000000000000E+0000  8.66558031881455176473E-0006  8.98735330152596662218E-0006  8.66558031881455176473E-0006  1.04999999999999999996E+0000  1.44339924737686798673E+0000  1.51698675107201068043E+0000  1.38293966361413879756E+0000  0.00000000000000000000E+0000  2.34433159148802059510E+0002  0.00000000000000000000E+0000  2.73713426605530284165E-0039  2.83249637659386251744E-0002  1.99203824298761041376E-0033  0.00000000000000000000E+0000  2.31225781677531167513E+0002  0.00000000000000000000E+0000  0.00000000000000000000E+0000  2.31225801217719363873E+0002  0.00000000000000000000E+0000  0.00000000000000000000E+0000  0.00000000000000000000E+0000  0.00000000000000000000E+0000  0.00000000000000000000E+0000 -1.04177775720273069128E-0008 -2.99475696337311279296E+0000  0.00000000000000000000E+0000  0.00000000000000000000E+0000  0.00000000000000000000E+0000 -8.83998912205030021672E-0008
