 t Vext Jext errJ Jint  G_frac QLFSL1 QLFSL2 QLFSL3 JphotoL1 JphotoL2 JphotoL3 JdirL1 JdirL2 JdirL3 JbulkElecL1 JbulkElecL2 JbulkElecL3 JbulkHolesL1 JbulkHolesL2 JbulkHolesL3 JintElecL1L2 JintElecL2L3 JintHolesL1L2 JintHolesL2L3 JminLeft JminRight JShunt Jnion Jpion JD
 0.00000000000000000000E+0000  6.00000000000000000022E-0001 -2.14593643304312855946E+0002  8.27061914677008631246E-0010 -2.14593643304312855946E+0002  1.00000000000000000000E+0000  8.66896500823692727064E-0001  1.03198892811191456217E+0000  7.78105739037045411686E-0001  0.00000000000000000000E+0000  2.18478658651365228283E+0002  0.00000000000000000000E+0000  3.34530503853690064005E-0008  3.58785455399344481238E-0004  7.95052755413505418948E-0032  0.00000000000000000000E+0000  2.48407875725877080680E+0000  0.00000000000000000000E+0000  0.00000000000000000000E+0000  2.48407875947586826207E+0000  0.00000000000000000000E+0000  8.25990192846715870484E-0002  4.36783410838733659118E-0003  8.25990192846883247921E-0002  4.36783411624323655417E-0003  2.23261715091539119760E-0012  1.32548442417334199749E+0000  0.00000000000000000000E+0000  0.00000000000000000000E+0000  0.00000000000000000000E+0000  0.00000000000000000000E+0000
 9.99999999999999999981E-0010  6.10000000000000000013E-0001  2.59965194690518135578E+0003  3.16320403804831279341E+0001  2.59965194690518135578E+0003  1.00000000000000000000E+0000  8.67131692428228606690E-0001  1.03214856658190869305E+0000  7.78190800115591596099E-0001  0.00000000000000000000E+0000  2.18478658651365228283E+0002  0.00000000000000000000E+0000  3.38515427686241686145E-0008  3.60228156078490154754E-0004  7.99442436385851217750E-0032  0.00000000000000000000E+0000  2.49116088634783171534E+0000  0.00000000000000000000E+0000  0.00000000000000000000E+0000  2.48881794976716930624E+0000  0.00000000000000000000E+0000  8.42851061822595442059E-0002  4.52767194699505907092E-0003  8.52544098883766013173E-0002  4.37916607154200349034E-0003 -9.97045445730285616601E-0012 -3.53882710617421555765E+0002  0.00000000000000000000E+0000 -2.03262518431473913490E-0003  5.01978461196009470681E-0005  3.12763025535695981483E+0003
 2.01999999999999999996E-0009  6.10000000000000000013E-0001 -1.09083472229427526849E+0002  5.59350072135772831330E+0000 -1.09083472229427526849E+0002  1.00000000000000000000E+0000  8.67252452220549547874E-0001  1.03231302016264511463E+0000  7.78258918143699471813E-0001  0.00000000000000000000E+0000  2.18478658651365228283E+0002  0.00000000000000000000E+0000  3.40777468454623819800E-0008  3.62235842514368252752E-0004  8.03200226853557276905E-0032  0.00000000000000000000E+0000  2.49972049548250369738E+0000  0.00000000000000000000E+0000  0.00000000000000000000E+0000  2.49512923428335138608E+0000  0.00000000000000000000E+0000  8.52591747229363106111E-0002  4.60208886556062642303E-0003  8.63525453423923777910E-0002  4.38694815398720357069E-0003 -1.25630035245582019451E-0011  6.80815575570633415847E+0001  0.00000000000000000000E+0000 -2.01249614534599468886E-0003  1.18842530289410064973E-0004  2.21923327604366465767E+0001
 3.06000000000000000005E-0009  6.10000000000000000013E-0001 -1.68269748168136192637E+0002  2.52795959422804823930E+0000 -1.68269748168136192637E+0002  1.00000000000000000000E+0000  8.67318145067260239025E-0001  1.03247905018476780195E+0000  7.78315085700691210331E-0001  0.00000000000000000000E+0000  2.18478658651365228283E+0002  0.00000000000000000000E+0000  3.42023943935650056002E-0008  3.64554422225202989144E-0004  8.06563475557945519825E-0032  0.00000000000000000000E+0000  2.50882584464904465527E+0000  0.00000000000000000000E+0000  0.00000000000000000000E+0000  2.50238863835147509816E+0000  0.00000000000000000000E+0000  8.58652891181893375517E-0002  4.65113692188618449872E-0003  8.70212130467254670049E-0002  4.39666559324792219178E-0003 -1.28151006456385098398E-0011  2.77255629300837776532E+0001  0.00000000000000000000E+0000 -1.94150422668241846481E-0003  1.40643693513845251562E-0004  8.83753412753405938069E+0000
 4.12199999999999999989E-0009  6.10000000000000000013E-0001 -1.90327489017327419141E+0002  1.18724653456142412102E+0000 -1.90327489017327419141E+0002  1.00000000000000000000E+0000  8.67354997590928066529E-0001  1.03264571738762494070E+0000  7.78362604362735579719E-0001  0.00000000000000000000E+0000  2.18478658651365228283E+0002  0.00000000000000000000E+0000  3.42708857531074754605E-0008  3.67029624410508148004E-0004  8.09613620279044853508E-0032  0.00000000000000000000E+0000  2.51805014870624457022E+0000  0.00000000000000000000E+0000  0.00000000000000000000E+0000  2.51020701939678540240E+0000  0.00000000000000000000E+0000  8.62418982418283937036E-0002  4.68720381995607251779E-0003  8.74840685596378551101E-0002  4.40900265073524734703E-0003 -1.21432158694788090739E-0011  1.28610451980198653883E+0001  0.00000000000000000000E+0000 -1.86708976425846329888E-0003  1.59414132912357982550E-0004  3.97851541453050217955E+0000
 5.20399999999999999994E-0009  6.10000000000000000013E-0001 -2.00000996047473667105E+0002  5.68180217262533002653E-0001 -2.00000996047473667105E+0002  1.00000000000000000000E+0000  8.67376655549308585747E-0001  1.03281049552610396406E+0000  7.78403926633669389498E-0001  0.00000000000000000000E+0000  2.18478658651365228283E+0002  0.00000000000000000000E+0000  3.43094345338982313255E-0008  3.69545076695470614617E-0004  8.12409124244106231871E-0032  0.00000000000000000000E+0000  2.52709698977491466947E+0000  0.00000000000000000000E+0000  0.00000000000000000000E+0000  2.51824700087592244740E+0000  0.00000000000000000000E+0000  8.64870960346556016656E-0002  4.71518724036826402681E-0003  8.78266287170149679233E-0002  4.42383567468800291246E-0003 -1.11027361110567158256E-0011  6.60389787964634052825E+0000  0.00000000000000000000E+0000 -1.79220275491600742037E-0003  1.75531888425323884865E-0004  1.90849259542897058551E+0000
 6.30799999999999999995E-0009  6.10000000000000000013E-0001 -2.04711942140071642790E+0002  2.73665695334779990127E-0001 -2.04711942140071642790E+0002  1.00000000000000000000E+0000  8.67390407073807444206E-0001  1.03297109706188724630E+0000  7.78441074629582426231E-0001  0.00000000000000000000E+0000  2.18478658651365228283E+0002  0.00000000000000000000E+0000  3.43325592867472804123E-0008  3.72025148752464460283E-0004  8.15010462781276014895E-0032  0.00000000000000000000E+0000  2.53579387471079597161E+0000  0.00000000000000000000E+0000  0.00000000000000000000E+0000  2.52626426447585100601E+0000  0.00000000000000000000E+0000  8.66639117996295278837E-0002  4.73769515159212702448E-0003  8.80921509935358459061E-0002  4.44082349422198260838E-0003 -9.95071400925911715831E-0012  3.76266494734200200416E+0000  0.00000000000000000000E+0000 -1.71791283885354887926E-0003  1.89371386348001909943E-0004  9.79753692498198446069E-0001
 7.43399999999999999992E-0009  6.10000000000000000013E-0001 -2.07196173869183631097E+0002  1.36781159531583012138E-0001 -2.07196173869183631097E+0002  1.00000000000000000000E+0000  8.67400022080377007116E-0001  1.03312509518987161248E+0000  7.78475450130147873188E-0001  0.00000000000000000000E+0000  2.18478658651365228283E+0002  0.00000000000000000000E+0000  3.43478665640495492381E-0008  3.74413281381884243848E-0004  8.17459767000621096630E-0032  0.00000000000000000000E+0000  2.54401385191177374840E+0000  0.00000000000000000000E+0000  0.00000000000000000000E+0000  2.53405936956924471575E+0000  0.00000000000000000000E+0000  8.68077898819555561079E-0002  4.75622947283696339468E-0003  8.83045770320929333897E-0002  4.45954471553961600621E-0003 -8.81524443594661493501E-0012  2.44129970675420019223E+0000  0.00000000000000000000E+0000 -1.64479718450382712874E-0003  2.01231829535879800929E-0004  5.61035051684653926593E-0001
 8.58299999999999999963E-0009  6.10000000000000000013E-0001 -2.08630608537191824831E+0002  8.22539092032160283391E-0002 -2.08630608537191824831E+0002  1.00000000000000000000E+0000  8.67407443630235386073E-0001  1.03327066846157534911E+0000  7.78508024800524690021E-0001  0.00000000000000000000E+0000  2.18478658651365228283E+0002  0.00000000000000000000E+0000  3.43592678136862068664E-0008  3.76673444368225312771E-0004  8.19787511966753092298E-0032  0.00000000000000000000E+0000  2.55168424959297319922E+0000  0.00000000000000000000E+0000  0.00000000000000000000E+0000  2.54149442163113190528E+0000  0.00000000000000000000E+0000  8.69370352441527273569E-0002  4.77176641805509627994E-0003  8.84787205211747486482E-0002  4.47954068725070176368E-0003 -7.75769880062101512021E-0012  1.82536567173192614477E+0000  0.00000000000000000000E+0000 -1.57308465450200896278E-0003  2.11386626230274992335E-0004  3.75954380216431669224E-0001
 9.75500000000000000029E-0009  6.10000000000000000013E-0001 -2.09553703184748770741E+0002  6.97002418741274775338E-0002 -2.09553703184748770741E+0002  1.00000000000000000000E+0000  8.67413655446405514786E-0001  1.03340644549775174379E+0000  7.78539376288788208171E-0001  0.00000000000000000000E+0000  2.18478658651365228283E+0002  0.00000000000000000000E+0000  3.43687182989235528878E-0008  3.78781945559637574103E-0004  8.22010322890263918181E-0032  0.00000000000000000000E+0000  2.55876179505858673130E+0000  0.00000000000000000000E+0000  0.00000000000000000000E+0000  2.54847251577376807661E+0000  0.00000000000000000000E+0000  8.70602816030035154974E-0002  4.78495613063864605357E-0003  8.86240606663974982260E-0002  4.50035491536476315476E-0003 -6.80509427204691168068E-0012  1.54116999479671843104E+0000  0.00000000000000000000E+0000 -1.50293061208899139770E-0003  2.20068487478256793120E-0004  2.96900600196397534600E-0001
 1.09499999999999999999E-0008  6.10000000000000000013E-0001 -2.10218580755388253986E+0002  7.05876340710462197821E-0002 -2.10218580755388253986E+0002  1.00000000000000000000E+0000  8.67419157700123417758E-0001  1.03353163479618127948E+0000  7.78569815639593412011E-0001  0.00000000000000000000E+0000  2.18478658651365228283E+0002  0.00000000000000000000E+0000  3.43771824925583181352E-0008  3.80726290103671730069E-0004  8.24136383527536518735E-0032  0.00000000000000000000E+0000  2.56523162432007519962E+0000  0.00000000000000000000E+0000  0.00000000000000000000E+0000  2.55493665210232048140E+0000  0.00000000000000000000E+0000  8.71811197809369425475E-0002  4.79625931666742321284E-0003  8.87470330888164956251E-0002  4.52156032138350798799E-0003 -5.96492606563321250435E-0012  1.41244253616052110596E+0000  0.00000000000000000000E+0000 -1.43441995876687711569E-0003  2.27484014167565186748E-0004  2.63816930769590291558E-0001
 1.21700000000000000004E-0008  6.10000000000000000013E-0001 -2.10745554329128169324E+0002  7.25318160435425727929E-0002 -2.10745554329128169324E+0002  1.00000000000000000000E+0000  8.67424215248676729300E-0001  1.03364610693585052626E+0000  7.78599518529584871170E-0001  0.00000000000000000000E+0000  2.18478658651365228283E+0002  0.00000000000000000000E+0000  3.43851415672361175832E-0008  3.82504904165102181364E-0004  8.26171636354652818698E-0032  0.00000000000000000000E+0000  2.57110826947560950750E+0000  0.00000000000000000000E+0000  0.00000000000000000000E+0000  2.56086972076513793737E+0000  0.00000000000000000000E+0000  8.73008109031396297900E-0002  4.80602695945774872621E-0003  8.88523075582595360506E-0002  4.54280800801583142252E-0003 -5.23303236817201323148E-0012  1.35565502874427246539E+0000  0.00000000000000000000E+0000 -1.36749340806810718485E-0003  2.33824707899990452405E-0004  2.48681899811265941954E-0001
 1.34099999999999999997E-0008  6.10000000000000000013E-0001 -2.11189192408777165130E+0002  7.27317926840515300982E-0002 -2.11189192408777165130E+0002  1.00000000000000000000E+0000  8.67428945306496329906E-0001  1.03374952262550968030E+0000  7.78628383611339673197E-0001  0.00000000000000000000E+0000  2.18478658651365228283E+0002  0.00000000000000000000E+0000  3.43927903736039657835E-0008  3.84112945867246873462E-0004  8.28108153432938936357E-0032  0.00000000000000000000E+0000  2.57639049751187539984E+0000  0.00000000000000000000E+0000  0.00000000000000000000E+0000  2.56624688167905676424E+0000  0.00000000000000000000E+0000  8.74192182498216135492E-0002  4.81447799101116963643E-0003  8.89427841272629728789E-0002  4.56374512896845562146E-0003 -4.60344831257614160503E-0012  1.33164143510740794489E+0000  0.00000000000000000000E+0000 -1.30243799908055322547E-0003  2.39228811761831290458E-0004  2.38926769594411638790E-0001
 1.46800000000000000004E-0008  6.10000000000000000013E-0001 -2.11579321266718351532E+0002  7.10196582121718965829E-0002 -2.11579321266718351532E+0002  1.00000000000000000000E+0000  8.67433460458671431602E-0001  1.03384298003476072516E+0000  7.78656587550935030473E-0001  0.00000000000000000000E+0000  2.18478658651365228283E+0002  0.00000000000000000000E+0000  3.44002973725991114980E-0008  3.85567667832919487238E-0004  8.29959389412487829978E-0032  0.00000000000000000000E+0000  2.58114579504853229141E+0000  0.00000000000000000000E+0000  0.00000000000000000000E+0000  2.57111996209220580582E+0000  0.00000000000000000000E+0000  8.75362514884528604284E-0002  4.82186716648212815254E-0003  8.90215276893483582304E-0002  4.58420695339292557650E-0003 -4.06085309025229438115E-0012  1.32206263766445275695E+0000  0.00000000000000000000E+0000 -1.23875222947975123845E-0003  2.43874259978761974676E-0004  2.29217594589453097770E-0001
 1.59699999999999999999E-0008  6.10000000000000000013E-0001 -2.11925658362341434865E+0002  6.78002154018866063102E-0002 -2.11925658362341434865E+0002  1.00000000000000000000E+0000  8.67437772513944710905E-0001  1.03392629168032282555E+0000  7.78683838447164959487E-0001  0.00000000000000000000E+0000  2.18478658651365228283E+0002  0.00000000000000000000E+0000  3.44076578207982234982E-0008  3.86866126581627894091E-0004  8.31709843530795739864E-0032  0.00000000000000000000E+0000  2.58537271998328548332E+0000  0.00000000000000000000E+0000  0.00000000000000000000E+0000  2.57547506526158284440E+0000  0.00000000000000000000E+0000  8.76512908320195173513E-0002  4.82829206501443837525E-0003  8.90897889859081062305E-0002  4.60395518496256310955E-0003 -3.59809345023497780960E-0012  1.31869800915808862225E+0000  0.00000000000000000000E+0000 -1.17694647117844036200E-0003  2.47845709569746556614E-0004  2.17837352616628623453E-0001
 1.72900000000000000008E-0008  6.10000000000000000013E-0001 -2.12237116736715549420E+0002  6.35037550260777377553E-0002 -2.12237116736715549420E+0002  1.00000000000000000000E+0000  8.67441945789924698359E-0001  1.03400069818249731749E+0000  7.78710267324950554239E-0001  0.00000000000000000000E+0000  2.18478658651365228283E+0002  0.00000000000000000000E+0000  3.44149563574561835156E-0008  3.88027431917222964018E-0004  8.33372110065339615940E-0032  0.00000000000000000000E+0000  2.58913966170162217792E+0000  0.00000000000000000000E+0000  0.00000000000000000000E+0000  2.57937373272245187264E+0000  0.00000000000000000000E+0000  8.77638679603018550895E-0002  4.83392336089550521120E-0003  8.91495131546490953681E-0002  4.62289980882088377779E-0003 -3.20108490879739510586E-0012  1.31785552673660859703E+0000  0.00000000000000000000E+0000 -1.11657624633298709453E-0003  2.51274426919101057272E-0004  2.04449241614227907233E-0001
 1.86399999999999999999E-0008  6.10000000000000000013E-0001 -2.12517101732101123077E+0002  5.85453003005281500220E-0002 -2.12517101732101123077E+0002  1.00000000000000000000E+0000  8.67446001793507294605E-0001  1.03406679371192591877E+0000  7.78735797000060556963E-0001  0.00000000000000000000E+0000  2.18478658651365228283E+0002  0.00000000000000000000E+0000  3.44222076346820227878E-0008  3.89060545684646038391E-0004  8.34945519752140754469E-0032  0.00000000000000000000E+0000  2.59248030774102516840E+0000  0.00000000000000000000E+0000  0.00000000000000000000E+0000  2.58284441499196888606E+0000  0.00000000000000000000E+0000  8.78738764548049363281E-0002  4.83885555687514076914E-0003  8.92017786141748696274E-0002  4.64098898631509081494E-0003 -2.86042417147919238930E-0012  1.31796989436570953036E+0000  0.00000000000000000000E+0000 -1.05767521173167998855E-0003  2.54244680812890120553E-0004  1.89428550815085614968E-0001
 2.00099999999999999994E-0008  6.10000000000000000013E-0001 -2.12766400421212205335E+0002  5.32971045157756350368E-0002 -2.12766400421212205335E+0002  1.00000000000000000000E+0000  8.67449930396767780380E-0001  1.03412485408348471506E+0000  7.78760204580865836375E-0001  0.00000000000000000000E+0000  2.18478658651365228283E+0002  0.00000000000000000000E+0000  3.44293705352744127990E-0008  3.89969402044268483227E-0004  8.36420857714704232919E-0032  0.00000000000000000000E+0000  2.59541105278975835625E+0000  0.00000000000000000000E+0000  0.00000000000000000000E+0000  2.58589927014284026003E+0000  0.00000000000000000000E+0000  8.79804492874697526727E-0002  4.84314286556845401176E-0003  8.92472026612528673140E-0002  4.65807763668099724926E-0003 -2.56941136701560932642E-0012  1.31839624648856504558E+0000  0.00000000000000000000E+0000 -1.00066873773043347194E-0003  2.56813564858081718923E-0004  1.73480648602110454140E-0001
 2.14100000000000000003E-0008  6.10000000000000000013E-0001 -2.12989060432083732247E+0002  4.79763988973881000794E-0002 -2.12989060432083732247E+0002  1.00000000000000000000E+0000  8.67453775915565090601E-0001  1.03417600662188745959E+0000  7.78783647957982988334E-0001  0.00000000000000000000E+0000  2.18478658651365228283E+0002  0.00000000000000000000E+0000  3.44365061994644157383E-0008  3.90771259791955175393E-0004  8.37811650838853179838E-0032  0.00000000000000000000E+0000  2.59799038430416585769E+0000  0.00000000000000000000E+0000  0.00000000000000000000E+0000  2.58859568496772663110E+0000  0.00000000000000000000E+0000  8.80833046786633193251E-0002  4.84689054709691972661E-0003  8.92869233587027572621E-0002  4.67417615740225252402E-0003 -2.31821202804696430432E-0012  1.31889628422714131034E+0000  0.00000000000000000000E+0000 -9.45142893852446930304E-0004  2.59064818219401213724E-0004  1.57080524513574233317E-0001
 2.28399999999999999994E-0008  6.10000000000000000013E-0001 -2.13186949738705570842E+0002  4.27672717118227207181E-0002 -2.13186949738705570842E+0002  1.00000000000000000000E+0000  8.67457550760347447904E-0001  1.03422088540603336962E+0000  7.78806120068585414854E-0001  0.00000000000000000000E+0000  2.18478658651365228283E+0002  0.00000000000000000000E+0000  3.44436211264159204648E-0008  3.91475712857548311815E-0004  8.39120919646098897656E-0032  0.00000000000000000000E+0000  2.60025132706519853244E+0000  0.00000000000000000000E+0000  0.00000000000000000000E+0000  2.59096550990123722911E+0000  0.00000000000000000000E+0000  8.81825110944826975551E-0002  4.85015929316570439969E-0003  8.93215921219748991848E-0002  4.68931463038232384019E-0003 -2.10053095035309139946E-0012  1.31939166675455374583E+0000  0.00000000000000000000E+0000 -8.91120494234059315351E-0004  2.61051205668841986613E-0004  1.40745119965352042545E-0001
 2.43000000000000000000E-0008  6.10000000000000000013E-0001 -2.13361964357246890273E+0002  3.78007548819406895551E-0002 -2.13361964357246890273E+0002  1.00000000000000000000E+0000  8.67461265829176469001E-0001  1.03426010507075262360E+0000  7.78827635772868672110E-0001  0.00000000000000000000E+0000  2.18478658651365228283E+0002  0.00000000000000000000E+0000  3.44507212368742353110E-0008  3.92092097667222884638E-0004  8.40352604680410307137E-0032  0.00000000000000000000E+0000  2.60222556515989961070E+0000  0.00000000000000000000E+0000  0.00000000000000000000E+0000  2.59303987616181968946E+0000  0.00000000000000000000E+0000  8.82778185433181997746E-0002  4.85300322916978072811E-0003  8.93517836322865094918E-0002  4.70349655089297705440E-0003 -1.91097433248420838228E-0012  1.31986205118213317550E+0000  0.00000000000000000000E+0000 -8.38614310925658176685E-0004  2.62817891868846527245E-0004  1.24885791603288883750E-0001
 2.57799999999999999993E-0008  6.10000000000000000013E-0001 -2.13515104038862131769E+0002  3.31878678443412530507E-0002 -2.13515104038862131769E+0002  1.00000000000000000000E+0000  8.67464906878445914107E-0001  1.03429405523207420517E+0000  7.78848098601991259058E-0001  0.00000000000000000000E+0000  2.18478658651365228283E+0002  0.00000000000000000000E+0000  3.44577653797149602425E-0008  3.92626265029779069034E-0004  8.41504160011012468661E-0032  0.00000000000000000000E+0000  2.60393324387492340524E+0000  0.00000000000000000000E+0000  0.00000000000000000000E+0000  2.59483825179082694553E+0000  0.00000000000000000000E+0000  8.83687262292194102936E-0002  4.85545679036029460027E-0003  8.93778588350891504006E-0002  4.71668797837920399273E-0003 -1.74597058973481635389E-0012  1.32030301838783810028E+0000  0.00000000000000000000E+0000 -7.87960564479023735587E-0004  2.64393525493152947076E-0004  1.09902992853430458968E-0001
 2.72999999999999999994E-0008  6.10000000000000000013E-0001 -2.13650166722441768596E+0002  2.89186273951666764831E-0002 -2.13650166722441768596E+0002  1.00000000000000000000E+0000  8.67468530787506204274E-0001  1.03432370573566970640E+0000  7.78867824411662636316E-0001  0.00000000000000000000E+0000  2.18478658651365228283E+0002  0.00000000000000000000E+0000  3.44648527859830750830E-0008  3.93093250033391136954E-0004  8.42595614820615307999E-0032  0.00000000000000000000E+0000  2.60542351941530824313E+0000  0.00000000000000000000E+0000  0.00000000000000000000E+0000  2.59641110639271098840E+0000  0.00000000000000000000E+0000  8.84554662206102172771E-0002  4.85759405100846031362E-0003  8.94006001985948809061E-0002  4.72899651179058562654E-0003 -1.59965408732432131825E-0012  1.32072179769937314282E+0000  0.00000000000000000000E+0000 -7.38493506656202397813E-0004  2.65830154353205685241E-0004  9.58112393880959038248E-0002
 2.88399999999999999999E-0008  6.10000000000000000013E-0001 -2.13767294555995691435E+0002  2.50669183678687843785E-0002 -2.13767294555995691435E+0002  1.00000000000000000000E+0000  8.67472097873323093244E-0001  1.03434919715872046411E+0000  7.78886619002998028356E-0001  0.00000000000000000000E+0000  2.18478658651365228283E+0002  0.00000000000000000000E+0000  3.44718956107255808521E-0008  3.93495087850742367900E-0004  8.43618437586142744053E-0032  0.00000000000000000000E+0000  2.60670377579513312259E+0000  0.00000000000000000000E+0000  0.00000000000000000000E+0000  2.59776511581457304561E+0000  0.00000000000000000000E+0000  8.85379138784131356870E-0002  4.85942769135265047202E-0003  8.94201336312804550343E-0002  4.74042055108135579700E-0003 -1.47071710124125469892E-0012  1.32111453874140446964E+0000  0.00000000000000000000E+0000 -6.90851483931794844311E-0004  2.67136150750921216589E-0004  8.29170623703975949895E-0002
 3.04200000000000000013E-0008  6.10000000000000000013E-0001 -2.13869651391251154607E+0002  2.15892296597957565630E-0002 -2.13869651391251154607E+0002  1.00000000000000000000E+0000  8.67475660409730468228E-0001  1.03437130109293477017E+0000  7.78904785561047089705E-0001  0.00000000000000000000E+0000  2.18478658651365228283E+0002  0.00000000000000000000E+0000  3.44789886573778519839E-0008  3.93843795889868656552E-0004  8.44590892860081388100E-0032  0.00000000000000000000E+0000  2.60781302108363760919E+0000  0.00000000000000000000E+0000  0.00000000000000000000E+0000  2.59894064695224533395E+0000  0.00000000000000000000E+0000  8.86160489364586210600E-0002  4.86101498990426201240E-0003  8.94370638242841786827E-0002  4.75103245643302168858E-0003 -1.35497513529457463167E-0012  1.32148600897478959038E+0000  0.00000000000000000000E+0000 -6.44425515583423545545E-0004  2.68349776383790184573E-0004  7.11239077568247188741E-0002
 3.20299999999999999992E-0008  6.10000000000000000013E-0001 -2.13958153799038998708E+0002  1.84996880020343220694E-0002 -2.13958153799038998708E+0002  1.00000000000000000000E+0000  8.67479201018695053051E-0001  1.03439028020737928428E+0000  7.78922272853680857838E-0001  0.00000000000000000000E+0000  2.18478658651365228283E+0002  0.00000000000000000000E+0000  3.44860899753392614346E-0008  3.94143406815560252139E-0004  8.45511819609302842430E-0032  0.00000000000000000000E+0000  2.60876466371911557149E+0000  0.00000000000000000000E+0000  0.00000000000000000000E+0000  2.59995113959863576795E+0000  0.00000000000000000000E+0000  8.86900680054971443821E-0002  4.86237591683604155920E-0003  8.94515956376877990953E-0002  4.76088268404114198794E-0003 -1.25108415978112591967E-0012  1.32183216252706167682E+0000  0.00000000000000000000E+0000 -5.99513707119869123609E-0004  2.69480882356050346105E-0004  6.05257960618684392631E-0002
 3.36700000000000000001E-0008  6.10000000000000000013E-0001 -2.14034357879537278160E+0002  1.57770225420650827997E-0002 -2.14034357879537278160E+0002  1.00000000000000000000E+0000  8.67482724796305825930E-0001  1.03440652273022032197E+0000  7.78939153393470894605E-0001  0.00000000000000000000E+0000  2.18478658651365228283E+0002  0.00000000000000000000E+0000  3.44932029565961525493E-0008  3.94399961947184826291E-0004  8.46386551523884422326E-0032  0.00000000000000000000E+0000  2.60957838463364380998E+0000  0.00000000000000000000E+0000  0.00000000000000000000E+0000  2.60081683260428647665E+0000  0.00000000000000000000E+0000  8.87597432668131598184E-0002  4.86353914506852226571E-0003  8.94640294880073628267E-0002  4.76998959390580215673E-0003 -1.15725516565731184477E-0012  1.32215257124030202826E+0000  0.00000000000000000000E+0000 -5.56106115925622760408E-0004  2.70544320922932918449E-0004  5.10965929468883868085E-0002
 3.53400000000000000009E-0008  6.10000000000000000013E-0001 -2.14099717277785695516E+0002  1.33965321816548642080E-0002 -2.14099717277785695516E+0002  1.00000000000000000000E+0000  8.67486236200510332805E-0001  1.03442037806217707312E+0000  7.78955499081735985379E-0001  0.00000000000000000000E+0000  2.18478658651365228283E+0002  0.00000000000000000000E+0000  3.45003305836014758401E-0008  3.94618913460229293768E-0004  8.47220179141163859815E-0032  0.00000000000000000000E+0000  2.61027188216849465453E+0000  0.00000000000000000000E+0000  0.00000000000000000000E+0000  2.60155598957340778105E+0000  0.00000000000000000000E+0000  8.88251324677056741124E-0002  4.86453028661602408251E-0003  8.94746336256917132066E-0002  4.77839937093882803269E-0003 -1.07199332143774283424E-0012  1.32244625020083627948E+0000  0.00000000000000000000E+0000 -5.14184131698499012462E-0004  2.71552248390133217994E-0004  4.27802165145169800422E-0002
 3.70499999999999999992E-0008  6.10000000000000000013E-0001 -2.14155835380898260295E+0002  1.13185588195063265470E-0002 -2.14155835380898260295E+0002  1.00000000000000000000E+0000  8.67489759361578323361E-0001  1.03443221685474791695E+0000  7.78971469137545388726E-0001  0.00000000000000000000E+0000  2.18478658651365228283E+0002  0.00000000000000000000E+0000  3.45075168926096626325E-0008  3.94806069610609493692E-0004  8.48021916207222135095E-0032  0.00000000000000000000E+0000  2.61086388193493197370E+0000  0.00000000000000000000E+0000  0.00000000000000000000E+0000  2.60218810072764667580E+0000  0.00000000000000000000E+0000  8.88864956095297210868E-0002  4.86537629927547101257E-0003  8.94836921552877785391E-0002  4.78618224040751628492E-0003 -9.93649181647685796346E-0013  1.32271422004629737824E+0000  0.00000000000000000000E+0000 -4.73501789514047111221E-0004  2.72519762267376599724E-0004  3.54669344502960589264E-0002
 3.87900000000000000005E-0008  6.10000000000000000013E-0001 -2.14203550381852513784E+0002  9.52639278546281427684E-0003 -2.14203550381852513784E+0002  1.00000000000000000000E+0000  8.67493276750653197215E-0001  1.03444224045216247689E+0000  7.78987033346439694580E-0001  0.00000000000000000000E+0000  2.18478658651365228283E+0002  0.00000000000000000000E+0000  3.45147215883313287366E-0008  3.94964577590341891035E-0004  8.48791314795031273642E-0032  0.00000000000000000000E+0000  2.61136461551013043716E+0000  0.00000000000000000000E+0000  0.00000000000000000000E+0000  2.60272367366957603214E+0000  0.00000000000000000000E+0000  8.89438915382562451662E-0002  4.86609189334955236910E-0003  8.94913582150263169052E-0002  4.79336968912614409929E-0003 -9.21691056484372830091E-0013  1.32295528443863270082E+0000  0.00000000000000000000E+0000 -4.34286809155188891595E-0004  2.73448726391769098492E-0004  2.91208011081622656328E-0002
 4.05699999999999999995E-0008  6.10000000000000000013E-0001 -2.14244168227935610369E+0002  7.98284050381898471135E-0003 -2.14244168227935610369E+0002  1.00000000000000000000E+0000  8.67496810946398029421E-0001  1.03445073984751471582E+0000  7.79002337862635601672E-0001  0.00000000000000000000E+0000  2.18478658651365228283E+0002  0.00000000000000000000E+0000  3.45219869807982534260E-0008  3.95099012438162027324E-0004  8.49536510283389958101E-0032  0.00000000000000000000E+0000  2.61178876641163018298E+0000  0.00000000000000000000E+0000  0.00000000000000000000E+0000  2.60317807366714906790E+0000  0.00000000000000000000E+0000  8.89974093630957800119E-0002  4.86669814171287943860E-0003  8.94978549497179000499E-0002  4.80000515947949619539E-0003 -8.54893752107152061795E-0013  1.32317101885334122504E+0000  0.00000000000000000000E+0000 -3.96304970534048935994E-0004  2.74350356320337312080E-0004  2.36233451092181788551E-0002
 4.23800000000000000014E-0008  6.10000000000000000013E-0001 -2.14278421869029502472E+0002  6.66735228565739864972E-0003 -2.14278421869029502472E+0002  1.00000000000000000000E+0000  8.67500344453400098501E-0001  1.03445788312222977819E+0000  7.79017352502793288666E-0001  0.00000000000000000000E+0000  2.18478658651365228283E+0002  0.00000000000000000000E+0000  3.45292735104532395284E-0008  3.95212014493764405773E-0004  8.50256920663947174706E-0032  0.00000000000000000000E+0000  2.61214485887505451435E+0000  0.00000000000000000000E+0000  0.00000000000000000000E+0000  2.60356012861971830813E+0000  0.00000000000000000000E+0000  8.90471552649722173322E-0002  4.86720724606859202936E-0003  8.95033102870669617680E-0002  4.80612049191761023213E-0003 -7.92933647674484988689E-0013  1.32336164133200177959E+0000  0.00000000000000000000E+0000 -3.59751402819222780816E-0004  2.75224302935195638028E-0004  1.89180719113143487736E-0002
 4.42300000000000000010E-0008  6.10000000000000000013E-0001 -2.14307336498964408442E+0002  5.54691652573229847912E-0003 -2.14307336498964408442E+0002  1.00000000000000000000E+0000  8.67503898572907999865E-0001  1.03446389467743536086E+0000  7.79032209172245940774E-0001  0.00000000000000000000E+0000  2.18478658651365228283E+0002  0.00000000000000000000E+0000  3.45366219772701252052E-0008  3.95307120995225897614E-0004  8.50959623122179530142E-0032  0.00000000000000000000E+0000  2.61244420105448093422E+0000  0.00000000000000000000E+0000  0.00000000000000000000E+0000  2.60388173123073328788E+0000  0.00000000000000000000E+0000  8.90932554057825584100E-0002  4.86763540871553795998E-0003  8.95078965855758536418E-0002  4.81175475893745566747E-0003 -7.34900655599343528316E-0013  1.32352983160480002856E+0000  0.00000000000000000000E+0000 -3.24411315772468619494E-0004  2.76078911326237714615E-0004  1.48957569002122852233E-0002
 4.61100000000000000003E-0008  6.10000000000000000013E-0001 -2.14331525024245072381E+0002  4.60221790382513964480E-0003 -2.14331525024245072381E+0002  1.00000000000000000000E+0000  8.67507455892001521497E-0001  1.03446891047751943747E+0000  7.79046874166204984108E-0001  0.00000000000000000000E+0000  2.18478658651365228283E+0002  0.00000000000000000000E+0000  3.45439935446099247026E-0008  3.95386474927238274356E-0004  8.51643746194904980655E-0032  0.00000000000000000000E+0000  2.61269367286506854842E+0000  0.00000000000000000000E+0000  0.00000000000000000000E+0000  2.60415005997734662021E+0000  0.00000000000000000000E+0000  8.91358495005553783992E-0002  4.86799245887840721038E-0003  8.95117176368497676059E-0002  4.81693830445139259585E-0003 -6.80611996167355950469E-0013  1.32367658694354015407E+0000  0.00000000000000000000E+0000 -2.90451892271853792790E-0004  2.76912359274378730549E-0004  1.14949771215995691011E-0002
 4.80300000000000000005E-0008  6.10000000000000000013E-0001 -2.14351783568522195958E+0002  3.80644457968736119707E-0003 -2.14351783568522195958E+0002  1.00000000000000000000E+0000  8.67511036634319481734E-0001  1.03447310028174740385E+0000  7.79061465475320144439E-0001  0.00000000000000000000E+0000  2.18478658651365228283E+0002  0.00000000000000000000E+0000  3.45514276471810177875E-0008  3.95452756624566237569E-0004  8.52315388017681687474E-0032  0.00000000000000000000E+0000  2.61290181278275526256E+0000  0.00000000000000000000E+0000  0.00000000000000000000E+0000  2.60437413992923278328E+0000  0.00000000000000000000E+0000  8.91750887060883414727E-0002  4.86829062806920115236E-0003  8.95149040154090045484E-0002  4.82170548456519332154E-0003 -6.29358233994647026498E-0013  1.32380411124313093795E+0000  0.00000000000000000000E+0000 -2.57666679269812446578E-0004  2.77731244654783669518E-0004  8.62099048219548686900E-0003
 4.99900000000000000014E-0008  6.10000000000000000013E-0001 -2.14368670890606657614E+0002  3.13901223104257502087E-0003 -2.14368670890606657614E+0002  1.00000000000000000000E+0000  8.67514641667030896206E-0001  1.03447658546008403957E+0000  7.79076017029844607371E-0001  0.00000000000000000000E+0000  2.18478658651365228283E+0002  0.00000000000000000000E+0000  3.45589239571797327810E-0008  3.95507883772183088378E-0004  8.52976594981208791745E-0032  0.00000000000000000000E+0000  2.61307473418541626859E+0000  0.00000000000000000000E+0000  0.00000000000000000000E+0000  2.60456041750045717929E+0000  0.00000000000000000000E+0000  8.92112218540079282434E-0002  4.86853865155325941092E-0003  8.95175487513147569445E-0002  4.82609554710847200203E-0003 -5.80828325535115174543E-0013  1.32391459808278812724E+0000  0.00000000000000000000E+0000 -2.26048896749638117933E-0004  2.78536742453071153598E-0004  6.20764067139937047134E-0003
 5.19900000000000000000E-0008  6.10000000000000000013E-0001 -2.14382691929997919539E+0002  2.58307820195001652607E-0003 -2.14382691929997919539E+0002  1.00000000000000000000E+0000  8.67518271702421355505E-0001  1.03447947227143779536E+0000  7.79090558892769989314E-0001  0.00000000000000000000E+0000  2.18478658651365228283E+0002  0.00000000000000000000E+0000  3.45664820435534382325E-0008  3.95553535792834896044E-0004  8.53629152628514143485E-0032  0.00000000000000000000E+0000  2.61321778097066416001E+0000  0.00000000000000000000E+0000  0.00000000000000000000E+0000  2.60471454776985875514E+0000  0.00000000000000000000E+0000  8.92443882106486613775E-0002  4.86874417538104988379E-0003  8.95197335231237107604E-0002  4.83013356259954503077E-0003 -5.34724321918674185866E-0013  1.32400947959894946585E+0000  0.00000000000000000000E+0000 -1.95573456722116704331E-0004  2.79329991820020675642E-0004  4.19168077731348278333E-0003
 5.40299999999999999994E-0008  6.10000000000000000013E-0001 -2.14394278714015781045E+0002  2.12172674839982863606E-0003 -2.14394278714015781045E+0002  1.00000000000000000000E+0000  8.67521927350805822530E-0001  1.03448185356140557017E+0000  7.79105117547752859032E-0001  0.00000000000000000000E+0000  2.18478658651365228283E+0002  0.00000000000000000000E+0000  3.45741014669171395619E-0008  3.95591181579541303691E-0004  8.54274613655367554339E-0032  0.00000000000000000000E+0000  2.61333561842228836352E+0000  0.00000000000000000000E+0000  0.00000000000000000000E+0000  2.60484148274917307747E+0000  0.00000000000000000000E+0000  8.92747353337141933444E-0002  4.86891386979797310387E-0003  8.95215298968736459845E-0002  4.83384341709936833923E-0003 -4.90826338423362905001E-0013  1.32409090706701898608E+0000  0.00000000000000000000E+0000 -1.66228726065702202234E-0004  2.80111402616337279520E-0004  2.51807188677631215661E-0003
 5.61099999999999999995E-0008  6.10000000000000000013E-0001 -2.14403818411989534234E+0002  1.74176507972032231668E-0003 -2.14403818411989534234E+0002  1.00000000000000000000E+0000  8.67525609096194450854E-0001  1.03448380959826774918E+0000  7.79119715903980812903E-0001  0.00000000000000000000E+0000  2.18478658651365228283E+0002  0.00000000000000000000E+0000  3.45817816987628045435E-0008  3.95622090955856489617E-0004  8.54914296869625582092E-0032  0.00000000000000000000E+0000  2.61343227234274108530E+0000  0.00000000000000000000E+0000  0.00000000000000000000E+0000  2.60494550863998582655E+0000  0.00000000000000000000E+0000  8.93024164169153383550E-0002  4.86905349388226203529E-0003  8.95229996799138580445E-0002  4.83724773162332071853E-0003 -4.48905895665209401336E-0013  1.32416018095396126396E+0000  0.00000000000000000000E+0000 -1.37981447584177027460E-0004  2.80881625695457202600E-0004  1.13525974360159868934E-0003
 5.82400000000000000015E-0008  6.10000000000000000013E-0001 -2.14411665401583263132E+0002  1.42870159431852463885E-0003 -2.14411665401583263132E+0002  1.00000000000000000000E+0000  8.67529334654513528343E-0001  1.03448541579886631463E+0000  7.79134441977128643965E-0001  0.00000000000000000000E+0000  2.18478658651365228283E+0002  0.00000000000000000000E+0000  3.45895583542314621688E-0008  3.95647457796478978993E-0004  8.55552246609741617351E-0032  0.00000000000000000000E+0000  2.61351151710192944767E+0000  0.00000000000000000000E+0000  0.00000000000000000000E+0000  2.60503066081058708777E+0000  0.00000000000000000000E+0000  8.93276442238682731879E-0002  4.86916845275160171196E-0003  8.95242010553065897596E-0002  4.84037517916132812306E-0003 -4.08634170930585857871E-0013  1.32421947095311230550E+0000  0.00000000000000000000E+0000 -1.10696276683501331877E-0004  2.81644033345022029664E-0004 -4.49716957333813825398E-0006
 6.03999999999999999968E-0008  6.10000000000000000013E-0001 -2.14418042150648445854E+0002  1.17510093435178934315E-0003 -2.14418042150648445854E+0002  1.00000000000000000000E+0000  8.67533069564444259017E-0001  1.03448671817857218653E+0000  7.79149175162430712856E-0001  0.00000000000000000000E+0000  2.18478658651365228283E+0002  0.00000000000000000000E+0000  3.45973582613751179112E-0008  3.95668011113952657073E-0004  8.56183477222145081925E-0032  0.00000000000000000000E+0000  2.61357566246089413446E+0000  0.00000000000000000000E+0000  0.00000000000000000000E+0000  2.60509940307385939027E+0000  0.00000000000000000000E+0000  8.93505093338282633831E-0002  4.86926202597372516140E-0003  8.95251694917649006332E-0002  4.84323673882447807389E-0003 -3.70212646617015141770E-0013  1.32426943883421855254E+0000  0.00000000000000000000E+0000 -8.45881214607401377608E-0005  2.82391814183474918235E-0004 -9.31572101485651453402E-0004
 6.26099999999999999972E-0008  6.10000000000000000013E-0001 -2.14423248524148676614E+0002  9.69228630839993707780E-0004 -2.14423248524148676614E+0002  1.00000000000000000000E+0000  8.67536848493631964165E-0001  1.03448777852793097191E+0000  7.79164065249329801355E-0001  0.00000000000000000000E+0000  2.18478658651365228283E+0002  0.00000000000000000000E+0000  3.46052526900949694659E-0008  3.95684728713336081736E-0004  8.56814531322526562447E-0032  0.00000000000000000000E+0000  2.61362778772423187679E+0000  0.00000000000000000000E+0000  0.00000000000000000000E+0000  2.60515505483092416126E+0000  0.00000000000000000000E+0000  8.93711689084533098624E-0002  4.86933864351302075687E-0003  8.95259528051037872383E-0002  4.84585257508992745214E-0003 -3.33145101753347580065E-0013  1.32431170640094899129E+0000  0.00000000000000000000E+0000 -5.93842235842526026751E-0005  2.83131985735950420887E-0004 -1.68813542966643546525E-0003
 6.48600000000000000017E-0008  6.10000000000000000013E-0001 -2.14427459787019885809E+0002  8.03730673793690368425E-0004 -2.14427459787019885809E+0002  1.00000000000000000000E+0000  8.67540654392234138127E-0001  1.03448863435825824393E+0000  7.79179055856535988803E-0001  0.00000000000000000000E+0000  2.18478658651365228283E+0002  0.00000000000000000000E+0000  3.46132050389962819474E-0008  3.95698205385724562158E-0004  8.57443114194329635038E-0032  0.00000000000000000000E+0000  2.61366976649335298151E+0000  0.00000000000000000000E+0000  0.00000000000000000000E+0000  2.60519962932947792759E+0000  0.00000000000000000000E+0000  8.93898213482818708756E-0002  4.86940096442555852524E-0003  8.95265798365522876034E-0002  4.84824520890466677322E-0003 -2.97532140471853061283E-0013  1.32434754890650888235E+0000  0.00000000000000000000E+0000 -3.51890694304461981362E-0005  2.83860559160274032205E-0004 -2.29862928782570948922E-0003
 6.71600000000000000014E-0008  6.10000000000000000013E-0001 -2.14430866984351016793E+0002  6.71710460730834681667E-0004 -2.14430866984351016793E+0002  1.00000000000000000000E+0000  8.67544504022137132472E-0001  1.03448932460891847187E+0000  7.79194221943254661787E-0001  0.00000000000000000000E+0000  2.18478658651365228283E+0002  0.00000000000000000000E+0000  3.46212494102900304317E-0008  3.95709057498297943383E-0004  8.58072396386435560119E-0032  0.00000000000000000000E+0000  2.61370353526578432521E+0000  0.00000000000000000000E+0000  0.00000000000000000000E+0000  2.60523522302839335768E+0000  0.00000000000000000000E+0000  8.94066053518887361099E-0002  4.86945177056905548238E-0003  8.95270806831212066602E-0002  4.85043030133756779660E-0003 -2.63116945639010268635E-0013  1.32437791619341897829E+0000  0.00000000000000000000E+0000 -1.18669819058507723814E-0005  2.84580628968145296994E-0004 -2.79060416697284433523E-0003
 6.94999999999999999988E-0008  6.10000000000000000013E-0001 -2.14433603778987429050E+0002  5.67827278075101160407E-0004 -2.14433603778987429050E+0002  1.00000000000000000000E+0000  8.67548380608553080216E-0001  1.03448987643351354986E+0000  7.79209504592908850176E-0001  0.00000000000000000000E+0000  2.18478658651365228283E+0002  0.00000000000000000000E+0000  3.46293499165750280715E-0008  3.95717715406479506358E-0004  8.58699956293012390942E-0032  0.00000000000000000000E+0000  2.61373044412474009606E+0000  0.00000000000000000000E+0000  0.00000000000000000000E+0000  2.60526330056964210494E+0000  0.00000000000000000000E+0000  8.94216598270365438145E-0002  4.86949297790936696315E-0003  8.95274762508995376831E-0002  4.85242230605760229490E-0003 -2.29936511188654610802E-0013  1.32440336887110143350E+0000  0.00000000000000000000E+0000  1.05232048868147738543E-0005  2.85289254107796540482E-0004 -3.18334791476238519969E-0003
 7.18899999999999999980E-0008  6.10000000000000000013E-0001 -2.14435798122918443581E+0002  4.86209857202627532690E-0004 -2.14435798122918443581E+0002  1.00000000000000000000E+0000  8.67552300566922793626E-0001  1.03449031722673288750E+0000  7.79224974220891426486E-0001  0.00000000000000000000E+0000  2.18478658651365228283E+0002  0.00000000000000000000E+0000  3.46375400916360711836E-0008  3.95724613114625505761E-0004  8.59328664912444121530E-0032  0.00000000000000000000E+0000  2.61375185227029383970E+0000  0.00000000000000000000E+0000  0.00000000000000000000E+0000  2.60528534255595084772E+0000  0.00000000000000000000E+0000  8.94351187323444037341E-0002  4.86952653931549193943E-0003  8.95277877455880319841E-0002  4.85423528468530851361E-0003 -1.97850459427029616057E-0013  1.32442513452352884104E+0000  0.00000000000000000000E+0000  3.20758326208981015238E-0005  2.85988311665183546573E-0004 -3.49518176356394834867E-0003
 7.43299999999999999990E-0008  6.10000000000000000013E-0001 -2.14437552024188754218E+0002  4.23079913176445852820E-0004 -2.14437552024188754218E+0002  1.00000000000000000000E+0000  8.67556263558511589116E-0001  1.03449066742333088188E+0000  7.79240633926641365235E-0001  0.00000000000000000000E+0000  2.18478658651365228283E+0002  0.00000000000000000000E+0000  3.46458184990515490909E-0008  3.95730074226674866428E-0004  8.59958575058591943606E-0032  0.00000000000000000000E+0000  2.61376877028627145464E+0000  0.00000000000000000000E+0000  0.00000000000000000000E+0000  2.60530245153926658564E+0000  0.00000000000000000000E+0000  8.94471364299850227924E-0002  4.86955389685059417097E-0003  8.95280308269182958892E-0002  4.85588557957636179611E-0003 -1.66784192962137495297E-0013  1.32444364832903505621E+0000  0.00000000000000000000E+0000  5.28236894816281664814E-0005  2.86677714690858607169E-0004 -3.74124218287405840993E-0003
 7.68200000000000000018E-0008  6.10000000000000000013E-0001 -2.14438950091025301747E+0002  3.74617486710280572887E-0004 -2.14438950091025301747E+0002  1.00000000000000000000E+0000  8.67560269221106770000E-0001  1.03449094402540573703E+0000  7.79256485568453923787E-0001  0.00000000000000000000E+0000  2.18478658651365228283E+0002  0.00000000000000000000E+0000  3.46541836839345289113E-0008  3.95734367983482033095E-0004  8.60589664508617542861E-0032  0.00000000000000000000E+0000  2.61378203774846180939E+0000  0.00000000000000000000E+0000  0.00000000000000000000E+0000  2.60531554939815668801E+0000  0.00000000000000000000E+0000  8.94578294178146682795E-0002  4.86957624983060583514E-0003  8.95282185664751808360E-0002  4.85738461944733411197E-0003 -1.36644378664176114784E-0013  1.32445934369201497266E+0000  0.00000000000000000000E+0000  7.28088918315812401706E-0005  2.87357709547775370862E-0004 -3.93395519264001116037E-0003
 7.93500000000000000022E-0008  6.10000000000000000013E-0001 -2.14440054379670976423E+0002  3.37534406394540520150E-0004 -2.14440054379670976423E+0002  1.00000000000000000000E+0000  8.67564301483898167155E-0001  1.03449116065960321014E+0000  7.79272467529950754435E-0001  0.00000000000000000000E+0000  2.18478658651365228283E+0002  0.00000000000000000000E+0000  3.46626014934754612207E-0008  3.95737710906785120506E-0004  8.61219438573519890379E-0032  0.00000000000000000000E+0000  2.61379232804156316858E+0000  0.00000000000000000000E+0000  0.00000000000000000000E+0000  2.60532538251049773713E+0000  0.00000000000000000000E+0000  8.94672932354367658294E-0002  4.86959454442000908938E-0003  8.95283615421400270388E-0002  4.85874084403974976892E-0003 -1.07600007066242771505E-0013  1.32447287941225405714E+0000  0.00000000000000000000E+0000  9.19469218613387475047E-0005  2.88024136690317748585E-0004 -4.08234673924506050896E-0003
 8.19400000000000000022E-0008  6.10000000000000000013E-0001 -2.14440931469633255468E+0002  3.09127172676618092070E-0004 -2.14440931469633255468E+0002  1.00000000000000000000E+0000  8.67568391803642037638E-0001  1.03449133050065772887E+0000  7.79288705903154717356E-0001  0.00000000000000000000E+0000  2.18478658651365228283E+0002  0.00000000000000000000E+0000  3.46711369502667938072E-0008  3.95740310936011793865E-0004  8.61852726997811231484E-0032  0.00000000000000000000E+0000  2.61380028837573854020E+0000  0.00000000000000000000E+0000  0.00000000000000000000E+0000  2.60533266164421574754E+0000  0.00000000000000000000E+0000  8.94756575317476573325E-0002  4.86960972937069162653E-0003  8.95284697617914076119E-0002  4.85996783675969850407E-0003 -7.93576845551241601379E-0014  1.32448466811907591772E+0000  0.00000000000000000000E+0000  1.10423857984940987605E-0004  2.88682270801211655923E-0004 -4.19634827831588324211E-0003
 8.45799999999999999976E-0008  6.10000000000000000013E-0001 -2.14441624107655835818E+0002  2.87286279815936915365E-0004 -2.14441624107655835818E+0002  1.00000000000000000000E+0000  8.67572523977289690651E-0001  1.03449146229484331282E+0000  7.79305136932444643492E-0001  0.00000000000000000000E+0000  2.18478658651365228283E+0002  0.00000000000000000000E+0000  3.46797556468655910305E-0008  3.95742306955507233656E-0004  8.62486900416624042096E-0032  0.00000000000000000000E+0000  2.61380634633605964221E+0000  0.00000000000000000000E+0000  0.00000000000000000000E+0000  2.60533786364545923804E+0000  0.00000000000000000000E+0000  8.94830384053871715126E-0002  4.86962240105934355317E-0003  8.95285498890146763760E-0002  4.86107748733158328175E-0003 -5.20004485293402616940E-0014  1.32449491720625981978E+0000  0.00000000000000000000E+0000  1.28191427873801082395E-0004  2.89329208417673446615E-0004 -4.28233568968369280663E-0003
 8.72700000000000000013E-0008  6.10000000000000000013E-0001 -2.14442171534433930508E+0002  2.70275212299792122766E-0004 -2.14442171534433930508E+0002  1.00000000000000000000E+0000  8.67576697694067883280E-0001  1.03449156380221497786E+0000  7.79321759201878241365E-0001  0.00000000000000000000E+0000  2.18478658651365228283E+0002  0.00000000000000000000E+0000  3.46884563309555449191E-0008  3.95743821802172164864E-0004  8.63121764423452153337E-0032  0.00000000000000000000E+0000  2.61381088215513573080E+0000  0.00000000000000000000E+0000  0.00000000000000000000E+0000  2.60534141600949430877E+0000  0.00000000000000000000E+0000  8.94895153606744795074E-0002  4.86963310122381873857E-0003  8.95286078574424933012E-0002  4.86207673664252443365E-0003 -2.54010427340741346281E-0014  1.32450392793402827926E+0000  0.00000000000000000000E+0000  1.45309346963055880046E-0004  2.89965915568786646563E-0004 -4.34619780668315402795E-0003
 9.00199999999999999980E-0008  6.10000000000000000013E-0001 -2.14442603165962833237E+0002  2.56704415902844945167E-0004 -2.14442603165962833237E+0002  1.00000000000000000000E+0000  8.67580928074913502676E-0001  1.03449164165698853212E+0000  7.79338632192128398491E-0001  0.00000000000000000000E+0000  2.18478658651365228283E+0002  0.00000000000000000000E+0000  3.46972699831820008739E-0008  3.95744960488441666204E-0004  8.63759436182569341097E-0032  0.00000000000000000000E+0000  2.61381421945236108143E+0000  0.00000000000000000000E+0000  0.00000000000000000000E+0000  2.60534367937592771991E+0000  0.00000000000000000000E+0000  8.94951892709033734247E-0002  4.86964230303359149133E-0003  8.95286486779966878726E-0002  4.86297612325510791606E-0003  3.58179283377784983491E-0016  1.32451203572596476509E+0000  0.00000000000000000000E+0000  1.61791937730190254877E-0004  2.90591835763094694048E-0004 -4.39212756525347226639E-0003
 9.28200000000000000031E-0008  6.10000000000000000013E-0001 -2.14442944871714970170E+0002  2.45728853460511160191E-0004 -2.14442944871714970170E+0002  1.00000000000000000000E+0000  8.67585199326245045792E-0001  1.03449170058380758650E+0000  7.79355691621578437593E-0001  0.00000000000000000000E+0000  2.18478658651365228283E+0002  0.00000000000000000000E+0000  3.47061630776016847777E-0008  3.95745797972416826676E-0004  8.64397313042586130083E-0032  0.00000000000000000000E+0000  2.61381658641260302702E+0000  0.00000000000000000000E+0000  0.00000000000000000000E+0000  2.60534491576058476045E+0000  0.00000000000000000000E+0000  8.95001413703319401732E-0002  4.86965031860704846076E-0003  8.95286759173727553820E-0002  4.86378359861595015679E-0003  2.54290924358388864470E-0014  1.32451937800618683050E+0000  0.00000000000000000000E+0000  1.77679516383702938738E-0004  2.91207273509849425828E-0004 -4.42425222223042815438E-0003
 9.56699999999999999971E-0008  6.10000000000000000013E-0001 -2.14443214610894743746E+0002  2.36613394553527015458E-0004 -2.14443214610894743746E+0002  1.00000000000000000000E+0000  8.67589511392822825399E-0001  1.03449174478069894632E+0000  7.79372935271751682924E-0001  0.00000000000000000000E+0000  2.18478658651365228283E+0002  0.00000000000000000000E+0000  3.47151350494144172620E-0008  3.95746400972802474923E-0004  8.65035217652672673849E-0032  0.00000000000000000000E+0000  2.61381818813405049470E+0000  0.00000000000000000000E+0000  0.00000000000000000000E+0000  2.60534536071486967483E+0000  0.00000000000000000000E+0000  8.95044402453594934829E-0002  4.86965743749732774068E-0003  8.95286927683872216840E-0002  4.86450552594861058400E-0003  4.95740217533689913145E-0014  1.32452607145131439324E+0000  0.00000000000000000000E+0000  1.92912108673705487274E-0004  2.91808767861879072146E-0004 -4.44509613786293973389E-0003
 9.85900000000000000014E-0008  6.10000000000000000013E-0001 -2.14443431461049481737E+0002  2.28813571328221682251E-0004 -2.14443431461049481737E+0002  1.00000000000000000000E+0000  8.67593893825299222961E-0001  1.03449177763267371067E+0000  7.79390479292168409211E-0001  0.00000000000000000000E+0000  2.18478658651365228283E+0002  0.00000000000000000000E+0000  3.47242466713097258625E-0008  3.95746822277568101034E-0004  8.65677201093629294930E-0032  0.00000000000000000000E+0000  2.61381918548399163065E+0000  0.00000000000000000000E+0000  0.00000000000000000000E+0000  2.60534519312274559250E+0000  0.00000000000000000000E+0000  8.95081712188222531910E-0002  4.86966391656910454809E-0003  8.95287016228406940402E-0002  4.86515158709865942471E-0003  7.32542869088264280033E-0014  1.32453238000738097286E+0000  0.00000000000000000000E+0000  2.07702827684607921866E-0004  2.92403646918704624636E-0004 -4.45756832221944647960E-0003
 1.01599999999999999999E-0007  6.10000000000000000013E-0001 -2.14443607366321206759E+0002  2.21955319458883972985E-0004 -2.14443607366321206759E+0002  1.00000000000000000000E+0000  8.67598375380268153065E-0001  1.03449180170267503198E+0000  7.79408436533762181574E-0001  0.00000000000000000000E+0000  2.18478658651365228283E+0002  0.00000000000000000000E+0000  3.47335569780308250660E-0008  3.95747101912535147799E-0004  8.66327044439414275418E-0032  0.00000000000000000000E+0000  2.61381969615844633715E+0000  0.00000000000000000000E+0000  0.00000000000000000000E+0000  2.60534454445616243121E+0000  0.00000000000000000000E+0000  8.95114162951869562248E-0002  4.86966995646072567819E-0003  8.95287042652058399222E-0002  4.86573177767304071773E-0003  9.64791174145740310194E-0014  1.32453832622224397346E+0000  0.00000000000000000000E+0000  2.22107100132138559332E-0004  2.92993421324793991391E-0004 -4.46324167177238499563E-0003
 1.04599999999999999998E-0007  6.10000000000000000013E-0001 -2.14443747971466803115E+0002  2.15992274427733756751E-0004 -2.14443747971466803115E+0002  1.00000000000000000000E+0000  8.67602807920190975243E-0001  1.03449181851936245369E+0000  7.79426209831171158367E-0001  0.00000000000000000000E+0000  2.18478658651365228283E+0002  0.00000000000000000000E+0000  3.47427579234238322661E-0008  3.95747267373351027195E-0004  8.66963211219597399342E-0032  0.00000000000000000000E+0000  2.61381979845063242376E+0000  0.00000000000000000000E+0000  0.00000000000000000000E+0000  2.60534353980259124166E+0000  0.00000000000000000000E+0000  8.95141899605227742354E-0002  4.86967552729435747707E-0003  8.95287022763222583251E-0002  4.86624448828983538726E-0003  1.18585326590597774237E-0013  1.32454384629881359017E+0000  0.00000000000000000000E+0000  2.35712805280992819705E-0004  2.93559849310695359113E-0004 -4.46359297764412059816E-0003
 1.07700000000000000001E-0007  6.10000000000000000013E-0001 -2.14443865481250898322E+0002  2.10541571164784788915E-0004 -2.14443865481250898322E+0002  1.00000000000000000000E+0000  8.67607353578883861561E-0001  1.03449183024855382044E+0000  7.79444445999279461232E-0001  0.00000000000000000000E+0000  2.18478658651365228283E+0002  0.00000000000000000000E+0000  3.47521854251909019529E-0008  3.95747349448309412937E-0004  8.67608670473755419965E-0032  0.00000000000000000000E+0000  2.61381960057209289166E+0000  0.00000000000000000000E+0000  0.00000000000000000000E+0000  2.60534227612299653190E+0000  0.00000000000000000000E+0000  8.95165570383834697125E-0002  4.86968092207200556611E-0003  8.95286967682227708085E-0002  4.86669731222677734733E-0003  1.40288221092042393003E-0013  1.32454928720911626889E+0000  0.00000000000000000000E+0000  2.48994601232852928160E-0004  2.94121784668816928257E-0004 -4.45983006648681433462E-0003
 1.10799999999999999998E-0007  6.10000000000000000013E-0001 -2.14443963272816926297E+0002  2.05632568540616216235E-0004 -2.14443963272816926297E+0002  1.00000000000000000000E+0000  8.67611866123327254031E-0001  1.03449183786432539274E+0000  7.79462554507101689372E-0001  0.00000000000000000000E+0000  2.18478658651365228283E+0002  0.00000000000000000000E+0000  3.47615358200061187970E-0008  3.95747366766721421470E-0004  8.68242529941740500816E-0032  0.00000000000000000000E+0000  2.61381914032325726434E+0000  0.00000000000000000000E+0000  0.00000000000000000000E+0000  2.60534082800538375861E+0000  0.00000000000000000000E+0000  8.95185744242942734572E-0002  4.86968606656729934075E-0003  8.95286887926753898248E-0002  4.86709726091776691728E-0003  1.61025245569443810414E-0013  1.32455443865717367410E+0000  0.00000000000000000000E+0000  2.61599178370736708634E-0004  2.94663095216213626523E-0004 -4.45303401165724977915E-0003
 1.14100000000000000002E-0007  6.10000000000000000013E-0001 -2.14444050860433858607E+0002  2.00896609332394450122E-0004 -2.14444050860433858607E+0002  1.00000000000000000000E+0000  8.67616634035905961596E-0001  1.03449184250644179994E+0000  7.79481689170837161850E-0001  0.00000000000000000000E+0000  2.18478658651365228283E+0002  0.00000000000000000000E+0000  3.47714054686213742350E-0008  3.95747330911086423325E-0004  8.68904485982334179508E-0032  0.00000000000000000000E+0000  2.61381846355489504173E+0000  0.00000000000000000000E+0000  0.00000000000000000000E+0000  2.60533920300519327134E+0000  0.00000000000000000000E+0000  8.95203123991405607087E-0002  4.86969130479070538613E-0003  8.95286782809969131753E-0002  4.86745472324451953008E-0003  1.82202545592760813357E-0013  1.32455971157116802073E+0000  0.00000000000000000000E+0000  2.74327131163510657070E-0004  2.95217874315347030648E-0004 -4.44354198622458509052E-0003
 1.17300000000000000002E-0007  6.10000000000000000013E-0001 -2.14444124989824152078E+0002  1.96671616045314774410E-0004 -2.14444124989824152078E+0002  1.00000000000000000000E+0000  8.67621225300671130339E-0001  1.03449184477313574847E+0000  7.79500111700284283988E-0001  0.00000000000000000000E+0000  2.18478658651365228283E+0002  0.00000000000000000000E+0000  3.47809001663055518744E-0008  3.95747261065324843197E-0004  8.69534686019347779033E-0032  0.00000000000000000000E+0000  2.61381759720388451903E+0000  0.00000000000000000000E+0000  0.00000000000000000000E+0000  2.60533751737882370470E+0000  0.00000000000000000000E+0000  8.95217785421967954568E-0002  4.86969627517886282722E-0003  8.95286669602813859565E-0002  4.86776842890664019888E-0003  2.01725888023257677343E-0013  1.32456458508290257300E+0000  0.00000000000000000000E+0000  2.86031666323072125990E-0004  2.95734882403111242822E-0004 -4.43246297936911532084E-0003
 1.20700000000000000003E-0007  6.10000000000000000013E-0001 -2.14444194385761942159E+0002  1.92554399547464171163E-0004 -2.14444194385761942159E+0002  1.00000000000000000000E+0000  8.67626068975492048974E-0001  1.03449184526298477787E+0000  7.79519538887644861428E-0001  0.00000000000000000000E+0000  2.18478658651365228283E+0002  0.00000000000000000000E+0000  3.47909060396315771207E-0008  3.95747157124732645241E-0004  8.70191437576556167781E-0032  0.00000000000000000000E+0000  2.61381658508370680783E+0000  0.00000000000000000000E+0000  0.00000000000000000000E+0000  2.60533574601485923413E+0000  0.00000000000000000000E+0000  8.95230115770108580866E-0002  4.86970141676240662611E-0003  8.95286539253124011956E-0002  4.86804284646215685395E-0003  2.21616596674299396383E-0013  1.32456968962977665496E+0000  0.00000000000000000000E+0000  2.97826994625977618876E-0004  2.96262805094855203267E-0004 -4.41960494557586487813E-0003
 1.24099999999999999998E-0007  6.10000000000000000013E-0001 -2.14444257853004443079E+0002  1.88697088579852636825E-0004 -2.14444257853004443079E+0002  1.00000000000000000000E+0000  8.67630879515608578604E-0001  1.03449184445577810419E+0000  7.79538820114291478871E-0001  0.00000000000000000000E+0000  2.18478658651365228283E+0002  0.00000000000000000000E+0000  3.48008324832251417851E-0008  3.95747033046362532474E-0004  8.70835648747356599869E-0032  0.00000000000000000000E+0000  2.61381541597028268153E+0000  0.00000000000000000000E+0000  0.00000000000000000000E+0000  2.60533394452571554129E+0000  0.00000000000000000000E+0000  8.95240579334004678419E-0002  4.86970648966711799670E-0003  8.95286403201800574310E-0002  4.86828595627528086610E-0003  2.40733667238880223866E-0013  1.32457458717893813136E+0000  0.00000000000000000000E+0000  3.09063555267122435116E-0004  2.96771817835853660840E-0004 -4.40570663035375822828E-0003
 1.27599999999999999996E-0007  6.10000000000000000013E-0001 -2.14444318255818699187E+0002  1.85022787129266515147E-0004 -2.14444318255818699187E+0002  1.00000000000000000000E+0000  8.67635798146596580438E-0001  1.03449184263037992706E+0000  7.79558515939510529211E-0001  0.00000000000000000000E+0000  2.18478658651365228283E+0002  0.00000000000000000000E+0000  3.48109702400401199782E-0008  3.95746890135386173986E-0004  8.71485928717819337842E-0032  0.00000000000000000000E+0000  2.61381412616674692166E+0000  0.00000000000000000000E+0000  0.00000000000000000000E+0000  2.60533212738442550944E+0000  0.00000000000000000000E+0000  8.95249287406820212117E-0002  4.86971164628322638021E-0003  8.95286259058867922602E-0002  4.86849735412634227106E-0003  2.59483650232564241082E-0013  1.32457958468917164497E+0000  0.00000000000000000000E+0000  3.20021182024118843663E-0004  2.97273961274533451631E-0004 -4.39081613940976703175E-0003
 1.31099999999999999994E-0007  6.10000000000000000013E-0001 -2.14444375539867513200E+0002  1.81582599100703209964E-0004 -2.14444375539867513200E+0002  1.00000000000000000000E+0000  8.67640685043045767030E-0001  1.03449184016339480253E+0000  7.79578061363168480532E-0001  0.00000000000000000000E+0000  2.18478658651365228283E+0002  0.00000000000000000000E+0000  3.48210308835937888347E-0008  3.95746737540806939587E-0004  8.72123760249502547926E-0032  0.00000000000000000000E+0000  2.61381272624564131774E+0000  0.00000000000000000000E+0000  0.00000000000000000000E+0000  2.60533033816255250718E+0000  0.00000000000000000000E+0000  8.95256500347331333003E-0002  4.86971677472776557345E-0003  8.95286113359303514756E-0002  4.86868089750499554060E-0003  2.77152962991590028516E-0013  1.32458452528251673010E+0000  0.00000000000000000000E+0000  3.30379710514327178054E-0004  2.97753677337901005322E-0004 -4.37537892920226700231E-0003
 1.34699999999999999996E-0007  6.10000000000000000013E-0001 -2.14444432132215009545E+0002  1.78268843472296241281E-0004 -2.14444432132215009545E+0002  1.00000000000000000000E+0000  8.67645679396489532685E-0001  1.03449183711201211022E+0000  7.79598007048449220401E-0001  0.00000000000000000000E+0000  2.18478658651365228283E+0002  0.00000000000000000000E+0000  3.48313000144698833889E-0008  3.95746573025936950790E-0004  8.72766939634655631610E-0032  0.00000000000000000000E+0000  2.61381122232350006189E+0000  0.00000000000000000000E+0000  0.00000000000000000000E+0000  2.60532856285431538529E+0000  0.00000000000000000000E+0000  8.95262457746401750676E-0002  4.86972200650853767495E-0003  8.95285961522435974031E-0002  4.86883995326604635815E-0003  2.94770707038688573140E-0013  1.32458945882780758645E+0000  0.00000000000000000000E+0000  3.40557252540206137074E-0004  2.98229690761502239302E-0004 -4.35931436559252387328E-0003
 1.38400000000000000002E-0007  6.10000000000000000013E-0001 -2.14444488647216747274E+0002  1.75057723393568576780E-0004 -2.14444488647216747274E+0002  1.00000000000000000000E+0000  8.67650780058745331891E-0001  1.03449183359065271387E+0000  7.79618341058216466168E-0001  0.00000000000000000000E+0000  2.18478658651365228283E+0002  0.00000000000000000000E+0000  3.48417741746473693207E-0008  3.95746398396881593676E-0004  8.73414773920358174044E-0032  0.00000000000000000000E+0000  2.61380959330766625567E+0000  0.00000000000000000000E+0000  0.00000000000000000000E+0000  2.60532680099123609726E+0000  0.00000000000000000000E+0000  8.95267414178881101291E-0002  4.86972734674900640185E-0003  8.95285804107231627630E-0002  4.86897935784313959390E-0003  3.12094890238301209135E-0013  1.32459447269132737121E+0000  0.00000000000000000000E+0000  3.50502337115464674563E-0004  2.98699213671478572969E-0004 -4.34262920664931322829E-0003
 1.42199999999999999998E-0007  6.10000000000000000013E-0001 -2.14444545511237447136E+0002  1.71959840650196024088E-0004 -2.14444545511237447136E+0002  1.00000000000000000000E+0000  8.67655985962988101625E-0001  1.03449182969534647127E+0000  7.79639051181077588767E-0001  0.00000000000000000000E+0000  2.18478658651365228283E+0002  0.00000000000000000000E+0000  3.48524500237006247080E-0008  3.95746215200404612411E-0004  8.74066588240920596198E-0032  0.00000000000000000000E+0000  2.61380783918664291840E+0000  0.00000000000000000000E+0000  0.00000000000000000000E+0000  2.60532506407817628720E+0000  0.00000000000000000000E+0000  8.95271503887793764585E-0002  4.86973280313886995096E-0003  8.95285641804525117717E-0002  4.86910103579892633187E-0003  3.29116425682984415067E-0013  1.32459954709466760892E+0000  0.00000000000000000000E+0000  3.60210568453220240875E-0004  2.99161611387812119176E-0004 -4.32542177877877581566E-0003
 1.46099999999999999998E-0007  6.10000000000000000013E-0001 -2.14444603064307680096E+0002  1.68953804309297185413E-0004 -2.14444603064307680096E+0002  1.00000000000000000000E+0000  8.67661295886999522442E-0001  1.03449182550325707993E+0000  7.79660123640351941220E-0001  0.00000000000000000000E+0000  2.18478658651365228283E+0002  0.00000000000000000000E+0000  3.48633236536829860948E-0008  3.95746024700700885672E-0004  8.74721614817417490073E-0032  0.00000000000000000000E+0000  2.61380595916816924409E+0000  0.00000000000000000000E+0000  0.00000000000000000000E+0000  2.60532336249310934092E+0000  0.00000000000000000000E+0000  8.95274848925578880959E-0002  4.86973838019280475693E-0003  8.95285474978864949066E-0002  4.86920683483822421040E-0003  3.46158810113569783154E-0013  1.32460462488315389520E+0000  0.00000000000000000000E+0000  3.69747291713370930301E-0004  2.99619621947528826601E-0004 -4.30774637952267395820E-0003
 1.49999999999999999998E-0007  6.10000000000000000013E-0001 -2.14444660103033523060E+0002  1.66132197424840086732E-0004 -2.14444660103033523060E+0002  1.00000000000000000000E+0000  8.67666574700335182222E-0001  1.03449182125717580884E+0000  7.79681016499829445310E-0001  0.00000000000000000000E+0000  2.18478658651365228283E+0002  0.00000000000000000000E+0000  3.48741184009501319117E-0008  3.95745833898092843519E-0004  8.75363308007344051036E-0032  0.00000000000000000000E+0000  2.61380398233136178798E+0000  0.00000000000000000000E+0000  0.00000000000000000000E+0000  2.60532174138350391436E+0000  0.00000000000000000000E+0000  8.95277523640776800668E-0002  4.86974396293504306909E-0003  8.95285309531032732244E-0002  4.86929742619987650277E-0003  3.61934923197222600714E-0013  1.32460984161127548063E+0000  0.00000000000000000000E+0000  3.78712742520053285246E-0004  3.00053518433457047308E-0004 -4.28995083345214748555E-0003
 1.54000000000000000001E-0007  6.10000000000000000013E-0001 -2.14444718331891164650E+0002  1.63408415920557966496E-0004 -2.14444718331891164650E+0002  1.00000000000000000000E+0000  8.67671957525049710293E-0001  1.03449181683195613095E+0000  7.79702256639392700746E-0001  0.00000000000000000000E+0000  2.18478658651365228283E+0002  0.00000000000000000000E+0000  3.48851094628678607103E-0008  3.95745637769797881158E-0004  8.76007756058385449482E-0032  0.00000000000000000000E+0000  2.61380190590218075032E+0000  0.00000000000000000000E+0000  0.00000000000000000000E+0000  2.60532017719870570083E+0000  0.00000000000000000000E+0000  8.95279657727414632251E-0002  4.86974966426163374090E-0003  8.95285139316046443009E-0002  4.86937498352756244128E-0003  3.77672641763552545090E-0013  1.32461499752047980852E+0000  0.00000000000000000000E+0000  3.87507793865397332354E-0004  3.00482201933402740652E-0004 -4.27182802025219056187E-0003
 1.58099999999999999996E-0007  6.10000000000000000013E-0001 -2.14444777826942024612E+0002  1.60762629534978114482E-0004 -2.14444777826942024612E+0002  1.00000000000000000000E+0000  8.67677443505931374548E-0001  1.03449181224153091848E+0000  7.79723830831314238280E-0001  0.00000000000000000000E+0000  2.18478658651365228283E+0002  0.00000000000000000000E+0000  3.48962938521221886996E-0008  3.95745436530344206199E-0004  8.76654357335137329221E-0032  0.00000000000000000000E+0000  2.61379969946371765502E+0000  0.00000000000000000000E+0000  0.00000000000000000000E+0000  2.60531866966393275248E+0000  0.00000000000000000000E+0000  8.95281360500556205263E-0002  4.86975548283444478769E-0003  8.95284964385444404259E-0002  4.86944213304246182468E-0003  3.93147332542633051819E-0013  1.32462025990965810381E+0000  0.00000000000000000000E+0000  3.96091778326914445952E-0004  3.00903445647965626979E-0004 -4.25332088512002484773E-0003
 1.62200000000000000003E-0007  6.10000000000000000013E-0001 -2.14444837315068139671E+0002  1.58258044338747969635E-0004 -2.14444837315068139671E+0002  1.00000000000000000000E+0000  8.67682899424627699313E-0001  1.03449180768600518276E+0000  7.79745208484615990327E-0001  0.00000000000000000000E+0000  2.18478658651365228283E+0002  0.00000000000000000000E+0000  3.49073995307709161428E-0008  3.95745236447808583729E-0004  8.77287391108465911443E-0032  0.00000000000000000000E+0000  2.61379739265528726090E+0000  0.00000000000000000000E+0000  0.00000000000000000000E+0000  2.60531725796153122883E+0000  0.00000000000000000000E+0000  8.95282681038101820224E-0002  4.86976130476160422093E-0003  8.95284790653247535707E-0002  4.86949947717341701151E-0003  4.08071703299629474089E-0013  1.32462546999412785907E+0000  0.00000000000000000000E+0000  4.04285633590087095824E-0004  3.01308085011464474587E-0004 -4.23481040429691107929E-0003
 1.66500000000000000004E-0007  6.10000000000000000013E-0001 -2.14444899412648945586E+0002  1.55784111915122007576E-0004 -2.14444899412648945586E+0002  1.00000000000000000000E+0000  8.67688589908109443951E-0001  1.03449180282375728147E+0000  7.79767413409250943518E-0001  0.00000000000000000000E+0000  2.18478658651365228283E+0002  0.00000000000000000000E+0000  3.49189631870116090643E-0008  3.95745026065721682110E-0004  8.77936788786419640067E-0032  0.00000000000000000000E+0000  2.61379494650322023491E+0000  0.00000000000000000000E+0000  0.00000000000000000000E+0000  2.60531588644027416223E+0000  0.00000000000000000000E+0000  8.95283718776426410801E-0002  4.86976735562397184560E-0003  8.95284606136722836586E-0002  4.86954911247443411519E-0003  4.23309261963135199597E-0013  1.32463084879756818105E+0000  0.00000000000000000000E+0000  4.12495843412544623185E-0004  3.01716065245402951361E-0004 -4.21569063441414122746E-0003
 1.70800000000000000006E-0007  6.10000000000000000013E-0001 -2.14444961623177502860E+0002  1.53442902674833720024E-0004 -2.14444961623177502860E+0002  1.00000000000000000000E+0000  8.67694250543048470326E-0001  1.03449179801744873403E+0000  7.79789405495303746181E-0001  0.00000000000000000000E+0000  2.18478658651365228283E+0002  0.00000000000000000000E+0000  3.49304470645885765121E-0008  3.95744817168650474252E-0004  8.78572291360685817862E-0032  0.00000000000000000000E+0000  2.61379236382783711017E+0000  0.00000000000000000000E+0000  0.00000000000000000000E+0000  2.60531461896638769082E+0000  0.00000000000000000000E+0000  8.95284496727841635423E-0002  4.86977341241027072750E-0003  8.95284423065703718067E-0002  4.86959194401874552464E-0003  4.37428228357262152048E-0013  1.32463631340630585867E+0000  0.00000000000000000000E+0000  4.20234516696622947989E-0004  3.02102861262286578801E-0004 -4.19649559445509217300E-0003
 1.75199999999999999998E-0007  6.10000000000000000013E-0001 -2.14445025219795289889E+0002  1.51192074397363787770E-0004 -2.14445025219795289889E+0002  1.00000000000000000000E+0000  8.67700012889634450975E-0001  1.03449179311159729952E+0000  7.79811686206687718320E-0001  0.00000000000000000000E+0000  2.18478658651365228283E+0002  0.00000000000000000000E+0000  3.49421168413024465576E-0008  3.95744604383872961361E-0004  8.79208382873415795827E-0032  0.00000000000000000000E+0000  2.61378967027692772065E+0000  0.00000000000000000000E+0000  0.00000000000000000000E+0000  2.60531343357240759715E+0000  0.00000000000000000000E+0000  8.95285073047750995225E-0002  4.86977958440715479707E-0003  8.95284235071808647043E-0002  4.86962859348523050465E-0003  4.51571351289999218914E-0013  1.32464172079164361606E+0000  0.00000000000000000000E+0000  4.27819165218049155400E-0004  3.02484076756818088304E-0004 -4.17707333287105311002E-0003
 1.79699999999999999994E-0007  6.10000000000000000013E-0001 -2.14445090208670896423E+0002  1.49005197302786608907E-0004 -2.14445090208670896423E+0002  1.00000000000000000000E+0000  8.67705876343090545203E-0001  1.03449178810381623719E+0000  7.79834241029392848403E-0001  0.00000000000000000000E+0000  2.18478658651365228283E+0002  0.00000000000000000000E+0000  3.49539698936602973312E-0008  3.95744387677966497647E-0004  8.79844555629251825597E-0032  0.00000000000000000000E+0000  2.61378683025464878041E+0000  0.00000000000000000000E+0000  0.00000000000000000000E+0000  2.60531233483929704729E+0000  0.00000000000000000000E+0000  8.95285485010889025268E-0002  4.86978586861712871602E-0003  8.95284042095523699639E-0002  4.86966036985731705035E-0003  4.65500659883885561752E-0013  1.32464723786401978982E+0000  0.00000000000000000000E+0000  4.35213443932432552981E-0004  3.02857781892606947674E-0004 -4.15732138175857680047E-0003
 1.84299999999999999994E-0007  6.10000000000000000013E-0001 -2.14445156597226425241E+0002  1.46885173736462789979E-0004 -2.14445156597226425241E+0002  1.00000000000000000000E+0000  8.67711840157404241480E-0001  1.03449178299836406472E+0000  7.79857053522860714024E-0001  0.00000000000000000000E+0000  2.18478658651365228283E+0002  0.00000000000000000000E+0000  3.49660029824298793722E-0008  3.95744167161138180234E-0004  8.80480204738441359970E-0032  0.00000000000000000000E+0000  2.61378383935877155967E+0000  0.00000000000000000000E+0000  0.00000000000000000000E+0000  2.60531132932554593869E+0000  0.00000000000000000000E+0000  8.95285761955899472519E-0002  4.86979226566773265110E-0003  8.95283844252844537081E-0002  4.86968798086940469210E-0003  4.79551065506041364499E-0013  1.32465275514911301144E+0000  0.00000000000000000000E+0000  4.42465745102155851602E-0004  3.03226322305963277580E-0004 -4.13728247375791398500E-0003
 1.88999999999999999997E-0007  6.10000000000000000013E-0001 -2.14445224250805791963E+0002  1.44846503392039137575E-0004 -2.14445224250805791963E+0002  1.00000000000000000000E+0000  8.67717904053290277301E-0001  1.03449177780296080857E+0000  7.79880110153781901257E-0001  0.00000000000000000000E+0000  2.18478658651365228283E+0002  0.00000000000000000000E+0000  3.49782143535393236993E-0008  3.95743942990047333408E-0004  8.81114986147013971546E-0032  0.00000000000000000000E+0000  2.61378069348568032129E+0000  0.00000000000000000000E+0000  0.00000000000000000000E+0000  2.60531042358658072953E+0000  0.00000000000000000000E+0000  8.95285928662494906157E-0002  4.86979877585189967027E-0003  8.95283641585014801034E-0002  4.86971205589496101470E-0003  4.93076635394195303145E-0013  1.32465847742962134685E+0000  0.00000000000000000000E+0000  4.49476616218201888257E-0004  3.03584563011972438006E-0004 -4.11693073602849661093E-0003
 1.93800000000000000004E-0007  6.10000000000000000013E-0001 -2.14445293322394253108E+0002  1.42881795433854581471E-0004 -2.14445293322394253108E+0002  1.00000000000000000000E+0000  8.67724067615705746479E-0001  1.03449177252510901321E+0000  7.79903395690281820622E-0001  0.00000000000000000000E+0000  2.18478658651365228283E+0002  0.00000000000000000000E+0000  3.49906015713376612005E-0008  3.95743715335069338385E-0004  8.81748448490138985178E-0032  0.00000000000000000000E+0000  2.61377738855117765183E+0000  0.00000000000000000000E+0000  0.00000000000000000000E+0000  2.60530962421196079929E+0000  0.00000000000000000000E+0000  8.95286005713051178276E-0002  4.86980539802966018002E-0003  8.95283434041492984281E-0002  4.86973314969575660189E-0003  5.06382268085552590971E-0013  1.32466420469103473016E+0000  0.00000000000000000000E+0000  4.56295098607002493245E-0004  3.03934879114653536112E-0004 -4.09629272115062571104E-0003
 1.98599999999999999998E-0007  6.10000000000000000013E-0001 -2.14445362397022414036E+0002  1.41026959369518995163E-0004 -2.14445362397022414036E+0002  1.00000000000000000000E+0000  8.67730203344927521994E-0001  1.03449176735699894755E+0000  7.79926421651328917971E-0001  0.00000000000000000000E+0000  2.18478658651365228283E+0002  0.00000000000000000000E+0000  3.50029081253859401028E-0008  3.95743490215336459725E-0004  8.82367654005492288078E-0032  0.00000000000000000000E+0000  2.61377396206075661889E+0000  0.00000000000000000000E+0000  0.00000000000000000000E+0000  2.60530895887908513567E+0000  0.00000000000000000000E+0000  8.95286005064230753399E-0002  4.86981202059221632234E-0003  8.95283227429079652045E-0002  4.86975152878618184193E-0003  5.18947920177621642565E-0013  1.32466996574898556620E+0000  0.00000000000000000000E+0000  4.62759974594335595739E-0004  3.04268829199470667085E-0004 -4.07567053101979471531E-0003
 2.03599999999999999999E-0007  6.10000000000000000013E-0001 -2.14445434143939763619E+0002  1.39198738114044371082E-0004 -2.14445434143939763619E+0002  1.00000000000000000000E+0000  8.67736565731179175639E-0001  1.03449176192919936297E+0000  7.79950123722539208847E-0001  0.00000000000000000000E+0000  2.18478658651365228283E+0002  0.00000000000000000000E+0000  3.50156416777308499836E-0008  3.95743256030857512165E-0004  8.82997501790131827526E-0032  0.00000000000000000000E+0000  2.61377036530025428480E+0000  0.00000000000000000000E+0000  0.00000000000000000000E+0000  2.60530838242650293591E+0000  0.00000000000000000000E+0000  8.95285959808363745422E-0002  4.86981885257897644363E-0003  8.95283009250923052190E-0002  4.86976795995791652957E-0003  5.32160488457161738392E-0013  1.32467571608537553829E+0000  0.00000000000000000000E+0000  4.69246832121916090264E-0004  3.04605816469864549633E-0004 -4.05454708901064778317E-0003
 2.08700000000000000004E-0007  6.10000000000000000013E-0001 -2.14445507138814218925E+0002  1.37431702974543129891E-0004 -2.14445507138814218925E+0002  1.00000000000000000000E+0000  8.67743026805091341555E-0001  1.03449175641618907598E+0000  7.79974007247143941754E-0001  0.00000000000000000000E+0000  2.18478658651365228283E+0002  0.00000000000000000000E+0000  3.50285442054007971523E-0008  3.95743018405349403839E-0004  8.83624802756483250627E-0032  0.00000000000000000000E+0000  2.61376655820944862191E+0000  0.00000000000000000000E+0000  0.00000000000000000000E+0000  2.60530793799364328756E+0000  0.00000000000000000000E+0000  8.95285858540392698576E-0002  4.86982579290940073839E-0003  8.95282786300880492432E-0002  4.86978281224072523679E-0003  5.44927252732074172045E-0013  1.32468167526288760024E+0000  0.00000000000000000000E+0000  4.75515876968628116881E-0004  3.04933421021375150133E-0004 -4.03306848763476418585E-0003
 2.13899999999999999999E-0007  6.10000000000000000013E-0001 -2.14445581385383601064E+0002  1.35737349669278148803E-0004 -2.14445581385383601064E+0002  1.00000000000000000000E+0000  8.67749586364906561129E-0001  1.03449175083715568500E+0000  7.79998056020789797666E-0001  0.00000000000000000000E+0000  2.18478658651365228283E+0002  0.00000000000000000000E+0000  3.50416135296210540921E-0008  3.95742777741633883897E-0004  8.84249185723456288087E-0032  0.00000000000000000000E+0000  2.61376257506228736028E+0000  0.00000000000000000000E+0000  0.00000000000000000000E+0000  2.60530762554897738761E+0000  0.00000000000000000000E+0000  8.95285718862161821049E-0002  4.86983284243602479581E-0003  8.95282558548004746518E-0002  4.86979625312926366116E-0003  5.57516838399341133578E-0013  1.32468765563055991823E+0000  0.00000000000000000000E+0000  4.81600992081008600012E-0004  3.05253344868424009139E-0004 -4.01133713936776294234E-0003
 2.19099999999999999995E-0007  6.10000000000000000013E-0001 -2.14445655576600367337E+0002  1.34128310977492451082E-0004 -2.14445655576600367337E+0002  1.00000000000000000000E+0000  8.67756119066556990793E-0001  1.03449174538913448427E+0000  7.80021802245112660414E-0001  0.00000000000000000000E+0000  2.18478658651365228283E+0002  0.00000000000000000000E+0000  3.50545992664523161779E-0008  3.95742540081839244558E-0004  8.84858832828284258387E-0032  0.00000000000000000000E+0000  2.61375845797216998004E+0000  0.00000000000000000000E+0000  0.00000000000000000000E+0000  2.60530746718627689807E+0000  0.00000000000000000000E+0000  8.95285544844716703797E-0002  4.86983989041060500222E-0003  8.95282331717005726900E-0002  4.86980839630958342647E-0003  5.69769186865595089789E-0013  1.32469360073418172146E+0000  0.00000000000000000000E+0000  4.87406979222685907935E-0004  3.05560487100586179849E-0004 -3.98963004264304886640E-0003
 2.24499999999999999998E-0007  6.10000000000000000013E-0001 -2.14445732212753529811E+0002  1.32562563225270223956E-0004 -2.14445732212753529811E+0002  1.00000000000000000000E+0000  8.67762875669389773252E-0001  1.03449173969364426463E+0000  7.80046137955962027037E-0001  0.00000000000000000000E+0000  2.18478658651365228283E+0002  0.00000000000000000000E+0000  3.50679974663028664112E-0008  3.95742293812899625238E-0004  8.85476620740075026240E-0032  0.00000000000000000000E+0000  2.61375415340863672753E+0000  0.00000000000000000000E+0000  0.00000000000000000000E+0000  2.60530742340086752108E+0000  0.00000000000000000000E+0000  8.95285358710938242261E-0002  4.86984713747514983092E-0003  8.95282093060086018809E-0002  4.86981972495671333342E-0003  5.82012981307330212472E-0013  1.32469972497143247017E+0000  0.00000000000000000000E+0000  4.93133739179319123471E-0004  3.05865452278858298569E-0004 -3.96743195519438847218E-0003
 2.30000000000000000004E-0007  6.10000000000000000013E-0001 -2.14445810161335761165E+0002  1.31045055391239001601E-0004 -2.14445810161335761165E+0002  1.00000000000000000000E+0000  8.67769730441890000652E-0001  1.03449173392675472689E+0000  7.80070589198950210688E-0001  0.00000000000000000000E+0000  2.18478658651365228283E+0002  0.00000000000000000000E+0000  3.50815562308686643416E-0008  3.95742044522726161456E-0004  8.86090482493702846251E-0032  0.00000000000000000000E+0000  2.61374961786546539610E+0000  0.00000000000000000000E+0000  0.00000000000000000000E+0000  2.60530754189446150351E+0000  0.00000000000000000000E+0000  8.95285142182310000414E-0002  4.86985448611028726524E-0003  8.95281849482979795495E-0002  4.86983038951411047565E-0003  5.94148116802524633633E-0013  1.32470585301685216876E+0000  0.00000000000000000000E+0000  4.98692306347565056828E-0004  3.06163499990630443646E-0004 -3.94492931098709226488E-0003
 2.35600000000000000001E-0007  6.10000000000000000013E-0001 -2.14445889185844728753E+0002  1.29591049048274148184E-0004 -2.14445889185844728753E+0002  1.00000000000000000000E+0000  8.67776683388840075982E-0001  1.03449172810621798009E+0000  7.80095139069147621791E-0001  0.00000000000000000000E+0000  2.18478658651365228283E+0002  0.00000000000000000000E+0000  3.50952735984483087139E-0008  3.95741792593313013114E-0004  8.86700121244192739599E-0032  0.00000000000000000000E+0000  2.61374488966203757131E+0000  0.00000000000000000000E+0000  0.00000000000000000000E+0000  2.60530781725613918513E+0000  0.00000000000000000000E+0000  8.95284908641674594671E-0002  4.86986193666804399985E-0003  8.95281600950291105311E-0002  4.86984047152078891968E-0003  6.06159341944780791471E-0013  1.32471205740913917633E+0000  0.00000000000000000000E+0000  5.04079475836770195797E-0004  3.06454452286256561886E-0004 -3.92219308313588437037E-0003
 2.41299999999999999989E-0007  6.10000000000000000013E-0001 -2.14445969332156784110E+0002  1.28191462144309168053E-0004 -2.14445969332156784110E+0002  1.00000000000000000000E+0000  8.67783734573058223606E-0001  1.03449172223903369371E+0000  7.80119770610345268983E-0001  0.00000000000000000000E+0000  2.18478658651365228283E+0002  0.00000000000000000000E+0000  3.51091476397924904044E-0008  3.95741538197918062243E-0004  8.87305254531593659960E-0032  0.00000000000000000000E+0000  2.61373996505126747958E+0000  0.00000000000000000000E+0000  0.00000000000000000000E+0000  2.60530825571003163453E+0000  0.00000000000000000000E+0000  8.95284660967749346111E-0002  4.86986948492446428750E-0003  8.95281347242341163140E-0002  4.86985010269441439653E-0003  6.18047603547983235559E-0013  1.32471831369203954618E+0000  0.00000000000000000000E+0000  5.09297783097997076910E-0004  3.06738430005468362147E-0004 -3.89920982655309773862E-0003
 2.47200000000000000010E-0007  6.10000000000000000013E-0001 -2.14446051828389082958E+0002  1.26828469605161509680E-0004 -2.14446051828389082958E+0002  1.00000000000000000000E+0000  8.67791007016040061729E-0001  1.03449171613536969403E+0000  7.80144886815423196165E-0001  0.00000000000000000000E+0000  2.18478658651365228283E+0002  0.00000000000000000000E+0000  3.51234169529480912012E-0008  3.95741275622540185254E-0004  8.87915725717186432467E-0032  0.00000000000000000000E+0000  2.61373478852857319570E+0000  0.00000000000000000000E+0000  0.00000000000000000000E+0000  2.60530885481942144034E+0000  0.00000000000000000000E+0000  8.95284403677345851991E-0002  4.86987722999007500402E-0003  8.95281082200633473010E-0002  4.86985951124154263313E-0003  6.29970021935319110700E-0013  1.32472470856422187835E+0000  0.00000000000000000000E+0000  5.14427815983249426159E-0004  3.07019872658937359181E-0004 -3.87571448891479354420E-0003
 2.53100000000000000006E-0007  6.10000000000000000013E-0001 -2.14446134205926867949E+0002  1.25528349306771222726E-0004 -2.14446134205926867949E+0002  1.00000000000000000000E+0000  8.67798254689846892366E-0001  1.03449171018556323575E+0000  7.80169624301740346768E-0001  0.00000000000000000000E+0000  2.18478658651365228283E+0002  0.00000000000000000000E+0000  3.51375972283500234632E-0008  3.95741016572576822289E-0004  8.88510808763993497076E-0032  0.00000000000000000000E+0000  2.61372941143886695849E+0000  0.00000000000000000000E+0000  0.00000000000000000000E+0000  2.60530965851689023634E+0000  0.00000000000000000000E+0000  8.95284124076230479572E-0002  4.86988497557522026596E-0003  8.95280818661531852237E-0002  4.86986857023995399571E-0003  6.41674831068364306162E-0013  1.32473104584398463084E+0000  0.00000000000000000000E+0000  5.19318838982781337013E-0004  3.07290436962534411424E-0004 -3.85220640040948939162E-0003
 2.59200000000000000008E-0007  6.10000000000000000013E-0001 -2.14446218748591025394E+0002  1.24274431060494351811E-0004 -2.14446218748591025394E+0002  1.00000000000000000000E+0000  8.67805723246801896512E-0001  1.03449170401584228070E+0000  7.80194799179376967629E-0001  0.00000000000000000000E+0000  2.18478658651365228283E+0002  0.00000000000000000000E+0000  3.51521661502015080367E-0008  3.95740749812648611096E-0004  8.89110237278949602274E-0032  0.00000000000000000000E+0000  2.61372381966880603277E+0000  0.00000000000000000000E+0000  0.00000000000000000000E+0000  2.60531061942458873055E+0000  0.00000000000000000000E+0000  8.95283847622288015514E-0002  4.86989290899413443585E-0003  8.95280543351552703096E-0002  4.86987752124026244822E-0003  6.53389662567158739063E-0013  1.32473755392953543861E+0000  0.00000000000000000000E+0000  5.24115672134194774214E-0004  3.07558166020403951383E-0004 -3.82826993352889968474E-0003
 2.65300000000000000011E-0007  6.10000000000000000013E-0001 -2.14446303200340685852E+0002  1.23072243589398624881E-0004 -2.14446303200340685852E+0002  1.00000000000000000000E+0000  8.67813168395920421679E-0001  1.03449169799893287043E+0000  7.80219574283675348209E-0001  0.00000000000000000000E+0000  2.18478658651365228283E+0002  0.00000000000000000000E+0000  3.51666454670245713487E-0008  3.95740486630972031193E-0004  8.89694344953104049614E-0032  0.00000000000000000000E+0000  2.61371801932837049707E+0000  0.00000000000000000000E+0000  0.00000000000000000000E+0000  2.60531179606873986888E+0000  0.00000000000000000000E+0000  8.95283551330206878096E-0002  4.86990083543170466398E-0003  8.95280269204456060581E-0002  4.86988625686726626472E-0003  6.64906321385437415360E-0013  1.32474397935935639251E+0000  0.00000000000000000000E+0000  5.28687199817265705255E-0004  3.07815647313420186892E-0004 -3.80432599731673587571E-0003
 2.71700000000000000011E-0007  6.10000000000000000013E-0001 -2.14446390979151500389E+0002  1.21891243412500662955E-0004 -2.14446390979151500389E+0002  1.00000000000000000000E+0000  8.67820955586093098261E-0001  1.03449169156378562029E+0000  7.80245130100138933936E-0001  0.00000000000000000000E+0000  2.18478658651365228283E+0002  0.00000000000000000000E+0000  3.51817408406795246853E-0008  3.95740210074602871364E-0004  8.90290862879361416055E-0032  0.00000000000000000000E+0000  2.61371194022811950144E+0000  0.00000000000000000000E+0000  0.00000000000000000000E+0000  2.60531313881748527754E+0000  0.00000000000000000000E+0000  8.95283261246869291157E-0002  4.86990903931469942040E-0003  8.95279976929785344691E-0002  4.86989509953125373582E-0003  6.76947604666951048187E-0013  1.32475059399511205065E+0000  0.00000000000000000000E+0000  5.33256534305633700502E-0004  3.08075565850986239583E-0004 -3.77973067849313068337E-0003
 2.78100000000000000012E-0007  6.10000000000000000013E-0001 -2.14446478557126352163E+0002  1.20769817069390489665E-0004 -2.14446478557126352163E+0002  1.00000000000000000000E+0000  8.67828720238191297486E-0001  1.03449168529490668220E+0000  7.80270252239544487695E-0001  0.00000000000000000000E+0000  2.18478658651365228283E+0002  0.00000000000000000000E+0000  3.51967433207547719293E-0008  3.95739937334597147882E-0004  8.90871701785301373077E-0032  0.00000000000000000000E+0000  2.61370559310801078194E+0000  0.00000000000000000000E+0000  0.00000000000000000000E+0000  2.60531473619894433989E+0000  0.00000000000000000000E+0000  8.95282943338300574390E-0002  4.86991724563231231410E-0003  8.95279686664873993143E-0002  4.86990382938771543729E-0003  6.88495422927052219923E-0013  1.32475721310741279967E+0000  0.00000000000000000000E+0000  5.37582806473385534013E-0004  3.08324163288922492241E-0004 -3.75505476574663876665E-0003
 2.84600000000000000003E-0007  6.10000000000000000013E-0001 -2.14446566929999678758E+0002  1.19711784922131563322E-0004 -2.14446566929999678758E+0002  1.00000000000000000000E+0000  8.67836584722258757001E-0001  1.03449167901466107836E+0000  7.80295326622946384498E-0001  0.00000000000000000000E+0000  2.18478658651365228283E+0002  0.00000000000000000000E+0000  3.52118879188397597454E-0008  3.95739663138682632442E-0004  8.91446143593951750901E-0032  0.00000000000000000000E+0000  2.61369907126619077306E+0000  0.00000000000000000000E+0000  0.00000000000000000000E+0000  2.60531651871807553873E+0000  0.00000000000000000000E+0000  8.95282629295809954050E-0002  4.86992553474734356664E-0003  8.95279390868228364139E-0002  4.86991250405317181263E-0003  6.99552574194496616261E-0013  1.32476392617261472468E+0000  0.00000000000000000000E+0000  5.41726765188464158948E-0004  3.08564789215339327977E-0004 -3.73025406524606501417E-0003
 2.91300000000000000002E-0007  6.10000000000000000013E-0001 -2.14446657545732660838E+0002  1.18650231137487213962E-0004 -2.14446657545732660838E+0002  1.00000000000000000000E+0000  8.67844669766264772699E-0001  1.03449167251584285803E+0000  7.80320703933071049743E-0001  0.00000000000000000000E+0000  2.18478658651365228283E+0002  0.00000000000000000000E+0000  3.52274018181830031278E-0008  3.95739381627574636508E-0004  8.92022185244706644648E-0032  0.00000000000000000000E+0000  2.61369226079442699561E+0000  0.00000000000000000000E+0000  0.00000000000000000000E+0000  2.60531851716741873746E+0000  0.00000000000000000000E+0000  8.95282310709541913961E-0002  4.86993399503136541452E-0003  8.95279083174890959713E-0002  4.86992128665973937047E-0003  7.11407595329755951914E-0013  1.32477057571895173163E+0000  0.00000000000000000000E+0000  5.45828715131186345289E-0004  3.08805593369619733806E-0004 -3.70503873370170904573E-0003
 2.98200000000000000007E-0007  6.10000000000000000013E-0001 -2.14446750087362981135E+0002  1.17640646509681816422E-0004 -2.14446750087362981135E+0002  1.00000000000000000000E+0000  8.67852975278776831705E-0001  1.03449166580539439670E+0000  7.80346349223691756200E-0001  0.00000000000000000000E+0000  2.18478658651365228283E+0002  0.00000000000000000000E+0000  3.52432799573565561211E-0008  3.95739092923785013794E-0004  8.92599116661079619213E-0032  0.00000000000000000000E+0000  2.61368510174204133831E+0000  0.00000000000000000000E+0000  0.00000000000000000000E+0000  2.60532077007991993566E+0000  0.00000000000000000000E+0000  8.95281978335176179847E-0002  4.86994263703409557038E-0003  8.95278764549853054011E-0002  4.86993020980933258072E-0003  7.23020173647483973944E-0013  1.32477746234577171882E+0000  0.00000000000000000000E+0000  5.49812295980113049043E-0004  3.09042203272386505446E-0004 -3.67931931348146341734E-0003
 3.05099999999999999987E-0007  6.10000000000000000013E-0001 -2.14446842302802415742E+0002  1.16671647880216858209E-0004 -2.14446842302802415742E+0002  1.00000000000000000000E+0000  8.67861261465847503899E-0001  1.03449165929786537584E+0000  7.80371508845905502460E-0001  0.00000000000000000000E+0000  2.18478658651365228283E+0002  0.00000000000000000000E+0000  3.52590616994004840129E-0008  3.95738808849986966823E-0004  8.93160290066762982545E-0032  0.00000000000000000000E+0000  2.61367770937811577355E+0000  0.00000000000000000000E+0000  0.00000000000000000000E+0000  2.60532328154877835364E+0000  0.00000000000000000000E+0000  8.95281630169546118215E-0002  4.86995127769788065305E-0003  8.95278447849721354486E-0002  4.86993906821080477556E-0003  7.34484406852198411260E-0013  1.32478426992628914045E+0000  0.00000000000000000000E+0000  5.53598432149833433220E-0004  3.09269741610427951104E-0004 -3.65362018874762162353E-0003
 3.12200000000000000000E-0007  6.10000000000000000013E-0001 -2.14446936387558807810E+0002  1.15740016692095530507E-0004 -2.14446936387558807810E+0002  1.00000000000000000000E+0000  8.67869769163599825035E-0001  1.03449165260385204609E+0000  7.80396890293449824964E-0001  0.00000000000000000000E+0000  2.18478658651365228283E+0002  0.00000000000000000000E+0000  3.52752018017510553019E-0008  3.95738518283055411608E-0004  8.93721682130515128760E-0032  0.00000000000000000000E+0000  2.61367006836225157008E+0000  0.00000000000000000000E+0000  0.00000000000000000000E+0000  2.60532600532809967752E+0000  0.00000000000000000000E+0000  8.95281287865744949283E-0002  4.86996008155907769171E-0003  8.95278119104402174197E-0002  4.86994804149026606673E-0003  7.45990585932671697785E-0013  1.32479120063120589675E+0000  0.00000000000000000000E+0000  5.57287418298816660546E-0004  3.09494201920819011312E-0004 -3.62757355816717959837E-0003
 3.19499999999999999995E-0007  6.10000000000000000013E-0001 -2.14447032467715130985E+0002  1.14827665047086543899E-0004 -2.14447032467715130985E+0002  1.00000000000000000000E+0000  8.67878498545432921119E-0001  1.03449164571499874134E+0000  7.80422456588222312557E-0001  0.00000000000000000000E+0000  2.18478658651365228283E+0002  0.00000000000000000000E+0000  3.52916945943439069063E-0008  3.95738221076496734670E-0004  8.94282538581036167435E-0032  0.00000000000000000000E+0000  2.61366206062856576637E+0000  0.00000000000000000000E+0000  0.00000000000000000000E+0000  2.60532901245197998975E+0000  0.00000000000000000000E+0000  8.95280932200443554681E-0002  4.86996905428430574421E-0003  8.95277779127554580431E-0002  4.86995718205318566881E-0003  7.57600974231604091816E-0013  1.32479819358778878847E+0000  0.00000000000000000000E+0000  5.60881979189169335598E-0004  3.09715742049811674420E-0004 -3.60107139176191409978E-0003
 3.26900000000000000006E-0007  6.10000000000000000013E-0001 -2.14447129239563405959E+0002  1.13949602795765691463E-0004 -2.14447129239563405959E+0002  1.00000000000000000000E+0000  8.67887330754741013529E-0001  1.03449163884818807243E+0000  7.80447834494720398013E-0001  0.00000000000000000000E+0000  2.18478658651365228283E+0002  0.00000000000000000000E+0000  3.53083111859000870749E-0008  3.95737923274265709514E-0004  8.94834875017118599667E-0032  0.00000000000000000000E+0000  2.61365374369511835437E+0000  0.00000000000000000000E+0000  0.00000000000000000000E+0000  2.60533230677242041442E+0000  0.00000000000000000000E+0000  8.95280562693935826334E-0002  4.86997811144729113563E-0003  8.95277434773777146845E-0002  4.86996638249730169218E-0003  7.69219113515313797856E-0013  1.32480522025354255833E+0000  0.00000000000000000000E+0000  5.64337970887656125735E-0004  3.09931564771713465963E-0004 -3.57436701145664735800E-0003
 3.34400000000000000008E-0007  6.10000000000000000013E-0001 -2.14447226647373516986E+0002  1.13108630546850857934E-0004 -2.14447226647373516986E+0002  1.00000000000000000000E+0000  8.67896266857101516493E-0001  1.03449163200964594674E+0000  7.80473009309951463596E-0001  0.00000000000000000000E+0000  2.18478658651365228283E+0002  0.00000000000000000000E+0000  3.53250501134640514748E-0008  3.95737625105245407672E-0004  8.95378639473187401133E-0032  0.00000000000000000000E+0000  2.61364517161764316005E+0000  0.00000000000000000000E+0000  0.00000000000000000000E+0000  2.60533586091093484678E+0000  0.00000000000000000000E+0000  8.95280188926198180276E-0002  4.86998724170613315616E-0003  8.95277085354332583447E-0002  4.86997562643554498692E-0003  7.80815527056426820228E-0013  1.32481228007905696528E+0000  0.00000000000000000000E+0000  5.67657373917943745212E-0004  3.10141683543840094024E-0004 -3.54752307005192125909E-0003
 3.42099999999999999991E-0007  6.10000000000000000013E-0001 -2.14447325824884629075E+0002  1.12293475484921447626E-0004 -2.14447325824884629075E+0002  1.00000000000000000000E+0000  8.67905426805355115195E-0001  1.03449162499516855013E+0000  7.80498288559963962648E-0001  0.00000000000000000000E+0000  2.18478658651365228283E+0002  0.00000000000000000000E+0000  3.53421304941191010981E-0008  3.95737320939438585611E-0004  8.95920636756101951902E-0032  0.00000000000000000000E+0000  2.61363627466299335358E+0000  0.00000000000000000000E+0000  0.00000000000000000000E+0000  2.60533969114040565569E+0000  0.00000000000000000000E+0000  8.95279811442814595706E-0002  4.86999652532950595871E-0003  8.95276724212276047256E-0002  4.86998502083804968736E-0003  7.92495976989529599813E-0013  1.32481941508800344981E+0000  0.00000000000000000000E+0000  5.70882208834748236880E-0004  3.10348703191342007739E-0004 -3.52032336419601521000E-0003
 3.49899999999999999991E-0007  6.10000000000000000013E-0001 -2.14447425638437411025E+0002  1.11504399251265915167E-0004 -2.14447425638437411025E+0002  1.00000000000000000000E+0000  8.67914692633657652268E-0001  1.03449161800325720390E+0000  7.80523322366031943554E-0001  0.00000000000000000000E+0000  2.18478658651365228283E+0002  0.00000000000000000000E+0000  3.53593275741541655756E-0008  3.95737016395379635756E-0004  8.96453576193143167608E-0032  0.00000000000000000000E+0000  2.61362705434121908913E+0000  0.00000000000000000000E+0000  0.00000000000000000000E+0000  2.60534383021534418569E+0000  0.00000000000000000000E+0000  8.95279420330398841466E-0002  4.87000587985577799464E-0003  8.95276358342155363933E-0002  4.86999448303443284076E-0003  8.04196629767666398870E-0013  1.32482655505016027329E+0000  0.00000000000000000000E+0000  5.73977946390580795706E-0004  3.10550297110697431150E-0004 -3.49295137092547662009E-0003
 3.57899999999999999998E-0007  6.10000000000000000013E-0001 -2.14447527064884030143E+0002  1.10730280301686276758E-0004 -2.14447527064884030143E+0002  1.00000000000000000000E+0000  8.67924184097585494084E-0001  1.03449161084684907331E+0000  7.80548401215163736313E-0001  0.00000000000000000000E+0000  2.18478658651365228283E+0002  0.00000000000000000000E+0000  3.53768570676899068105E-0008  3.95736706240405368497E-0004  8.96983785404375233551E-0032  0.00000000000000000000E+0000  2.61361749990373291581E+0000  0.00000000000000000000E+0000  0.00000000000000000000E+0000  2.60534826158697391252E+0000  0.00000000000000000000E+0000  8.95279025485482051142E-0002  4.87001538427292746960E-0003  8.95275980994038603621E-0002  4.87000408946980314666E-0003  8.16421695456152496853E-0013  1.32483375177253705104E+0000  0.00000000000000000000E+0000  5.76997270508588026690E-0004  3.10749857021242265412E-0004 -3.46526059928926985587E-0003
 3.66100000000000000012E-0007  6.10000000000000000013E-0001 -2.14447630080983632814E+0002  1.09999228610625236469E-0004 -2.14447630080983632814E+0002  1.00000000000000000000E+0000  8.67933902255515871550E-0001  1.03449160353846887910E+0000  7.80573493605918533806E-0001  0.00000000000000000000E+0000  2.18478658651365228283E+0002  0.00000000000000000000E+0000  3.53947142546900053049E-0008  3.95736390706044486757E-0004  8.97510780236460232513E-0032  0.00000000000000000000E+0000  2.61360754449717707141E+0000  0.00000000000000000000E+0000  0.00000000000000000000E+0000  2.60535303429410895954E+0000  0.00000000000000000000E+0000  8.95278618006438418975E-0002  4.87002504351449291231E-0003  8.95275592743471097183E-0002  4.87001385802207504567E-0003  8.28379696246848037297E-0013  1.32484106532274280266E+0000  0.00000000000000000000E+0000  5.79907373006293710270E-0004  3.10945186536800076581E-0004 -3.43716617915457016485E-0003
 3.74399999999999999992E-0007  6.10000000000000000013E-0001 -2.14447733603686231121E+0002  1.09283436842105686801E-0004 -2.14447733603686231121E+0002  1.00000000000000000000E+0000  8.67943729890015100328E-0001  1.03449159629302420745E+0000  7.80598273982667768334E-0001  0.00000000000000000000E+0000  2.18478658651365228283E+0002  0.00000000000000000000E+0000  3.54126784294656101957E-0008  3.95736075683595026524E-0004  8.98027939650798079512E-0032  0.00000000000000000000E+0000  2.61359725297541443966E+0000  0.00000000000000000000E+0000  0.00000000000000000000E+0000  2.60535814179878297855E+0000  0.00000000000000000000E+0000  8.95278197959362293724E-0002  4.87003477356993287600E-0003  8.95275200198241399496E-0002  4.87002368476442753982E-0003  8.40354990559856617547E-0013  1.32484837231456204745E+0000  0.00000000000000000000E+0000  5.82694017115408465553E-0004  3.11135147841389191867E-0004 -3.40892147231429928626E-0003
 3.82900000000000000004E-0007  6.10000000000000000013E-0001 -2.14447838605906856813E+0002  1.08592389657620098079E-0004 -2.14447838605906856813E+0002  1.00000000000000000000E+0000  8.67953786774095691927E-0001  1.03449158891351148119E+0000  7.80623015678551531490E-0001  0.00000000000000000000E+0000  2.18478658651365228283E+0002  0.00000000000000000000E+0000  3.54309619831718074427E-0008  3.95735755850910439232E-0004  8.98541158072056025985E-0032  0.00000000000000000000E+0000  2.61358661424609430837E+0000  0.00000000000000000000E+0000  0.00000000000000000000E+0000  2.60536356703288514750E+0000  0.00000000000000000000E+0000  8.95277774617799865177E-0002  4.87004464437510179807E-0003  8.95274796237377312359E-0002  4.87003364841329833349E-0003  8.52435542679810228489E-0013  1.32485574847071712180E+0000  0.00000000000000000000E+0000  5.85389488021334775632E-0004  3.11321855731425995771E-0004 -3.38037913747673527038E-0003
 3.91599999999999999998E-0007  6.10000000000000000013E-0001 -2.14447945096081875271E+0002  1.07918015945718746307E-0004 -2.14447945096081875271E+0002  1.00000000000000000000E+0000  8.67964074272548439257E-0001  1.03449158140538324108E+0000  7.80647686247374340298E-0001  0.00000000000000000000E+0000  2.18478658651365228283E+0002  0.00000000000000000000E+0000  3.54495594189093739491E-0008  3.95735431348727817666E-0004  8.99049916185272585799E-0032  0.00000000000000000000E+0000  2.61357555879767581479E+0000  0.00000000000000000000E+0000  0.00000000000000000000E+0000  2.60536936205410448830E+0000  0.00000000000000000000E+0000  8.95277339010907072790E-0002  4.87005465828010751919E-0003  8.95274381369289038541E-0002  4.87004376514299079365E-0003  8.64653654102819951893E-0013  1.32486317504290272273E+0000  0.00000000000000000000E+0000  5.87995275534415392119E-0004  3.11505336130350523035E-0004 -3.35149063504502169035E-0003
 4.00400000000000000008E-0007  6.10000000000000000013E-0001 -2.14448051946090801262E+0002  1.07266823870857033986E-0004 -2.14448051946090801262E+0002  1.00000000000000000000E+0000  8.67974475680417490667E-0001  1.03449157397699831383E+0000  7.80671984784688502879E-0001  0.00000000000000000000E+0000  2.18478658651365228283E+0002  0.00000000000000000000E+0000  3.54682540136567885768E-0008  3.95735107880322440245E-0004  8.99548230776218179695E-0032  0.00000000000000000000E+0000  2.61356415480608666904E+0000  0.00000000000000000000E+0000  0.00000000000000000000E+0000  2.60537551476083662893E+0000  0.00000000000000000000E+0000  8.95276891453563255393E-0002  4.87006473347467667507E-0003  8.95273962222285241700E-0002  4.87005393258336749712E-0003  8.76920336420267224627E-0013  1.32487061035747194417E+0000  0.00000000000000000000E+0000  5.90486180119559061936E-0004  3.11683670781498619698E-0004 -3.32247983402746789395E-0003
 4.09400000000000000000E-0007  6.10000000000000000013E-0001 -2.14448160111877934753E+0002  1.06638750724884857487E-0004 -2.14448160111877934753E+0002  1.00000000000000000000E+0000  8.67985110844097075035E-0001  1.03449156642654220876E+0000  7.80696164682918009373E-0001  0.00000000000000000000E+0000  2.18478658651365228283E+0002  0.00000000000000000000E+0000  3.54872540868863374192E-0008  3.95734780117854798823E-0004  9.00041490231294066113E-0032  0.00000000000000000000E+0000  2.61355239145361888326E+0000  0.00000000000000000000E+0000  0.00000000000000000000E+0000  2.60538200754652458121E+0000  0.00000000000000000000E+0000  8.95276440577063859221E-0002  4.87007493627422323114E-0003  8.95273531649235385712E-0002  4.87006422712029014873E-0003  8.89298297537345983774E-0013  1.32487809771428567468E+0000  0.00000000000000000000E+0000  5.92889330314907748013E-0004  3.11858695052907228203E-0004 -3.29321661476661539720E-0003
 4.18599999999999999999E-0007  6.10000000000000000013E-0001 -2.14448269592214072449E+0002  1.06025441499448741486E-0004 -2.14448269592214072449E+0002  1.00000000000000000000E+0000  8.67995981444031075092E-0001  1.03449155875922264478E+0000  7.80720196227219724876E-0001  0.00000000000000000000E+0000  2.18478658651365228283E+0002  0.00000000000000000000E+0000  3.55065540477289813333E-0008  3.95734448195724393798E-0004  9.00529247730790331385E-0032  0.00000000000000000000E+0000  2.61354019734145079043E+0000  0.00000000000000000000E+0000  0.00000000000000000000E+0000  2.60538889530847969623E+0000  0.00000000000000000000E+0000  8.95275977570637501973E-0002  4.87008526914066168433E-0003  8.95273090174965125991E-0002  4.87007466306012894213E-0003  9.01819770077936263839E-0013  1.32488562289230355363E+0000  0.00000000000000000000E+0000  5.95206499873998103960E-0004  3.12030441690240929660E-0004 -3.26365217926462223228E-0003
 4.28000000000000000006E-0007  6.10000000000000000013E-0001 -2.14448380288214292461E+0002  1.05429783260160278395E-0004 -2.14448380288214292461E+0002  1.00000000000000000000E+0000  8.68007089261760701293E-0001  1.03449155099463784133E+0000  7.80744050717782768966E-0001  0.00000000000000000000E+0000  2.18478658651365228283E+0002  0.00000000000000000000E+0000  3.55261482585573752138E-0008  3.95734112546718652654E-0004  9.01011084295157376399E-0032  0.00000000000000000000E+0000  2.61352756858188688734E+0000  0.00000000000000000000E+0000  0.00000000000000000000E+0000  2.60539618782354601666E+0000  0.00000000000000000000E+0000  8.95275502869131025005E-0002  4.87009573331269556417E-0003  8.95272638124989167789E-0002  4.87008523180222721517E-0003  9.14490758650372370138E-0013  1.32489319866105794451E+0000  0.00000000000000000000E+0000  5.97438302919665975140E-0004  3.12198860997275068022E-0004 -3.23379741304191175366E-0003
 4.37500000000000000003E-0007  6.10000000000000000013E-0001 -2.14448491179071539681E+0002  1.04853245215578203906E-0004 -2.14448491179071539681E+0002  1.00000000000000000000E+0000  8.68018317893824633473E-0001  1.03449154333601698523E+0000  7.80767460885779175867E-0001  0.00000000000000000000E+0000  2.18478658651365228283E+0002  0.00000000000000000000E+0000  3.55458251234809356342E-0008  3.95733778698059202075E-0004  9.01481808588979092595E-0032  0.00000000000000000000E+0000  2.61351457806910507679E+0000  0.00000000000000000000E+0000  0.00000000000000000000E+0000  2.60540386563330704354E+0000  0.00000000000000000000E+0000  8.95275017132352881851E-0002  4.87010624668258362426E-0003  8.95272181914007769371E-0002  4.87009583733557618767E-0003  9.27223229875850628274E-0013  1.32490076959360304721E+0000  0.00000000000000000000E+0000  5.99565493871197225880E-0004  3.12362340054225500315E-0004 -3.20385904983276214710E-0003
 4.47299999999999999998E-0007  6.10000000000000000013E-0001 -2.14448604122924790391E+0002  1.04280437364365222390E-0004 -2.14448604122924790391E+0002  1.00000000000000000000E+0000  8.68029905789560876541E-0001  1.03449153538857440012E+0000  7.80790883281745637682E-0001  0.00000000000000000000E+0000  2.18478658651365228283E+0002  0.00000000000000000000E+0000  3.55659911814822377739E-0008  3.95733436229598332407E-0004  9.01950720585563666808E-0032  0.00000000000000000000E+0000  2.61350113780434558405E+0000  0.00000000000000000000E+0000  0.00000000000000000000E+0000  2.60541194058938776839E+0000  0.00000000000000000000E+0000  8.95274527677386383021E-0002  4.87011694712804254966E-0003  8.95271707999373622460E-0002  4.87010664416645235555E-0003  9.40658253731541078325E-0013  1.32490841252247676038E+0000  0.00000000000000000000E+0000  6.01639299255285451029E-0004  3.12524771350750778899E-0004 -3.17353789685534330572E-0003
 4.57200000000000000010E-0007  6.10000000000000000013E-0001 -2.14448717215776767972E+0002  1.03745792769220729983E-0004 -2.14448717215776767972E+0002  1.00000000000000000000E+0000  8.68041618294123980932E-0001  1.03449152756357273602E+0000  7.80813824261791900678E-0001  0.00000000000000000000E+0000  2.18478658651365228283E+0002  0.00000000000000000000E+0000  3.55862309804059144097E-0008  3.95733095933986728006E-0004  9.02408144585093800278E-0032  0.00000000000000000000E+0000  2.61348725935901519046E+0000  0.00000000000000000000E+0000  0.00000000000000000000E+0000  2.60542046628138763433E+0000  0.00000000000000000000E+0000  8.95274019248513195892E-0002  4.87012769811481083506E-0003  8.95271230554270481278E-0002  4.87011749749286909922E-0003  9.53722689284792718755E-0013  1.32491605554737326646E+0000  0.00000000000000000000E+0000  6.03602870271798930269E-0004  3.12681574180859384322E-0004 -3.14308051464253725388E-0003
 4.67399999999999999994E-0007  6.10000000000000000013E-0001 -2.14448832206471080394E+0002  1.03218223971694232340E-0004 -2.14448832206471080394E+0002  1.00000000000000000000E+0000  8.68053694179350448699E-0001  1.03449151947408872444E+0000  7.80836717211291020196E-0001  0.00000000000000000000E+0000  2.18478658651365228283E+0002  0.00000000000000000000E+0000  3.56069462448258034445E-0008  3.95732747682434645793E-0004  9.02862856267794569819E-0032  0.00000000000000000000E+0000  2.61347292469922370256E+0000  0.00000000000000000000E+0000  0.00000000000000000000E+0000  2.60542940558640539095E+0000  0.00000000000000000000E+0000  8.95273507403533413030E-0002  4.87013863041919625882E-0003  8.95270735727730007235E-0002  4.87012853833892557061E-0003  9.66978810318096968901E-0013  1.32492377195224257311E+0000  0.00000000000000000000E+0000  6.05502431723181449785E-0004  3.12836315267453374346E-0004 -3.11227244690075044939E-0003
 4.77699999999999999994E-0007  6.10000000000000000013E-0001 -2.14448947271597621572E+0002  1.02699846985493480748E-0004 -2.14448947271597621572E+0002  1.00000000000000000000E+0000  8.68065898519367433895E-0001  1.03449151152757465950E+0000  7.80859096707817438372E-0001  0.00000000000000000000E+0000  2.18478658651365228283E+0002  0.00000000000000000000E+0000  3.56277258760324230885E-0008  3.95732402140347945432E-0004  9.03305776683537324741E-0032  0.00000000000000000000E+0000  2.61345814613049114020E+0000  0.00000000000000000000E+0000  0.00000000000000000000E+0000  2.60543881050139121674E+0000  0.00000000000000000000E+0000  8.95272977394362620232E-0002  4.87014960682586020744E-0003  8.95270237487184572568E-0002  4.87013961674180790873E-0003  9.80329476103125340906E-0013  1.32493146645411091929E+0000  0.00000000000000000000E+0000  6.07306879670775044975E-0004  3.12986306060463846743E-0004 -3.08136232770424331143E-0003
 4.88299999999999999993E-0007  6.10000000000000000013E-0001 -2.14449064081780377780E+0002  1.02200662718198477516E-0004 -2.14449064081780377780E+0002  1.00000000000000000000E+0000  8.68078470480540216928E-0001  1.03449150333187827341E+0000  7.80881369837734676807E-0001  0.00000000000000000000E+0000  2.18478658651365228283E+0002  0.00000000000000000000E+0000  3.56489659931616357721E-0008  3.95732049191420069304E-0004  9.03745099871559418207E-0032  0.00000000000000000000E+0000  2.61344290575597856308E+0000  0.00000000000000000000E+0000  0.00000000000000000000E+0000  2.60544864354392830593E+0000  0.00000000000000000000E+0000  8.95272443962602108066E-0002  4.87016075267662017586E-0003  8.95269721957813477021E-0002  4.87015087213244590280E-0003  9.93887024274594630843E-0013  1.32493922762152799147E+0000  0.00000000000000000000E+0000  6.09048286853709330014E-0004  3.13134135040710936921E-0004 -3.05013387262956509959E-0003
 4.99000000000000000008E-0007  6.10000000000000000013E-0001 -2.14449180872312449908E+0002  1.01709780488297145351E-0004 -2.14449180872312449908E+0002  1.00000000000000000000E+0000  8.68091174641438927671E-0001  1.03449149528937215953E+0000  7.80903102404382250181E-0001  0.00000000000000000000E+0000  2.18478658651365228283E+0002  0.00000000000000000000E+0000  3.56702606827092503280E-0008  3.95731699305752323977E-0004  9.04172415917604814042E-0032  0.00000000000000000000E+0000  2.61342721663196785454E+0000  0.00000000000000000000E+0000  0.00000000000000000000E+0000  2.60545895477802186540E+0000  0.00000000000000000000E+0000  8.95271893004561009370E-0002  4.87017193451990777095E-0003  8.95269203091336170263E-0002  4.87016215664201519601E-0003  1.00754259876890793692E-0012  1.32494696036693481280E+0000  0.00000000000000000000E+0000  6.10699140172014552680E-0004  3.13277304129691211041E-0004 -3.01883026453929337424E-0003
 5.10000000000000000021E-0007  6.10000000000000000013E-0001 -2.14449299254747482335E+0002  1.01237421210025469528E-0004 -2.14449299254747482335E+0002  1.00000000000000000000E+0000  8.68104250579426610401E-0001  1.03449148700718852737E+0000  7.80924676059847252868E-0001  0.00000000000000000000E+0000  2.18478658651365228283E+0002  0.00000000000000000000E+0000  3.56920003097897164241E-0008  3.95731342461600710164E-0004  9.04595358448703770327E-0032  0.00000000000000000000E+0000  2.61341106147196988903E+0000  0.00000000000000000000E+0000  0.00000000000000000000E+0000  2.60546970640311201001E+0000  0.00000000000000000000E+0000  8.95271338471178997585E-0002  4.87018327329400177048E-0003  8.95268667032820032679E-0002  4.87017360705513533389E-0003  1.02139958944152205181E-0012  1.32495474592779587022E+0000  0.00000000000000000000E+0000  6.12287924712361547689E-0004  3.13418198603010925731E-0004 -2.98724812753760566962E-0003
 5.21200000000000000015E-0007  6.10000000000000000013E-0001 -2.14449418386193278493E+0002  1.00770970908252649997E-0004 -2.14449418386193278493E+0002  1.00000000000000000000E+0000  8.68117581374041830306E-0001  1.03449147870524583114E+0000  7.80945870278213903572E-0001  0.00000000000000000000E+0000  2.18478658651365228283E+0002  0.00000000000000000000E+0000  3.57139791161030688645E-0008  3.95730984163576899825E-0004  9.05009725468182280974E-0032  0.00000000000000000000E+0000  2.61339437122575395924E+0000  0.00000000000000000000E+0000  0.00000000000000000000E+0000  2.60548098639069552161E+0000  0.00000000000000000000E+0000  8.95270765918567011635E-0002  4.87019471109907587933E-0003  8.95268121423190058571E-0002  4.87018516145301653497E-0003  1.03543801630884898370E-0012  1.32496253821406665275E+0000  0.00000000000000000000E+0000  6.13802822211419079781E-0004  3.13555657724102985218E-0004 -2.95544268296379061319E-0003
 5.32599999999999999991E-0007  6.10000000000000000013E-0001 -2.14449538134222364522E+0002  1.00319751629916554833E-0004 -2.14449538134222364522E+0002  1.00000000000000000000E+0000  8.68131168739269017359E-0001  1.03449147039287914045E+0000  7.80966669461980912833E-0001  0.00000000000000000000E+0000  2.18478658651365228283E+0002  0.00000000000000000000E+0000  3.57361902921128021440E-0008  3.95730624753851371625E-0004  9.05415341981830786235E-0032  0.00000000000000000000E+0000  2.61337722084132974493E+0000  0.00000000000000000000E+0000  0.00000000000000000000E+0000  2.60549274086761992056E+0000  0.00000000000000000000E+0000  8.95270183823872772353E-0002  4.87020623845197336318E-0003  8.95267565986503018353E-0002  4.87019679705277686021E-0003  1.04962736365431142254E-0012  1.32497034416515511350E+0000  0.00000000000000000000E+0000  6.15244755315268325894E-0004  3.13689639352595483382E-0004 -2.92349501937155144266E-0003
 5.44300000000000000016E-0007  6.10000000000000000013E-0001 -2.14449659294994898054E+0002  9.98649616531769653710E-0005 -2.14449659294994898054E+0002  1.00000000000000000000E+0000  8.68145133886929720745E-0001  1.03449146188706972308E+0000  7.80987225606837117851E-0001  0.00000000000000000000E+0000  2.18478658651365228283E+0002  0.00000000000000000000E+0000  3.57588180132610878784E-0008  3.95730259565490288880E-0004  9.05815264068461129560E-0032  0.00000000000000000000E+0000  2.61335952460251567660E+0000  0.00000000000000000000E+0000  0.00000000000000000000E+0000  2.60550501611341222175E+0000  0.00000000000000000000E+0000  8.95269590764261233274E-0002  4.87021791402973061154E-0003  8.95266994271259866140E-0002  4.87020859397355061918E-0003  1.06462184024103251802E-0012  1.32497819050642286947E+0000  0.00000000000000000000E+0000  6.16631962565148305318E-0004  3.13821778298190988891E-0004 -2.89125865639452758760E-0003
 5.56200000000000000024E-0007  6.10000000000000000013E-0001 -2.14449781023346784825E+0002  9.94450894181905126226E-0005 -2.14449781023346784825E+0002  1.00000000000000000000E+0000  8.68159358904889912761E-0001  1.03449145340665932117E+0000  7.81007346988844158766E-0001  0.00000000000000000000E+0000  2.18478658651365228283E+0002  0.00000000000000000000E+0000  3.57816610733239859564E-0008  3.95729894039109775668E-0004  9.06205894613028631125E-0032  0.00000000000000000000E+0000  2.61334128998236808836E+0000  0.00000000000000000000E+0000  0.00000000000000000000E+0000  2.60551783992341553066E+0000  0.00000000000000000000E+0000  8.95268981312546080245E-0002  4.87022967937301658108E-0003  8.95266413546726684834E-0002  4.87022047502600159490E-0003  1.07925350690175036988E-0012  1.32498603026129892983E+0000  0.00000000000000000000E+0000  6.17941862129945005665E-0004  3.13949829458547334260E-0004 -2.85883345137459822379E-0003
 5.68300000000000000012E-0007  6.10000000000000000013E-0001 -2.14449903197305801750E+0002  9.90257046604158761919E-0005 -2.14449903197305801750E+0002  1.00000000000000000000E+0000  8.68173844941331473383E-0001  1.03449144494435216299E+0000  7.81027022809300485644E-0001  0.00000000000000000000E+0000  2.18478658651365228283E+0002  0.00000000000000000000E+0000  3.58047119983883253228E-0008  3.95729528262399668297E-0004  9.06587128398714749768E-0032  0.00000000000000000000E+0000  2.61332259435724700543E+0000  0.00000000000000000000E+0000  0.00000000000000000000E+0000  2.60553115290461617323E+0000  0.00000000000000000000E+0000  8.95268363270252236715E-0002  4.87024151849434116916E-0003  8.95265823254582714477E-0002  4.87023242205319197812E-0003  1.09400735401218521629E-0012  1.32499387157435051185E+0000  0.00000000000000000000E+0000  6.19182035602702691581E-0004  3.14074343432716624155E-0004 -2.82631946736878168127E-0003
 5.80699999999999999998E-0007  6.10000000000000000013E-0001 -2.14450026565176728580E+0002  9.86155451863000232613E-0005 -2.14450026565176728580E+0002  1.00000000000000000000E+0000  8.68188712997652064281E-0001  1.03449143630937033197E+0000  7.81046393987494953900E-0001  0.00000000000000000000E+0000  2.18478658651365228283E+0002  0.00000000000000000000E+0000  3.58281507777386484209E-0008  3.95729157505149657004E-0004  9.06961787494090028006E-0032  0.00000000000000000000E+0000  2.61330335093050534719E+0000  0.00000000000000000000E+0000  0.00000000000000000000E+0000  2.60554500272163701313E+0000  0.00000000000000000000E+0000  8.95267734668268729638E-0002  4.87025348613314509890E-0003  8.95265216942825220768E-0002  4.87024451211932899462E-0003  1.10897641914844628024E-0012  1.32500172734616389629E+0000  0.00000000000000000000E+0000  6.20362942662017640324E-0004  3.14196281559991893479E-0004 -2.79357640835262776846E-0003
 5.93300000000000000018E-0007  6.10000000000000000013E-0001 -2.14450150280146231055E+0002  9.82128584846835297477E-0005 -2.14450150280146231055E+0002  1.00000000000000000000E+0000  8.68203843905067091107E-0001  1.03449142771520602305E+0000  7.81065289851952655503E-0001  0.00000000000000000000E+0000  2.18478658651365228283E+0002  0.00000000000000000000E+0000  3.58517789147405957694E-0008  3.95728787068498722333E-0004  9.07326663215663801921E-0032  0.00000000000000000000E+0000  2.61328356885109087926E+0000  0.00000000000000000000E+0000  0.00000000000000000000E+0000  2.60555941440841059209E+0000  0.00000000000000000000E+0000  8.95267090403591923447E-0002  4.87026552514658425839E-0003  8.95264601859083561266E-0002  4.87025666851348691212E-0003  1.12411421111057857544E-0012  1.32500957298136276053E+0000  0.00000000000000000000E+0000  6.21477018842253497913E-0004  3.14314735505857061397E-0004 -2.76071356698562367064E-0003
 6.06100000000000000019E-0007  6.10000000000000000013E-0001 -2.14450274236354111707E+0002  9.78226340220811228976E-0005 -2.14450274236354111707E+0002  1.00000000000000000000E+0000  8.68219237900856134283E-0001  1.03449141915092323479E+0000  7.81083704036510258553E-0001  0.00000000000000000000E+0000  2.18478658651365228283E+0002  0.00000000000000000000E+0000  3.58755882806342590801E-0008  3.95728416965890792630E-0004  9.07681723997967273826E-0032  0.00000000000000000000E+0000  2.61326332886074949569E+0000  0.00000000000000000000E+0000  0.00000000000000000000E+0000  2.60557432337768527181E+0000  0.00000000000000000000E+0000  8.95266437973125162977E-0002  4.87027761963371085665E-0003  8.95263977478818591215E-0002  4.87026887373757371475E-0003  1.13938455033263175693E-0012  1.32501739700803481206E+0000  0.00000000000000000000E+0000  6.22525674918520416128E-0004  3.14429707927133786105E-0004 -2.72781250627627669200E-0003
 6.19299999999999999983E-0007  6.10000000000000000013E-0001 -2.14450399891876540490E+0002  9.74402691096345144317E-0005 -2.14450399891876540490E+0002  1.00000000000000000000E+0000  8.68235136116203402162E-0001  1.03449141025689425209E+0000  7.81101896301245351116E-0001  0.00000000000000000000E+0000  2.18478658651365228283E+0002  0.00000000000000000000E+0000  3.58999365167011663899E-0008  3.95728038127659003122E-0004  9.08032047042631043764E-0032  0.00000000000000000000E+0000  2.61324245614737088743E+0000  0.00000000000000000000E+0000  0.00000000000000000000E+0000  2.60558982825183987789E+0000  0.00000000000000000000E+0000  8.95265773327402316684E-0002  4.87028988489860008165E-0003  8.95263331208663124146E-0002  4.87028127756429612352E-0003  1.15493107470036054103E-0012  1.32502525052735699188E+0000  0.00000000000000000000E+0000  6.23524063707348572555E-0004  3.14542811091016980198E-0004 -2.69459225610313048965E-0003
 6.32600000000000000015E-0007  6.10000000000000000013E-0001 -2.14450524990702702841E+0002  9.70621678388856395348E-0005 -2.14450524990702702841E+0002  1.00000000000000000000E+0000  8.68251176549701594138E-0001  1.03449140163478672241E+0000  7.81119448852164298565E-0001  0.00000000000000000000E+0000  2.18478658651365228283E+0002  0.00000000000000000000E+0000  3.59242613069992687430E-0008  3.95727665353020438561E-0004  9.08369665243612857219E-0032  0.00000000000000000000E+0000  2.61322105905366522914E+0000  0.00000000000000000000E+0000  0.00000000000000000000E+0000  2.60560592350749623707E+0000  0.00000000000000000000E+0000  8.95265089576525346010E-0002  4.87030215767813070958E-0003  8.95262683619919007825E-0002  4.87029366156559601211E-0003  1.17059853888880654354E-0012  1.32503306475868782763E+0000  0.00000000000000000000E+0000  6.24452964172749201780E-0004  3.14651692870390348431E-0004 -2.66138275651535186485E-0003
 6.46300000000000000010E-0007  6.10000000000000000013E-0001 -2.14450651557705712622E+0002  9.66992609186921557929E-0005 -2.14450651557705712622E+0002  1.00000000000000000000E+0000  8.68267720491616250809E-0001  1.03449139270450680354E+0000  7.81136739822347130687E-0001  0.00000000000000000000E+0000  2.18478658651365228283E+0002  0.00000000000000000000E+0000  3.59490978839512516708E-0008  3.95727284647238855535E-0004  9.08701916717018159759E-0032  0.00000000000000000000E+0000  2.61319911555922965098E+0000  0.00000000000000000000E+0000  0.00000000000000000000E+0000  2.60562255222979431354E+0000  0.00000000000000000000E+0000  8.95264401414465985310E-0002  4.87031458032816409949E-0003  8.95262014116825462632E-0002  4.87030621529391474675E-0003  1.18649593611344763908E-0012  1.32504089511758853736E+0000  0.00000000000000000000E+0000  6.25331763363447291641E-0004  3.14758556076404179846E-0004 -2.62795905976491339557E-0003
 6.60199999999999999987E-0007  6.10000000000000000013E-0001 -2.14450778204133977553E+0002  9.63363877171658214665E-0005 -2.14450778204133977553E+0002  1.00000000000000000000E+0000  8.68284525040998012881E-0001  1.03449138387798524540E+0000  7.81153504785878518559E-0001  0.00000000000000000000E+0000  2.18478658651365228283E+0002  0.00000000000000000000E+0000  3.59740710032588908709E-0008  3.95726905898232920988E-0004  9.09023780486855721707E-0032  0.00000000000000000000E+0000  2.61317656382582480285E+0000  0.00000000000000000000E+0000  0.00000000000000000000E+0000  2.60563982511042023602E+0000  0.00000000000000000000E+0000  8.95263692861009573214E-0002  4.87032705601479122573E-0003  8.95261337128784463933E-0002  4.87031881512301041511E-0003  1.20257681672722925366E-0012  1.32504869882011431213E+0000  0.00000000000000000000E+0000  6.26149909751076753297E-0004  3.14861980586263836132E-0004 -2.59443711646050091532E-0003
 6.74400000000000000013E-0007  6.10000000000000000013E-0001 -2.14450905435961581100E+0002  9.59739118085095004823E-0005 -2.14450905435961581100E+0002  1.00000000000000000000E+0000  8.68301709252384451999E-0001  1.03449137496482251267E+0000  7.81169852074658801176E-0001  0.00000000000000000000E+0000  2.18478658651365228283E+0002  0.00000000000000000000E+0000  3.59993464678021236866E-0008  3.95726524735251880321E-0004  9.09337385068421400885E-0032  0.00000000000000000000E+0000  2.61315348199706088176E+0000  0.00000000000000000000E+0000  0.00000000000000000000E+0000  2.60565765337258231334E+0000  0.00000000000000000000E+0000  8.95262975907364776337E-0002  4.87033961958433809178E-0003  8.95260645623161858831E-0002  4.87033150363556788110E-0003  1.21953406729697687751E-0012  1.32505650805819876186E+0000  0.00000000000000000000E+0000  6.26916522408222427198E-0004  3.14963023832853104016E-0004 -2.56082858897932725279E-0003
 6.88899999999999999985E-0007  6.10000000000000000013E-0001 -2.14451033295668199372E+0002  9.56400299986108046528E-0005 -2.14451033295668199372E+0002  1.00000000000000000000E+0000  8.68319270532986845943E-0001  1.03449136598314119721E+0000  7.81185771771744240550E-0001  0.00000000000000000000E+0000  2.18478658651365228283E+0002  0.00000000000000000000E+0000  3.60249105738918312838E-0008  3.95726141516723851859E-0004  9.09642605166180408720E-0032  0.00000000000000000000E+0000  2.61312979192790973098E+0000  0.00000000000000000000E+0000  0.00000000000000000000E+0000  2.60567610875648733625E+0000  0.00000000000000000000E+0000  8.95262243972213600708E-0002  4.87035227200559620600E-0003  8.95259940187468670027E-0002  4.87034428691647345930E-0003  1.23604653184113938765E-0012  1.32506426690639882366E+0000  0.00000000000000000000E+0000  6.27625900546984056499E-0004  3.15060853734396830937E-0004 -2.52707618229329176414E-0003
 7.03700000000000000008E-0007  6.10000000000000000013E-0001 -2.14451161636410841033E+0002  9.53011985853409571071E-0005 -2.14451161636410841033E+0002  1.00000000000000000000E+0000  8.68337205615864206310E-0001  1.03449135695424441095E+0000  7.81201252874213537510E-0001  0.00000000000000000000E+0000  2.18478658651365228283E+0002  0.00000000000000000000E+0000  3.60507479787856239841E-0008  3.95725756776407826517E-0004  9.09939268957977855141E-0032  0.00000000000000000000E+0000  2.61310549953806302878E+0000  0.00000000000000000000E+0000  0.00000000000000000000E+0000  2.60569519192199069773E+0000  0.00000000000000000000E+0000  8.95261497785095404327E-0002  4.87036500915717085230E-0003  8.95259221209748244909E-0002  4.87035715437663326946E-0003  1.25273850580046975796E-0012  1.32507202707629301904E+0000  0.00000000000000000000E+0000  6.28282003569842051120E-0004  3.15155837088428209177E-0004 -2.49321522035137504114E-0003
 7.18799999999999999976E-0007  6.10000000000000000013E-0001 -2.14451290398825288236E+0002  9.49686149231048063461E-0005 -2.14451290398825288236E+0002  1.00000000000000000000E+0000  8.68355510431262907906E-0001  1.03449134789230016420E+0000  7.81216286159829479720E-0001  0.00000000000000000000E+0000  2.18478658651365228283E+0002  0.00000000000000000000E+0000  3.60768429927605852493E-0008  3.95725370924451735269E-0004  9.10227240420341662101E-0032  0.00000000000000000000E+0000  2.61308061092254931257E+0000  0.00000000000000000000E+0000  0.00000000000000000000E+0000  2.60571490237514900357E+0000  0.00000000000000000000E+0000  8.95260737904421823760E-0002  4.87037782380634094689E-0003  8.95258488926902589600E-0002  4.87037009857756244613E-0003  1.26962373871834309410E-0012  1.32507976499931246644E+0000  0.00000000000000000000E+0000  6.28885678653656985139E-0004  3.15247973983527146347E-0004 -2.45926182143105416395E-0003
 7.34099999999999999978E-0007  6.10000000000000000013E-0001 -2.14451418853680926380E+0002  9.46427429951348560262E-0005 -2.14451418853680926380E+0002  1.00000000000000000000E+0000  8.68374058806326065696E-0001  1.03449133896525903424E+0000  7.81230774002294171517E-0001  0.00000000000000000000E+0000  2.18478658651365228283E+0002  0.00000000000000000000E+0000  3.61030102129608038477E-0008  3.95724988310152722858E-0004  9.10504687577758307350E-0032  0.00000000000000000000E+0000  2.61305522342510875337E+0000  0.00000000000000000000E+0000  0.00000000000000000000E+0000  2.60573518099300869460E+0000  0.00000000000000000000E+0000  8.95259967101407140344E-0002  4.87039065253468780109E-0003  8.95257749586934128237E-0002  4.87038304429045788375E-0003  1.28662570420226364254E-0012  1.32508744795759090239E+0000  0.00000000000000000000E+0000  6.29434658968522411365E-0004  3.15336720542335389055E-0004 -2.42536888306323024241E-0003
 7.49799999999999999994E-0007  6.10000000000000000013E-0001 -2.14451548146065850628E+0002  9.43246997440779704432E-0005 -2.14451548146065850628E+0002  1.00000000000000000000E+0000  8.68393087482863489199E-0001  1.03449132980873217459E+0000  7.81244895774231087188E-0001  0.00000000000000000000E+0000  2.18478658651365228283E+0002  0.00000000000000000000E+0000  3.61295736047675507785E-0008  3.95724600351623687126E-0004  9.10775076141436754036E-0032  0.00000000000000000000E+0000  2.61302924370940784404E+0000  0.00000000000000000000E+0000  0.00000000000000000000E+0000  2.60575606288677669186E+0000  0.00000000000000000000E+0000  8.95259185912331793489E-0002  4.87040358021044177945E-0003  8.95256990421350499712E-0002  4.87039611289258138386E-0003  1.30383565111320092604E-0012  1.32509510419658782651E+0000  0.00000000000000000000E+0000  6.29936145941293586741E-0004  3.15423135100259184235E-0004 -2.39137028561559204501E-0003
 7.65800000000000000008E-0007  6.10000000000000000013E-0001 -2.14451677639127146091E+0002  9.40085371531982741666E-0005 -2.14451677639127146091E+0002  1.00000000000000000000E+0000  8.68412468433408620027E-0001  1.03449132065682204414E+0000  7.81258552655247037397E-0001  0.00000000000000000000E+0000  2.18478658651365228283E+0002  0.00000000000000000000E+0000  3.61563451534387937611E-0008  3.95724212320820498782E-0004  9.11036541632674898158E-0032  0.00000000000000000000E+0000  2.61300260588963648612E+0000  0.00000000000000000000E+0000  0.00000000000000000000E+0000  2.60577763872266950865E+0000  0.00000000000000000000E+0000  8.95258385704763275662E-0002  4.87041657209907009444E-0003  8.95256219196014714867E-0002  4.87040924158071595476E-0003  1.32124875283266994680E-0012  1.32510273192190767958E+0000  0.00000000000000000000E+0000  6.30387898490458238763E-0004  3.15506694612177455765E-0004 -2.35728676237214218962E-0003
 7.82100000000000000021E-0007  6.10000000000000000013E-0001 -2.14451807219062601254E+0002  9.37001819134608211066E-0005 -2.14451807219062601254E+0002  1.00000000000000000000E+0000  8.68432193936750051555E-0001  1.03449131151560280294E+0000  7.81271742340763735964E-0001  0.00000000000000000000E+0000  2.18478658651365228283E+0002  0.00000000000000000000E+0000  3.61833076042258406937E-0008  3.95723824559072283640E-0004  9.11289065209382905609E-0032  0.00000000000000000000E+0000  2.61297540388609969737E+0000  0.00000000000000000000E+0000  0.00000000000000000000E+0000  2.60579982909122321081E+0000  0.00000000000000000000E+0000  8.95257573723728362441E-0002  4.87042961414021375722E-0003  8.95255435760663122353E-0002  4.87042241321056063003E-0003  1.33882321709387716030E-0012  1.32511031994658547541E+0000  0.00000000000000000000E+0000  6.30790748395335805878E-0004  3.15587381072608537235E-0004 -2.32319510264449907924E-0003
 7.98799999999999999996E-0007  6.10000000000000000013E-0001 -2.14451937382866771278E+0002  9.33857496828652318419E-0005 -2.14451937382866771278E+0002  1.00000000000000000000E+0000  8.68452375878539109674E-0001  1.03449130222763627652E+0000  7.81284534226234714358E-0001  0.00000000000000000000E+0000  2.18478658651365228283E+0002  0.00000000000000000000E+0000  3.62106035298385368909E-0008  3.95723433364978470497E-0004  9.11533989913833163649E-0032  0.00000000000000000000E+0000  2.61294755503745358368E+0000  0.00000000000000000000E+0000  0.00000000000000000000E+0000  2.60582268860066602932E+0000  0.00000000000000000000E+0000  8.95256747232908352770E-0002  4.87044274416857500365E-0003  8.95254634268538399428E-0002  4.87043568644910186339E-0003  1.35738659563237943774E-0012  1.32511790006750589295E+0000  0.00000000000000000000E+0000  6.31148733787830503194E-0004  3.15665913464535744439E-0004 -2.28900510155423631188E-0003
 8.15800000000000000020E-0007  6.10000000000000000013E-0001 -2.14452067571520537892E+0002  9.30951955445405960623E-0005 -2.14452067571520537892E+0002  1.00000000000000000000E+0000  8.68472883347981139531E-0001  1.03449129299866181037E+0000  7.81296851049617361370E-0001  0.00000000000000000000E+0000  2.18478658651365228283E+0002  0.00000000000000000000E+0000  3.62380507867549760451E-0008  3.95723043495625884384E-0004  9.11769866310504504774E-0032  0.00000000000000000000E+0000  2.61291907912262438905E+0000  0.00000000000000000000E+0000  0.00000000000000000000E+0000  2.60584622886039023399E+0000  0.00000000000000000000E+0000  8.95255904477133401193E-0002  4.87045592026728767944E-0003  8.95253821726664997046E-0002  4.87044899464284132052E-0003  1.37539112271972403515E-0012  1.32512539615845244679E+0000  0.00000000000000000000E+0000  6.31457785804049472155E-0004  3.15741260875582042944E-0004 -2.25478495063096523515E-0003
 8.33099999999999999992E-0007  6.10000000000000000013E-0001 -2.14452197595521967852E+0002  9.28011270704764753617E-0005 -2.14452197595521967852E+0002  1.00000000000000000000E+0000  8.68493705431456380396E-0001  1.03449128380881223861E+0000  7.81308695426345868487E-0001  0.00000000000000000000E+0000  2.18478658651365228283E+0002  0.00000000000000000000E+0000  3.62656309065788769843E-0008  3.95722654881256653437E-0004  9.11996754216985517487E-0032  0.00000000000000000000E+0000  2.61289007121398614178E+0000  0.00000000000000000000E+0000  0.00000000000000000000E+0000  2.60587036505172785390E+0000  0.00000000000000000000E+0000  8.95255051500061178654E-0002  4.87046912137945036984E-0003  8.95252997764530273169E-0002  4.87046232387742445728E-0003  1.39350110327638346114E-0012  1.32513285347762000668E+0000  0.00000000000000000000E+0000  6.31720487476738692243E-0004  3.15813700678941289395E-0004 -2.22062875942544643869E-0003
 8.50700000000000000012E-0007  6.10000000000000000013E-0001 -2.14452327379648232372E+0002  9.25115635097801829818E-0005 -2.14452327379648232372E+0002  1.00000000000000000000E+0000  8.68514830188726016523E-0001  1.03449127464195977650E+0000  7.81320071165308566153E-0001  0.00000000000000000000E+0000  2.18478658651365228283E+0002  0.00000000000000000000E+0000  3.62933252081819616556E-0008  3.95722267417993915357E-0004  9.12214737699783060000E-0032  0.00000000000000000000E+0000  2.61286054179661452715E+0000  0.00000000000000000000E+0000  0.00000000000000000000E+0000  2.60589508762072246772E+0000  0.00000000000000000000E+0000  8.95254187807673068177E-0002  4.87048233403997621289E-0003  8.95252162443258234451E-0002  4.87047566765792515448E-0003  1.41172535912059791916E-0012  1.32514023969093117073E+0000  0.00000000000000000000E+0000  6.31938043947340117774E-0004  3.15883266710170319490E-0004 -2.18656178764910168929E-0003
 8.68699999999999999996E-0007  6.10000000000000000013E-0001 -2.14452457365792022809E+0002  9.22264229376441051060E-0005 -2.14452457365792022809E+0002  1.00000000000000000000E+0000  8.68536363908919222389E-0001  1.03449126534799280255E+0000  7.81331040863667757479E-0001  0.00000000000000000000E+0000  2.18478658651365228283E+0002  0.00000000000000000000E+0000  3.63212679706032481028E-0008  3.95721877588573258565E-0004  9.12425025143223236115E-0032  0.00000000000000000000E+0000  2.61283041183018163310E+0000  0.00000000000000000000E+0000  0.00000000000000000000E+0000  2.60592044919978229624E+0000  0.00000000000000000000E+0000  8.95253310452854721884E-0002  4.87049559658427344651E-0003  8.95251310220571668570E-0002  4.87048907567054463796E-0003  1.43011543659552730595E-0012  1.32514757080058258657E+0000  0.00000000000000000000E+0000  6.32112302063191602321E-0004  3.15950320692341173526E-0004 -2.15249783623943849922E-0003
 8.87099999999999999994E-0007  6.10000000000000000013E-0001 -2.14452587513249774864E+0002  9.19438096900231337642E-0005 -2.14452587513249774864E+0002  1.00000000000000000000E+0000  8.68558291070866073048E-0001  1.03449125598527282954E+0000  7.81341600459472718882E-0001  0.00000000000000000000E+0000  2.18478658651365228283E+0002  0.00000000000000000000E+0000  3.63494334857856623275E-0008  3.95721486476073447635E-0004  9.12627546427427149570E-0032  0.00000000000000000000E+0000  2.61279961370505698238E+0000  0.00000000000000000000E+0000  0.00000000000000000000E+0000  2.60594651950970890232E+0000  0.00000000000000000000E+0000  8.95252415429085614273E-0002  4.87050891625807029619E-0003  8.95250442292643321002E-0002  4.87050254155387172732E-0003  1.44869335975255229915E-0012  1.32515485814882769729E+0000  0.00000000000000000000E+0000  6.32243786950408340373E-0004  3.16014837116536104126E-0004 -2.11839719854034620466E-0003
 9.05900000000000000007E-0007  6.10000000000000000013E-0001 -2.14452717754394834540E+0002  9.16648497589210749639E-0005 -2.14452717754394834540E+0002  1.00000000000000000000E+0000  8.68580594758257241387E-0001  1.03449124659110826502E+0000  7.81351747741909427787E-0001  0.00000000000000000000E+0000  2.18478658651365228283E+0002  0.00000000000000000000E+0000  3.63777956275620167994E-0008  3.95721094901323913542E-0004  9.12822265289219267185E-0032  0.00000000000000000000E+0000  2.61276816511834808227E+0000  0.00000000000000000000E+0000  0.00000000000000000000E+0000  2.60597328899153896846E+0000  0.00000000000000000000E+0000  8.95251504420539404372E-0002  4.87052228845957191843E-0003  8.95249559260193932328E-0002  4.87051605557959329300E-0003  1.46744649895499792199E-0012  1.32516209914981046764E+0000  0.00000000000000000000E+0000  6.32333048852422758261E-0004  3.16076784552180022314E-0004 -2.08427864295103176644E-0003
 9.25000000000000000018E-0007  6.10000000000000000013E-0001 -2.14452847509086077862E+0002  9.13893772223652422042E-0005 -2.14452847509086077862E+0002  1.00000000000000000000E+0000  8.68603139233577968439E-0001  1.03449123732285398205E+0000  7.81361434497453740083E-0001  0.00000000000000000000E+0000  2.18478658651365228283E+0002  0.00000000000000000000E+0000  3.64061814404275804286E-0008  3.95720706775614833046E-0004  9.13008260112236043811E-0032  0.00000000000000000000E+0000  2.61273617403012471672E+0000  0.00000000000000000000E+0000  0.00000000000000000000E+0000  2.60600068196512396515E+0000  0.00000000000000000000E+0000  8.95250581418541772449E-0002  4.87053565909853121559E-0003  8.95248667205522264686E-0002  4.87052955414683021864E-0003  1.48630153949087457958E-0012  1.32516926781067435014E+0000  0.00000000000000000000E+0000  6.32380690070407898860E-0004  3.16135857282778193635E-0004 -2.05026951093372795374E-0003
 9.44499999999999999992E-0007  6.10000000000000000013E-0001 -2.14452977124672892251E+0002  9.11184539657858092338E-0005 -2.14452977124672892251E+0002  1.00000000000000000000E+0000  8.68626023780562168052E-0001  1.03449122799464213955E+0000  7.81370715594481489289E-0001  0.00000000000000000000E+0000  2.18478658651365228283E+0002  0.00000000000000000000E+0000  3.64347151884313532117E-0008  3.95720318180809142214E-0004  9.13186585371512405605E-0032  0.00000000000000000000E+0000  2.61270364778686969951E+0000  0.00000000000000000000E+0000  0.00000000000000000000E+0000  2.60602866926940960213E+0000  0.00000000000000000000E+0000  8.95249647760440085345E-0002  4.87054904601693277181E-0003  8.95247759993153002810E-0002  4.87054308102736190255E-0003  1.50526505630695299870E-0012  1.32517635941473613541E+0000  0.00000000000000000000E+0000  6.32387797609301792031E-0004  3.16192342110453295491E-0004 -2.01635550892810140896E-0003
 9.64400000000000000032E-0007  6.10000000000000000013E-0001 -2.14453106539843945610E+0002  9.08492107060372217934E-0005 -2.14453106539843945610E+0002  1.00000000000000000000E+0000  8.68649227677321414246E-0001  1.03449121863776907770E+0000  7.81379593334292682190E-0001  0.00000000000000000000E+0000  2.18478658651365228283E+0002  0.00000000000000000000E+0000  3.64633698899511962300E-0008  3.95719929744541167291E-0004  9.13357285445440471911E-0032  0.00000000000000000000E+0000  2.61267052091102758662E+0000  0.00000000000000000000E+0000  0.00000000000000000000E+0000  2.60605731582228685372E+0000  0.00000000000000000000E+0000  8.95248698854129192063E-0002  4.87056245054717430355E-0003  8.95246838605887110930E-0002  4.87055662912371535070E-0003  1.52435588179655882479E-0012  1.32518338135474020496E+0000  0.00000000000000000000E+0000  6.32355117497671035840E-0004  3.16246232314625282341E-0004 -1.98250761299015579521E-0003
 9.84700000000000000035E-0007  6.10000000000000000013E-0001 -2.14453235641623024155E+0002  9.05748043984434497543E-0005 -2.14453235641623024155E+0002  1.00000000000000000000E+0000  8.68672728406290669948E-0001  1.03449120927786899007E+0000  7.81388069568326431268E-0001  0.00000000000000000000E+0000  2.18478658651365228283E+0002  0.00000000000000000000E+0000  3.64921165382164269966E-0008  3.95719542101159491897E-0004  9.13520391349384910506E-0032  0.00000000000000000000E+0000  2.61263681426334975198E+0000  0.00000000000000000000E+0000  0.00000000000000000000E+0000  2.60608660676721079616E+0000  0.00000000000000000000E+0000  8.95247735924585319488E-0002  4.87057586587855015957E-0003  8.95245903693076339528E-0002  4.87057018644204119340E-0003  1.54442504726931336526E-0012  1.32519035526776898955E+0000  0.00000000000000000000E+0000  6.32283205726035067219E-0004  3.16297688175026019534E-0004 -1.94874907462796020774E-0003
 1.00500000000000000004E-0006  6.10000000000000000013E-0001 -2.14453362635490583282E+0002  9.03298451069451553657E-0005 -2.14453362635490583282E+0002  1.00000000000000000000E+0000  8.68696047884852529900E-0001  1.03449120044765477432E+0000  7.81396006498620344786E-0001  0.00000000000000000000E+0000  2.18478658651365228283E+0002  0.00000000000000000000E+0000  3.65203838505966017093E-0008  3.95719168151655587020E-0004  9.13673258257634392029E-0032  0.00000000000000000000E+0000  2.61260290637091021010E+0000  0.00000000000000000000E+0000  0.00000000000000000000E+0000  2.60611626300181958285E+0000  0.00000000000000000000E+0000  8.95246772428940224280E-0002  4.87058912321153832701E-0003  8.95244977554325820142E-0002  4.87058353888133481240E-0003  1.56267758949096446047E-0012  1.32519711869917513854E+0000  0.00000000000000000000E+0000  6.32176153773744003051E-0004  3.16345345934887852597E-0004 -1.91545921033353875620E-0003
 1.02600000000000000000E-0006  6.10000000000000000013E-0001 -2.14453490164282542477E+0002  9.00585162035902377287E-0005 -2.14453490164282542477E+0002  1.00000000000000000000E+0000  8.68719963877929974780E-0001  1.03449119102977624054E+0000  7.81403675378416015681E-0001  0.00000000000000000000E+0000  2.18478658651365228283E+0002  0.00000000000000000000E+0000  3.65491112674439968438E-0008  3.95718783008727935092E-0004  9.13821089028150427631E-0032  0.00000000000000000000E+0000  2.61256851046690567720E+0000  0.00000000000000000000E+0000  0.00000000000000000000E+0000  2.60614640591725780150E+0000  0.00000000000000000000E+0000  8.95245799905095122567E-0002  4.87060242878948312000E-0003  8.95244019167626877147E-0002  4.87059702473700813964E-0003  1.58272218514900137709E-0012  1.32520387916360048446E+0000  0.00000000000000000000E+0000  6.32029946370347514619E-0004  3.16391381750700861971E-0004 -1.88226396592111416632E-0003
 1.04800000000000000003E-0006  6.10000000000000000013E-0001 -2.14453619896799373964E+0002  8.98025732669989754486E-0005 -2.14453619896799373964E+0002  1.00000000000000000000E+0000  8.68744777499933947950E-0001  1.03449118091646482046E+0000  7.81411158186543327718E-0001  0.00000000000000000000E+0000  2.18478658651365228283E+0002  0.00000000000000000000E+0000  3.65786467278385967815E-0008  3.95718381755174096833E-0004  9.13965476744728947262E-0032  0.00000000000000000000E+0000  2.61253281508548742510E+0000  0.00000000000000000000E+0000  0.00000000000000000000E+0000  2.60617777222743395699E+0000  0.00000000000000000000E+0000  8.95244780756337192224E-0002  4.87061598124755116500E-0003  8.95243017418104554116E-0002  4.87061079323647867741E-0003  1.60243065099663807171E-0012  1.32521060887379240158E+0000  0.00000000000000000000E+0000  6.31841875412332388837E-0004  3.16435789778026977148E-0004 -1.84853866992085156848E-0003
 1.06999999999999999995E-0006  6.10000000000000000013E-0001 -2.14453747739127429536E+0002  8.95407929484022862776E-0005 -2.14453747739127429536E+0002  1.00000000000000000000E+0000  8.68769335591438705867E-0001  1.03449117170930874590E+0000  7.81418127341487507879E-0001  0.00000000000000000000E+0000  2.18478658651365228283E+0002  0.00000000000000000000E+0000  3.66076239569424149563E-0008  3.95718000309603423041E-0004  9.14100098583928797353E-0032  0.00000000000000000000E+0000  2.61249651257331898550E+0000  0.00000000000000000000E+0000  0.00000000000000000000E+0000  2.60620992487861670743E+0000  0.00000000000000000000E+0000  8.95243746766872874220E-0002  4.87062946289763283601E-0003  8.95242030530759771238E-0002  4.87062435176952351890E-0003  1.62214877825851207290E-0012  1.32521730808134396995E+0000  0.00000000000000000000E+0000  6.31621277918058825181E-0004  3.16476800665661145643E-0004 -1.81499618426258989994E-0003
 1.09199999999999999998E-0006  6.10000000000000000013E-0001 -2.14453873148261333376E+0002  8.92918417829994150674E-0005 -2.14453873148261333376E+0002  1.00000000000000000000E+0000  8.68793625551538522232E-0001  1.03449116297889246764E+0000  7.81424618541556935826E-0001  0.00000000000000000000E+0000  2.18478658651365228283E+0002  0.00000000000000000000E+0000  3.66360462284848619458E-0008  3.95717632401515241084E-0004  9.14225630488422920280E-0032  0.00000000000000000000E+0000  2.61246042489385002093E+0000  0.00000000000000000000E+0000  0.00000000000000000000E+0000  2.60624204719395461327E+0000  0.00000000000000000000E+0000  8.95242734680621411926E-0002  4.87064272143669177679E-0003  8.95241051781967818815E-0002  4.87063768826856949743E-0003  1.64156035593017135070E-0012  1.32522380380685693457E+0000  0.00000000000000000000E+0000  6.31370861506779120192E-0004  3.16514551716233867077E-0004 -1.78218159861803636333E-0003
 1.11499999999999999996E-0006  6.10000000000000000013E-0001 -2.14453999851633566223E+0002  8.90400301878989492190E-0005 -2.14453999851633566223E+0002  1.00000000000000000000E+0000  8.68818714187504263552E-0001  1.03449115329924703089E+0000  7.81430920834719716737E-0001  0.00000000000000000000E+0000  2.18478658651365228283E+0002  0.00000000000000000000E+0000  3.66651588527558941386E-0008  3.95717245743923950397E-0004  9.14347651476024582383E-0032  0.00000000000000000000E+0000  2.61242367687536496319E+0000  0.00000000000000000000E+0000  0.00000000000000000000E+0000  2.60627477488725345367E+0000  0.00000000000000000000E+0000  8.95241701454671680627E-0002  4.87065607144888886959E-0003  8.95240026946398444020E-0002  4.87065125472316055134E-0003  1.66113838219482828143E-0012  1.32523020613395330189E+0000  0.00000000000000000000E+0000  6.31079493017618767201E-0004  3.16550606821756594586E-0004 -1.74933477081015411108E-0003
 1.13800000000000000005E-0006  6.10000000000000000013E-0001 -2.14454124369395782684E+0002  8.87842209939448327950E-0005 -2.14454124369395782684E+0002  1.00000000000000000000E+0000  8.68843484182279693828E-0001  1.03449114433340130922E+0000  7.81436773600597120372E-0001  0.00000000000000000000E+0000  2.18478658651365228283E+0002  0.00000000000000000000E+0000  3.66936733014762078845E-0008  3.95716875865862191686E-0004  9.14461113700979175397E-0032  0.00000000000000000000E+0000  2.61238637842048971216E+0000  0.00000000000000000000E+0000  0.00000000000000000000E+0000  2.60630821416394888924E+0000  0.00000000000000000000E+0000  8.95240649163498457736E-0002  4.87066929801843923122E-0003  8.95239016178784809168E-0002  4.87066458445400513551E-0003  1.68070176159420184679E-0012  1.32523652982762758421E+0000  0.00000000000000000000E+0000  6.30760490117417137709E-0004  3.16583529847973239751E-0004 -1.71676496467964533135E-0003
 1.16199999999999999999E-0006  6.10000000000000000013E-0001 -2.14454249961064162697E+0002  8.85314537676530163769E-0005 -2.14454249961064162697E+0002  1.00000000000000000000E+0000  8.68868971425709549943E-0001  1.03449113461285873079E+0000  7.81442427437951815173E-0001  0.00000000000000000000E+0000  2.18478658651365228283E+0002  0.00000000000000000000E+0000  3.67227806758291303410E-0008  3.95716491083221687881E-0004  9.14570863575564870102E-0032  0.00000000000000000000E+0000  2.61234849136884802220E+0000  0.00000000000000000000E+0000  0.00000000000000000000E+0000  2.60634221481582177495E+0000  0.00000000000000000000E+0000  8.95239582801741171927E-0002  4.87068262276598974634E-0003  8.95237962629202146933E-0002  4.87067810408336131658E-0003  1.70127048906176546005E-0012  1.32524279404494242369E+0000  0.00000000000000000000E+0000  6.30399707916690132065E-0004  3.16614677528623371379E-0004 -1.68418637862803588850E-0003
 1.18700000000000000000E-0006  6.10000000000000000013E-0001 -2.14454377057958277653E+0002  8.82783514656056885210E-0005 -2.14454377057958277653E+0002  1.00000000000000000000E+0000  8.68895118367452307020E-0001  1.03449112451162947193E+0000  7.81447864686736350798E-0001  0.00000000000000000000E+0000  2.18478658651365228283E+0002  0.00000000000000000000E+0000  3.67524080817807203103E-0008  3.95716097232402903236E-0004  9.14676565088766471313E-0032  0.00000000000000000000E+0000  2.61230926674567612115E+0000  0.00000000000000000000E+0000  0.00000000000000000000E+0000  2.60637752958459277802E+0000  0.00000000000000000000E+0000  8.95238468496647440137E-0002  4.87069614586370826087E-0003  8.95236872782558801073E-0002  4.87069181585127078855E-0003  1.72141346596569714019E-0012  1.32524903988244459850E+0000  0.00000000000000000000E+0000  6.29997896203460299109E-0004  3.16643688190924110121E-0004 -1.65116433080211111730E-0003
 1.21100000000000000005E-0006  6.10000000000000000013E-0001 -2.14454498573425434010E+0002  8.80356617619395314929E-0005 -2.14454498573425434010E+0002  1.00000000000000000000E+0000  8.68919837672693875510E-0001  1.03449111646590754491E+0000  7.81452699431767420081E-0001  0.00000000000000000000E+0000  2.18478658651365228283E+0002  0.00000000000000000000E+0000  3.67802186820260154439E-0008  3.95715750402784685110E-0004  9.14770707482919354821E-0032  0.00000000000000000000E+0000  2.61227045532712250737E+0000  0.00000000000000000000E+0000  0.00000000000000000000E+0000  2.60641281478640360965E+0000  0.00000000000000000000E+0000  8.95237384555774408387E-0002  4.87070923760199637767E-0003  8.95235850182594518576E-0002  4.87070487053525606190E-0003  1.74010471060873508292E-0012  1.32525508890148105813E+0000  0.00000000000000000000E+0000  6.29589966158882398994E-0004  3.16668603597223794744E-0004 -1.61917541978564135105E-0003
 1.23599999999999999995E-0006  6.10000000000000000013E-0001 -2.14454620139772561382E+0002  8.77864182269750215458E-0005 -2.14454620139772561382E+0002  1.00000000000000000000E+0000  8.68945162301401219634E-0001  1.03449110728442153083E+0000  7.81457348942529528161E-0001  0.00000000000000000000E+0000  2.18478658651365228283E+0002  0.00000000000000000000E+0000  3.68085077864038294518E-0008  3.95715384070445950039E-0004  9.14861381371349868202E-0032  0.00000000000000000000E+0000  2.61223190863450359226E+0000  0.00000000000000000000E+0000  0.00000000000000000000E+0000  2.60644781023523009877E+0000  0.00000000000000000000E+0000  8.95236314247025874268E-0002  4.87072223562384653368E-0003  8.95234780935615829273E-0002  4.87071807754713014004E-0003  1.76028116393832840284E-0012  1.32526096992080049764E+0000  0.00000000000000000000E+0000  6.29141121432495847747E-0004  3.16691680236866215875E-0004 -1.58775184346846262096E-0003
 1.26200000000000000002E-0006  6.10000000000000000013E-0001 -2.14454742573763036104E+0002  8.75363043319158975127E-0005 -2.14454742573763036104E+0002  1.00000000000000000000E+0000  8.68971031908839323607E-0001  1.03449109755588029630E+0000  7.81461801173823362998E-0001  0.00000000000000000000E+0000  2.18478658651365228283E+0002  0.00000000000000000000E+0000  3.68372043591485906544E-0008  3.95715006718643616576E-0004  9.14948358187410295722E-0032  0.00000000000000000000E+0000  2.61219210943287353686E+0000  0.00000000000000000000E+0000  0.00000000000000000000E+0000  2.60648402516157275013E+0000  0.00000000000000000000E+0000  8.95235189236492574544E-0002  4.87073534869377536397E-0003  8.95233676081181084492E-0002  4.87073140918975639019E-0003  1.77995397929192069338E-0012  1.32526677847254817962E+0000  0.00000000000000000000E+0000  6.28653501161697065614E-0004  3.16712573787622476202E-0004 -1.55603433989032974410E-0003
 1.28799999999999999998E-0006  6.10000000000000000013E-0001 -2.14454862724794889733E+0002  8.72888106148162361869E-0005 -2.14454862724794889733E+0002  1.00000000000000000000E+0000  8.68996424143399359393E-0001  1.03449108867349072731E+0000  7.81465900833547570854E-0001  0.00000000000000000000E+0000  2.18478658651365228283E+0002  0.00000000000000000000E+0000  3.68651855131424344181E-0008  3.95714648721306042423E-0004  9.15028599536193236264E-0032  0.00000000000000000000E+0000  2.61215195838101029140E+0000  0.00000000000000000000E+0000  0.00000000000000000000E+0000  2.60652077562960176162E+0000  0.00000000000000000000E+0000  8.95234060535352342889E-0002  4.87074833176233668435E-0003  8.95232588321957082589E-0002  4.87074446687963625548E-0003  1.79947011718555757962E-0012  1.32527252286876250044E+0000  0.00000000000000000000E+0000  6.28145564778258106046E-0004  3.16730613641192268772E-0004 -1.52467299460378532906E-0003
 1.31500000000000000001E-0006  6.10000000000000000013E-0001 -2.14454983214773457226E+0002  8.70433600247260363825E-0005 -2.14454983214773457226E+0002  1.00000000000000000000E+0000  8.69022271593921556807E-0001  1.03449107918592513370E+0000  7.81469810067451025747E-0001  0.00000000000000000000E+0000  2.18478658651365228283E+0002  0.00000000000000000000E+0000  3.68934838163816798258E-0008  3.95714280110419829586E-0004  9.15105264372620250041E-0032  0.00000000000000000000E+0000  2.61211141742736588410E+0000  0.00000000000000000000E+0000  0.00000000000000000000E+0000  2.60655791762013714047E+0000  0.00000000000000000000E+0000  8.95232920332039481761E-0002  4.87076132575358109786E-0003  8.95231463335915813787E-0002  4.87075764094116530969E-0003  1.81897431261771575438E-0012  1.32527814643548309587E+0000  0.00000000000000000000E+0000  6.27599165273383682465E-0004  3.16746416810682336813E-0004 -1.49347303357700418190E-0003
 1.34300000000000000000E-0006  6.10000000000000000013E-0001 -2.14455104318274197672E+0002  8.67818060924933357138E-0005 -2.14455104318274197672E+0002  1.00000000000000000000E+0000  8.69048507410767221532E-0001  1.03449106942306246306E+0000  7.81473521154768269452E-0001  0.00000000000000000000E+0000  2.18478658651365228283E+0002  0.00000000000000000000E+0000  3.69220245349352039953E-0008  3.95713906026847166958E-0004  9.15178198188273666745E-0032  0.00000000000000000000E+0000  2.61206978300368997201E+0000  0.00000000000000000000E+0000  0.00000000000000000000E+0000  2.60659616385218002215E+0000  0.00000000000000000000E+0000  8.95231739660748023591E-0002  4.87077441894385143351E-0003  8.95230307284332170803E-0002  4.87077090915751107303E-0003  1.83953629994738237294E-0012  1.32528376579830689465E+0000  0.00000000000000000000E+0000  6.27012297842013372778E-0004  3.16759898015917500412E-0004 -1.46207012744063792804E-0003
 1.37000000000000000002E-0006  6.10000000000000000013E-0001 -2.14455220254820217718E+0002  8.65456853659565662442E-0005 -2.14455220254820217718E+0002  1.00000000000000000000E+0000  8.69073273396073802918E-0001  1.03449106151986741306E+0000  7.81476808672053702674E-0001  0.00000000000000000000E+0000  2.18478658651365228283E+0002  0.00000000000000000000E+0000  3.69488120657887138970E-0008  3.95713574657379446277E-0004  9.15242965600162947351E-0032  0.00000000000000000000E+0000  2.61202870753701513824E+0000  0.00000000000000000000E+0000  0.00000000000000000000E+0000  2.60663419864751006350E+0000  0.00000000000000000000E+0000  8.95230596115532531305E-0002  4.87078708808839094414E-0003  8.95229216534050723978E-0002  4.87078355103322444382E-0003  1.85784888273635037637E-0012  1.32528913462310860710E+0000  0.00000000000000000000E+0000  6.26432571882237308358E-0004  3.16770250324803272403E-0004 -1.43169173860824141794E-0003
 1.39899999999999999997E-0006  6.10000000000000000013E-0001 -2.14455338251090409749E+0002  8.62911277140370323455E-0005 -2.14455338251090409749E+0002  1.00000000000000000000E+0000  8.69099255747142101830E-0001  1.03449105163075905426E+0000  7.81480032868956360937E-0001  0.00000000000000000000E+0000  2.18478658651365228283E+0002  0.00000000000000000000E+0000  3.69767505054306296881E-0008  3.95713205306584678180E-0004  9.15306629837454738370E-0032  0.00000000000000000000E+0000  2.61198727444165020267E+0000  0.00000000000000000000E+0000  0.00000000000000000000E+0000  2.60667242324958718246E+0000  0.00000000000000000000E+0000  8.95229426198443825857E-0002  4.87079984440006182444E-0003  8.95228038966558487704E-0002  4.87079660448023385239E-0003  1.87781487909132600085E-0012  1.32529441759323091414E+0000  0.00000000000000000000E+0000  6.25792134338563034751E-0004  3.16778585644661464024E-0004 -1.40139614759009908165E-0003
 1.42800000000000000002E-0006  6.10000000000000000013E-0001 -2.14455454231537547619E+0002  8.60361465370013425539E-0005 -2.14455454231537547619E+0002  1.00000000000000000000E+0000  8.69124617387105607904E-0001  1.03449104275190949655E+0000  7.81482977952779450594E-0001  0.00000000000000000000E+0000  2.18478658651365228283E+0002  0.00000000000000000000E+0000  3.70038723037236263926E-0008  3.95712857681441020029E-0004  9.15364942354818984070E-0032  0.00000000000000000000E+0000  2.61194493795964209279E+0000  0.00000000000000000000E+0000  0.00000000000000000000E+0000  2.60671172915677079574E+0000  0.00000000000000000000E+0000  8.95228227376840324020E-0002  4.87081251103053406709E-0003  8.95226883672378695458E-0002  4.87080935050495071668E-0003  1.89698554423196356322E-0012  1.32529962639597842164E+0000  0.00000000000000000000E+0000  6.25137746089981346975E-0004  3.16784256407324154976E-0004 -1.37118603882734216841E-0003
 1.45699999999999999996E-0006  6.10000000000000000013E-0001 -2.14455567314280459670E+0002  8.57985404037256142287E-0005 -2.14455567314280459670E+0002  1.00000000000000000000E+0000  8.69149359638133657178E-0001  1.03449103436688533738E+0000  7.81485669450105763028E-0001  0.00000000000000000000E+0000  2.18478658651365228283E+0002  0.00000000000000000000E+0000  3.70301963159980235228E-0008  3.95712524609978583133E-0004  9.15418387450706685919E-0032  0.00000000000000000000E+0000  2.61190317324535025909E+0000  0.00000000000000000000E+0000  0.00000000000000000000E+0000  2.60675063211289650381E+0000  0.00000000000000000000E+0000  8.95227057226520602149E-0002  4.87082489514987760393E-0003  8.95225742425017662372E-0002  4.87082181272071775132E-0003  1.91483701587397799611E-0012  1.32530462755819732133E+0000  0.00000000000000000000E+0000  6.24472234051937255189E-0004  3.16787402532009552669E-0004 -1.34181256746895443555E-0003
 1.48699999999999999997E-0006  6.10000000000000000013E-0001 -2.14455679798667059488E+0002  8.55395399196953403196E-0005 -2.14455679798667059488E+0002  1.00000000000000000000E+0000  8.69174291295200351752E-0001  1.03449102534564802759E+0000  7.81488206034262641744E-0001  0.00000000000000000000E+0000  2.18478658651365228283E+0002  0.00000000000000000000E+0000  3.70565883413674550713E-0008  3.95712182001009769851E-0004  9.15468902824596139173E-0032  0.00000000000000000000E+0000  2.61186121883731883807E+0000  0.00000000000000000000E+0000  0.00000000000000000000E+0000  2.60678972564878828856E+0000  0.00000000000000000000E+0000  8.95225869812000101271E-0002  4.87083717802444229517E-0003  8.95224568919754431625E-0002  4.87083429168231857773E-0003  1.93412434719296984916E-0012  1.32530953585986071663E+0000  0.00000000000000000000E+0000  6.23768707194228189051E-0004  3.16788156808338682968E-0004 -1.31277449090378390392E-0003
 1.51800000000000000004E-0006  6.10000000000000000013E-0001 -2.14455792202945038430E+0002  8.52873951310021684149E-0005 -2.14455792202945038430E+0002  1.00000000000000000000E+0000  8.69199350176106275969E-0001  1.03449101609402154206E+0000  7.81490588302634144329E-0001  0.00000000000000000000E+0000  2.18478658651365228283E+0002  0.00000000000000000000E+0000  3.70829869579313330376E-0008  3.95711836041367570587E-0004  9.15516501222210633058E-0032  0.00000000000000000000E+0000  2.61181843613019503032E+0000  0.00000000000000000000E+0000  0.00000000000000000000E+0000  2.60682967265646540534E+0000  0.00000000000000000000E+0000  8.95224647218647685557E-0002  4.87084947627595132171E-0003  8.95223369417615283099E-0002  4.87084675744026842361E-0003  1.95269581031009685173E-0012  1.32531434004458223755E+0000  0.00000000000000000000E+0000  6.23032024302278998893E-0004  3.16786394200146621746E-0004 -1.28371848129365123192E-0003
 1.54999999999999999996E-0006  6.10000000000000000013E-0001 -2.14455904505854147712E+0002  8.50289862711665353009E-0005 -2.14455904505854147712E+0002  1.00000000000000000000E+0000  8.69224472825243863817E-0001  1.03449100678220187136E+0000  7.81492817592557154700E-0001  0.00000000000000000000E+0000  2.18478658651365228283E+0002  0.00000000000000000000E+0000  3.71093294089222682553E-0008  3.95711489901529436731E-0004  9.15561203534262519763E-0032  0.00000000000000000000E+0000  2.61177490463160043451E+0000  0.00000000000000000000E+0000  0.00000000000000000000E+0000  2.60687041579882653256E+0000  0.00000000000000000000E+0000  8.95223398768003917082E-0002  4.87086179830267221275E-0003  8.95222146248565809340E-0002  4.87085921822186370039E-0003  1.97126400676948249131E-0012  1.32531910608442741832E+0000  0.00000000000000000000E+0000  6.22261057997211643822E-0004  3.16782027653925583367E-0004 -1.25466513782228696691E-0003
 1.58199999999999999999E-0006  6.10000000000000000013E-0001 -2.14456014355910945288E+0002  8.47717912929555450641E-0005 -2.14456014355910945288E+0002  1.00000000000000000000E+0000  8.69248856917460313532E-0001  1.03449099829601229262E+0000  7.81494839235795149253E-0001  0.00000000000000000000E+0000  2.18478658651365228283E+0002  0.00000000000000000000E+0000  3.71347863093627889894E-0008  3.95711163421889445698E-0004  9.15601903465494138662E-0032  0.00000000000000000000E+0000  2.61173140773838177156E+0000  0.00000000000000000000E+0000  0.00000000000000000000E+0000  2.60691130446672709293E+0000  0.00000000000000000000E+0000  8.95222161564056099855E-0002  4.87087391419276327567E-0003  8.95220943556820036882E-0002  4.87087139024749574930E-0003  1.98947841408359561678E-0012  1.32532374331263321041E+0000  0.00000000000000000000E+0000  6.21480441142216202092E-0004  3.16775264970176994964E-0004 -1.22613696321162734646E-0003
 1.61400000000000000002E-0006  6.10000000000000000013E-0001 -2.14456121115780132994E+0002  8.45198007505243527753E-0005 -2.14456121115780132994E+0002  1.00000000000000000000E+0000  8.69272510964344194873E-0001  1.03449099018776847451E+0000  7.81496673339861221456E-0001  0.00000000000000000000E+0000  2.18478658651365228283E+0002  0.00000000000000000000E+0000  3.71593808846362034471E-0008  3.95710849823509535530E-0004  9.15638981529406770308E-0032  0.00000000000000000000E+0000  2.61168861684053275570E+0000  0.00000000000000000000E+0000  0.00000000000000000000E+0000  2.60695163160774744690E+0000  0.00000000000000000000E+0000  8.95220948894663125494E-0002  4.87088569405312807184E-0003  8.95219756262648109775E-0002  4.87088326352619073570E-0003  2.00712226797317843994E-0012  1.32532816651053646510E+0000  0.00000000000000000000E+0000  6.20691980265869804942E-0004  3.16766246686926229005E-0004 -1.19849187790124279425E-0003
 1.64700000000000000001E-0006  6.10000000000000000013E-0001 -2.14456226778785179379E+0002  8.42630834658761175612E-0005 -2.14456226778785179379E+0002  1.00000000000000000000E+0000  8.69296139558158598864E-0001  1.03449098151672479217E+0000  7.81498385214016760641E-0001  0.00000000000000000000E+0000  2.18478658651365228283E+0002  0.00000000000000000000E+0000  3.71838530926772895942E-0008  3.95710528966806669787E-0004  9.15673738411567098909E-0032  0.00000000000000000000E+0000  2.61164583161830079583E+0000  0.00000000000000000000E+0000  0.00000000000000000000E+0000  2.60699195973482538715E+0000  0.00000000000000000000E+0000  8.95219720117805520371E-0002  4.87089731310121723739E-0003  8.95218541894643951860E-0002  4.87089507145132151535E-0003  2.02450041198593330520E-0012  1.32533243720800567045E+0000  0.00000000000000000000E+0000  6.19872378605113747945E-0004  3.16754695618276756298E-0004 -1.17128169923268245964E-0003
 1.68099999999999999995E-0006  6.10000000000000000013E-0001 -2.14456331781486513877E+0002  8.39969254858214793763E-0005 -2.14456331781486513877E+0002  1.00000000000000000000E+0000  8.69319683729988401384E-0001  1.03449097268106921779E+0000  7.81499977410327639619E-0001  0.00000000000000000000E+0000  2.18478658651365228283E+0002  0.00000000000000000000E+0000  3.72081460717690208270E-0008  3.95710206977526823381E-0004  9.15706219923223044644E-0032  0.00000000000000000000E+0000  2.61160246668343571340E+0000  0.00000000000000000000E+0000  0.00000000000000000000E+0000  2.60703290279240455741E+0000  0.00000000000000000000E+0000  8.95218462445238984915E-0002  4.87090887837776794418E-0003  8.95217306428254743116E-0002  4.87090679208783234751E-0003  2.04249427124516521817E-0012  1.32533665323353402952E+0000  0.00000000000000000000E+0000  6.19019737222015580131E-0004  3.16740513847267500844E-0004 -1.14419388139473537433E-0003
 1.71599999999999999996E-0006  6.10000000000000000013E-0001 -2.14456436243021833804E+0002  8.37350656144524566295E-0005 -2.14456436243021833804E+0002  1.00000000000000000000E+0000  8.69343089729417382579E-0001  1.03449096382893108168E+0000  7.81501454092545450546E-0001  0.00000000000000000000E+0000  2.18478658651365228283E+0002  0.00000000000000000000E+0000  3.72322104488491973649E-0008  3.95709886531293279197E-0004  9.15736505019983333317E-0032  0.00000000000000000000E+0000  2.61155860109282543947E+0000  0.00000000000000000000E+0000  0.00000000000000000000E+0000  2.60707439908632303575E+0000  0.00000000000000000000E+0000  8.95217184214064661433E-0002  4.87092040054160991637E-0003  8.95216051787793555303E-0002  4.87091844251351880364E-0003  2.05967960793769536934E-0012  1.32534076491931255171E+0000  0.00000000000000000000E+0000  6.18138551259053682864E-0004  3.16723698214407598212E-0004 -1.11723862681965930247E-0003
 1.75099999999999999997E-0006  6.10000000000000000013E-0001 -2.14456538144350409195E+0002  8.34714032941797383200E-0005 -2.14456538144350409195E+0002  1.00000000000000000000E+0000  8.69365681077564223553E-0001  1.03449095572910319558E+0000  7.81502785355456577095E-0001  0.00000000000000000000E+0000  2.18478658651365228283E+0002  0.00000000000000000000E+0000  3.72553604262799781727E-0008  3.95709584536670534403E-0004  9.15763967097917304493E-0032  0.00000000000000000000E+0000  2.61151495573004822459E+0000  0.00000000000000000000E+0000  0.00000000000000000000E+0000  2.60711583684563548576E+0000  0.00000000000000000000E+0000  8.95215920725430452324E-0002  4.87093168867397887708E-0003  8.95214818917933493646E-0002  4.87092978660399703236E-0003  2.07641088672043878638E-0012  1.32534475969825987231E+0000  0.00000000000000000000E+0000  6.17252637951511037452E-0004  3.16704759040056425098E-0004 -1.09085695012725099011E-0003
 1.78700000000000000004E-0006  6.10000000000000000013E-0001 -2.14456638778782467170E+0002  8.32057268385866048232E-0005 -2.14456638778782467170E+0002  1.00000000000000000000E+0000  8.69388076276038235170E-0001  1.03449094726860604495E+0000  7.81504017254924709967E-0001  0.00000000000000000000E+0000  2.18478658651365228283E+0002  0.00000000000000000000E+0000  3.72782370753798123397E-0008  3.95709279459404943951E-0004  9.15789532980027890784E-0032  0.00000000000000000000E+0000  2.61147150549254805554E+0000  0.00000000000000000000E+0000  0.00000000000000000000E+0000  2.60715710484740463039E+0000  0.00000000000000000000E+0000  8.95214649892090692543E-0002  4.87094279146548360056E-0003  8.95213564369426520529E-0002  4.87094104639599144157E-0003  2.09280942368769774123E-0012  1.32534859793254085358E+0000  0.00000000000000000000E+0000  6.16338501405643807355E-0004  3.16683196324860274855E-0004 -1.06496237065912727834E-0003
 1.82399999999999999997E-0006  6.10000000000000000013E-0001 -2.14456738455871407073E+0002  8.29329341359397218996E-0005 -2.14456738455871407073E+0002  1.00000000000000000000E+0000  8.69410226469531104436E-0001  1.03449093872424027632E+0000  7.81505154095446887160E-0001  0.00000000000000000000E+0000  2.18478658651365228283E+0002  0.00000000000000000000E+0000  3.73007956549961119708E-0008  3.95708975433862143495E-0004  9.15813282863422488068E-0032  0.00000000000000000000E+0000  2.61142769976451930296E+0000  0.00000000000000000000E+0000  0.00000000000000000000E+0000  2.60719877196880170573E+0000  0.00000000000000000000E+0000  8.95213356787381887993E-0002  4.87095378863056310452E-0003  8.95212292869354149788E-0002  4.87095218111829148917E-0003  2.10901254641967001241E-0012  1.32535234892332560454E+0000  0.00000000000000000000E+0000  6.15396404876884775040E-0004  3.16658958771093090934E-0004 -1.03929426910818477181E-0003
 1.86199999999999999996E-0006  6.10000000000000000013E-0001 -2.14456837188592706916E+0002  8.26576830681413195963E-0005 -2.14456837188592706916E+0002  1.00000000000000000000E+0000  8.69432085267864688117E-0001  1.03449093020253008607E+0000  7.81506200529477317181E-0001  0.00000000000000000000E+0000  2.18478658651365228283E+0002  0.00000000000000000000E+0000  3.73229943283028980651E-0008  3.95708674436538344094E-0004  9.15835303231096814336E-0032  0.00000000000000000000E+0000  2.61138361304888051684E+0000  0.00000000000000000000E+0000  0.00000000000000000000E+0000  2.60724077524441031121E+0000  0.00000000000000000000E+0000  8.95212047822470056302E-0002  4.87096468469763728386E-0003  8.95211006285009313569E-0002  4.87096319662267580739E-0003  2.12499421559657359369E-0012  1.32535600896578656437E+0000  0.00000000000000000000E+0000  6.14427145849548545256E-0004  3.16632013524706647293E-0004 -1.01386808618343722037E-0003
 1.90000000000000000005E-0006  6.10000000000000000013E-0001 -2.14456933277785337391E+0002  8.23840472984816996782E-0005 -2.14456933277785337391E+0002  1.00000000000000000000E+0000  8.69453078421340420261E-0001  1.03449092238077829976E+0000  7.81507139332242989067E-0001  0.00000000000000000000E+0000  2.18478658651365228283E+0002  0.00000000000000000000E+0000  3.73442582352876467993E-0008  3.95708391097418096185E-0004  9.15855216758392470210E-0032  0.00000000000000000000E+0000  2.61133991074049051596E+0000  0.00000000000000000000E+0000  0.00000000000000000000E+0000  2.60728254107239904177E+0000  0.00000000000000000000E+0000  8.95210756614134406153E-0002  4.87097532039859193600E-0003  8.95209742848649360890E-0002  4.87097388870523721874E-0003  2.14048800071112608351E-0012  1.32535953614774271452E+0000  0.00000000000000000000E+0000  6.13456586999864191090E-0004  3.16603126608194469685E-0004 -9.89057994475524763081E-0004
 1.93900000000000000000E-0006  6.10000000000000000013E-0001 -2.14457027790310901932E+0002  8.21081332443484240445E-0005 -2.14457027790310901932E+0002  1.00000000000000000000E+0000  8.69473740720790467173E-0001  1.03449091425964275642E+0000  7.81508002349936226820E-0001  0.00000000000000000000E+0000  2.18478658651365228283E+0002  0.00000000000000000000E+0000  3.73651354210890354681E-0008  3.95708106359374795323E-0004  9.15873673930430906832E-0032  0.00000000000000000000E+0000  2.61129656967162446300E+0000  0.00000000000000000000E+0000  0.00000000000000000000E+0000  2.60732397068635680069E+0000  0.00000000000000000000E+0000  8.95209459800198209409E-0002  4.87098572888626065445E-0003  8.95208462103672245180E-0002  4.87098444533822474923E-0003  2.15558052303135195443E-0012  1.32536290820118320838E+0000  0.00000000000000000000E+0000  6.12461052046044055844E-0004  3.16571593956815655878E-0004 -9.64789668438045805848E-0004
 1.97900000000000000001E-0006  6.10000000000000000013E-0001 -2.14457121048780307626E+0002  8.18257343399674607304E-0005 -2.14457121048780307626E+0002  1.00000000000000000000E+0000  8.69494033763517076212E-0001  1.03449090609715087100E+0000  7.81508794053056672895E-0001  0.00000000000000000000E+0000  2.18478658651365228283E+0002  0.00000000000000000000E+0000  3.73855918172356929429E-0008  3.95707824026088565242E-0004  9.15890758836716966346E-0032  0.00000000000000000000E+0000  2.61125308352973968182E+0000  0.00000000000000000000E+0000  0.00000000000000000000E+0000  2.60736558867627268269E+0000  0.00000000000000000000E+0000  8.95208145581438020170E-0002  4.87099598580274089177E-0003  8.95207168311947760214E-0002  4.87099482900084138515E-0003  2.17039563000216118748E-0012  1.32536618661848953329E+0000  0.00000000000000000000E+0000  6.11440871785439502320E-0004  3.16537378202732154231E-0004 -9.40828157095537227731E-0004
 2.01900000000000000002E-0006  6.10000000000000000013E-0001 -2.14457211632985111263E+0002  8.15468339653519599551E-0005 -2.14457211632985111263E+0002  1.00000000000000000000E+0000  8.69513457276557695443E-0001  1.03449089857585662777E+0000  7.81509503142988489551E-0001  0.00000000000000000000E+0000  2.18478658651365228283E+0002  0.00000000000000000000E+0000  3.74051299255858209165E-0008  3.95707558248165004117E-0004  9.15906212514876824976E-0032  0.00000000000000000000E+0000  2.61121007964607763810E+0000  0.00000000000000000000E+0000  0.00000000000000000000E+0000  2.60740685546708440270E+0000  0.00000000000000000000E+0000  8.95206849954678887641E-0002  4.87100597232701594808E-0003  8.95205898237102779599E-0002  4.87100487312777241082E-0003  2.18470909213824958447E-0012  1.32536933870791518158E+0000  0.00000000000000000000E+0000  6.10421799212144493507E-0004  3.16501386502792775275E-0004 -9.17491725919818420649E-0004
 2.06099999999999999994E-0006  6.10000000000000000013E-0001 -2.14457301890316100357E+0002  8.12569218953683957711E-0005 -2.14457301890316100357E+0002  1.00000000000000000000E+0000  8.69532927751345626746E-0001  1.03449089022202156440E+0000  7.81510167345956286843E-0001  0.00000000000000000000E+0000  2.18478658651365228283E+0002  0.00000000000000000000E+0000  3.74246747927153341646E-0008  3.95707279998170809650E-0004  9.15920833694964446805E-0032  0.00000000000000000000E+0000  2.61116699202933546077E+0000  0.00000000000000000000E+0000  0.00000000000000000000E+0000  2.60744815152108121614E+0000  0.00000000000000000000E+0000  8.95205519745728521474E-0002  4.87101582824637792335E-0003  8.95204579291788957014E-0002  4.87101492060928284652E-0003  2.19932804023573792647E-0012  1.32537238189671966251E+0000  0.00000000000000000000E+0000  6.09353141004303642157E-0004  3.16461747674685666834E-0004 -8.94414544353891547133E-0004
 2.10300000000000000008E-0006  6.10000000000000000013E-0001 -2.14457389890245596634E+0002  8.09701032543968684756E-0005 -2.14457389890245596634E+0002  1.00000000000000000000E+0000  8.69551509303669149104E-0001  1.03449088273653276224E+0000  7.81510761092594103750E-0001  0.00000000000000000000E+0000  2.18478658651365228283E+0002  0.00000000000000000000E+0000  3.74432925774944954431E-0008  3.95707021475898121035E-0004  9.15934056043549861868E-0032  0.00000000000000000000E+0000  2.61112396075506503538E+0000  0.00000000000000000000E+0000  0.00000000000000000000E+0000  2.60748953537363665350E+0000  0.00000000000000000000E+0000  8.95204200011928678097E-0002  4.87102548597507239980E-0003  8.95203287661403053572E-0002  4.87102461240627375519E-0003  2.21300047132350476438E-0012  1.32537532988748386529E+0000  0.00000000000000000000E+0000  6.08288873586939171675E-0004  3.16420451038498157504E-0004 -8.71751193432118825249E-0004
 2.14600000000000000007E-0006  6.10000000000000000013E-0001 -2.14457476147888301488E+0002  8.06816803414050442196E-0005 -2.14457476147888301488E+0002  1.00000000000000000000E+0000  8.69569638939703565457E-0001  1.03449087509187478691E+0000  7.81511304084496450598E-0001  0.00000000000000000000E+0000  2.18478658651365228283E+0002  0.00000000000000000000E+0000  3.74614258462149554708E-0008  3.95706764437315749059E-0004  9.15946290560843175001E-0032  0.00000000000000000000E+0000  2.61108148881832234428E+0000  0.00000000000000000000E+0000  0.00000000000000000000E+0000  2.60753038810827717626E+0000  0.00000000000000000000E+0000  8.95202880704857466873E-0002  4.87103489144548530846E-0003  8.95201984281038276004E-0002  4.87103414129559935015E-0003  2.22622141132943833533E-0012  1.32537814049347375247E+0000  0.00000000000000000000E+0000  6.07203772115142729480E-0004  3.16376526955352547061E-0004 -8.49658764501288607777E-0004
 2.18999999999999999991E-0006  6.10000000000000000013E-0001 -2.14457560924118745008E+0002  8.03865259603849747769E-0005 -2.14457560924118745008E+0002  1.00000000000000000000E+0000  8.69587292462672993272E-0001  1.03449086746588451004E+0000  7.81511800173061031509E-0001  0.00000000000000000000E+0000  2.18478658651365228283E+0002  0.00000000000000000000E+0000  3.74790540969784649342E-0008  3.95706511392242310667E-0004  9.15957609744402793613E-0032  0.00000000000000000000E+0000  2.61103911931477161929E+0000  0.00000000000000000000E+0000  0.00000000000000000000E+0000  2.60757117822397492144E+0000  0.00000000000000000000E+0000  8.95201550075047197856E-0002  4.87104410028204325343E-0003  8.95200672440660038734E-0002  4.87104346005784026723E-0003  2.23909355930721718651E-0012  1.32538085458969877718E+0000  0.00000000000000000000E+0000  6.06098219679283178138E-0004  3.16329960046174923871E-0004 -8.27942995526098145008E-0004
 2.23500000000000000003E-0006  6.10000000000000000013E-0001 -2.14457644230823288201E+0002  8.00890040072018142016E-0005 -2.14457644230823288201E+0002  1.00000000000000000000E+0000  8.69604448705932701164E-0001  1.03449085992350384221E+0000  7.81512253093392328049E-0001  0.00000000000000000000E+0000  2.18478658651365228283E+0002  0.00000000000000000000E+0000  3.74961598017480886989E-0008  3.95706263506119775492E-0004  9.15968083559038159153E-0032  0.00000000000000000000E+0000  2.61099691163933166071E+0000  0.00000000000000000000E+0000  0.00000000000000000000E+0000  2.60761185116566496017E+0000  0.00000000000000000000E+0000  8.95200212300190871140E-0002  4.87105311669260962187E-0003  8.95199353544924512736E-0002  4.87105257455600560458E-0003  2.25160548137666067020E-0012  1.32538347071633100824E+0000  0.00000000000000000000E+0000  6.04973086353922967152E-0004  3.16280753036590026282E-0004 -8.06612028176298484681E-0004
 2.27999999999999999993E-0006  6.10000000000000000013E-0001 -2.14457724913300246006E+0002  7.97936974009756654918E-0005 -2.14457724913300246006E+0002  1.00000000000000000000E+0000  8.69620745482238908424E-0001  1.03449085296400549740E+0000  7.81512658409753353567E-0001  0.00000000000000000000E+0000  2.18478658651365228283E+0002  0.00000000000000000000E+0000  3.75123862018738783273E-0008  3.95706031041926587274E-0004  9.15977592031913959222E-0032  0.00000000000000000000E+0000  2.61095539500271978475E+0000  0.00000000000000000000E+0000  0.00000000000000000000E+0000  2.60765193926002334475E+0000  0.00000000000000000000E+0000  8.95198896876886326135E-0002  4.87106184320442616305E-0003  8.95198059890219065990E-0002  4.87106135233169733169E-0003  2.26358663845267761520E-0012  1.32538596785106983225E+0000  0.00000000000000000000E+0000  6.03853524217585328152E-0004  3.16230048746642050521E-0004 -7.85919198021435990192E-0004
 2.32699999999999999997E-0006  6.10000000000000000013E-0001 -2.14457804757123762437E+0002  7.94900133934321908618E-0005 -2.14457804757123762437E+0002  1.00000000000000000000E+0000  8.69636873873248322905E-0001  1.03449084536211365624E+0000  7.81513036413031085645E-0001  0.00000000000000000000E+0000  2.18478658651365228283E+0002  0.00000000000000000000E+0000  3.75284240515550362158E-0008  3.95705790565559707619E-0004  9.15986586610847638009E-0032  0.00000000000000000000E+0000  2.61091408178782483410E+0000  0.00000000000000000000E+0000  0.00000000000000000000E+0000  2.60769177950091326059E+0000  0.00000000000000000000E+0000  8.95197552127500600984E-0002  4.87107036626104747971E-0003  8.95196726720659789015E-0002  4.87107003856303719407E-0003  2.27526320989817961342E-0012  1.32538835026139089344E+0000  0.00000000000000000000E+0000  6.02692170501744370354E-0004  3.16175637483344704398E-0004 -7.65578305454809066839E-0004
 2.37400000000000000000E-0006  6.10000000000000000013E-0001 -2.14457882334317521705E+0002  7.91865329547953498859E-0005 -2.14457882334317521705E+0002  1.00000000000000000000E+0000  8.69652150985787320188E-0001  1.03449083852220596587E+0000  7.81513374988268449202E-0001  0.00000000000000000000E+0000  2.18478658651365228283E+0002  0.00000000000000000000E+0000  3.75435974242870064003E-0008  3.95705567862380693403E-0004  9.15994772795374893068E-0032  0.00000000000000000000E+0000  2.61087308530249183097E+0000  0.00000000000000000000E+0000  0.00000000000000000000E+0000  2.60773141819284817603E+0000  0.00000000000000000000E+0000  8.95196223685338728006E-0002  4.87107866542644850643E-0003  8.95195421614800218013E-0002  4.87107836818048489138E-0003  2.28649689284722104271E-0012  1.32539065788547903040E+0000  0.00000000000000000000E+0000  6.01537351269140922291E-0004  3.16119785615545156928E-0004 -7.45695713862696755344E-0004
 2.42299999999999999995E-0006  6.10000000000000000013E-0001 -2.14457958992433428261E+0002  7.88754775609984066641E-0005 -2.14457958992433428261E+0002  1.00000000000000000000E+0000  8.69667198660652762871E-0001  1.03449083115523579558E+0000  7.81513690587600736424E-0001  0.00000000000000000000E+0000  2.18478658651365228283E+0002  0.00000000000000000000E+0000  3.75585261509959956681E-0008  3.95705339435067713107E-0004  9.16002522824297046586E-0032  0.00000000000000000000E+0000  2.61083239365623736542E+0000  0.00000000000000000000E+0000  0.00000000000000000000E+0000  2.60777071613992225793E+0000  0.00000000000000000000E+0000  8.95194870657728512746E-0002  4.87108674995725872688E-0003  8.95194080561923869870E-0002  4.87108659891424910926E-0003  2.29778453701744747239E-0012  1.32539285826607333880E+0000  0.00000000000000000000E+0000  6.00340530464498217780E-0004  3.16060089013889022320E-0004 -7.26184656621408180315E-0004
 2.47199999999999999990E-0006  6.10000000000000000013E-0001 -2.14458033429415874424E+0002  7.85686688796054403143E-0005 -2.14458033429415874424E+0002  1.00000000000000000000E+0000  8.69681413908085075126E-0001  1.03449082452667147662E+0000  7.81513973924706272520E-0001  0.00000000000000000000E+0000  2.18478658651365228283E+0002  0.00000000000000000000E+0000  3.75726152801775154755E-0008  3.95705128304237963924E-0004  9.16009601621768070131E-0032  0.00000000000000000000E+0000  2.61079210663204286727E+0000  0.00000000000000000000E+0000  0.00000000000000000000E+0000  2.60780971607862805512E+0000  0.00000000000000000000E+0000  8.95193535945455125491E-0002  4.87109460512672023137E-0003  8.95192767699697080442E-0002  4.87109448105398476422E-0003  2.30786895898453706073E-0012  1.32539496136278521650E+0000  0.00000000000000000000E+0000  5.99156066270668419760E-0004  3.15999254701466041786E-0004 -7.07143591984646370323E-0004
 2.52299999999999999997E-0006  6.10000000000000000013E-0001 -2.14458106793173767929E+0002  7.82502174601508535917E-0005 -2.14458106793173767929E+0002  1.00000000000000000000E+0000  8.69695353405968040535E-0001  1.03449081742524528766E+0000  7.81514238310292757661E-0001  0.00000000000000000000E+0000  2.18478658651365228283E+0002  0.00000000000000000000E+0000  3.75864178439970256324E-0008  3.95704912698008067502E-0004  9.16016316103839412496E-0032  0.00000000000000000000E+0000  2.61075221111906483366E+0000  0.00000000000000000000E+0000  0.00000000000000000000E+0000  2.60784829029878360515E+0000  0.00000000000000000000E+0000  8.95192178250562042806E-0002  4.87110222377357955881E-0003  8.95191421888813214385E-0002  4.87110223757096888773E-0003  2.31833142096409639973E-0012  1.32539698167507971876E+0000  0.00000000000000000000E+0000  5.97929408415479316741E-0004  3.15934438223124474477E-0004 -6.88497300532747061836E-0004
 2.57400000000000000005E-0006  6.10000000000000000013E-0001 -2.14458177947900795107E+0002  7.79360670217221081409E-0005 -2.14458177947900795107E+0002  1.00000000000000000000E+0000  8.69708484061038263676E-0001  1.03449081103133784607E+0000  7.81514476384375000124E-0001  0.00000000000000000000E+0000  2.18478658651365228283E+0002  0.00000000000000000000E+0000  3.75994087031597402499E-0008  3.95704713810952922744E-0004  9.16022472558940355201E-0032  0.00000000000000000000E+0000  2.61071279766297054928E+0000  0.00000000000000000000E+0000  0.00000000000000000000E+0000  2.60788647981927650707E+0000  0.00000000000000000000E+0000  8.95190840444419868831E-0002  4.87110960592905034638E-0003  8.95190104573568570193E-0002  4.87110964625922398260E-0003  2.32798679387691648932E-0012  1.32539890669996110668E+0000  0.00000000000000000000E+0000  5.96714199064149382094E-0004  3.15868478258999797773E-0004 -6.70329560127705644508E-0004
 2.62700000000000000004E-0006  6.10000000000000000013E-0001 -2.14458247948490870985E+0002  7.76147612062083925687E-0005 -2.14458247948490870985E+0002  1.00000000000000000000E+0000  8.69721306418482588039E-0001  1.03449080421302903919E+0000  7.81514699106236953284E-0001  0.00000000000000000000E+0000  2.18478658651365228283E+0002  0.00000000000000000000E+0000  3.76120846840178422675E-0008  3.95704511484662668156E-0004  9.16028329759147019707E-0032  0.00000000000000000000E+0000  2.61067385212759096738E+0000  0.00000000000000000000E+0000  0.00000000000000000000E+0000  2.60792416784140981714E+0000  0.00000000000000000000E+0000  8.95189481064140055118E-0002  4.87111673627400614287E-0003  8.95188756808885609646E-0002  4.87111690550563832157E-0003  2.33729487999358736186E-0012  1.32540073187917285249E+0000  0.00000000000000000000E+0000  5.95463260418625478493E-0004  3.15798760654770943915E-0004 -6.52570535364694426806E-0004
 2.68000000000000000003E-0006  6.10000000000000000013E-0001 -2.14458315744943743358E+0002  7.72943879873354702220E-0005 -2.14458315744943743358E+0002  1.00000000000000000000E+0000  8.69733351979970097925E-0001  1.03449079807081741186E+0000  7.81514900528781283613E-0001  0.00000000000000000000E+0000  2.18478658651365228283E+0002  0.00000000000000000000E+0000  3.76239843505182844250E-0008  3.95704325255506869326E-0004  9.16033724666404259639E-0032  0.00000000000000000000E+0000  2.61063545594743858218E+0000  0.00000000000000000000E+0000  0.00000000000000000000E+0000  2.60796139455203574656E+0000  0.00000000000000000000E+0000  8.95188142765577332362E-0002  4.87112362575149361429E-0003  8.95187437677636950876E-0002  4.87112382030286153686E-0003  2.34615386787925146165E-0012  1.32540248509879088497E+0000  0.00000000000000000000E+0000  5.94222801044082240492E-0004  3.15727876057799772989E-0004 -6.35293949695659863784E-0004
 2.73499999999999999994E-0006  6.10000000000000000013E-0001 -2.14458382318623494295E+0002  7.69681928377778393212E-0005 -2.14458382318623494295E+0002  1.00000000000000000000E+0000  8.69745066234870090982E-0001  1.03449079155353883307E+0000  7.81515089609879355279E-0001  0.00000000000000000000E+0000  2.18478658651365228283E+0002  0.00000000000000000000E+0000  3.76355492681249957502E-0008  3.95704136613931327991E-0004  9.16038874150174290800E-0032  0.00000000000000000000E+0000  2.61059759387935038169E+0000  0.00000000000000000000E+0000  0.00000000000000000000E+0000  2.60799805444521677709E+0000  0.00000000000000000000E+0000  8.95186784364076850403E-0002  4.87113025006289826888E-0003  8.95186090610232329930E-0002  4.87113056493977755132E-0003  2.35466810499910647691E-0012  1.32540413686879298208E+0000  0.00000000000000000000E+0000  5.92948587392772955747E-0004  3.15653253132277265325E-0004 -6.18434440624820920236E-0004
 2.79099999999999999991E-0006  6.10000000000000000013E-0001 -2.14458447444475323276E+0002  7.66378624819085522596E-0005 -2.14458447444475323276E+0002  1.00000000000000000000E+0000  8.69756228365837974004E-0001  1.03449078535089269894E+0000  7.81515264305894317878E-0001  0.00000000000000000000E+0000  2.18478658651365228283E+0002  0.00000000000000000000E+0000  3.76465625657692027667E-0008  3.95703957123278820215E-0004  9.16043716467279115702E-0032  0.00000000000000000000E+0000  2.61055999146125237574E+0000  0.00000000000000000000E+0000  0.00000000000000000000E+0000  2.60803449291450436197E+0000  0.00000000000000000000E+0000  8.95185423954047560489E-0002  4.87113667140656141318E-0003  8.95184746514382450079E-0002  4.87113703874537491455E-0003  2.36283622120954839993E-0012  1.32540572954682167031E+0000  0.00000000000000000000E+0000  5.91663628447780919739E-0004  3.15576190507684640134E-0004 -6.01901265459913015361E-0004
 2.84700000000000000009E-0006  6.10000000000000000013E-0001 -2.14458510201679215218E+0002  7.63122654772126900615E-0005 -2.14458510201679215218E+0002  1.00000000000000000000E+0000  8.69766672323020317002E-0001  1.03449077965617542319E+0000  7.81515423575981098086E-0001  0.00000000000000000000E+0000  2.18478658651365228283E+0002  0.00000000000000000000E+0000  3.76568618426151251931E-0008  3.95703791153680948815E-0004  9.16048208556175346383E-0032  0.00000000000000000000E+0000  2.61052336008367240165E+0000  0.00000000000000000000E+0000  0.00000000000000000000E+0000  2.60807002492604198961E+0000  0.00000000000000000000E+0000  8.95184091130013868520E-0002  4.87114280193932027554E-0003  8.95183429511041491274E-0002  4.87114320427393497648E-0003  2.37052967709586928138E-0012  1.32540722801947669389E+0000  0.00000000000000000000E+0000  5.90391169497914174429E-0004  3.15498130468857438262E-0004 -5.85971136942334122173E-0004
 2.90499999999999999998E-0006  6.10000000000000000013E-0001 -2.14458571623656369068E+0002  7.59792302352980704250E-0005 -2.14458571623656369068E+0002  1.00000000000000000000E+0000  8.69776768906587000442E-0001  1.03449077362356243147E+0000  7.81515574091332299120E-0001  0.00000000000000000000E+0000  2.18478658651365228283E+0002  0.00000000000000000000E+0000  3.76668137818081588686E-0008  3.95703623631793794311E-0004  9.16052518853595613899E-0032  0.00000000000000000000E+0000  2.61048733921664323108E+0000  0.00000000000000000000E+0000  0.00000000000000000000E+0000  2.60810491146828500966E+0000  0.00000000000000000000E+0000  8.95182738661954763675E-0002  4.87114864442072758600E-0003  8.95182087711357107526E-0002  4.87114915918050296049E-0003  2.37788319080093814734E-0012  1.32540863578292822682E+0000  0.00000000000000000000E+0000  5.89087885665557444719E-0004  3.15416376741803346293E-0004 -5.70464836373509467380E-0004
 2.96399999999999999993E-0006  6.10000000000000000013E-0001 -2.14458631580910516770E+0002  7.56435053625536115505E-0005 -2.14458631580910516770E+0002  1.00000000000000000000E+0000  8.69786342761025301883E-0001  1.03449076789520538538E+0000  7.81515714292721886075E-0001  0.00000000000000000000E+0000  2.18478658651365228283E+0002  0.00000000000000000000E+0000  3.76762462947091091019E-0008  3.95703465071156412566E-0004  9.16056598303003073602E-0032  0.00000000000000000000E+0000  2.61045167899892932768E+0000  0.00000000000000000000E+0000  0.00000000000000000000E+0000  2.60813946707443696329E+0000  0.00000000000000000000E+0000  8.95181386222635431504E-0002  4.87115427424782011872E-0003  8.95180750066631121585E-0002  4.87115483585744448959E-0003  2.38490215740761832617E-0012  1.32540998852896825034E+0000  0.00000000000000000000E+0000  5.87776069632754834141E-0004  3.15332284256117303821E-0004 -5.55295019552991695797E-0004
 3.02500000000000000001E-0006  6.10000000000000000013E-0001 -2.14458690456163894866E+0002  7.53010799629929655823E-0005 -2.14458690456163894866E+0002  1.00000000000000000000E+0000  8.69795546034836519343E-0001  1.03449076208490527303E+0000  7.81515847205670550189E-0001  0.00000000000000000000E+0000  2.18478658651365228283E+0002  0.00000000000000000000E+0000  3.76853099118417217150E-0008  3.95703308979163810174E-0004  9.16060522079475084696E-0032  0.00000000000000000000E+0000  2.61041641498991845998E+0000  0.00000000000000000000E+0000  0.00000000000000000000E+0000  2.60817361164571448907E+0000  0.00000000000000000000E+0000  8.95180016387577579760E-0002  4.87115966760466052747E-0003  8.95179392267310034299E-0002  4.87116030890581293479E-0003  2.39183352493131703947E-0012  1.32541127567239703253E+0000  0.00000000000000000000E+0000  5.86433155754771910022E-0004  3.15244343412640924266E-0004 -5.40444622739631603536E-0004
 3.08600000000000000009E-0006  6.10000000000000000013E-0001 -2.14458747330644293891E+0002  7.49642743453681177891E-0005 -2.14458747330644293891E+0002  1.00000000000000000000E+0000  8.69804103578534851759E-0001  1.03449075688526158075E+0000  7.81515969760832112170E-0001  0.00000000000000000000E+0000  2.18478658651365228283E+0002  0.00000000000000000000E+0000  3.76937347765711441760E-0008  3.95703167408743513533E-0004  9.16064195165657197562E-0032  0.00000000000000000000E+0000  2.61038189989139149394E+0000  0.00000000000000000000E+0000  0.00000000000000000000E+0000  2.60820706941136523324E+0000  0.00000000000000000000E+0000  8.95178672093673643640E-0002  4.87116482359437128116E-0003  8.95178063025972049004E-0002  4.87116548014445926458E-0003  2.39794163587903830272E-0012  1.32541248538124591388E+0000  0.00000000000000000000E+0000  5.85109221616281771973E-0004  3.15155845307107628419E-0004 -5.26067821659477708779E-0004
 3.14900000000000000008E-0006  6.10000000000000000013E-0001 -2.14458802804940808689E+0002  7.46187411075948508164E-0005 -2.14458802804940808689E+0002  1.00000000000000000000E+0000  8.69812299826011391048E-0001  1.03449075147130418572E+0000  7.81516086550074074574E-0001  0.00000000000000000000E+0000  2.18478658651365228283E+0002  0.00000000000000000000E+0000  3.77018010787867680108E-0008  3.95703026618598500162E-0004  9.16067737860899474048E-0032  0.00000000000000000000E+0000  2.61034810927359434357E+0000  0.00000000000000000000E+0000  0.00000000000000000000E+0000  2.60823977377030756302E+0000  0.00000000000000000000E+0000  8.95177312718671047324E-0002  4.87116967822848489255E-0003  8.95176713847949825329E-0002  4.87117042707274280306E-0003  2.40412130403112558157E-0012  1.32541362987449569790E+0000  0.00000000000000000000E+0000  5.83754148205836318611E-0004  3.15063419377378804275E-0004 -5.12120187854704213063E-0004
 3.21299999999999999993E-0006  6.10000000000000000013E-0001 -2.14458856810956413813E+0002  7.42732660041073243231E-0005 -2.14458856810956413813E+0002  1.00000000000000000000E+0000  8.69820012434123144055E-0001  1.03449074636342417874E+0000  7.81516196437676436716E-0001  0.00000000000000000000E+0000  2.18478658651365228283E+0002  0.00000000000000000000E+0000  3.77093892048875491993E-0008  3.95702894834296578284E-0004  9.16071113085323641563E-0032  0.00000000000000000000E+0000  2.61031481695852060057E+0000  0.00000000000000000000E+0000  0.00000000000000000000E+0000  2.60827200114593547322E+0000  0.00000000000000000000E+0000  8.95175956411330813747E-0002  4.87117430660470275275E-0003  8.95175370538410771024E-0002  4.87117509447699827716E-0003  2.40978618827224420141E-0012  1.32541471011127217434E+0000  0.00000000000000000000E+0000  5.82395957484259191936E-0004  3.14968941146220086635E-0004 -4.98524750889813617600E-0004
 3.27800000000000000005E-0006  6.10000000000000000013E-0001 -2.14458909159354629198E+0002  7.39272265900505889920E-0005 -2.14458909159354629198E+0002  1.00000000000000000000E+0000  8.69827258963139294363E-0001  1.03449074146109641962E+0000  7.81516300103914265777E-0001  0.00000000000000000000E+0000  2.18478658651365228283E+0002  0.00000000000000000000E+0000  3.77165168207047700292E-0008  3.95702770709570330957E-0004  9.16074332793600346597E-0032  0.00000000000000000000E+0000  2.61028230341757310319E+0000  0.00000000000000000000E+0000  0.00000000000000000000E+0000  2.60830346233576013224E+0000  0.00000000000000000000E+0000  8.95174606498773910558E-0002  4.87117866844888744235E-0003  8.95174032280757192356E-0002  4.87117950392700037747E-0003  2.41510982167359583713E-0012  1.32541572665740507893E+0000  0.00000000000000000000E+0000  5.81033411465853460041E-0004  3.14872319257359213440E-0004 -4.85370445728162981603E-0004
 3.34500000000000000009E-0006  6.10000000000000000013E-0001 -2.14458960311644154267E+0002  7.35752354127477229266E-0005 -2.14458960311644154267E+0002  1.00000000000000000000E+0000  8.69834152571119307922E-0001  1.03449073652176846364E+0000  7.81516399494151090552E-0001  0.00000000000000000000E+0000  2.18478658651365228283E+0002  0.00000000000000000000E+0000  3.77232955897873029168E-0008  3.95702650019793849645E-0004  9.16077448830150935374E-0032  0.00000000000000000000E+0000  2.61025032451401227591E+0000  0.00000000000000000000E+0000  0.00000000000000000000E+0000  2.60833437028132448902E+0000  0.00000000000000000000E+0000  8.95173241663284321795E-0002  4.87118276681227780699E-0003  8.95172677912421870748E-0002  4.87118366901480688411E-0003  2.42015435496273993345E-0012  1.32541668460724437089E+0000  0.00000000000000000000E+0000  5.79646942672635312566E-0004  3.14772118950324598341E-0004 -4.72551578987213926456E-0004
 3.41299999999999999998E-0006  6.10000000000000000013E-0001 -2.14459010026081829559E+0002  7.32225646269172272492E-0005 -2.14459010026081829559E+0002  1.00000000000000000000E+0000  8.69840601362569559168E-0001  1.03449073191056257191E+0000  7.81516493619377150179E-0001  0.00000000000000000000E+0000  2.18478658651365228283E+0002  0.00000000000000000000E+0000  3.77296354345846055019E-0008  3.95702538652847144189E-0004  9.16080428028028859691E-0032  0.00000000000000000000E+0000  2.61021892620389077216E+0000  0.00000000000000000000E+0000  0.00000000000000000000E+0000  2.60836471602154997777E+0000  0.00000000000000000000E+0000  8.95171882586290161576E-0002  4.87118663802434675192E-0003  8.95171330655629765699E-0002  4.87118757111089344458E-0003  2.42490001526062074031E-0012  1.32541759301245285830E+0000  0.00000000000000000000E+0000  5.78257447141822695964E-0004  3.14669824575570992509E-0004 -4.60086206428263023746E-0004
 3.48199999999999999994E-0006  6.10000000000000000013E-0001 -2.14459058128113775610E+0002  7.28699356180089470603E-0005 -2.14459058128113775610E+0002  1.00000000000000000000E+0000  8.69846625177996447473E-0001  1.03449072751433061737E+0000  7.81516582950663279234E-0001  0.00000000000000000000E+0000  2.18478658651365228283E+0002  0.00000000000000000000E+0000  3.77355561863941866752E-0008  3.95702435015096311137E-0004  9.16083278453994167987E-0032  0.00000000000000000000E+0000  2.61018834898303035415E+0000  0.00000000000000000000E+0000  0.00000000000000000000E+0000  2.60839424986954205904E+0000  0.00000000000000000000E+0000  8.95170530801568602012E-0002  4.87119024160146081974E-0003  8.95169989493118586232E-0002  4.87119121616030930483E-0003  2.42933648891756995488E-0012  1.32541844055882707782E+0000  0.00000000000000000000E+0000  5.76865784036885488797E-0004  3.14565504657278018354E-0004 -4.48050615536725786238E-0004
 3.55300000000000000002E-0006  6.10000000000000000013E-0001 -2.14459105015978474099E+0002  7.25121974852032380719E-0005 -2.14459105015978474099E+0002  1.00000000000000000000E+0000  8.69852317657403011466E-0001  1.03449072312171746633E+0000  7.81516669003823748099E-0001  0.00000000000000000000E+0000  2.18478658651365228283E+0002  0.00000000000000000000E+0000  3.77411501160149991311E-0008  3.95702335539544430041E-0004  9.16086041876751813186E-0032  0.00000000000000000000E+0000  2.61015837048773982881E+0000  0.00000000000000000000E+0000  0.00000000000000000000E+0000  2.60842316695044620901E+0000  0.00000000000000000000E+0000  8.95169166104765007632E-0002  4.87119357466810190883E-0003  8.95168634425470402977E-0002  4.87119460679615377958E-0003  2.43351364137633609182E-0012  1.32541923538735064813E+0000  0.00000000000000000000E+0000  5.75453133874992165828E-0004  3.14457702804682515870E-0004 -4.36351164158789793069E-0004
 3.62499999999999999995E-0006  6.10000000000000000013E-0001 -2.14459150498590300257E+0002  7.21543425104177491534E-0005 -2.14459150498590300257E+0002  1.00000000000000000000E+0000  8.69857612409797387469E-0001  1.03449071904969850126E+0000  7.81516750913888981207E-0001  0.00000000000000000000E+0000  2.18478658651365228283E+0002  0.00000000000000000000E+0000  3.77463521485923677176E-0008  3.95702245156551827144E-0004  9.16088689786207180481E-0032  0.00000000000000000000E+0000  2.61012902488060116540E+0000  0.00000000000000000000E+0000  0.00000000000000000000E+0000  2.60845146473558934055E+0000  0.00000000000000000000E+0000  8.95167808123207466568E-0002  4.87119667916971643477E-0003  8.95167287066761489941E-0002  4.87119773781326589306E-0003  2.43742019662408638159E-0012  1.32541998567584361917E+0000  0.00000000000000000000E+0000  5.74039549534868331673E-0004  3.14347929242733731201E-0004 -4.24999910079781976142E-0004
 3.69799999999999999995E-0006  6.10000000000000000013E-0001 -2.14459194430381368868E+0002  7.17970027100784392511E-0005 -2.14459194430381368868E+0002  1.00000000000000000000E+0000  8.69862530172527540818E-0001  1.03449071519744768919E+0000  7.81516829001562972085E-0001  0.00000000000000000000E+0000  2.18478658651365228283E+0002  0.00000000000000000000E+0000  3.77511828666975238433E-0008  3.95702162429839198552E-0004  9.16091227662356519078E-0032  0.00000000000000000000E+0000  2.61010051815480160174E+0000  0.00000000000000000000E+0000  0.00000000000000000000E+0000  2.60847893030153759903E+0000  0.00000000000000000000E+0000  8.95166457865459887748E-0002  4.87119952034615960714E-0003  8.95165946423169342838E-0002  4.87120061460534973502E-0003  2.44105164746544932115E-0012  1.32542068264729573563E+0000  0.00000000000000000000E+0000  5.72625806585509732377E-0004  3.14236254331455931823E-0004 -4.14059910432890092711E-0004
 3.77300000000000000007E-0006  6.10000000000000000013E-0001 -2.14459237163714332083E+0002  7.14345781243319140808E-0005 -2.14459237163714332083E+0002  1.00000000000000000000E+0000  8.69867147052529376147E-0001  1.03449071138480104244E+0000  7.81516904456792861123E-0001  0.00000000000000000000E+0000  2.18478658651365228283E+0002  0.00000000000000000000E+0000  3.77557171022833623352E-0008  3.95702084447068993958E-0004  9.16093689256272593878E-0032  0.00000000000000000000E+0000  2.61007264855401180988E+0000  0.00000000000000000000E+0000  0.00000000000000000000E+0000  2.60850574212666065665E+0000  0.00000000000000000000E+0000  8.95165096308312365590E-0002  4.87120208915673215813E-0003  8.95164593664608819839E-0002  4.87120323301767643273E-0003  2.44454904261215764153E-0012  1.32542133577008476076E+0000  0.00000000000000000000E+0000  5.71191634730092142974E-0004  3.14121038967317726102E-0004 -4.03447728929952408247E-0004
 3.84900000000000000005E-0006  6.10000000000000000013E-0001 -2.14459278555002266914E+0002  7.10735884319158134406E-0005 -2.14459278555002266914E+0002  1.00000000000000000000E+0000  8.69871417405241385118E-0001  1.03449070788419208858E+0000  7.81516976528583040985E-0001  0.00000000000000000000E+0000  2.18478658651365228283E+0002  0.00000000000000000000E+0000  3.77599102714335877221E-0008  3.95702015246337802842E-0004  9.16096050547777717730E-0032  0.00000000000000000000E+0000  2.61004543976103728451E+0000  0.00000000000000000000E+0000  0.00000000000000000000E+0000  2.60853190322613969583E+0000  0.00000000000000000000E+0000  8.95163741916666745385E-0002  4.87120443369454107253E-0003  8.95163248761536568902E-0002  4.87120559959476631221E-0003  2.44770262031244052318E-0012  1.32542194475776112998E+0000  0.00000000000000000000E+0000  5.69760584943991223170E-0004  3.14004153777062285445E-0004 -3.93170762358225465833E-0004
 3.92699999999999999994E-0006  6.10000000000000000013E-0001 -2.14459318780446595562E+0002  7.07088752318237080549E-0005 -2.14459318780446595562E+0002  1.00000000000000000000E+0000  8.69875408425351663696E-0001  1.03449070446056367060E+0000  7.81517046247406368183E-0001  0.00000000000000000000E+0000  2.18478658651365228283E+0002  0.00000000000000000000E+0000  3.77638284088807774828E-0008  3.95701951362258040851E-0004  9.16098340449413436442E-0032  0.00000000000000000000E+0000  2.61001889284205427100E+0000  0.00000000000000000000E+0000  0.00000000000000000000E+0000  2.60855738874951203327E+0000  0.00000000000000000000E+0000  8.95162377685120773404E-0002  4.87120651029254080654E-0003  8.95161892813779409226E-0002  4.87120771810929611223E-0003  2.45064015698546319363E-0012  1.32542251233772420986E+0000  0.00000000000000000000E+0000  5.68313147593715544474E-0004  3.13883972158244582812E-0004 -3.83215199897433013273E-0004
 4.00699999999999999996E-0006  6.10000000000000000013E-0001 -2.14459357985906504715E+0002  7.03404306257948365052E-0005 -2.14459357985906504715E+0002  1.00000000000000000000E+0000  8.69879127078919114934E-0001  1.03449070120936339654E+0000  7.81517113682027452068E-0001  0.00000000000000000000E+0000  2.18478658651365228283E+0002  0.00000000000000000000E+0000  3.77674784150696652406E-0008  3.95701894127266168670E-0004  9.16100560536357590933E-0032  0.00000000000000000000E+0000  2.60999285752122895461E+0000  0.00000000000000000000E+0000  0.00000000000000000000E+0000  2.60858235343787300191E+0000  0.00000000000000000000E+0000  8.95161003691743081598E-0002  4.87120834884061164030E-0003  8.95160527321600782191E-0002  4.87120958720969104438E-0003  2.45338045111455241985E-0012  1.32542304557213978453E+0000  0.00000000000000000000E+0000  5.66850207114435007757E-0004  3.13760516030416477583E-0004 -3.73524758375317403877E-0004
 4.08799999999999999984E-0006  6.10000000000000000013E-0001 -2.14459395903135464398E+0002  6.99731231812992189023E-0005 -2.14459395903135464398E+0002  1.00000000000000000000E+0000  8.69882543281086312856E-0001  1.03449069828189247808E+0000  7.81517178167521123677E-0001  0.00000000000000000000E+0000  2.18478658651365228283E+0002  0.00000000000000000000E+0000  3.77708308388486979603E-0008  3.95701845763456839653E-0004  9.16102688964270171266E-0032  0.00000000000000000000E+0000  2.60996752008369395088E+0000  0.00000000000000000000E+0000  0.00000000000000000000E+0000  2.60860663026838464351E+0000  0.00000000000000000000E+0000  8.95159638138754728236E-0002  4.87120996639891698516E-0003  8.95159170324755061878E-0002  4.87121122162658606262E-0003  2.45590993115490905580E-0012  1.32542354237332259570E+0000  0.00000000000000000000E+0000  5.65390416934250527487E-0004  3.13635353295016957382E-0004 -3.64161507334265625910E-0004
 4.17099999999999999984E-0006  6.10000000000000000013E-0001 -2.14459432671919192875E+0002  6.96029383296953638355E-0005 -2.14459432671919192875E+0002  1.00000000000000000000E+0000  8.69885711946014372363E-0001  1.03449069546246622388E+0000  7.81517240545493275736E-0001  0.00000000000000000000E+0000  2.18478658651365228283E+0002  0.00000000000000000000E+0000  3.77739396616364605292E-0008  3.95701803199589772022E-0004  9.16104749549726605145E-0032  0.00000000000000000000E+0000  2.60994287381845103393E+0000  0.00000000000000000000E+0000  0.00000000000000000000E+0000  2.60863020516525261853E+0000  0.00000000000000000000E+0000  8.95158264063012184999E-0002  4.87121131519843465991E-0003  8.95157803801287222354E-0002  4.87121260545349682769E-0003  2.45825013517426969598E-0012  1.32542400051880016802E+0000  0.00000000000000000000E+0000  5.63917102542708948759E-0004  3.13507028193356884483E-0004 -3.55112627689501953214E-0004
 4.25500000000000000010E-0006  6.10000000000000000013E-0001 -2.14459468179170037447E+0002  6.92339181865612843424E-0005 -2.14459468179170037447E+0002  1.00000000000000000000E+0000  8.69888611109705290551E-0001  1.03449069294754243784E+0000  7.81517300216211945529E-0001  0.00000000000000000000E+0000  2.18478658651365228283E+0002  0.00000000000000000000E+0000  3.77767833848980540751E-0008  3.95701769078737031875E-0004  9.16106723565769941634E-0032  0.00000000000000000000E+0000  2.60991892511907749657E+0000  0.00000000000000000000E+0000  0.00000000000000000000E+0000  2.60865309056210041539E+0000  0.00000000000000000000E+0000  8.95156897988498486009E-0002  4.87121244422764077102E-0003  8.95156445628872364902E-0002  4.87121375049900690130E-0003  2.46040131708930090532E-0012  1.32542442676673897660E+0000  0.00000000000000000000E+0000  5.62448087315325618594E-0004  3.13377089423775559056E-0004 -3.46380606533175631118E-0004
 4.34100000000000000008E-0006  6.10000000000000000013E-0001 -2.14459502570899235643E+0002  6.88626515582041992344E-0005 -2.14459502570899235643E+0002  1.00000000000000000000E+0000  8.69891288198086754294E-0001  1.03449069055555554477E+0000  7.81517357919605909727E-0001  0.00000000000000000000E+0000  2.18478658651365228283E+0002  0.00000000000000000000E+0000  3.77794086067708356481E-0008  3.95701740919099629154E-0004  9.16108632301333357054E-0032  0.00000000000000000000E+0000  2.60989566543299506430E+0000  0.00000000000000000000E+0000  0.00000000000000000000E+0000  2.60867527835995543302E+0000  0.00000000000000000000E+0000  8.95155523819677974480E-0002  4.87121330913751493098E-0003  8.95155078499435210261E-0002  4.87121464613134428564E-0003  2.46238298172682952193E-0012  1.32542481835504783036E+0000  0.00000000000000000000E+0000  5.60967159290012129322E-0004  3.13244080926939360724E-0004 -3.37951239558290897499E-0004
 4.42900000000000000019E-0006  6.10000000000000000013E-0001 -2.14459535977439737786E+0002  6.84888966997060076065E-0005 -2.14459535977439737786E+0002  1.00000000000000000000E+0000  8.69893753005549875816E-0001  1.03449068836224476243E+0000  7.81517413687396869117E-0001  0.00000000000000000000E+0000  2.18478658651365228283E+0002  0.00000000000000000000E+0000  3.77818249704038144094E-0008  3.95701719733795739189E-0004  9.16110476944634525590E-0032  0.00000000000000000000E+0000  2.60987296574039926030E+0000  0.00000000000000000000E+0000  0.00000000000000000000E+0000  2.60869690008379277214E+0000  0.00000000000000000000E+0000  8.95154141682331285233E-0002  4.87121393709662780186E-0003  8.95153703462363341080E-0002  4.87121529592471328298E-0003  2.46420998288889256211E-0012  1.32542518238897607142E+0000  0.00000000000000000000E+0000  5.59475104128215584193E-0004  3.13108029088698775070E-0004 -3.29777139451410425200E-0004
 4.51900000000000000000E-0006  6.10000000000000000013E-0001 -2.14459568414719106297E+0002  6.81126157780311801193E-0005 -2.14459568414719106297E+0002  1.00000000000000000000E+0000  8.69896015429675319077E-0001  1.03449068638455156138E+0000  7.81517467540526136836E-0001  0.00000000000000000000E+0000  2.18478658651365228283E+0002  0.00000000000000000000E+0000  3.77840421896068773628E-0008  3.95701705790762790328E-0004  9.16112257720343895807E-0032  0.00000000000000000000E+0000  2.60985083936542989406E+0000  0.00000000000000000000E+0000  0.00000000000000000000E+0000  2.60871794467461681137E+0000  0.00000000000000000000E+0000  8.95152752376621681216E-0002  4.87121432991662514157E-0003  8.95152321044567456947E-0002  4.87121570835836776430E-0003  2.46593452085340052095E-0012  1.32542552035397485726E+0000  0.00000000000000000000E+0000  5.57970870383272703652E-0004  3.12968798125449683873E-0004 -3.21857026452454431368E-0004
 4.61000000000000000009E-0006  6.10000000000000000013E-0001 -2.14459599689994202198E+0002  6.77395456729900269158E-0005 -2.14459599689994202198E+0002  1.00000000000000000000E+0000  8.69898066554728291921E-0001  1.03449068471313876231E+0000  7.81517519006744393480E-0001  0.00000000000000000000E+0000  2.18478658651365228283E+0002  0.00000000000000000000E+0000  3.77860517017967876439E-0008  3.95701700080847958577E-0004  9.16113959746381033123E-0032  0.00000000000000000000E+0000  2.60982941405258541583E+0000  0.00000000000000000000E+0000  0.00000000000000000000E+0000  2.60873829806599790478E+0000  0.00000000000000000000E+0000  8.95151371408644181327E-0002  4.87121451528582292227E-0003  8.95150946853438711869E-0002  4.87121590397711708607E-0003  2.46741993651908444578E-0012  1.32542582690310111403E+0000  0.00000000000000000000E+0000  5.56477535277621989719E-0004  3.12828522391201116741E-0004 -3.14232729427353327867E-0004
 4.70299999999999999988E-0006  6.10000000000000000013E-0001 -2.14459629908636289747E+0002  6.73636180129485214870E-0005 -2.14459629908636289747E+0002  1.00000000000000000000E+0000  8.69899941009128771204E-0001  1.03449068319602740769E+0000  7.81517568653367970116E-0001  0.00000000000000000000E+0000  2.18478658651365228283E+0002  0.00000000000000000000E+0000  3.77878873573504690352E-0008  3.95701700722419035359E-0004  9.16115599022268733768E-0032  0.00000000000000000000E+0000  2.60980867454323395131E+0000  0.00000000000000000000E+0000  0.00000000000000000000E+0000  2.60875796319911439493E+0000  0.00000000000000000000E+0000  8.95149983374690001397E-0002  4.87121444325009821983E-0003  8.95149564972014933525E-0002  4.87121585548122185287E-0003  2.46885212622764010296E-0012  1.32542611059837810974E+0000  0.00000000000000000000E+0000  5.54971608965237372650E-0004  3.12684989784675194548E-0004 -3.06891243191771120620E-0004
 4.79900000000000000007E-0006  6.10000000000000000013E-0001 -2.14459659371965622274E+0002  6.69832821275915828040E-0005 -2.14459659371965622274E+0002  1.00000000000000000000E+0000  8.69901665434429886424E-0001  1.03449068181894463566E+0000  7.81517616964940541676E-0001  0.00000000000000000000E+0000  2.18478658651365228283E+0002  0.00000000000000000000E+0000  3.77895753854422729889E-0008  3.95701707744922871714E-0004  9.16117191032148600436E-0032  0.00000000000000000000E+0000  2.60978839973430063446E+0000  0.00000000000000000000E+0000  0.00000000000000000000E+0000  2.60877715069298677752E+0000  0.00000000000000000000E+0000  8.95148573421425271631E-0002  4.87121411134633786628E-0003  8.95148160999533882529E-0002  4.87121554573479568411E-0003  2.47013158846194532996E-0012  1.32542636843488726263E+0000  0.00000000000000000000E+0000  5.53444424229843381345E-0004  3.12537296068990686712E-0004 -2.99752990220676778605E-0004
 4.89499999999999999985E-0006  6.10000000000000000013E-0001 -2.14459687666082113783E+0002  6.66088775316845060372E-0005 -2.14459687666082113783E+0002  1.00000000000000000000E+0000  8.69903201942463222805E-0001  1.03449068087289606003E+0000  7.81517662617188734147E-0001  0.00000000000000000000E+0000  2.18478658651365228283E+0002  0.00000000000000000000E+0000  3.77910787233836701045E-0008  3.95701724193567795588E-0004  9.16118695909394053906E-0032  0.00000000000000000000E+0000  2.60976881677820302954E+0000  0.00000000000000000000E+0000  0.00000000000000000000E+0000  2.60879566924886365105E+0000  0.00000000000000000000E+0000  8.95147186604970730473E-0002  4.87121363243034404031E-0003  8.95146780551496176238E-0002  4.87121506286509652465E-0003  2.47128289431153730874E-0012  1.32542660641998020902E+0000  0.00000000000000000000E+0000  5.51941042471713938427E-0004  3.12389825457470462578E-0004 -2.92897475851080592531E-0004
 4.99400000000000000001E-0006  6.10000000000000000013E-0001 -2.14459715040765017749E+0002  6.62302298005969900433E-0005 -2.14459715040765017749E+0002  1.00000000000000000000E+0000  8.69904608825109735453E-0001  1.03449067998251883701E+0000  7.81517706962347206902E-0001  0.00000000000000000000E+0000  2.18478658651365228283E+0002  0.00000000000000000000E+0000  3.77924544922955422947E-0008  3.95701745925395869134E-0004  9.16120152466269353926E-0032  0.00000000000000000000E+0000  2.60974989996641717018E+0000  0.00000000000000000000E+0000  0.00000000000000000000E+0000  2.60881351507263316682E+0000  0.00000000000000000000E+0000  8.95145778548942992986E-0002  4.87121285479315647191E-0003  8.95145377707090477150E-0002  4.87121431390770646356E-0003  2.47232969930329289567E-0012  1.32542681795709199404E+0000  0.00000000000000000000E+0000  5.50416492669617601665E-0004  3.12238146307982329003E-0004 -2.86302220032429455684E-0004
 5.09499999999999999989E-0006  6.10000000000000000013E-0001 -2.14459741606726978488E+0002  6.58504482892055541631E-0005 -2.14459741606726978488E+0002  1.00000000000000000000E+0000  8.69905880053220874814E-0001  1.03449067936682280997E+0000  7.81517749589349614643E-0001  0.00000000000000000000E+0000  2.18478658651365228283E+0002  0.00000000000000000000E+0000  3.77936968300050046262E-0008  3.95701775482354247459E-0004  9.16121550043624942341E-0032  0.00000000000000000000E+0000  2.60973146000546657171E+0000  0.00000000000000000000E+0000  0.00000000000000000000E+0000  2.60883088589076490046E+0000  0.00000000000000000000E+0000  8.95144363969635031809E-0002  4.87121187132744712447E-0003  8.95143968742523409807E-0002  4.87121333805632776378E-0003  2.47328015421721846218E-0012  1.32542701311108960182E+0000  0.00000000000000000000E+0000  5.48886466178140179724E-0004  3.12083770772185978841E-0004 -2.79907490304861149784E-0004
 5.19799999999999999990E-0006  6.10000000000000000013E-0001 -2.14459767305513100827E+0002  6.54703296926551069890E-0005 -2.14459767305513100827E+0002  1.00000000000000000000E+0000  8.69907025395266919545E-0001  1.03449067899409655289E+0000  7.81517790519583744149E-0001  0.00000000000000000000E+0000  2.18478658651365228283E+0002  0.00000000000000000000E+0000  3.77948153543838200037E-0008  3.95701812457457908229E-0004  9.16122888772353474962E-0032  0.00000000000000000000E+0000  2.60971359389474644153E+0000  0.00000000000000000000E+0000  0.00000000000000000000E+0000  2.60884768920435912605E+0000  0.00000000000000000000E+0000  8.95142943383180098734E-0002  4.87121066762329909320E-0003  8.95142553435587430910E-0002  4.87121214406444329452E-0003  2.47413830467090496408E-0012  1.32542718852974583882E+0000  0.00000000000000000000E+0000  5.47351939051715531647E-0004  3.11926774464542748281E-0004 -2.73739242013176148282E-0004
 5.30300000000000000003E-0006  6.10000000000000000013E-0001 -2.14459792145481244779E+0002  6.50897666545200956977E-0005 -2.14459792145481244779E+0002  1.00000000000000000000E+0000  8.69908054325287795425E-0001  1.03449067886034820087E+0000  7.81517829777650072890E-0001  0.00000000000000000000E+0000  2.18478658651365228283E+0002  0.00000000000000000000E+0000  3.77958193882989411161E-0008  3.95701856752875263578E-0004  9.16124169212312717387E-0032  0.00000000000000000000E+0000  2.60969629678692542369E+0000  0.00000000000000000000E+0000  0.00000000000000000000E+0000  2.60886393097498369559E+0000  0.00000000000000000000E+0000  8.95141516699607316538E-0002  4.87120924394970241365E-0003  8.95141131824598891486E-0002  4.87121072973304965660E-0003  2.47491096325907132718E-0012  1.32542734584193767141E+0000  0.00000000000000000000E+0000  5.45813666773922393899E-0004  3.11767214202322271370E-0004 -2.67793396332214473051E-0004
 5.40999999999999999987E-0006  6.10000000000000000013E-0001 -2.14459816142348048712E+0002  6.47090654454581634485E-0005 -2.14459816142348048712E+0002  1.00000000000000000000E+0000  8.69908975972594492845E-0001  1.03449067896705607127E+0000  7.81517867390014742590E-0001  0.00000000000000000000E+0000  2.18478658651365228283E+0002  0.00000000000000000000E+0000  3.77967179151667267166E-0008  3.95701908347218262651E-0004  9.16125392098100189311E-0032  0.00000000000000000000E+0000  2.60967956294320182868E+0000  0.00000000000000000000E+0000  0.00000000000000000000E+0000  2.60887961868039494639E+0000  0.00000000000000000000E+0000  8.95140083952215579054E-0002  4.87120760316217645155E-0003  8.95139703954768267862E-0002  4.87120909729977087696E-0003  2.47560475145963441127E-0012  1.32542748607085064574E+0000  0.00000000000000000000E+0000  5.44272371137778382559E-0004  3.11605146070340486157E-0004 -2.62065206147412992316E-0004
 5.51899999999999999983E-0006  6.10000000000000000013E-0001 -2.14459839314158225154E+0002  6.43284070752149066586E-0005 -2.14459839314158225154E+0002  1.00000000000000000000E+0000  8.69909799081994520350E-0001  1.03449067931563498787E+0000  7.81517903384373925375E-0001  0.00000000000000000000E+0000  2.18478658651365228283E+0002  0.00000000000000000000E+0000  3.77975195399816509394E-0008  3.95701967216794381707E-0004  9.16126558237795590281E-0032  0.00000000000000000000E+0000  2.60966338537963488901E+0000  0.00000000000000000000E+0000  0.00000000000000000000E+0000  2.60889476111607877796E+0000  0.00000000000000000000E+0000  8.95138645151307563437E-0002  4.87120574828155170361E-0003  8.95138269841522014639E-0002  4.87120724981653692168E-0003  2.47622602439382307414E-0012  1.32542761023564410901E+0000  0.00000000000000000000E+0000  5.42728743498461772472E-0004  3.11440626549525928030E-0004 -2.56549491714327826644E-0004
 5.63100000000000000019E-0006  6.10000000000000000013E-0001 -2.14459861796335396200E+0002  6.39443102368627919162E-0005 -2.14459861796335396200E+0002  1.00000000000000000000E+0000  8.69910537627863442048E-0001  1.03449067987278135576E+0000  7.81517938058275843469E-0001  0.00000000000000000000E+0000  2.18478658651365228283E+0002  0.00000000000000000000E+0000  3.77982379291357139868E-0008  3.95702033422196644296E-0004  9.16127676368056220191E-0032  0.00000000000000000000E+0000  2.60964768599954722098E+0000  0.00000000000000000000E+0000  0.00000000000000000000E+0000  2.60890943142077499136E+0000  0.00000000000000000000E+0000  8.95137187206850310612E-0002  4.87120364551443806193E-0003  8.95136816356303629188E-0002  4.87120515747083782683E-0003  2.47679762836341101475E-0012  1.32542772016746206870E+0000  0.00000000000000000000E+0000  5.41168016653133386252E-0004  3.11272029830944870211E-0004 -2.51216272741111097746E-0004
 5.74399999999999999999E-0006  6.10000000000000000013E-0001 -2.14459883439454909518E+0002  6.35646803670039531363E-0005 -2.14459883439454909518E+0002  1.00000000000000000000E+0000  8.69911187485706963011E-0001  1.03449068074721232816E+0000  7.81517970896041617665E-0001  0.00000000000000000000E+0000  2.18478658651365228283E+0002  0.00000000000000000000E+0000  3.77988692061804800475E-0008  3.95702107270276015448E-0004  9.16128732109146331103E-0032  0.00000000000000000000E+0000  2.60963253424737083260E+0000  0.00000000000000000000E+0000  0.00000000000000000000E+0000  2.60892357315329365304E+0000  0.00000000000000000000E+0000  8.95135736483433955315E-0002  4.87120138757485539394E-0003  8.95135370104869370454E-0002  4.87120289799828116280E-0003  2.47727891134785124740E-0012  1.32542781486668213018E+0000  0.00000000000000000000E+0000  5.39623660303231490203E-0004  3.11102971509478904942E-0004 -2.46089827112448462092E-0004
 5.86000000000000000018E-0006  6.10000000000000000013E-0001 -2.14459904354513413161E+0002  6.31816794529027160146E-0005 -2.14459904354513413161E+0002  1.00000000000000000000E+0000  8.69911766793408063134E-0001  1.03449068180599460887E+0000  7.81518002435289027194E-0001  0.00000000000000000000E+0000  2.18478658651365228283E+0002  0.00000000000000000000E+0000  3.77994310311959716857E-0008  3.95702188111867127202E-0004  9.16129739886678969242E-0032  0.00000000000000000000E+0000  2.60961791765958970755E+0000  0.00000000000000000000E+0000  0.00000000000000000000E+0000  2.60893719362316236902E+0000  0.00000000000000000000E+0000  8.95134266862689346067E-0002  4.87119887161648390091E-0003  8.95133904535533981588E-0002  4.87120039321301184585E-0003  2.47773032489133855487E-0012  1.32542789730967825324E+0000  0.00000000000000000000E+0000  5.38062161545937441613E-0004  3.10929763682183287129E-0004 -2.41158653494333161236E-0004
 5.97899999999999999994E-0006  6.10000000000000000013E-0001 -2.14459924668865814470E+0002  6.27968354463661247419E-0005 -2.14459924668865814470E+0002  1.00000000000000000000E+0000  8.69912280874455585142E-0001  1.03449068312134386937E+0000  7.81518032675124801249E-0001  0.00000000000000000000E+0000  2.18478658651365228283E+0002  0.00000000000000000000E+0000  3.77999286795781902570E-0008  3.95702276866363202505E-0004  9.16130700777121036367E-0032  0.00000000000000000000E+0000  2.60960370774984644761E+0000  0.00000000000000000000E+0000  0.00000000000000000000E+0000  2.60895041775983895730E+0000  0.00000000000000000000E+0000  8.95132778724686839093E-0002  4.87119612885119846520E-0003  8.95132420432924976107E-0002  4.87119765480208854839E-0003  2.47812206981095295476E-0012  1.32542796684334056312E+0000  0.00000000000000000000E+0000  5.36490153036761065427E-0004  3.10753076477936055763E-0004 -2.36380997849145809831E-0004
 6.09899999999999999997E-0006  6.10000000000000000013E-0001 -2.14459944204434329429E+0002  6.24158952682733574629E-0005 -2.14459944204434329429E+0002  1.00000000000000000000E+0000  8.69912728440469209070E-0001  1.03449068474417267831E+0000  7.81518061196065005208E-0001  0.00000000000000000000E+0000  2.18478658651365228283E+0002  0.00000000000000000000E+0000  3.78003610059922698573E-0008  3.95702372962774042212E-0004  9.16131602948526831464E-0032  0.00000000000000000000E+0000  2.60959002422805463233E+0000  0.00000000000000000000E+0000  0.00000000000000000000E+0000  2.60896313927549954427E+0000  0.00000000000000000000E+0000  8.95131297482896409461E-0002  4.87119323978886709581E-0003  8.95130943163790614717E-0002  4.87119476313327066878E-0003  2.47846613088481855534E-0012  1.32542802550562290498E+0000  0.00000000000000000000E+0000  5.34932195079756523892E-0004  3.10575680030126927789E-0004 -2.31795870741599743607E-0004
 6.22199999999999999998E-0006  6.10000000000000000013E-0001 -2.14459963052818390700E+0002  6.20332896141081920397E-0005 -2.14459963052818390700E+0002  1.00000000000000000000E+0000  8.69913122808170545975E-0001  1.03449068656879623277E+0000  7.81518088448836921608E-0001  0.00000000000000000000E+0000  2.18478658651365228283E+0002  0.00000000000000000000E+0000  3.78007409853797234732E-0008  3.95702476221032586307E-0004  9.16132458179641402481E-0032  0.00000000000000000000E+0000  2.60957685313347662070E+0000  0.00000000000000000000E+0000  0.00000000000000000000E+0000  2.60897537011742191248E+0000  0.00000000000000000000E+0000  8.95129797733874132390E-0002  4.87119010212548326966E-0003  8.95129447023088259663E-0002  4.87119163314866703461E-0003  2.47876957405271494264E-0012  1.32542807202656626143E+0000  0.00000000000000000000E+0000  5.33363624014127609583E-0004  3.10394752414300469143E-0004 -2.27392350645326598022E-0004
 6.34799999999999999997E-0006  6.10000000000000000013E-0001 -2.14459981328167911208E+0002  6.16489918256709498110E-0005 -2.14459981328167911208E+0002  1.00000000000000000000E+0000  8.69913468521150891701E-0001  1.03449068865736614029E+0000  7.81518114435887192892E-0001  0.00000000000000000000E+0000  2.18478658651365228283E+0002  0.00000000000000000000E+0000  3.78010730897436630807E-0008  3.95702587430246962892E-0004  9.16133267457542044899E-0032  0.00000000000000000000E+0000  2.60956408105766819510E+0000  0.00000000000000000000E+0000  0.00000000000000000000E+0000  2.60898721947180170619E+0000  0.00000000000000000000E+0000  8.95128279890189897767E-0002  4.87118674344561318177E-0003  8.95127932764485477463E-0002  4.87118827676889101088E-0003  2.47903730142101045659E-0012  1.32542810925958553625E+0000  0.00000000000000000000E+0000  5.31785285039612510775E-0004  3.10210336107520395923E-0004 -2.23134179640155099104E-0004
 6.47499999999999999982E-0006  6.10000000000000000013E-0001 -2.14459998884379025710E+0002  6.12689712440339313765E-0005 -2.14459998884379025710E+0002  1.00000000000000000000E+0000  8.69913765971013328840E-0001  1.03449069103724283617E+0000  7.81518138830854111436E-0001  0.00000000000000000000E+0000  2.18478658651365228283E+0002  0.00000000000000000000E+0000  3.78013578296758372406E-0008  3.95702705565269443691E-0004  9.16134022041985955763E-0032  0.00000000000000000000E+0000  2.60955180531207666566E+0000  0.00000000000000000000E+0000  0.00000000000000000000E+0000  2.60899860054263984621E+0000  0.00000000000000000000E+0000  8.95126768288340538511E-0002  4.87118324785017551831E-0003  8.95126424669927638474E-0002  4.87118477782915576456E-0003  2.47927030015969064445E-0012  1.32542813713403893666E+0000  0.00000000000000000000E+0000  5.30222184140196439834E-0004  3.10025373462911420694E-0004 -2.19052823227379200016E-0004
 6.60599999999999999991E-0006  6.10000000000000000013E-0001 -2.14460015875808382199E+0002  6.08851785792706391971E-0005 -2.14460015875808382199E+0002  1.00000000000000000000E+0000  8.69914026264423582155E-0001  1.03449069362634406245E+0000  7.81518162152836785828E-0001  0.00000000000000000000E+0000  2.18478658651365228283E+0002  0.00000000000000000000E+0000  3.78016059532718214516E-0008  3.95702831594342205578E-0004  9.16134735197966551000E-0032  0.00000000000000000000E+0000  2.60953996750684246537E+0000  0.00000000000000000000E+0000  0.00000000000000000000E+0000  2.60900956983338388811E+0000  0.00000000000000000000E+0000  8.95125226581262294027E-0002  4.87117947306568297259E-0003  8.95124886154271124283E-0002  4.87118101005059726103E-0003  2.47947463855919106453E-0012  1.32542815520865556655E+0000  0.00000000000000000000E+0000  5.28639156923948212891E-0004  3.09835656654385418187E-0004 -2.15122469193332579897E-0004
 6.73900000000000000013E-0006  6.10000000000000000013E-0001 -2.14460032298475834114E+0002  6.05029654615826414268E-0005 -2.14460032298475834114E+0002  1.00000000000000000000E+0000  8.69914249494719367297E-0001  1.03449069651457058487E+0000  7.81518184103441207401E-0001  0.00000000000000000000E+0000  2.18478658651365228283E+0002  0.00000000000000000000E+0000  3.78018176728351630130E-0008  3.95702965238991859836E-0004  9.16135400274723269895E-0032  0.00000000000000000000E+0000  2.60952851659000672536E+0000  0.00000000000000000000E+0000  0.00000000000000000000E+0000  2.60902017644894777468E+0000  0.00000000000000000000E+0000  8.95123679018165177549E-0002  4.87117553626906077083E-0003  8.95123341838054599817E-0002  4.87117706996539325387E-0003  2.47965240021737694620E-0012  1.32542816609860030592E+0000  0.00000000000000000000E+0000  5.27060503090234008316E-0004  3.09644068373730469769E-0004 -2.11330450844506283037E-0004
 6.87499999999999999991E-0006  6.10000000000000000013E-0001 -2.14460048153248668545E+0002  6.01197536234966206829E-0005 -2.14460048153248668545E+0002  1.00000000000000000000E+0000  8.69914441138553507730E-0001  1.03449069965523676436E+0000  7.81518204841769858972E-0001  0.00000000000000000000E+0000  2.18478658651365228283E+0002  0.00000000000000000000E+0000  3.78019983172769144568E-0008  3.95703106606867555566E-0004  9.16136020810970941452E-0032  0.00000000000000000000E+0000  2.60951749312876112854E+0000  0.00000000000000000000E+0000  0.00000000000000000000E+0000  2.60903038712105087363E+0000  0.00000000000000000000E+0000  8.95122113769411642984E-0002  4.87117137836706570918E-0003  8.95121779623035709569E-0002  4.87117291351766680964E-0003  2.47981011200925684140E-0012  1.32542816901510069390E+0000  0.00000000000000000000E+0000  5.25473783868272954474E-0004  3.09449076018426453027E-0004 -2.07684683711312701581E-0004
 7.01299999999999999982E-0006  6.10000000000000000013E-0001 -2.14460063422514411222E+0002  5.97389970411843045854E-0005 -2.14460063422514411222E+0002  1.00000000000000000000E+0000  8.69914603571587194766E-0001  1.03449070306632768168E+0000  7.81518224265838489634E-0001  0.00000000000000000000E+0000  2.18478658651365228283E+0002  0.00000000000000000000E+0000  3.78021502901736834949E-0008  3.95703255127106165372E-0004  9.16136594742870855636E-0032  0.00000000000000000000E+0000  2.60950688689385378450E+0000  0.00000000000000000000E+0000  0.00000000000000000000E+0000  2.60904021233000512747E+0000  0.00000000000000000000E+0000  8.95120542372684003783E-0002  4.87116705318314015110E-0003  8.95120211180734705482E-0002  4.87116858612992592513E-0003  2.47994241909471716788E-0012  1.32542816446189034131E+0000  0.00000000000000000000E+0000  5.23894449901252975787E-0004  3.09252567013006046758E-0004 -2.04182925274370993575E-0004
 7.15499999999999999998E-0006  6.10000000000000000013E-0001 -2.14460078206493930914E+0002  5.93554242572946977968E-0005 -2.14460078206493930914E+0002  1.00000000000000000000E+0000  8.69914742002766897336E-0001  1.03449070673468110132E+0000  7.81518242624182928621E-0001  0.00000000000000000000E+0000  2.18478658651365228283E+0002  0.00000000000000000000E+0000  3.78022786025851027544E-0008  3.95703412135279793331E-0004  9.16137127977545760238E-0032  0.00000000000000000000E+0000  2.60949665499440669491E+0000  0.00000000000000000000E+0000  0.00000000000000000000E+0000  2.60904969734502356756E+0000  0.00000000000000000000E+0000  8.95118941910282006885E-0002  4.87116247011849986714E-0003  8.95118613499978468871E-0002  4.87116400508410036861E-0003  2.48005667083524164867E-0012  1.32542815320848587760E+0000  0.00000000000000000000E+0000  5.22299325302297360037E-0004  3.09051605011343779940E-0004 -2.00806973154591772912E-0004
 7.29899999999999999985E-0006  6.10000000000000000013E-0001 -2.14460092469074806110E+0002  5.89741242557280312794E-0005 -2.14460092469074806110E+0002  1.00000000000000000000E+0000  8.69914857441238289636E-0001  1.03449071069164552964E+0000  7.81518259714208751948E-0001  0.00000000000000000000E+0000  2.18478658651365228283E+0002  0.00000000000000000000E+0000  3.78023843584495692105E-0008  3.95703576456783946998E-0004  9.16137616472476533554E-0032  0.00000000000000000000E+0000  2.60948679106493827977E+0000  0.00000000000000000000E+0000  0.00000000000000000000E+0000  2.60905884659730490181E+0000  0.00000000000000000000E+0000  8.95117335409642801908E-0002  4.87115773416538934670E-0003  8.95117009765125699899E-0002  4.87115926485577384804E-0003  2.48015429255772003278E-0012  1.32542813626677109763E+0000  0.00000000000000000000E+0000  5.20711080692217675961E-0004  3.08849034174848796959E-0004 -1.97557361548400579052E-0004
 7.44600000000000000011E-0006  6.10000000000000000013E-0001 -2.14460106210052618661E+0002  5.85930060901161062714E-0005 -2.14460106210052618661E+0002  1.00000000000000000000E+0000  8.69914953409111886150E-0001  1.03449071490545840368E+0000  7.81518275658119138290E-0001  0.00000000000000000000E+0000  2.18478658651365228283E+0002  0.00000000000000000000E+0000  3.78024709702801856647E-0008  3.95703748437992705461E-0004  9.16138062626411598352E-0032  0.00000000000000000000E+0000  2.60947732452310981999E+0000  0.00000000000000000000E+0000  0.00000000000000000000E+0000  2.60906763917060733975E+0000  0.00000000000000000000E+0000  8.95115711388059898357E-0002  4.87115278817953463710E-0003  8.95115388335853891339E-0002  4.87115431826459400699E-0003  2.48023739891068506782E-0012  1.32542811326648905031E+0000  0.00000000000000000000E+0000  5.19119662140134094210E-0004  3.08643559785045817997E-0004 -1.94439269336547223701E-0004
 7.59599999999999999994E-0006  6.10000000000000000013E-0001 -2.14460119472544668479E+0002  5.82121037159352215664E-0005 -2.14460119472544668479E+0002  1.00000000000000000000E+0000  8.69915032233302490893E-0001  1.03449071939232193349E+0000  7.81518290473048940644E-0001  0.00000000000000000000E+0000  2.18478658651365228283E+0002  0.00000000000000000000E+0000  3.78025407285868370423E-0008  3.95703928248549971922E-0004  9.16138467284497511978E-0032  0.00000000000000000000E+0000  2.60946821380201325375E+0000  0.00000000000000000000E+0000  0.00000000000000000000E+0000  2.60907611471010186474E+0000  0.00000000000000000000E+0000  8.95114069940674805646E-0002  4.87114764263816372847E-0003  8.95113749402539113676E-0002  4.87114917074460294386E-0003  2.48030787695107909957E-0012  1.32542808519062854406E+0000  0.00000000000000000000E+0000  5.17525755385386094409E-0004  3.08435242589237326223E-0004 -1.91439378510770664432E-0004
 7.74900000000000000017E-0006  6.10000000000000000013E-0001 -2.14460132268506035835E+0002  5.78316570699117342511E-0005 -2.14460132268506035835E+0002  1.00000000000000000000E+0000  8.69915096027836183166E-0001  1.03449072415347834326E+0000  7.81518304175794810320E-0001  0.00000000000000000000E+0000  2.18478658651365228283E+0002  0.00000000000000000000E+0000  3.78025957144839111283E-0008  3.95704115877380657877E-0004  9.16138831051760276984E-0032  0.00000000000000000000E+0000  2.60945945335243941919E+0000  0.00000000000000000000E+0000  0.00000000000000000000E+0000  2.60908428111687654615E+0000  0.00000000000000000000E+0000  8.95112411134636963336E-0002  4.87114230054504124720E-0003  8.95112093016338905267E-0002  4.87114382622236579018E-0003  2.48036728307607229626E-0012  1.32542805229561083333E+0000  0.00000000000000000000E+0000  5.15930121866097488094E-0004  3.08224157506586298665E-0004 -1.88554638654009390299E-0004
 7.90499999999999999996E-0006  6.10000000000000000013E-0001 -2.14460144608325623594E+0002  5.74518293731478313501E-0005 -2.14460144608325623594E+0002  1.00000000000000000000E+0000  8.69915146702089364748E-0001  1.03449072918800317664E+0000  7.81518316784008701382E-0001  0.00000000000000000000E+0000  2.18478658651365228283E+0002  0.00000000000000000000E+0000  3.78026378074318062594E-0008  3.95704311280634921857E-0004  9.16139154518780019457E-0032  0.00000000000000000000E+0000  2.60945103688391393925E+0000  0.00000000000000000000E+0000  0.00000000000000000000E+0000  2.60909214676036890226E+0000  0.00000000000000000000E+0000  8.95110734992827315867E-0002  4.87113676425761695547E-0003  8.95110419202161279318E-0002  4.87113828725390962387E-0003  2.48041702178906404644E-0012  1.32542801499888601474E+0000  0.00000000000000000000E+0000  5.14333487527191593202E-0004  3.08010379176895642638E-0004 -1.85781981096762684589E-0004
 8.06400000000000000014E-0006  6.10000000000000000013E-0001 -2.14460156502625792552E+0002  5.70727967341445465159E-0005 -2.14460156502625792552E+0002  1.00000000000000000000E+0000  8.69915185970757069657E-0001  1.03449073449463567552E+0000  7.81518328316278172892E-0001  0.00000000000000000000E+0000  2.18478658651365228283E+0002  0.00000000000000000000E+0000  3.78026686950540705824E-0008  3.95704514408079982854E-0004  9.16139438305643176562E-0032  0.00000000000000000000E+0000  2.60944295762401452538E+0000  0.00000000000000000000E+0000  0.00000000000000000000E+0000  2.60909972038799107055E+0000  0.00000000000000000000E+0000  8.95109041522849397198E-0002  4.87113103625424154894E-0003  8.95108727970862512035E-0002  4.87113255634096845368E-0003  2.48045835608759464099E-0012  1.32542797370030086758E+0000  0.00000000000000000000E+0000  5.12736542287901441956E-0004  3.07793981263467367607E-0004 -1.83118259761735989216E-0004
 8.22599999999999999989E-0006  6.10000000000000000013E-0001 -2.14460167962414647969E+0002  5.66947232084583120713E-0005 -2.14460167962414647969E+0002  1.00000000000000000000E+0000  8.69915215365190619195E-0001  1.03449074007182111512E+0000  7.81518338791982877356E-0001  0.00000000000000000000E+0000  2.18478658651365228283E+0002  0.00000000000000000000E+0000  3.78026898843207446794E-0008  3.95704725204313633189E-0004  9.16139683062127097505E-0032  0.00000000000000000000E+0000  2.60943520840436851693E+0000  0.00000000000000000000E+0000  0.00000000000000000000E+0000  2.60910701103807568567E+0000  0.00000000000000000000E+0000  8.95107330719395018410E-0002  4.87112511907210881836E-0003  8.95107019320321028067E-0002  4.87112663604165990471E-0003  2.48049241552999617606E-0012  1.32542792878888758242E+0000  0.00000000000000000000E+0000  5.11139941118455616704E-0004  3.07575036564240575013E-0004 -1.80560247450311835893E-0004
 8.39100000000000000003E-0006  6.10000000000000000013E-0001 -2.14460178999004518488E+0002  5.63177625615201653390E-0005 -2.14460178999004518488E+0002  1.00000000000000000000E+0000  8.69915236245654705590E-0001  1.03449074591771762505E+0000  7.81518348231165579910E-0001  0.00000000000000000000E+0000  2.18478658651365228283E+0002  0.00000000000000000000E+0000  3.78027027136341834886E-0008  3.95704943609098742012E-0004  9.16139889464697859717E-0032  0.00000000000000000000E+0000  2.60942778173498490845E+0000  0.00000000000000000000E+0000  0.00000000000000000000E+0000  2.60911402796034431659E+0000  0.00000000000000000000E+0000  8.95105602565740410186E-0002  4.87111901528175563165E-0003  8.95105293236991663550E-0002  4.87112052894796015975E-0003  2.48052020488154152689E-0012  1.32542788063882466178E+0000  0.00000000000000000000E+0000  5.09544305009477642121E-0004  3.07353616948063201109E-0004 -1.78104662662488532326E-0004
 8.55999999999999999960E-0006  6.10000000000000000013E-0001 -2.14460189661313947188E+0002  5.59395710214197196939E-0005 -2.14460189661313947188E+0002  1.00000000000000000000E+0000  8.69915249849874657752E-0001  1.03449075205434355240E+0000  7.81518356687614276855E-0001  0.00000000000000000000E+0000  2.18478658651365228283E+0002  0.00000000000000000000E+0000  3.78027083549805046816E-0008  3.95705170752808795340E-0004  9.16140058366852298245E-0032  0.00000000000000000000E+0000  2.60942065045214448304E+0000  0.00000000000000000000E+0000  0.00000000000000000000E+0000  2.60912080150171901997E+0000  0.00000000000000000000E+0000  8.95103846654788325358E-0002  4.87111268358245285533E-0003  8.95103539318341034843E-0002  4.87111419463903158613E-0003  2.48054323664904100997E-0012  1.32542782962077146554E+0000  0.00000000000000000000E+0000  5.07939412792335623745E-0004  3.07128263497851846208E-0004 -1.75740833486522588649E-0004
 8.73200000000000000039E-0006  6.10000000000000000013E-0001 -2.14460199941247442193E+0002  5.55631936569592770908E-0005 -2.14460199941247442193E+0002  1.00000000000000000000E+0000  8.69915257138509413824E-0001  1.03449075846965422561E+0000  7.81518364142347884450E-0001  0.00000000000000000000E+0000  2.18478658651365228283E+0002  0.00000000000000000000E+0000  3.78027078012770447598E-0008  3.95705405567935907873E-0004  9.16140190394726940816E-0032  0.00000000000000000000E+0000  2.60941380784580385238E+0000  0.00000000000000000000E+0000  0.00000000000000000000E+0000  2.60912733532994284107E+0000  0.00000000000000000000E+0000  8.95102073528266978765E-0002  4.87110617616418180449E-0003  8.95101768124024754430E-0002  4.87110768280902379957E-0003  2.48056101501768822510E-0012  1.32542777575231605230E+0000  0.00000000000000000000E+0000  5.06338494661000853281E-0004  3.06900805076902197351E-0004 -1.73467599562318845711E-0004
 8.90799999999999999977E-0006  6.10000000000000000013E-0001 -2.14460209860199742651E+0002  5.51863787624214095292E-0005 -2.14460209860199742651E+0002  1.00000000000000000000E+0000  8.69915259037488741288E-0001  1.03449076517629351456E+0000  7.81518370637569535721E-0001  0.00000000000000000000E+0000  2.18478658651365228283E+0002  0.00000000000000000000E+0000  3.78027019187218151836E-0008  3.95705649083771441554E-0004  9.16140285768136696513E-0032  0.00000000000000000000E+0000  2.60940725190389229398E+0000  0.00000000000000000000E+0000  0.00000000000000000000E+0000  2.60913363877619311482E+0000  0.00000000000000000000E+0000  8.95100272855932026280E-0002  4.87109944554747340716E-0003  8.95099969301121834567E-0002  4.87110094900347304690E-0003  2.48057489278918182629E-0012  1.32542771951978328245E+0000  0.00000000000000000000E+0000  5.04731682425743521091E-0004  3.06669806242180448362E-0004 -1.71281825526619833357E-0004
 9.08700000000000000037E-0006  6.10000000000000000013E-0001 -2.14460219414143908226E+0002  5.48112830828262800021E-0005 -2.14460219414143908226E+0002  1.00000000000000000000E+0000  8.69915256336539619540E-0001  1.03449077215622791965E+0000  7.81518376165205634295E-0001  0.00000000000000000000E+0000  2.18478658651365228283E+0002  0.00000000000000000000E+0000  3.78026915285605911319E-0008  3.95705900138123447089E-0004  9.16140345379299219662E-0032  0.00000000000000000000E+0000  2.60940097464796724584E+0000  0.00000000000000000000E+0000  0.00000000000000000000E+0000  2.60913971597403854404E+0000  0.00000000000000000000E+0000  8.95098455027411955140E-0002  4.87109254305705325529E-0003  8.95098153269868823540E-0002  4.87109404195143748925E-0003  2.48058543166609678710E-0012  1.32542766126638173352E+0000  0.00000000000000000000E+0000  5.03128582390316670408E-0004  3.06436636481026598437E-0004 -1.69181987947547764332E-0004
 9.27000000000000000039E-0006  6.10000000000000000013E-0001 -2.14460228622266575654E+0002  5.44361746740865781128E-0005 -2.14460228622266575654E+0002  1.00000000000000000000E+0000  8.69915249701224428365E-0001  1.03449077942554864965E+0000  7.81518380758168273905E-0001  0.00000000000000000000E+0000  2.18478658651365228283E+0002  0.00000000000000000000E+0000  3.78026772429238433514E-0008  3.95706159814222694568E-0004  9.16140369186424471553E-0032  0.00000000000000000000E+0000  2.60939497343054917938E+0000  0.00000000000000000000E+0000  0.00000000000000000000E+0000  2.60914557705653655443E+0000  0.00000000000000000000E+0000  8.95096609827926942640E-0002  4.87108542187669801892E-0003  8.95096309789632501596E-0002  4.87108691727519239514E-0003  2.48059315969594747721E-0012  1.32542760118908783734E+0000  0.00000000000000000000E+0000  5.01521188883480455598E-0004  3.06200104079909076438E-0004 -1.67164722276027687647E-0004
 9.45599999999999999998E-0006  6.10000000000000000013E-0001 -2.14460237482672332957E+0002  5.40630784899118578538E-0005 -2.14460237482672332957E+0002  1.00000000000000000000E+0000  8.69915239774912232276E-0001  1.03449078696169664675E+0000  7.81518384420416840973E-0001  0.00000000000000000000E+0000  2.18478658651365228283E+0002  0.00000000000000000000E+0000  3.78026597370800263358E-0008  3.95706426874707910289E-0004  9.16140358468039693027E-0032  0.00000000000000000000E+0000  2.60938923941290092340E+0000  0.00000000000000000000E+0000  0.00000000000000000000E+0000  2.60915122632809377509E+0000  0.00000000000000000000E+0000  8.95094747460815473835E-0002  4.87107813301781654228E-0003  8.95094449091598618419E-0002  4.87107962375728719897E-0003  2.48059850911583766628E-0012  1.32542753965951712531E+0000  0.00000000000000000000E+0000  4.99918706135372269689E-0004  3.05961552911671203087E-0004 -1.65228376508370159758E-0004
 9.64699999999999999968E-0006  6.10000000000000000013E-0001 -2.14460246039242263150E+0002  5.36884641803693880522E-0005 -2.14460246039242263150E+0002  1.00000000000000000000E+0000  8.69915226938185943192E-0001  1.03449079481639652316E+0000  7.81518387178632292257E-0001  0.00000000000000000000E+0000  2.18478658651365228283E+0002  0.00000000000000000000E+0000  3.78026393036221442480E-0008  3.95706703797417774090E-0004  9.16140312085279936850E-0032  0.00000000000000000000E+0000  2.60938375705022586868E+0000  0.00000000000000000000E+0000  0.00000000000000000000E+0000  2.60915669012416739730E+0000  0.00000000000000000000E+0000  8.95092847889493674460E-0002  4.87107058601027214713E-0003  8.95092551118228880243E-0002  4.87107207350439507878E-0003  2.48060187097359499328E-0012  1.32542747676504139799E+0000  0.00000000000000000000E+0000  4.98305175281067871197E-0004  3.05718557544983832153E-0004 -1.63364433556729530915E-0004
 9.83999999999999999991E-0006  6.10000000000000000013E-0001 -2.14460254256138806939E+0002  5.33179389271369066129E-0005 -2.14460254256138806939E+0002  1.00000000000000000000E+0000  8.69915211855703343646E-0001  1.03449080290742798907E+0000  7.81518389041090686471E-0001  0.00000000000000000000E+0000  2.18478658651365228283E+0002  0.00000000000000000000E+0000  3.78026167183383982599E-0008  3.95706986715202291023E-0004  9.16140233494818007645E-0032  0.00000000000000000000E+0000  2.60937852808793331561E+0000  0.00000000000000000000E+0000  0.00000000000000000000E+0000  2.60916195222093381923E+0000  0.00000000000000000000E+0000  8.95090941170387522293E-0002  4.87106292390928369939E-0003  8.95090645963140837030E-0002  4.87106440572609158290E-0003  2.48060356865321602256E-0012  1.32542741291835096320E+0000  0.00000000000000000000E+0000  4.96705907340545444736E-0004  3.05474939171155548775E-0004 -1.61577508085062249639E-0004
 1.00400000000000000000E-0005  6.10000000000000000013E-0001 -2.14460262214089718319E+0002  5.29424485695317348142E-0005 -2.14460262214089718319E+0002  1.00000000000000000000E+0000  8.69915194475762423019E-0001  1.03449081137603351771E+0000  7.81518390007096873026E-0001  0.00000000000000000000E+0000  2.18478658651365228283E+0002  0.00000000000000000000E+0000  3.78025917322046100066E-0008  3.95707282078233480322E-0004  9.16140117524453566084E-0032  0.00000000000000000000E+0000  2.60937353420378994446E+0000  0.00000000000000000000E+0000  0.00000000000000000000E+0000  2.60916705907407720801E+0000  0.00000000000000000000E+0000  8.95088977807285299273E-0002  4.87105491578304423491E-0003  8.95088684084523383751E-0002  4.87105639538140373624E-0003  2.48060394692186479054E-0012  1.32542734816013550139E+0000  0.00000000000000000000E+0000  4.95080054724999680417E-0004  3.05224391737179930050E-0004 -1.59853541335664475174E-0004
 1.02400000000000000000E-0005  6.10000000000000000013E-0001 -2.14460269830274095196E+0002  5.25754334507533694425E-0005 -2.14460269830274095196E+0002  1.00000000000000000000E+0000  8.69915175760436025769E-0001  1.03449082001632884414E+0000  7.81518390137315213206E-0001  0.00000000000000000000E+0000  2.18478658651365228283E+0002  0.00000000000000000000E+0000  3.78025655662042286741E-0008  3.95707580645974465074E-0004  9.16139973556765550193E-0032  0.00000000000000000000E+0000  2.60936877687508953405E+0000  0.00000000000000000000E+0000  0.00000000000000000000E+0000  2.60917196964358453159E+0000  0.00000000000000000000E+0000  8.95087026870119564033E-0002  4.87104689219655696059E-0003  8.95086734617006184205E-0002  4.87104836460532627676E-0003  2.48060303160652385760E-0012  1.32542728276080462851E+0000  0.00000000000000000000E+0000  4.93487942802363460294E-0004  3.04976247360505192244E-0004 -1.58203628681361947218E-0004
 1.04500000000000000003E-0005  6.10000000000000000013E-0001 -2.14460277231977539780E+0002  5.21985456584736144485E-0005 -2.14460277231977539780E+0002  1.00000000000000000000E+0000  8.69915155005512744069E-0001  1.03449082913105358549E+0000  7.81518389336375542337E-0001  0.00000000000000000000E+0000  2.18478658651365228283E+0002  0.00000000000000000000E+0000  3.78025371434701350718E-0008  3.95707895709821975381E-0004  9.16139788056028400697E-0032  0.00000000000000000000E+0000  2.60936424544940666955E+0000  0.00000000000000000000E+0000  0.00000000000000000000E+0000  2.60917675599682673000E+0000  0.00000000000000000000E+0000  8.95084990568270020078E-0002  4.87103838771158106496E-0003  8.95084699692864512827E-0002  4.87103985925618293482E-0003  2.48060122887285238845E-0012  1.32542721691917818967E+0000  0.00000000000000000000E+0000  4.91847240500830687208E-0004  3.04717550757432717836E-0004 -1.56608132880008930672E-0004
 1.06599999999999999997E-0005  6.10000000000000000013E-0001 -2.14460284347414377570E+0002  5.18298152485044484112E-0005 -2.14460284347414377570E+0002  1.00000000000000000000E+0000  8.69915133440545299925E-0001  1.03449083842401309201E+0000  7.81518387749834081738E-0001  0.00000000000000000000E+0000  2.18478658651365228283E+0002  0.00000000000000000000E+0000  3.78025080555660837392E-0008  3.95708213971655213745E-0004  9.16139576666740224804E-0032  0.00000000000000000000E+0000  2.60935990553686026337E+0000  0.00000000000000000000E+0000  0.00000000000000000000E+0000  2.60918138417005670356E+0000  0.00000000000000000000E+0000  8.95082966679492332939E-0002  4.87102988083946980555E-0003  8.95082677200748599619E-0002  4.87103134456284642913E-0003  2.48059862483839387525E-0012  1.32542715053082406948E+0000  0.00000000000000000000E+0000  4.90239403506482995028E-0004  3.04461149990282041161E-0004 -1.55072701952756355155E-0004
 1.08700000000000000000E-0005  6.10000000000000000013E-0001 -2.14460291066589795600E+0002  5.14691443726283915419E-0005 -2.14460291066589795600E+0002  1.00000000000000000000E+0000  8.69915111292225151152E-0001  1.03449084781806166435E+0000  7.81518385412141416914E-0001  0.00000000000000000000E+0000  2.18478658651365228283E+0002  0.00000000000000000000E+0000  3.78024785183951624886E-0008  3.95708534395433169029E-0004  9.16139339013831420739E-0032  0.00000000000000000000E+0000  2.60935586547058027658E+0000  0.00000000000000000000E+0000  0.00000000000000000000E+0000  2.60918577409503292920E+0000  0.00000000000000000000E+0000  8.95080954276012585828E-0002  4.87102133932593292289E-0003  8.95080666087856679274E-0002  4.87102279838504021077E-0003  2.48059545503918154888E-0012  1.32542708496842095956E+0000  0.00000000000000000000E+0000  4.88662527825757432249E-0004  3.04206883422747564006E-0004 -1.53626492465226917731E-0004
 1.10899999999999999996E-0005  6.10000000000000000013E-0001 -2.14460297580173768803E+0002  5.11002368570675334193E-0005 -2.14460297580173768803E+0002  1.00000000000000000000E+0000  8.69915087648638752152E-0001  1.03449085769168571086E+0000  7.81518382135617764312E-0001  0.00000000000000000000E+0000  2.18478658651365228283E+0002  0.00000000000000000000E+0000  3.78024472688126442016E-0008  3.95708871333268023067E-0004  9.16139059667089360307E-0032  0.00000000000000000000E+0000  2.60935203554746115670E+0000  0.00000000000000000000E+0000  0.00000000000000000000E+0000  2.60919005987579125322E+0000  0.00000000000000000000E+0000  8.95078857436099140514E-0002  4.87101232485925968205E-0003  8.95078570481067529858E-0002  4.87101378266114650948E-0003  2.48059167916243836488E-0012  1.32542701984035809441E+0000  0.00000000000000000000E+0000  4.87043902864533420204E-0004  3.03942912155619939337E-0004 -1.52228757577724316899E-0004
 1.13100000000000000001E-0005  6.10000000000000000013E-0001 -2.14460303838527130124E+0002  5.07389607670795362890E-0005 -2.14460303838527130124E+0002  1.00000000000000000000E+0000  8.69915063719774033846E-0001  1.03449086771467831222E+0000  7.81518378165830996285E-0001  0.00000000000000000000E+0000  2.18478658651365228283E+0002  0.00000000000000000000E+0000  3.78024158608826825301E-0008  3.95709210938449880946E-0004  9.16138757451580042501E-0032  0.00000000000000000000E+0000  2.60934837922200071132E+0000  0.00000000000000000000E+0000  0.00000000000000000000E+0000  2.60919420575966210375E+0000  0.00000000000000000000E+0000  8.95076772240315783033E-0002  4.87100331145338047957E-0003  8.95076486535263476265E-0002  4.87100476210424141045E-0003  2.48058754701221437598E-0012  1.32542695472701865149E+0000  0.00000000000000000000E+0000  4.85456196810900737788E-0004  3.03681099173266200560E-0004 -1.50884201630434337096E-0004
 1.15399999999999999999E-0005  6.10000000000000000013E-0001 -2.14460309897877893379E+0002  5.03703112380323957942E-0005 -2.14460309897877893379E+0002  1.00000000000000000000E+0000  8.69915038522645717503E-0001  1.03449087822701669081E+0000  7.81518373246034205189E-0001  0.00000000000000000000E+0000  2.18478658651365228283E+0002  0.00000000000000000000E+0000  3.78023829724321672089E-0008  3.95709567177014993294E-0004  9.16138413495077729852E-0032  0.00000000000000000000E+0000  2.60934493084051589810E+0000  0.00000000000000000000E+0000  0.00000000000000000000E+0000  2.60919825418170038002E+0000  0.00000000000000000000E+0000  8.95074603598621572640E-0002  4.87099383185016205064E-0003  8.95074319063410769339E-0002  4.87099528036037020612E-0003  2.48058297705945403965E-0012  1.32542689012730718348E+0000  0.00000000000000000000E+0000  4.83830112735814025598E-0004  3.03409910454102809499E-0004 -1.49586187204581781231E-0004
 1.17699999999999999998E-0005  6.10000000000000000013E-0001 -2.14460315711378293899E+0002  5.00093782048409865439E-0005 -2.14460315711378293899E+0002  1.00000000000000000000E+0000  8.69915013245912347763E-0001  1.03449088887248133808E+0000  7.81518367679448944794E-0001  0.00000000000000000000E+0000  2.18478658651365228283E+0002  0.00000000000000000000E+0000  3.78023501252987113356E-0008  3.95709925794205283822E-0004  9.16138048164425694792E-0032  0.00000000000000000000E+0000  2.60934165154693554502E+0000  0.00000000000000000000E+0000  0.00000000000000000000E+0000  2.60920216875969962142E+0000  0.00000000000000000000E+0000  8.95072446422652245450E-0002  4.87098435442436688381E-0003  8.95072163065013591641E-0002  4.87098579619212289301E-0003  2.48057820080460933960E-0012  1.32542682585717979012E+0000  0.00000000000000000000E+0000  4.82235420636483027397E-0004  3.03141001830923285526E-0004 -1.48339054698715405156E-0004
 1.20099999999999999998E-0005  6.10000000000000000013E-0001 -2.14460321330130379888E+0002  4.96414805057559267345E-0005 -2.14460321330130379888E+0002  1.00000000000000000000E+0000  8.69914986865443669360E-0001  1.03449090000969483652E+0000  7.81518361154655407730E-0001  0.00000000000000000000E+0000  2.18478658651365228283E+0002  0.00000000000000000000E+0000  3.78023159672848118401E-0008  3.95710301047830365622E-0004  9.16137640908081747515E-0032  0.00000000000000000000E+0000  2.60933857574342037053E+0000  0.00000000000000000000E+0000  0.00000000000000000000E+0000  2.60920599351133367821E+0000  0.00000000000000000000E+0000  8.95070206680503137613E-0002  4.87097441598487299214E-0003  8.95069924433454557891E-0002  4.87097585528481941682E-0003  2.48057309208422008208E-0012  1.32542676253157586401E+0000  0.00000000000000000000E+0000  4.80604183782486344818E-0004  3.02862819444264863133E-0004 -1.47136384884606002782E-0004
 1.22499999999999999999E-0005  6.10000000000000000013E-0001 -2.14460326710319653790E+0002  4.92820861813685339270E-0005 -2.14460326710319653790E+0002  1.00000000000000000000E+0000  8.69914960542090301811E-0001  1.03449091126434982401E+0000  7.81518354028685731957E-0001  0.00000000000000000000E+0000  2.18478658651365228283E+0002  0.00000000000000000000E+0000  3.78022819818924101187E-0008  3.95710678396665409846E-0004  9.16137213753884660747E-0032  0.00000000000000000000E+0000  2.60933566308005176928E+0000  0.00000000000000000000E+0000  0.00000000000000000000E+0000  2.60920969141040173822E+0000  0.00000000000000000000E+0000  8.95067978162571318754E-0002  4.87096448135962948390E-0003  8.95067697021634712422E-0002  4.87096591427223026452E-0003  2.48056789897239564104E-0012  1.32542669983365759851E+0000  0.00000000000000000000E+0000  4.79007314487109967460E-0004  3.02587477791805507332E-0004 -1.45982014714052154909E-0004
 1.24899999999999999999E-0005  6.10000000000000000013E-0001 -2.14460331783718497464E+0002  4.89302726975991820866E-0005 -2.14460331783718497464E+0002  1.00000000000000000000E+0000  8.69914934319246900660E-0001  1.03449092258257475778E+0000  7.81518346326852552546E-0001  0.00000000000000000000E+0000  2.18478658651365228283E+0002  0.00000000000000000000E+0000  3.78022482060611069864E-0008  3.95711057108675109426E-0004  9.16136766467653871065E-0032  0.00000000000000000000E+0000  2.60933298209230639560E+0000  0.00000000000000000000E+0000  0.00000000000000000000E+0000  2.60921321578437896346E+0000  0.00000000000000000000E+0000  8.95065760191082741390E-0002  4.87095452850440923110E-0003  8.95065480089992080072E-0002  4.87095595689296679833E-0003  2.48056265196248149101E-0012  1.32542663905490988086E+0000  0.00000000000000000000E+0000  4.77440258218854757367E-0004  3.02314350705458207569E-0004 -1.44894157757176907959E-0004
 1.27400000000000000002E-0005  6.10000000000000000013E-0001 -2.14460336678680212094E+0002  4.85721391986467885493E-0005 -2.14460336678680212094E+0002  1.00000000000000000000E+0000  8.69914907146201926106E-0001  1.03449093438734301541E+0000  7.81518337678707109397E-0001  0.00000000000000000000E+0000  2.18478658651365228283E+0002  0.00000000000000000000E+0000  3.78022132757972228149E-0008  3.95711452305388915599E-0004  9.16136277746770860508E-0032  0.00000000000000000000E+0000  2.60933048651740344989E+0000  0.00000000000000000000E+0000  0.00000000000000000000E+0000  2.60921666913901739780E+0000  0.00000000000000000000E+0000  8.95063460346489766907E-0002  4.87094412214141820389E-0003  8.95063181250096680385E-0002  4.87094554807952211235E-0003  2.48055717135282530999E-0012  1.32542657992690999830E+0000  0.00000000000000000000E+0000  4.75839685625453680674E-0004  3.02032315635053799775E-0004 -1.43844680574120846742E-0004
 1.29999999999999999999E-0005  6.10000000000000000013E-0001 -2.14460341468602753684E+0002  4.82085816228394336042E-0005 -2.14460341468602753684E+0002  1.00000000000000000000E+0000  8.69914879065689093370E-0001  1.03449094672157676012E+0000  7.81518328083208708176E-0001  0.00000000000000000000E+0000  2.18478658651365228283E+0002  0.00000000000000000000E+0000  3.78021772402051457416E-0008  3.95711864518703134007E-0004  9.16135748716015919018E-0032  0.00000000000000000000E+0000  2.60932811007052477747E+0000  0.00000000000000000000E+0000  0.00000000000000000000E+0000  2.60922009884850093016E+0000  0.00000000000000000000E+0000  8.95061079583236483901E-0002  4.87093328677139618935E-0003  8.95060801500092083249E-0002  4.87093470834393043506E-0003  2.48055148936605028700E-0012  1.32542652122148652493E+0000  0.00000000000000000000E+0000  4.74210235575033114371E-0004  3.01741973940620270530E-0004 -1.42815121448695942837E-0004
 1.32600000000000000003E-0005  6.10000000000000000013E-0001 -2.14460346049572772517E+0002  4.78529101139617303362E-0005 -2.14460346049572772517E+0002  1.00000000000000000000E+0000  8.69914851181348980629E-0001  1.03449095914434500683E+0000  7.81518317975454018625E-0001  0.00000000000000000000E+0000  2.18478658651365228283E+0002  0.00000000000000000000E+0000  3.78021415081470244300E-0008  3.95712278296185829925E-0004  9.16135202833285452540E-0032  0.00000000000000000000E+0000  2.60932588231305723409E+0000  0.00000000000000000000E+0000  0.00000000000000000000E+0000  2.60922341695311629838E+0000  0.00000000000000000000E+0000  8.95058709729993477551E-0002  4.87092245977785255392E-0003  8.95058432640387330887E-0002  4.87092387532708297067E-0003  2.48054581384164886347E-0012  1.32542646344433035551E+0000  0.00000000000000000000E+0000  4.72612906744059706344E-0004  3.01454237241402477080E-0004 -1.41828056758677034674E-0004
 1.35300000000000000002E-0005  6.10000000000000000013E-0001 -2.14460350452691561579E+0002  4.74924131506205419378E-0005 -2.14460350452691561579E+0002  1.00000000000000000000E+0000  8.69914822444859876327E-0001  1.03449097205419596288E+0000  7.81518306917117124108E-0001  0.00000000000000000000E+0000  2.18478658651365228283E+0002  0.00000000000000000000E+0000  3.78021047305251727917E-0008  3.95712708514158314544E-0004  9.16134615636624471103E-0032  0.00000000000000000000E+0000  2.60932383801723140056E+0000  0.00000000000000000000E+0000  0.00000000000000000000E+0000  2.60922667035209994175E+0000  0.00000000000000000000E+0000  8.95056259457747477442E-0002  4.87091118749161493592E-0003  8.95055983315590771932E-0002  4.87091259998311594299E-0003  2.48053997765622781980E-0012  1.32542640754577497600E+0000  0.00000000000000000000E+0000  4.70988419094031818622E-0004  3.01158361084467556995E-0004 -1.40878048237247666907E-0004
 1.38000000000000000000E-0005  6.10000000000000000013E-0001 -2.14460354656123710598E+0002  4.71397803017225347996E-0005 -2.14460354656123710598E+0002  1.00000000000000000000E+0000  8.69914793933895177924E-0001  1.03449098503477730706E+0000  7.81518295385131017672E-0001  0.00000000000000000000E+0000  2.18478658651365228283E+0002  0.00000000000000000000E+0000  3.78020682821627696896E-0008  3.95713139980995596933E-0004  9.16134012737483470529E-0032  0.00000000000000000000E+0000  2.60932193386559275593E+0000  0.00000000000000000000E+0000  0.00000000000000000000E+0000  2.60922981998243915837E+0000  0.00000000000000000000E+0000  8.95053819872670098582E-0002  4.87089992451260343971E-0003  8.95053544671221602643E-0002  4.87090133150930130176E-0003  2.48053417075213396741E-0012  1.32542635300639070873E+0000  0.00000000000000000000E+0000  4.69396033130985187076E-0004  3.00865183777645280461E-0004 -1.39967614009027748946E-0004
 1.40800000000000000001E-0005  6.10000000000000000013E-0001 -2.14460358689788906414E+0002  4.67828492797402584689E-0005 -2.14460358689788906414E+0002  1.00000000000000000000E+0000  8.69914764608717994599E-0001  1.03449099849764630690E+0000  7.81518282910039511471E-0001  0.00000000000000000000E+0000  2.18478658651365228283E+0002  0.00000000000000000000E+0000  3.78020308303831325177E-0008  3.95713587766712268379E-0004  9.16133368902498026836E-0032  0.00000000000000000000E+0000  2.60932020511695294488E+0000  0.00000000000000000000E+0000  0.00000000000000000000E+0000  2.60923291329304187034E+0000  0.00000000000000000000E+0000  8.95051300496933289599E-0002  4.87088822167995328863E-0003  8.95051026196905177580E-0002  4.87088962551332375621E-0003  2.48052822299253337771E-0012  1.32542630058143079711E+0000  0.00000000000000000000E+0000  4.67778795489953185125E-0004  3.00564156978825737418E-0004 -1.39091512073038273477E-0004
 1.43600000000000000002E-0005  6.10000000000000000013E-0001 -2.14460362536569481354E+0002  4.64337315640051829369E-0005 -2.14460362536569481354E+0002  1.00000000000000000000E+0000  8.69914735523217658056E-0001  1.03449101201632898128E+0000  7.81518270000821111548E-0001  0.00000000000000000000E+0000  2.18478658651365228283E+0002  0.00000000000000000000E+0000  3.78019937186473108273E-0008  3.95714036529306924699E-0004  9.16132710707055196741E-0032  0.00000000000000000000E+0000  2.60931860785080571813E+0000  0.00000000000000000000E+0000  0.00000000000000000000E+0000  2.60923591062317996214E+0000  0.00000000000000000000E+0000  8.95048791617941743968E-0002  4.87087653009057469613E-0003  8.95048518211200489194E-0002  4.87087792869418821968E-0003  2.48052231837573154868E-0012  1.32542624970852932138E+0000  0.00000000000000000000E+0000  4.66193548719280495097E-0004  3.00265911647735883668E-0004 -1.38251969151202713108E-0004
 1.46499999999999999996E-0005  6.10000000000000000013E-0001 -2.14460366223703675428E+0002  4.60804812498126539850E-0005 -2.14460366223703675428E+0002  1.00000000000000000000E+0000  8.69914705649848994402E-0001  1.03449102601072592583E+0000  7.81518256159646880759E-0001  0.00000000000000000000E+0000  2.18478658651365228283E+0002  0.00000000000000000000E+0000  3.78019556339613346891E-0008  3.95714501460388981849E-0004  9.16132012088798322840E-0032  0.00000000000000000000E+0000  2.60931717758097575358E+0000  0.00000000000000000000E+0000  0.00000000000000000000E+0000  2.60923885974815243519E+0000  0.00000000000000000000E+0000  8.95046203567172636643E-0002  4.87086440386181788604E-0003  8.95045931021836829844E-0002  4.87086579920904447694E-0003  2.48051626769354557208E-0012  1.32542620113081001745E+0000  0.00000000000000000000E+0000  4.64584411190394342699E-0004  2.99959879694421613760E-0004 -1.37443995595913290851E-0004
 1.49399999999999999999E-0005  6.10000000000000000013E-0001 -2.14460369733571229844E+0002  4.57356217510478043686E-0005 -2.14460369733571229844E+0002  1.00000000000000000000E+0000  8.69914676020550938060E-0001  1.03449104004701180790E+0000  7.81518241924091695968E-0001  0.00000000000000000000E+0000  2.18478658651365228283E+0002  0.00000000000000000000E+0000  3.78019178903314048224E-0008  3.95714967114103165312E-0004  9.16131300466860401000E-0032  0.00000000000000000000E+0000  2.60931587003867034719E+0000  0.00000000000000000000E+0000  0.00000000000000000000E+0000  2.60924172047590385436E+0000  0.00000000000000000000E+0000  8.95043625788192315207E-0002  4.87085229072812212814E-0003  8.95043354089747077420E-0002  4.87085368112650920886E-0003  2.48051030035187251696E-0012  1.32542615431945609973E+0000  0.00000000000000000000E+0000  4.63009417717917753849E-0004  2.99657147793511271140E-0004 -1.36669686169977385200E-0004
 1.52400000000000000004E-0005  6.10000000000000000013E-0001 -2.14460373094447649456E+0002  4.53866531112013990890E-0005 -2.14460373094447649456E+0002  1.00000000000000000000E+0000  8.69914645621748120266E-0001  1.03449105455139435503E+0000  7.81518226770569161095E-0001  0.00000000000000000000E+0000  2.18478658651365228283E+0002  0.00000000000000000000E+0000  3.78018791958382699563E-0008  3.95715448769146153859E-0004  9.16130549021164831450E-0032  0.00000000000000000000E+0000  2.60931472097471700762E+0000  0.00000000000000000000E+0000  0.00000000000000000000E+0000  2.60924454072476092749E+0000  0.00000000000000000000E+0000  8.95040969421036993766E-0002  4.87083974802531143885E-0003  8.95040698547211377629E-0002  4.87084113512077506402E-0003  2.48050417644390346630E-0012  1.32542610983281393302E+0000  0.00000000000000000000E+0000  4.61411314165898866903E-0004  2.99346669777026504985E-0004 -1.35924427053229209626E-0004
 1.55499999999999999994E-0005  6.10000000000000000013E-0001 -2.14460376348769810859E+0002  4.50348241361825074166E-0005 -2.14460376348769810859E+0002  1.00000000000000000000E+0000  8.69914614468511817116E-0001  1.03449106954367823379E+0000  7.81518210707333432503E-0001  0.00000000000000000000E+0000  2.18478658651365228283E+0002  0.00000000000000000000E+0000  3.78018395701817539159E-0008  3.95715946641689860543E-0004  9.16129758700169742417E-0032  0.00000000000000000000E+0000  2.60931369059475730702E+0000  0.00000000000000000000E+0000  0.00000000000000000000E+0000  2.60924734606991676547E+0000  0.00000000000000000000E+0000  8.95038235128220585677E-0002  4.87082679108189360056E-0003  8.95037965078013784834E-0002  4.87082817414786850116E-0003  2.48049793394873332476E-0012  1.32542606710691835868E+0000  0.00000000000000000000E+0000  4.59795166151634096926E-0004  2.99029275755440515721E-0004 -1.35196679347059838514E-0004
 1.58599999999999999993E-0005  6.10000000000000000013E-0001 -2.14460379442162968402E+0002  4.46908454873149383148E-0005 -2.14460379442162968402E+0002  1.00000000000000000000E+0000  8.69914583564258328259E-0001  1.03449108455767397241E+0000  7.81518194300038833379E-0001  0.00000000000000000000E+0000  2.18478658651365228283E+0002  0.00000000000000000000E+0000  3.78018002892428394408E-0008  3.95716444866759842198E-0004  9.16128957121718613567E-0032  0.00000000000000000000E+0000  2.60931277426484755071E+0000  0.00000000000000000000E+0000  0.00000000000000000000E+0000  2.60925007084995938924E+0000  0.00000000000000000000E+0000  8.95035511237710570021E-0002  4.87081385074770150588E-0003  8.95035241993677451133E-0002  4.87081522898103928718E-0003  2.48049174775634069139E-0012  1.32542602617835461533E+0000  0.00000000000000000000E+0000  4.58211431803550483123E-0004  2.98714939238371443083E-0004 -1.34499728904203389374E-0004
 1.61799999999999999994E-0005  6.10000000000000000013E-0001 -2.14460382390549467432E+0002  4.43442364397521024589E-0005 -2.14460382390549467432E+0002  1.00000000000000000000E+0000  8.69914551916682873410E-0001  1.03449110002688892155E+0000  7.81518176992220342796E-0001  0.00000000000000000000E+0000  2.18478658651365228283E+0002  0.00000000000000000000E+0000  3.78017600914524691009E-0008  3.95716958823585059071E-0004  9.16128116466063782271E-0032  0.00000000000000000000E+0000  2.60931200787097992023E+0000  0.00000000000000000000E+0000  0.00000000000000000000E+0000  2.60925276316279281799E+0000  0.00000000000000000000E+0000  8.95032709841777447468E-0002  4.87080048817225789817E-0003  8.95032441379739602508E-0002  4.87080186308288724740E-0003  2.48048544291012384993E-0012  1.32542598788551392575E+0000  0.00000000000000000000E+0000  4.56610533064677430677E-0004  2.98393791316002751565E-0004 -1.33829271534594464196E-0004
 1.64999999999999999995E-0005  6.10000000000000000013E-0001 -2.14460385189125701491E+0002  4.40053532135136793333E-0005 -2.14460385189125701491E+0002  1.00000000000000000000E+0000  8.69914520512395424026E-0001  1.03449111550285374555E+0000  7.81518159373545539083E-0001  0.00000000000000000000E+0000  2.18478658651365228283E+0002  0.00000000000000000000E+0000  3.78017202297967989685E-0008  3.95717472862782519083E-0004  9.16127265637470983494E-0032  0.00000000000000000000E+0000  2.60931134635422265207E+0000  0.00000000000000000000E+0000  0.00000000000000000000E+0000  2.60925538179806258666E+0000  0.00000000000000000000E+0000  8.95029918673762392588E-0002  4.87078714360213302980E-0003  8.95029650983214228105E-0002  4.87078851401453239475E-0003  2.48047919202577920847E-0012  1.32542595160480564196E+0000  0.00000000000000000000E+0000  4.55041606549270219517E-0004  2.98075757909903357420E-0004 -1.33186766256048361715E-0004
 1.68299999999999999997E-0005  6.10000000000000000013E-0001 -2.14460387852311221299E+0002  4.36641587806558758362E-0005 -2.14460387852311221299E+0002  1.00000000000000000000E+0000  8.69914488373680031268E-0001  1.03449113142426513839E+0000  7.81518140871538451316E-0001  0.00000000000000000000E+0000  2.18478658651365228283E+0002  0.00000000000000000000E+0000  3.78016794632160640659E-0008  3.95718002431014373111E-0004  9.16126376449718709968E-0032  0.00000000000000000000E+0000  2.60931082594233163582E+0000  0.00000000000000000000E+0000  0.00000000000000000000E+0000  2.60925797482708233545E+0000  0.00000000000000000000E+0000  8.95027050505533468361E-0002  4.87077338167260160848E-0003  8.95026783566014040149E-0002  4.87077474878183117359E-0003  2.48047282265987095952E-0012  1.32542591802294088552E+0000  0.00000000000000000000E+0000  4.53457036245808667881E-0004  2.97751159591190731719E-0004 -1.32568200944352219525E-0004
 1.71700000000000000002E-0005  6.10000000000000000013E-0001 -2.14460390417504977320E+0002  4.33208088918173533981E-0005 -2.14460390417504977320E+0002  1.00000000000000000000E+0000  8.69914455511519172704E-0001  1.03449114780264974614E+0000  7.81518121496847136041E-0001  0.00000000000000000000E+0000  2.18478658651365228283E+0002  0.00000000000000000000E+0000  3.78016378068383154695E-0008  3.95718547628802209793E-0004  9.16125449789842526483E-0032  0.00000000000000000000E+0000  2.60931041700015454673E+0000  0.00000000000000000000E+0000  0.00000000000000000000E+0000  2.60926055995936373249E+0000  0.00000000000000000000E+0000  8.95024105976540634242E-0002  4.87075921471911730502E-0003  8.95023839790557617765E-0002  4.87076057801796117785E-0003  2.48046632482986239189E-0012  1.32542588652845997916E+0000  0.00000000000000000000E+0000  4.51858162133265301979E-0004  2.97420146041654525578E-0004 -1.31964758140358761819E-0004
 1.75100000000000000007E-0005  6.10000000000000000013E-0001 -2.14460392846717729370E+0002  4.29852075773184622424E-0005 -2.14460392846717729370E+0002  1.00000000000000000000E+0000  8.69914422889080971339E-0001  1.03449116416836524508E+0000  7.81518101858838863606E-0001  0.00000000000000000000E+0000  2.18478658651365228283E+0002  0.00000000000000000000E+0000  3.78015964815488522126E-0008  3.95719092551060988725E-0004  9.16124514637056548801E-0032  0.00000000000000000000E+0000  2.60931010292849494144E+0000  0.00000000000000000000E+0000  0.00000000000000000000E+0000  2.60926307913243023728E+0000  0.00000000000000000000E+0000  8.95021171762711090846E-0002  4.87074506918902360815E-0003  8.95020906313816985191E-0002  4.87074642814449367584E-0003  2.48045988015413684387E-0012  1.32542585710426128441E+0000  0.00000000000000000000E+0000  4.50291421745876252243E-0004  2.97092410137604209399E-0004 -1.31386319733103686077E-0004
 1.78700000000000000000E-0005  6.10000000000000000013E-0001 -2.14460395184698228752E+0002  4.26383626198529039904E-0005 -2.14460395184698228752E+0002  1.00000000000000000000E+0000  8.69914388603797085421E-0001  1.03449118142479718429E+0000  7.81518080752133351282E-0001  0.00000000000000000000E+0000  2.18478658651365228283E+0002  0.00000000000000000000E+0000  3.78015530787712098896E-0008  3.95719668421804000306E-0004  9.16123513209130287939E-0032  0.00000000000000000000E+0000  2.60930993898700200177E+0000  0.00000000000000000000E+0000  0.00000000000000000000E+0000  2.60926563700084385112E+0000  0.00000000000000000000E+0000  8.95018075775910713164E-0002  4.87073009058508446052E-0003  8.95017811061695431362E-0002  4.87073144657076150116E-0003  2.48045312643579599498E-0012  1.32542583052805769406E+0000  0.00000000000000000000E+0000  4.48667033051924691513E-0004  2.96748961875545315499E-0004 -1.30819996369861415568E-0004
 1.82200000000000000007E-0005  6.10000000000000000013E-0001 -2.14460397387686840243E+0002  4.23089997616418932400E-0005 -2.14460397387686840243E+0002  1.00000000000000000000E+0000  8.69914355502881591600E-0001  1.03449119820669544053E+0000  7.81518060027130804200E-0001  0.00000000000000000000E+0000  2.18478658651365228283E+0002  0.00000000000000000000E+0000  3.78015112023583007977E-0008  3.95720228185940274292E-0004  9.16122533768968657756E-0032  0.00000000000000000000E+0000  2.60930982313530634444E+0000  0.00000000000000000000E+0000  0.00000000000000000000E+0000  2.60926808848830079084E+0000  0.00000000000000000000E+0000  8.95015076099482134958E-0002  4.87071556605454458134E-0003  8.95014812103922717887E-0002  4.87071691712533734178E-0003  2.48044661992720626251E-0012  1.32542580554264238053E+0000  0.00000000000000000000E+0000  4.47120762585337575590E-0004  2.96418678348205493743E-0004 -1.30279378089751167943E-0004
 1.85900000000000000002E-0005  6.10000000000000000013E-0001 -2.14460399474530660061E+0002  4.19688422956947758930E-0005 -2.14460399474530660061E+0002  1.00000000000000000000E+0000  8.69914320758058975806E-0001  1.03449121585231447560E+0000  7.81518037835862099583E-0001  0.00000000000000000000E+0000  2.18478658651365228283E+0002  0.00000000000000000000E+0000  3.78014672750269495221E-0008  3.95720818456616256460E-0004  9.16121487918976453747E-0032  0.00000000000000000000E+0000  2.60930987347658140769E+0000  0.00000000000000000000E+0000  0.00000000000000000000E+0000  2.60927057048707993023E+0000  0.00000000000000000000E+0000  8.95011915656842040306E-0002  4.87070020716017504071E-0003  8.95011652367317519309E-0002  4.87070155558977703519E-0003  2.48043980186623399860E-0012  1.32542578382317938679E+0000  0.00000000000000000000E+0000  4.45519018272700472831E-0004  2.96072930607298457839E-0004 -1.29756518456668909605E-0004
 1.89599999999999999996E-0005  6.10000000000000000013E-0001 -2.14460401467082449056E+0002  4.16366419147146636087E-0005 -2.14460401467082449056E+0002  1.00000000000000000000E+0000  8.69914286250438951510E-0001  1.03449123347062352360E+0000  7.81518015440368201676E-0001  0.00000000000000000000E+0000  2.18478658651365228283E+0002  0.00000000000000000000E+0000  3.78014236757622446169E-0008  3.95721408110539274899E-0004  9.16120435949355937545E-0032  0.00000000000000000000E+0000  2.60930998648128288598E+0000  0.00000000000000000000E+0000  0.00000000000000000000E+0000  2.60927300566729912664E+0000  0.00000000000000000000E+0000  8.95008765865766275034E-0002  4.87068488093384623000E-0003  8.95008503282823011233E-0002  4.87068622506366332349E-0003  2.48043303797195594988E-0012  1.32542576399326248555E+0000  0.00000000000000000000E+0000  4.43950594667766901536E-0004  2.95730875768235559343E-0004 -1.29248669730410069642E-0004
 1.93399999999999999993E-0005  6.10000000000000000013E-0001 -2.14460403344520892141E+0002  4.13035551589209171851E-0005 -2.14460403344520892141E+0002  1.00000000000000000000E+0000  8.69914251049554462824E-0001  1.03449125149140222361E+0000  7.81517992219433994675E-0001  0.00000000000000000000E+0000  2.18478658651365228283E+0002  0.00000000000000000000E+0000  3.78013792292406594630E-0008  3.95722012439676938293E-0004  9.16119348004731664086E-0032  0.00000000000000000000E+0000  2.60931021862070327460E+0000  0.00000000000000000000E+0000  0.00000000000000000000E+0000  2.60927543075602131261E+0000  0.00000000000000000000E+0000  8.95005541603746409098E-0002  4.87066915466407952625E-0003  8.95005279711772219246E-0002  4.87067049544714511934E-0003  2.48042615709096748502E-0012  1.32542574687174165434E+0000  0.00000000000000000000E+0000  4.42373336316127214389E-0004  2.95383320547912486529E-0004 -1.28759334146627999035E-0004
 1.97299999999999999992E-0005  6.10000000000000000013E-0001 -2.14460405133556493346E+0002  4.09697286816833897403E-0005 -2.14460405133556493346E+0002  1.00000000000000000000E+0000  8.69914215163895443981E-0001  1.03449126991802101551E+0000  7.81517968185067587550E-0001  0.00000000000000000000E+0000  2.18478658651365228283E+0002  0.00000000000000000000E+0000  3.78013339473683725667E-0008  3.95722631432897877958E-0004  9.16118224841350296080E-0032  0.00000000000000000000E+0000  2.60931055054194631598E+0000  0.00000000000000000000E+0000  0.00000000000000000000E+0000  2.60927785585549393017E+0000  0.00000000000000000000E+0000  8.95002243430137223076E-0002  4.87065303721804763110E-0003  8.95001982230618963872E-0002  4.87065437443624097951E-0003  2.48041915123893289239E-0012  1.32542573218231176995E+0000  0.00000000000000000000E+0000  4.40788261316756311850E-0004  2.95030406781620889795E-0004 -1.28282118797513783871E-0004
 2.01299999999999999993E-0005  6.10000000000000000013E-0001 -2.14460406834568379095E+0002  4.06354599331080435279E-0005 -2.14460406834568379095E+0002  1.00000000000000000000E+0000  8.69914178601618595015E-0001  1.03449128874217759731E+0000  7.81517943346500456887E-0001  0.00000000000000000000E+0000  2.18478658651365228283E+0002  0.00000000000000000000E+0000  3.78012878416025291482E-0008  3.95723264932097364051E-0004  9.16117066833259034221E-0032  0.00000000000000000000E+0000  2.60931098110669495559E+0000  0.00000000000000000000E+0000  0.00000000000000000000E+0000  2.60928028162218001666E+0000  0.00000000000000000000E+0000  8.94998871841501170463E-0002  4.87063653119346756853E-0003  8.94998611332184058973E-0002  4.87063786480802818074E-0003  2.48041202206316617390E-0012  1.32542571993142194577E+0000  0.00000000000000000000E+0000  4.39196593519925517255E-0004  2.94672327343794582728E-0004 -1.27816907133372768467E-0004
 2.05299999999999999994E-0005  6.10000000000000000013E-0001 -2.14460408429681392020E+0002  4.03088906654648420847E-0005 -2.14460408429681392020E+0002  1.00000000000000000000E+0000  8.69914142273265686108E-0001  1.03449130749891913237E+0000  7.81517918352417874470E-0001  0.00000000000000000000E+0000  2.18478658651365228283E+0002  0.00000000000000000000E+0000  3.78012420600003337717E-0008  3.95723897149696267797E-0004  9.16115904084983068292E-0032  0.00000000000000000000E+0000  2.60931148131730681998E+0000  0.00000000000000000000E+0000  0.00000000000000000000E+0000  2.60928265797649607937E+0000  0.00000000000000000000E+0000  8.94995511153912327808E-0002  4.87062005525548465707E-0003  8.94995251320870634497E-0002  4.87062138505244230657E-0003  2.48040494003715619356E-0012  1.32542570984004758473E+0000  0.00000000000000000000E+0000  4.37637434483167109746E-0004  2.94317982765900182068E-0004 -1.27370146380305043071E-0004
 2.09399999999999999997E-0005  6.10000000000000000013E-0001 -2.14460409920776840176E+0002  3.99821116303089468004E-0005 -2.14460409920776840176E+0002  1.00000000000000000000E+0000  8.69914105272839650721E-0001  1.03449132662818581347E+0000  7.81517892569068371624E-0001  0.00000000000000000000E+0000  2.18478658651365228283E+0002  0.00000000000000000000E+0000  3.78011954611365697170E-0008  3.95724543463066422454E-0004  9.16114706788468942418E-0032  0.00000000000000000000E+0000  2.60931208800811259649E+0000  0.00000000000000000000E+0000  0.00000000000000000000E+0000  2.60928503124577744975E+0000  0.00000000000000000000E+0000  8.94992077426803193791E-0002  4.87060318857273002414E-0003  8.94991818260098330825E-0002  4.87060451513041332179E-0003  2.48039774069298468594E-0012  1.32542570247014549238E+0000  0.00000000000000000000E+0000  4.36072612886783351333E-0004  2.93958715659575939182E-0004 -1.26938938735050858064E-0004
 2.13600000000000000002E-0005  6.10000000000000000013E-0001 -2.14460411332330481593E+0002  3.96549824250168396802E-0005 -2.14460411332330481593E+0002  1.00000000000000000000E+0000  8.69914067608389372679E-0001  1.03449134613055187789E+0000  7.81517866009900751781E-0001  0.00000000000000000000E+0000  2.18478658651365228283E+0002  0.00000000000000000000E+0000  3.78011480563422353093E-0008  3.95725203821035449697E-0004  9.16113475724144962382E-0032  0.00000000000000000000E+0000  2.60931278608129763735E+0000  0.00000000000000000000E+0000  0.00000000000000000000E+0000  2.60928740862442246377E+0000  0.00000000000000000000E+0000  8.94988571226356730066E-0002  4.87058593905472129052E-0003  8.94988312729272257324E-0002  4.87058726209618502362E-0003  2.48039040620054934448E-0012  1.32542569758538638031E+0000  0.00000000000000000000E+0000  4.34502049659033871293E-0004  2.93594440660985172992E-0004 -1.26517903195008998743E-0004
 2.17899999999999999993E-0005  6.10000000000000000013E-0001 -2.14460412662585589785E+0002  3.93282866665546612034E-0005 -2.14460412662585589785E+0002  1.00000000000000000000E+0000  8.69914029287319296878E-0001  1.03449136599802494541E+0000  7.81517838685578520393E-0001  0.00000000000000000000E+0000  2.18478658651365228283E+0002  0.00000000000000000000E+0000  3.78010998558626912912E-0008  3.95725878072629369990E-0004  9.16112211306692861535E-0032  0.00000000000000000000E+0000  2.60931357382604115760E+0000  0.00000000000000000000E+0000  0.00000000000000000000E+0000  2.60928979102377154404E+0000  0.00000000000000000000E+0000  8.94984992982388636605E-0002  4.87056830906216011467E-0003  8.94984735150663880785E-0002  4.87056962864914367874E-0003  2.48038296109474190586E-0012  1.32542569524818959720E+0000  0.00000000000000000000E+0000  4.32928632603982507267E-0004  2.93225762534668009186E-0004 -1.26106895279792339673E-0004
 2.22300000000000000002E-0005  6.10000000000000000013E-0001 -2.14460413913826050472E+0002  3.90018888445518876915E-0005 -2.14460413913826050472E+0002  1.00000000000000000000E+0000  8.69913990317101806381E-0001  1.03449138622057335360E+0000  7.81517810605810778928E-0001  0.00000000000000000000E+0000  2.18478658651365228283E+0002  0.00000000000000000000E+0000  3.78010508701808009743E-0008  3.95726566028764538116E-0004  9.16110913904901562003E-0032  0.00000000000000000000E+0000  2.60931444944629702186E+0000  0.00000000000000000000E+0000  0.00000000000000000000E+0000  2.60929217909297510346E+0000  0.00000000000000000000E+0000  8.94981343189403156260E-0002  4.87055030102338542107E-0003  8.94981086022605846022E-0002  4.87055161717028939180E-0003  2.48037539444713557899E-0012  1.32542569531898738204E+0000  0.00000000000000000000E+0000  4.31352406084211686587E-0004  2.92852639235974495858E-0004 -1.25705799654725266751E-0004
 2.26699999999999999995E-0005  6.10000000000000000013E-0001 -2.14460415076826454009E+0002  3.86830511640207885873E-0005 -2.14460415076826454009E+0002  1.00000000000000000000E+0000  8.69913951580291124196E-0001  1.03449140634231104665E+0000  7.81517782431169859411E-0001  0.00000000000000000000E+0000  2.18478658651365228283E+0002  0.00000000000000000000E+0000  3.78010022084216398677E-0008  3.95727252082243435236E-0004  9.16109613927063686840E-0032  0.00000000000000000000E+0000  2.60931537945618551759E+0000  0.00000000000000000000E+0000  0.00000000000000000000E+0000  2.60929452606312850581E+0000  0.00000000000000000000E+0000  8.94977704816446002363E-0002  4.87053232878451610612E-0003  8.94977448302306518793E-0002  4.87053364135483809760E-0003  2.48036787200800365600E-0012  1.32542569742853921354E+0000  0.00000000000000000000E+0000  4.29808467654337345418E-0004  2.92483498172754681543E-0004 -1.25319617385164882227E-0004
 2.31299999999999999992E-0005  6.10000000000000000013E-0001 -2.14460416158368417344E+0002  3.83578407636354055302E-0005 -2.14460416158368417344E+0002  1.00000000000000000000E+0000  8.69913911328862651719E-0001  1.03449142724024162950E+0000  7.81517752864286088669E-0001  0.00000000000000000000E+0000  2.18478658651365228283E+0002  0.00000000000000000000E+0000  3.78009516764113997117E-0008  3.95727966834192884618E-0004  9.16108251299607709523E-0032  0.00000000000000000000E+0000  2.60931643314706439014E+0000  0.00000000000000000000E+0000  0.00000000000000000000E+0000  2.60929692376972509360E+0000  0.00000000000000000000E+0000  8.94973913044732197533E-0002  4.87051356721654993358E-0003  8.94973657186740292183E-0002  4.87051487675826353097E-0003  2.48036006896555773883E-0012  1.32542570250146789202E+0000  0.00000000000000000000E+0000  4.28228832795620477707E-0004  2.92101958443371991889E-0004 -1.24940756989580868406E-0004
 2.35900000000000000006E-0005  6.10000000000000000013E-0001 -2.14460417173941061714E+0002  3.80401271149924650402E-0005 -2.14460417173941061714E+0002  1.00000000000000000000E+0000  8.69913871314938310080E-0001  1.03449144803012781698E+0000  7.81517723228638942616E-0001  0.00000000000000000000E+0000  2.18478658651365228283E+0002  0.00000000000000000000E+0000  3.78009014741147455478E-0008  3.95728679505951735386E-0004  9.16106887231622573561E-0032  0.00000000000000000000E+0000  2.60931752779684483063E+0000  0.00000000000000000000E+0000  0.00000000000000000000E+0000  2.60929928626914208975E+0000  0.00000000000000000000E+0000  8.94970133152235247214E-0002  4.87049484810656926033E-0003  8.94969877946881510794E-0002  4.87049615400882863062E-0003  2.48035230410198432114E-0012  1.32542570952485008783E+0000  0.00000000000000000000E+0000  4.26681585650274901836E-0004  2.91724502431172839694E-0004 -1.24571896972021873587E-0004
 2.40600000000000000005E-0005  6.10000000000000000013E-0001 -2.14460418103215011629E+0002  3.77232568447327520253E-0005 -2.14460418103215011629E+0002  1.00000000000000000000E+0000  8.69913830670978228986E-0001  1.03449146913386087960E+0000  7.81517692873993054833E-0001  0.00000000000000000000E+0000  2.18478658651365228283E+0002  0.00000000000000000000E+0000  3.78008505135132748647E-0008  3.95729405142056047896E-0004  9.16105491413931506412E-0032  0.00000000000000000000E+0000  2.60931870842037652472E+0000  0.00000000000000000000E+0000  0.00000000000000000000E+0000  2.60930165490361267973E+0000  0.00000000000000000000E+0000  8.94966283039560109468E-0002  4.87047575546003930977E-0003  8.94966028478056803850E-0002  4.87047705817557643379E-0003  2.48034442438005277579E-0012  1.32542571894461375321E+0000  0.00000000000000000000E+0000  4.25133767563051774199E-0004  2.91343134611515135065E-0004 -1.24214680704020040337E-0004
 2.45400000000000000006E-0005  6.10000000000000000013E-0001 -2.14460418963813965507E+0002  3.74072784313816869567E-0005 -2.14460418963813965507E+0002  1.00000000000000000000E+0000  8.69913789404203192848E-0001  1.03449149054864950265E+0000  7.81517661813308709860E-0001  0.00000000000000000000E+0000  2.18478658651365228283E+0002  0.00000000000000000000E+0000  3.78007988046552992489E-0008  3.95730143648691852795E-0004  9.16104064509007111300E-0032  0.00000000000000000000E+0000  2.60931996563900831876E+0000  0.00000000000000000000E+0000  0.00000000000000000000E+0000  2.60930403305373829733E+0000  0.00000000000000000000E+0000  8.94962363213915632513E-0002  4.87045629515193870513E-0003  8.94962109297664545183E-0002  4.87045759460683859909E-0003  2.48033642462569440688E-0012  1.32542573076652102663E+0000  0.00000000000000000000E+0000  4.23585959729423820247E-0004  2.90957965198598773571E-0004 -1.23865036358829769395E-0004
 2.50399999999999999995E-0005  6.10000000000000000013E-0001 -2.14460419762266293262E+0002  3.70859127608019009764E-0005 -2.14460419762266293262E+0002  1.00000000000000000000E+0000  8.69913746672198378380E-0001  1.03449151269767707496E+0000  7.81517629402669640872E-0001  0.00000000000000000000E+0000  2.18478658651365228283E+0002  0.00000000000000000000E+0000  3.78007452944267908443E-0008  3.95730910006218256474E-0004  9.16102576888581155746E-0032  0.00000000000000000000E+0000  2.60932133140856662963E+0000  0.00000000000000000000E+0000  0.00000000000000000000E+0000  2.60930646616690337103E+0000  0.00000000000000000000E+0000  8.94958292968799613037E-0002  4.87043606338129081039E-0003  8.94958039708796016613E-0002  4.87043735956145606186E-0003  2.48032813480057419117E-0012  1.32542574542421428944E+0000  0.00000000000000000000E+0000  4.22007313243800671211E-0004  2.90561136284017457329E-0004 -1.23518294897767686990E-0004
 2.55400000000000000000E-0005  6.10000000000000000013E-0001 -2.14460420499844306386E+0002  3.67725508787389926971E-0005 -2.14460420499844306386E+0002  1.00000000000000000000E+0000  8.69913704185687992247E-0001  1.03449153470917382320E+0000  7.81517596967435013329E-0001  0.00000000000000000000E+0000  2.18478658651365228283E+0002  0.00000000000000000000E+0000  3.78006921249682419667E-0008  3.95731673739192768436E-0004  9.16101089390786465797E-0032  0.00000000000000000000E+0000  2.60932272995148291980E+0000  0.00000000000000000000E+0000  0.00000000000000000000E+0000  2.60930886762284834092E+0000  0.00000000000000000000E+0000  8.94954235370638309137E-0002  4.87041587874697885473E-0003  8.94953982756432892660E-0002  4.87041717151744156143E-0003  2.48031990543052428442E-0012  1.32542576197932904637E+0000  0.00000000000000000000E+0000  4.20462973754269203304E-0004  2.90169074858452629490E-0004 -1.23180358022607700492E-0004
 2.60500000000000000007E-0005  6.10000000000000000013E-0001 -2.14460421161723161124E+0002  3.64600589978699886071E-0005 -2.14460421161723161124E+0002  1.00000000000000000000E+0000  8.69913661097876512779E-0001  1.03449155699442133785E+0000  7.81517563854534182794E-0001  0.00000000000000000000E+0000  2.18478658651365228283E+0002  0.00000000000000000000E+0000  3.78006382373769428815E-0008  3.95732449666535733486E-0004  9.16099571783137059662E-0032  0.00000000000000000000E+0000  2.60932420389267465642E+0000  0.00000000000000000000E+0000  0.00000000000000000000E+0000  2.60931127843834752907E+0000  0.00000000000000000000E+0000  8.94950109472950294348E-0002  4.87039533107660164388E-0003  8.94949857502385433627E-0002  4.87039662057970779831E-0003  2.48031154194799463749E-0012  1.32542578053484439186E+0000  0.00000000000000000000E+0000  4.18919202729645560558E-0004  2.89773282628695957344E-0004 -1.22852490902395976091E-0004
 2.65700000000000000000E-0005  6.10000000000000000013E-0001 -2.14460421759467237457E+0002  3.61493218921250880748E-0005 -2.14460421759467237457E+0002  1.00000000000000000000E+0000  8.69913617415614882369E-0001  1.03449157955107753221E+0000  7.81517530076406596526E-0001  0.00000000000000000000E+0000  2.18478658651365228283E+0002  0.00000000000000000000E+0000  3.78005836410138551478E-0008  3.95733237711618549218E-0004  9.16098024671591814481E-0032  0.00000000000000000000E+0000  2.60932574633368552096E+0000  0.00000000000000000000E+0000  0.00000000000000000000E+0000  2.60931370056151716651E+0000  0.00000000000000000000E+0000  8.94945915695951569813E-0002  4.87037442522436957958E-0003  8.94945664366526596719E-0002  4.87037571152452065781E-0003  2.48030307242918214510E-0012  1.32542580147792293669E+0000  0.00000000000000000000E+0000  4.17378924130278637930E-0004  2.89374493599230570353E-0004 -1.22530962826597343957E-0004
 2.70999999999999999996E-0005  6.10000000000000000013E-0001 -2.14460422296351382515E+0002  3.58400989461038618180E-0005 -2.14460422296351382515E+0002  1.00000000000000000000E+0000  8.69913573145890720484E-0001  1.03449160236877461718E+0000  7.81517495644082438398E-0001  0.00000000000000000000E+0000  2.18478658651365228283E+0002  0.00000000000000000000E+0000  3.78005283455990597275E-0008  3.95734037675478284304E-0004  9.16096448494040920169E-0032  0.00000000000000000000E+0000  2.60932735485955533518E+0000  0.00000000000000000000E+0000  0.00000000000000000000E+0000  2.60931613470308751998E+0000  0.00000000000000000000E+0000  8.94941654524255697511E-0002  4.87035316376339715731E-0003  8.94941403836410730228E-0002  4.87035444685562494772E-0003  2.48029448700808989377E-0012  1.32542582456549708203E+0000  0.00000000000000000000E+0000  4.15841871852846400256E-0004  2.88972628040222668705E-0004 -1.22215666889011160308E-0004
 2.76499999999999999995E-0005  6.10000000000000000013E-0001 -2.14460422773227152221E+0002  3.55270187938031974607E-0005 -2.14460422773227152221E+0002  1.00000000000000000000E+0000  8.69913527469938159520E-0001  1.03449162585575982654E+0000  7.81517459914257830902E-0001  0.00000000000000000000E+0000  2.18478658651365228283E+0002  0.00000000000000000000E+0000  3.78004713308122589323E-0008  3.95734864251251458709E-0004  9.16094813736655665639E-0032  0.00000000000000000000E+0000  2.60932906300775110356E+0000  0.00000000000000000000E+0000  0.00000000000000000000E+0000  2.60931862379013657506E+0000  0.00000000000000000000E+0000  8.94937246479875501268E-0002  4.87033114771878859830E-0003  8.94936996442430932129E-0002  4.87033242768726217110E-0003  2.48028562997393839369E-0012  1.32542585035462949289E+0000  0.00000000000000000000E+0000  4.14280913233503334506E-0004  2.88560449361663125201E-0004 -1.21902593869045492903E-0004
 2.81999999999999999994E-0005  6.10000000000000000013E-0001 -2.14460423202106416338E+0002  3.52213095149348778403E-0005 -2.14460423202106416338E+0002  1.00000000000000000000E+0000  8.69913482050611952512E-0001  1.03449164916691156886E+0000  7.81517424209919230971E-0001  0.00000000000000000000E+0000  2.18478658651365228283E+0002  0.00000000000000000000E+0000  3.78004146724380734481E-0008  3.95735687482009188226E-0004  9.16093180924679865727E-0032  0.00000000000000000000E+0000  2.60933079367859716013E+0000  0.00000000000000000000E+0000  0.00000000000000000000E+0000  2.60932108447442754912E+0000  0.00000000000000000000E+0000  8.94932852177517897851E-0002  4.87030918516862305095E-0003  8.94932602784241707221E-0002  4.87031046176340877428E-0003  2.48027681204009287271E-0012  1.32542587776550965437E+0000  0.00000000000000000000E+0000  4.12752298078641484667E-0004  2.88152883181426418321E-0004 -1.21596601745938775671E-0004
 2.87699999999999999998E-0005  6.10000000000000000013E-0001 -2.14460423561377444029E+0002  3.49122524058357263959E-0005 -2.14460423561377444029E+0002  1.00000000000000000000E+0000  8.69913435248447708772E-0001  1.03449167311523259098E+0000  7.81517387227377404834E-0001  0.00000000000000000000E+0000  2.18478658651365228283E+0002  0.00000000000000000000E+0000  3.78003563272687155666E-0008  3.95736536736667619180E-0004  9.16091490221934288201E-0032  0.00000000000000000000E+0000  2.60933262338631805771E+0000  0.00000000000000000000E+0000  0.00000000000000000000E+0000  2.60932359909773136882E+0000  0.00000000000000000000E+0000  8.94928312394998111857E-0002  4.87028647265202256442E-0003  8.94928063648866612171E-0002  4.87028774620194262513E-0003  2.48026772993399234947E-0012  1.32542590756571816723E+0000  0.00000000000000000000E+0000  4.11202018043675108430E-0004  2.87735468681778427643E-0004 -1.21295236308840093915E-0004
 2.93400000000000000001E-0005  6.10000000000000000013E-0001 -2.14460423877189129777E+0002  3.46104559519831477253E-0005 -2.14460423877189129777E+0002  1.00000000000000000000E+0000  8.69913388707585262072E-0001  1.03449169687336093042E+0000  7.81517350288100923889E-0001  0.00000000000000000000E+0000  2.18478658651365228283E+0002  0.00000000000000000000E+0000  3.78002983450291004111E-0008  3.95737382373663320131E-0004  9.16089802118788931126E-0032  0.00000000000000000000E+0000  2.60933447213011865764E+0000  0.00000000000000000000E+0000  0.00000000000000000000E+0000  2.60932608590516510144E+0000  0.00000000000000000000E+0000  8.94923786772559167095E-0002  4.87026381601878103982E-0003  8.94923538668978797782E-0002  4.87026508625904713515E-0003  2.48025868664916757061E-0012  1.32542593895210566741E+0000  0.00000000000000000000E+0000  4.09683790859908402758E-0004  2.87322746977855867372E-0004 -1.21000188964014094332E-0004
 2.99299999999999999992E-0005  6.10000000000000000013E-0001 -2.14460424126522778657E+0002  3.43057117723326090876E-0005 -2.14460424126522778657E+0002  1.00000000000000000000E+0000  8.69913340807129135436E-0001  1.03449172124190139316E+0000  7.81517312093102382267E-0001  0.00000000000000000000E+0000  2.18478658651365228283E+0002  0.00000000000000000000E+0000  3.78002387083118784739E-0008  3.95738253518123734711E-0004  9.16088057052246783484E-0032  0.00000000000000000000E+0000  2.60933641554671045745E+0000  0.00000000000000000000E+0000  0.00000000000000000000E+0000  2.60932862655105393289E+0000  0.00000000000000000000E+0000  8.94919117093038449644E-0002  4.87024041642995246854E-0003  8.94918869635142991237E-0002  4.87024168363949456185E-0003  2.48024938213941525642E-0012  1.32542597262694465210E+0000  0.00000000000000000000E+0000  4.08145811655515977228E-0004  2.86900583733856318333E-0004 -1.20709198499423661880E-0004
 3.05300000000000000002E-0005  6.10000000000000000013E-0001 -2.14460424332760761043E+0002  3.40032240172089052893E-0005 -2.14460424332760761043E+0002  1.00000000000000000000E+0000  8.69913292370102588381E-0001  1.03449174580792377463E+0000  7.81517273310641305756E-0001  0.00000000000000000000E+0000  2.18478658651365228283E+0002  0.00000000000000000000E+0000  3.78001784432249177754E-0008  3.95739135343286248988E-0004  9.16086285611935541702E-0032  0.00000000000000000000E+0000  2.60933841058956461504E+0000  0.00000000000000000000E+0000  0.00000000000000000000E+0000  2.60933118087451318932E+0000  0.00000000000000000000E+0000  8.94914383305100188650E-0002  4.87021667900483002781E-0003  8.94914136497019892792E-0002  4.87021794300163583962E-0003  2.48023996389562612677E-0012  1.32542600840483490411E+0000  0.00000000000000000000E+0000  4.06614650623073383013E-0004  2.86476224067923939671E-0004 -1.20420719492217765690E-0004
 3.11399999999999999997E-0005  6.10000000000000000013E-0001 -2.14460424488213159427E+0002  3.37029267004175634807E-0005 -2.14460424488213159427E+0002  1.00000000000000000000E+0000  8.69913243403805734166E-0001  1.03449177055590531434E+0000  7.81517233949084784471E-0001  0.00000000000000000000E+0000  2.18478658651365228283E+0002  0.00000000000000000000E+0000  3.78001175600618785992E-0008  3.95740027572714742749E-0004  9.16084488047989418476E-0032  0.00000000000000000000E+0000  2.60934045711458727961E+0000  0.00000000000000000000E+0000  0.00000000000000000000E+0000  2.60933374901499889323E+0000  0.00000000000000000000E+0000  8.94909585874702290459E-0002  4.87019260443023901968E-0003  8.94909339715637019402E-0002  4.87019386512998976461E-0003  2.48023042647192795648E-0012  1.32542604589526356320E+0000  0.00000000000000000000E+0000  4.05090025508960902492E-0004  2.86049614870958373037E-0004 -1.20137007566368694935E-0004
 3.17599999999999999994E-0005  6.10000000000000000013E-0001 -2.14460424592667994653E+0002  3.34052933984456596370E-0005 -2.14460424592667994653E+0002  1.00000000000000000000E+0000  8.69913193915015564084E-0001  1.03449179547707511358E+0000  7.81517194017524172384E-0001  0.00000000000000000000E+0000  2.18478658651365228283E+0002  0.00000000000000000000E+0000  3.78000560680556910237E-0008  3.95740930038309284316E-0004  9.16082664708509437613E-0032  0.00000000000000000000E+0000  2.60934255358304138198E+0000  0.00000000000000000000E+0000  0.00000000000000000000E+0000  2.60933633079163156891E+0000  0.00000000000000000000E+0000  8.94904725194719523977E-0002  4.87016819469635391707E-0003  8.94904479681254117924E-0002  4.87016945225633779093E-0003  2.48022079184741458301E-0012  1.32542608515920269175E+0000  0.00000000000000000000E+0000  4.03573685092531997289E-0004  2.85621269367552828922E-0004 -1.19857738006284040049E-0004
 3.23999999999999999996E-0005  6.10000000000000000013E-0001 -2.14460424644037931458E+0002  3.31055224547135933371E-0005 -2.14460424644037931458E+0002  1.00000000000000000000E+0000  8.69913143121680763317E-0001  1.03449182095106552697E+0000  7.81517152881721599968E-0001  0.00000000000000000000E+0000  2.18478658651365228283E+0002  0.00000000000000000000E+0000  3.77999929979545284253E-0008  3.95741856880659741579E-0004  9.16080786575001287019E-0032  0.00000000000000000000E+0000  2.60934473459604639829E+0000  0.00000000000000000000E+0000  0.00000000000000000000E+0000  2.60933896560623355076E+0000  0.00000000000000000000E+0000  8.94899723820708199555E-0002  4.87014305928152989683E-0003  8.94899478961433989956E-0002  4.87014431375472246788E-0003  2.48021089911161352340E-0012  1.32542612667126192573E+0000  0.00000000000000000000E+0000  4.02041802356921007147E-0004  2.85184362910444375196E-0004 -1.19579758900246119538E-0004
 3.30500000000000000000E-0005  6.10000000000000000013E-0001 -2.14460424655923732107E+0002  3.28084340445789829655E-0005 -2.14460424655923732107E+0002  1.00000000000000000000E+0000  8.69913091828551465366E-0001  1.03449184657400029591E+0000  7.81517111201933244809E-0001  0.00000000000000000000E+0000  2.18478658651365228283E+0002  0.00000000000000000000E+0000  3.77999293505236194778E-0008  3.95742793472632782803E-0004  9.16078883765151936765E-0032  0.00000000000000000000E+0000  2.60934695984086355183E+0000  0.00000000000000000000E+0000  0.00000000000000000000E+0000  2.60934161424440642539E+0000  0.00000000000000000000E+0000  8.94894660663113683652E-0002  4.87011759686689191179E-0003  8.94894416459952053548E-0002  4.87011884813658456624E-0003  2.48020089796768876374E-0012  1.32542617000582417909E+0000  0.00000000000000000000E+0000  4.00518817846333998838E-0004  2.84745843742344291571E-0004 -1.19303991402386360185E-0004
 3.37100000000000000005E-0005  6.10000000000000000013E-0001 -2.14460424621101332282E+0002  3.25141011432213234185E-0005 -2.14460424621101332282E+0002  1.00000000000000000000E+0000  8.69913040042766354568E-0001  1.03449187233164750332E+0000  7.81517068985537158093E-0001  0.00000000000000000000E+0000  2.18478658651365228283E+0002  0.00000000000000000000E+0000  3.77998651357611018932E-0008  3.95743739557888487390E-0004  9.16076956505927402944E-0032  0.00000000000000000000E+0000  2.60934922887946849101E+0000  0.00000000000000000000E+0000  0.00000000000000000000E+0000  2.60934427665337285562E+0000  0.00000000000000000000E+0000  8.94889536151876794119E-0002  4.87009180822309220657E-0003  8.94889292602386953157E-0002  4.87009305633804611001E-0003  2.48019079289225023263E-0012  1.32542621477980939295E+0000  0.00000000000000000000E+0000  3.99005021311916579635E-0004  2.84305838335243151553E-0004 -1.19032412287245408404E-0004
 3.43900000000000000015E-0005  6.10000000000000000013E-0001 -2.14460424535180729441E+0002  3.22183091319305003013E-0005 -2.14460424535180729441E+0002  1.00000000000000000000E+0000  8.69912986995927020595E-0001  1.03449189859263970305E+0000  7.81517025603097854208E-0001  0.00000000000000000000E+0000  2.18478658651365228283E+0002  0.00000000000000000000E+0000  3.77997994033800268893E-0008  3.95744709065629906313E-0004  9.16074976002792108139E-0032  0.00000000000000000000E+0000  2.60935157677916133184E+0000  0.00000000000000000000E+0000  0.00000000000000000000E+0000  2.60934699067405051140E+0000  0.00000000000000000000E+0000  8.94884273573534067946E-0002  4.87006530586032428696E-0003  8.94884030684632556559E-0002  4.87006655087955190379E-0003  2.48018043587487181307E-0012  1.32542626164399552724E+0000  0.00000000000000000000E+0000  3.97478685577802884119E-0004  2.83857956168698431249E-0004 -1.18761905585685870586E-0004
 3.50799999999999999994E-0005  6.10000000000000000013E-0001 -2.14460424412832221699E+0002  3.19254708320036555911E-0005 -2.14460424412832221699E+0002  1.00000000000000000000E+0000  8.69912933479265217389E-0001  1.03449192496426430315E+0000  7.81516981709083830346E-0001  0.00000000000000000000E+0000  2.18478658651365228283E+0002  0.00000000000000000000E+0000  3.77997331353420326481E-0008  3.95745687582942352250E-0004  9.16072972103328004609E-0032  0.00000000000000000000E+0000  2.60935396377750167501E+0000  0.00000000000000000000E+0000  0.00000000000000000000E+0000  2.60934971785131018611E+0000  0.00000000000000000000E+0000  8.94878951078487908241E-0002  4.87003848506310412461E-0003  8.94878708851559639595E-0002  4.87003972688582513893E-0003  2.48016997438127403828E-0012  1.32542631014733410682E+0000  0.00000000000000000000E+0000  3.95962649278773326789E-0004  2.83408889400864800128E-0004 -1.18493339944403416546E-0004
 3.57800000000000000008E-0005  6.10000000000000000013E-0001 -2.14460424247647023638E+0002  3.16356365375751300714E-0005 -2.14460424247647023638E+0002  1.00000000000000000000E+0000  8.69912879499986250857E-0001  1.03449195143276928934E+0000  7.81516937310721091945E-0001  0.00000000000000000000E+0000  2.18478658651365228283E+0002  0.00000000000000000000E+0000  3.77996663417371952732E-0008  3.95746674858870560996E-0004  9.16070945040521631232E-0032  0.00000000000000000000E+0000  2.60935638910791445517E+0000  0.00000000000000000000E+0000  0.00000000000000000000E+0000  2.60935245817234991107E+0000  0.00000000000000000000E+0000  8.94873569095733420296E-0002  4.87001134676783172493E-0003  8.94873327528171326456E-0002  4.87001258543583358943E-0003  2.48015941280711511169E-0012  1.32542635988994951773E+0000  0.00000000000000000000E+0000  3.94457106204952526746E-0004  2.82958751122243453095E-0004 -1.18228528139081582404E-0004
 3.64899999999999999991E-0005  6.10000000000000000013E-0001 -2.14460424041945661555E+0002  3.13487986652495485832E-0005 -2.14460424041945661555E+0002  1.00000000000000000000E+0000  8.69912825065268415468E-0001  1.03449197798829758792E+0000  7.81516892416822946783E-0001  0.00000000000000000000E+0000  2.18478658651365228283E+0002  0.00000000000000000000E+0000  3.77995990325775325319E-0008  3.95747670699138594877E-0004  9.16068895168190192547E-0032  0.00000000000000000000E+0000  2.60935885150556940272E+0000  0.00000000000000000000E+0000  0.00000000000000000000E+0000  2.60935521104031143097E+0000  0.00000000000000000000E+0000  8.94868128081520033287E-0002  4.86998389320168463463E-0003  8.94867887171913263650E-0002  4.86998512873585880877E-0003  2.48014875171343922531E-0012  1.32542641088426417365E+0000  0.00000000000000000000E+0000  3.92962131035952631901E-0004  2.82507620553320420342E-0004 -1.17967071926006127716E-0004
 3.72300000000000000014E-0005  6.10000000000000000013E-0001 -2.14460423782667824105E+0002  3.10571327381614870618E-0005 -2.14460423782667824105E+0002  1.00000000000000000000E+0000  8.69912768667418706493E-0001  1.03449200534514021952E+0000  7.81516845777071617486E-0001  0.00000000000000000000E+0000  2.18478658651365228283E+0002  0.00000000000000000000E+0000  3.77995293478307191061E-0008  3.95748702522009124355E-0004  9.16066765319047522831E-0032  0.00000000000000000000E+0000  2.60936142145171817838E+0000  0.00000000000000000000E+0000  0.00000000000000000000E+0000  2.60935805034264079578E+0000  0.00000000000000000000E+0000  8.94862476224164015722E-0002  4.86995535595793593721E-0003  8.94862235987890868559E-0002  4.86995658828001213145E-0003  2.48013768922283032451E-0012  1.32542646437833351234E+0000  0.00000000000000000000E+0000  3.91436950262404104031E-0004  2.82043026345099935471E-0004 -1.17703673827194285197E-0004
 3.79700000000000000003E-0005  6.10000000000000000013E-0001 -2.14460423504432249220E+0002  3.07727273656198058947E-0005 -2.14460423504432249220E+0002  1.00000000000000000000E+0000  8.69912712598585037517E-0001  1.03449203240258058112E+0000  7.81516799300750785893E-0001  0.00000000000000000000E+0000  2.18478658651365228283E+0002  0.00000000000000000000E+0000  3.77994601198717412386E-0008  3.95749728601148846589E-0004  9.16064642663889562140E-0032  0.00000000000000000000E+0000  2.60936398651162967336E+0000  0.00000000000000000000E+0000  0.00000000000000000000E+0000  2.60936086524591918912E+0000  0.00000000000000000000E+0000  8.94856843150899349410E-0002  4.86992689821420730131E-0003  8.94856603581040475865E-0002  4.86992812726605602675E-0003  2.48012668197010891920E-0012  1.32542651891057971093E+0000  0.00000000000000000000E+0000  3.89944273882791658801E-0004  2.81584131532821885484E-0004 -1.17442759857628373423E-0004
 3.87299999999999999997E-0005  6.10000000000000000013E-0001 -2.14460423173412498207E+0002  3.04878418941806582675E-0005 -2.14460423173412498207E+0002  1.00000000000000000000E+0000  8.69912655355878191546E-0001  1.03449205986043739521E+0000  7.81516751733290362860E-0001  0.00000000000000000000E+0000  2.18478658651365228283E+0002  0.00000000000000000000E+0000  3.77993894955296268164E-0008  3.95750776117088754778E-0004  9.16062469768130794553E-0032  0.00000000000000000000E+0000  2.60936661941277059395E+0000  0.00000000000000000000E+0000  0.00000000000000000000E+0000  2.60936372888550704432E+0000  0.00000000000000000000E+0000  8.94851077234560295313E-0002  4.86989774950441542816E-0003  8.94850838333333502622E-0002  4.86989897546522786175E-0003  2.48011543789461749453E-0012  1.32542657465589980975E+0000  0.00000000000000000000E+0000  3.88443925914675468010E-0004  2.81118602626611728786E-0004 -1.17184506223677324840E-0004
 3.95099999999999999995E-0005  6.10000000000000000013E-0001 -2.14460422804462673946E+0002  3.02026951911622679412E-0005 -2.14460422804462673946E+0002  1.00000000000000000000E+0000  8.69912596959535334420E-0001  1.03449208770320013804E+0000  7.81516703093908896797E-0001  0.00000000000000000000E+0000  2.18478658651365228283E+0002  0.00000000000000000000E+0000  3.77993175028613116439E-0008  3.95751844738448555074E-0004  9.16060247496350378913E-0032  0.00000000000000000000E+0000  2.60936931761261266976E+0000  0.00000000000000000000E+0000  0.00000000000000000000E+0000  2.60936663951853999423E+0000  0.00000000000000000000E+0000  8.94845179738429446383E-0002  4.86986791721040119573E-0003  8.94844941514692967705E-0002  4.86986914001864193628E-0003  2.48010395337098905572E-0012  1.32542663236783742889E+0000  0.00000000000000000000E+0000  3.86936947810017804747E-0004  2.80646675213554666290E-0004 -1.16925157791962237276E-0004
 4.02999999999999999995E-0005  6.10000000000000000013E-0001 -2.14460422405736738066E+0002  2.99210058171641267844E-0005 -2.14460422405736738066E+0002  1.00000000000000000000E+0000  8.69912538169509651914E-0001  1.03449211556304532895E+0000  7.81516654019128917971E-0001  0.00000000000000000000E+0000  2.18478658651365228283E+0002  0.00000000000000000000E+0000  3.77992450804580046449E-0008  3.95752920544028292305E-0004  9.16058004859339981989E-0032  0.00000000000000000000E+0000  2.60937204275904137711E+0000  0.00000000000000000000E+0000  0.00000000000000000000E+0000  2.60936956138044282407E+0000  0.00000000000000000000E+0000  8.94839226995170887937E-0002  4.86983778758847268571E-0003  8.94838989448056789820E-0002  4.86983900718425716540E-0003  2.48009237486420233314E-0012  1.32542669117515853896E+0000  0.00000000000000000000E+0000  3.85442926613426079252E-0004  2.80174508086445404036E-0004 -1.16667433141357391495E-0004
 4.11099999999999999999E-0005  6.10000000000000000013E-0001 -2.14460421963422424488E+0002  2.96393901104178838963E-0005 -2.14460421963422424488E+0002  1.00000000000000000000E+0000  8.69912478258117298556E-0001  1.03449214376834109806E+0000  7.81516603897611760116E-0001  0.00000000000000000000E+0000  2.18478658651365228283E+0002  0.00000000000000000000E+0000  3.77991713347187324584E-0008  3.95754016697711855859E-0004  9.16055713833137262310E-0032  0.00000000000000000000E+0000  2.60937482963293464178E+0000  0.00000000000000000000E+0000  0.00000000000000000000E+0000  2.60937252927883434257E+0000  0.00000000000000000000E+0000  8.94833144566812639352E-0002  4.86980698191585991495E-0003  8.94832907700362614991E-0002  4.86980819836385102199E-0003  2.48008056379720384881E-0012  1.32542675137425112813E+0000  0.00000000000000000000E+0000  3.83943804648468209558E-0004  2.79696372415283713905E-0004 -1.16410495238185726260E-0004
 4.19300000000000000005E-0005  6.10000000000000000013E-0001 -2.14460421493876715035E+0002  2.93613236249691211369E-0005 -2.14460421493876715035E+0002  1.00000000000000000000E+0000  8.69912417976262690791E-0001  1.03449217196318752308E+0000  7.81516553361791153670E-0001  0.00000000000000000000E+0000  2.18478658651365228283E+0002  0.00000000000000000000E+0000  3.77990971916259954562E-0008  3.95755119492371839845E-0004  9.16053403293504157499E-0032  0.00000000000000000000E+0000  2.60937764075296933634E+0000  0.00000000000000000000E+0000  0.00000000000000000000E+0000  2.60937550694238496862E+0000  0.00000000000000000000E+0000  8.94827008291678051351E-0002  4.86977588515706292862E-0003  8.94826772105694344099E-0002  4.86977709839185551644E-0003  2.48006866158372821103E-0012  1.32542681259894459052E+0000  0.00000000000000000000E+0000  3.82458218621500743970E-0004  2.79218245632328168195E-0004 -1.16154937413054549181E-0004
 4.27700000000000000015E-0005  6.10000000000000000013E-0001 -2.14460420982983009403E+0002  2.90835861829026731829E-0005 -2.14460420982983009403E+0002  1.00000000000000000000E+0000  8.69912356605277607550E-0001  1.03449220046755725603E+0000  7.81516501805697591531E-0001  0.00000000000000000000E+0000  2.18478658651365228283E+0002  0.00000000000000000000E+0000  3.77990217700979746276E-0008  3.95756241928000820642E-0004  9.16051045448403057062E-0032  0.00000000000000000000E+0000  2.60938051015556606504E+0000  0.00000000000000000000E+0000  0.00000000000000000000E+0000  2.60937852891621157995E+0000  0.00000000000000000000E+0000  8.94820744248523248046E-0002  4.86974412088083785517E-0003  8.94820508746716571823E-0002  4.86974533095983686448E-0003  2.48005653125184193317E-0012  1.32542687510531692889E+0000  0.00000000000000000000E+0000  3.80968822694950092668E-0004  2.78734532788100132075E-0004 -1.15900019841051136489E-0004
 4.36199999999999999994E-0005  6.10000000000000000013E-0001 -2.14460420447073487213E+0002  2.88094727680753750109E-0005 -2.14460420447073487213E+0002  1.00000000000000000000E+0000  8.69912294887013487184E-0001  1.03449222893430470142E+0000  7.81516449856298080602E-0001  0.00000000000000000000E+0000  2.18478658651365228283E+0002  0.00000000000000000000E+0000  3.77989459835406295994E-0008  3.95757370465917343137E-0004  9.16048668936043349742E-0032  0.00000000000000000000E+0000  2.60938340073669584060E+0000  0.00000000000000000000E+0000  0.00000000000000000000E+0000  2.60938155965660491774E+0000  0.00000000000000000000E+0000  8.94814427751079518271E-0002  4.86971207172021997016E-0003  8.94814192932956988536E-0002  4.86971327858147078667E-0003  2.48004431283752899837E-0012  1.32542693851325461374E+0000  0.00000000000000000000E+0000  3.79493427608328746191E-0004  2.78251059467090015374E-0004 -1.15646355003250232202E-0004
 4.45000000000000000013E-0005  6.10000000000000000013E-0001 -2.14460419863115556827E+0002  2.85327095641255439698E-0005 -2.14460419863115556827E+0002  1.00000000000000000000E+0000  8.69912231395422790416E-0001  1.03449225799692815550E+0000  7.81516396306535021828E-0001  0.00000000000000000000E+0000  2.18478658651365228283E+0002  0.00000000000000000000E+0000  3.77988680855481570565E-0008  3.95758530973156086869E-0004  9.16046218434213926439E-0032  0.00000000000000000000E+0000  2.60938638067351221894E+0000  0.00000000000000000000E+0000  0.00000000000000000000E+0000  2.60938466712822538180E+0000  0.00000000000000000000E+0000  8.94807911636945665088E-0002  4.86967898837032749495E-0003  8.94807677514079808360E-0002  4.86968019191532792200E-0003  2.48003171907655638692E-0012  1.32542700370753005479E+0000  0.00000000000000000000E+0000  3.77998231021483137187E-0004  2.77756647918233817191E-0004 -1.15391078428791889241E-0004
 4.53900000000000000001E-0005  6.10000000000000000013E-0001 -2.14460419259538948730E+0002  2.82599499234328983864E-0005 -2.14460419259538948730E+0002  1.00000000000000000000E+0000  8.69912167588391476174E-0001  1.03449228698992535906E+0000  7.81516342390725612759E-0001  0.00000000000000000000E+0000  2.18478658651365228283E+0002  0.00000000000000000000E+0000  3.77987898666556732745E-0008  3.95759696940224831439E-0004  9.16043750385368271817E-0032  0.00000000000000000000E+0000  2.60938937766254508985E+0000  0.00000000000000000000E+0000  0.00000000000000000000E+0000  2.60938778243414369780E+0000  0.00000000000000000000E+0000  8.94801344952237958128E-0002  4.86964562898607928040E-0003  8.94801111523166580326E-0002  4.86964682925947268159E-0003  2.48001905104363479714E-0012  1.32542706995394184730E+0000  0.00000000000000000000E+0000  3.76518614909411589490E-0004  2.77262996340466641471E-0004 -1.15135831620095730205E-0004
 4.62999999999999999993E-0005  6.10000000000000000013E-0001 -2.14460418617487119097E+0002  2.79880456212000096577E-0005 -2.14460418617487119097E+0002  1.00000000000000000000E+0000  8.69912102765646518205E-0001  1.03449231621179792596E+0000  7.81516287512003183537E-0001  0.00000000000000000000E+0000  2.18478658651365228283E+0002  0.00000000000000000000E+0000  3.77987104715787972916E-0008  3.95760880957616633042E-0004  9.16041237378428076609E-0032  0.00000000000000000000E+0000  2.60939242536542596461E+0000  0.00000000000000000000E+0000  0.00000000000000000000E+0000  2.60939093849678603490E+0000  0.00000000000000000000E+0000  8.94794654842947565876E-0002  4.86961162109065476532E-0003  8.94794422110614899449E-0002  4.86961281815701905241E-0003  2.48000616486328900648E-0012  1.32542713706959147484E+0000  0.00000000000000000000E+0000  3.75038026610757264858E-0004  2.76764593746890459777E-0004 -1.14881518426042722356E-0004
 4.72199999999999999987E-0005  6.10000000000000000013E-0001 -2.14460417953863012069E+0002  2.77199912104459909707E-0005 -2.14460417953863012069E+0002  1.00000000000000000000E+0000  8.69912037650829329143E-0001  1.03449234533355092331E+0000  7.81516232285516000255E-0001  0.00000000000000000000E+0000  2.18478658651365228283E+0002  0.00000000000000000000E+0000  3.77986307885038688847E-0008  3.95762069835131809308E-0004  9.16038707553558080063E-0032  0.00000000000000000000E+0000  2.60939548812039026388E+0000  0.00000000000000000000E+0000  0.00000000000000000000E+0000  2.60939410054212507072E+0000  0.00000000000000000000E+0000  8.94787915560301486682E-0002  4.86957734264599792220E-0003  8.94787683523395349186E-0002  4.86957853645504523447E-0003  2.47999319813308376943E-0012  1.32542720480536026565E+0000  0.00000000000000000000E+0000  3.73572722540760754086E-0004  2.76266974464523638004E-0004 -1.14628488302913954641E-0004
 4.81699999999999999987E-0005  6.10000000000000000013E-0001 -2.14460417244753471136E+0002  2.74502271646161250762E-0005 -2.14460417244753471136E+0002  1.00000000000000000000E+0000  8.69911970854250556084E-0001  1.03449237495373133416E+0000  7.81516175526245091834E-0001  0.00000000000000000000E+0000  2.18478658651365228283E+0002  0.00000000000000000000E+0000  3.77985491214283014211E-0008  3.95763288758638849601E-0004  9.16036106526152696288E-0032  0.00000000000000000000E+0000  2.60939863255387154498E+0000  0.00000000000000000000E+0000  0.00000000000000000000E+0000  2.60939733386457475492E+0000  0.00000000000000000000E+0000  8.94780982015061488014E-0002  4.86954205335454098762E-0003  8.94780750682647231880E-0002  4.86954324398000073578E-0003  2.47997988062091772695E-0012  1.32542727407870283601E+0000  0.00000000000000000000E+0000  3.72092096247159818550E-0004  2.75759670452689167652E-0004 -1.14373994122148631243E-0004
 4.91299999999999999989E-0005  6.10000000000000000013E-0001 -2.14460416520494739107E+0002  2.71844345223921098029E-0005 -2.14460416520494739107E+0002  1.00000000000000000000E+0000  8.69911903797556684294E-0001  1.03449240444118649050E+0000  7.81516118445877141499E-0001  0.00000000000000000000E+0000  2.18478658651365228283E+0002  0.00000000000000000000E+0000  3.77984672108742745791E-0008  3.95764511880583338347E-0004  9.16033489784938122919E-0032  0.00000000000000000000E+0000  2.60940178802907043662E+0000  0.00000000000000000000E+0000  0.00000000000000000000E+0000  2.60940057217320921430E+0000  0.00000000000000000000E+0000  8.94774001207000794402E-0002  4.86950650238225624674E-0003  8.94773770578987494574E-0002  4.86950768970473770837E-0003  2.47996648426648510565E-0012  1.32542734408694283369E+0000  0.00000000000000000000E+0000  3.70627472830170721000E-0004  2.75253436450449916699E-0004 -1.14119599463535932469E-0004
 5.01199999999999999998E-0005  6.10000000000000000013E-0001 -2.14460415751555188171E+0002  2.69173443733196169868E-0005 -2.14460415751555188171E+0002  1.00000000000000000000E+0000  8.69911835109805913098E-0001  1.03449243437308507324E+0000  7.81516059869420461319E-0001  0.00000000000000000000E+0000  2.18478658651365228283E+0002  0.00000000000000000000E+0000  3.77983833869981791794E-0008  3.95765763979566038048E-0004  9.16030803352202208699E-0032  0.00000000000000000000E+0000  2.60940502071339581092E+0000  0.00000000000000000000E+0000  0.00000000000000000000E+0000  2.60940387914372645228E+0000  0.00000000000000000000E+0000  8.94766829102938929410E-0002  4.86946995336149817688E-0003  8.94766599186973791849E-0002  4.86947113746723282415E-0003  2.47995274444009016554E-0012  1.32542741540185614476E+0000  0.00000000000000000000E+0000  3.69149539464656095012E-0004  2.74738081056675159490E-0004 -1.13864095751496910339E-0004
 5.11200000000000000008E-0005  6.10000000000000000013E-0001 -2.14460414968780321940E+0002  2.66543341146943982481E-0005 -2.14460414968780321940E+0002  1.00000000000000000000E+0000  8.69911766194098848412E-0001  1.03449246413696842946E+0000  7.81516000996205369893E-0001  0.00000000000000000000E+0000  2.18478658651365228283E+0002  0.00000000000000000000E+0000  3.77982993645787504968E-0008  3.95767019569780298940E-0004  9.16028102200383387424E-0032  0.00000000000000000000E+0000  2.60940826139056425426E+0000  0.00000000000000000000E+0000  0.00000000000000000000E+0000  2.60940718933542207614E+0000  0.00000000000000000000E+0000  8.94759611621310577603E-0002  4.86943315074237004612E-0003  8.94759382416774595308E-0002  4.86943433151885724150E-0003  2.47993893004435060497E-0012  1.32542748729646079188E+0000  0.00000000000000000000E+0000  3.67688246558963487652E-0004  2.74224080713193054465E-0004 -1.13608858629325956680E-0004
 5.21499999999999999992E-0005  6.10000000000000000013E-0001 -2.14460414143203048284E+0002  2.63903879868506069796E-0005 -2.14460414143203048284E+0002  1.00000000000000000000E+0000  8.69911695698220311214E-0001  1.03449249429144560523E+0000  7.81515940663257179096E-0001  0.00000000000000000000E+0000  2.18478658651365228283E+0002  0.00000000000000000000E+0000  3.77982134998282221977E-0008  3.95768303064652515226E-0004  9.16025332863169198017E-0032  0.00000000000000000000E+0000  2.60941157538558036414E+0000  0.00000000000000000000E+0000  0.00000000000000000000E+0000  2.60941056493597753362E+0000  0.00000000000000000000E+0000  8.94752205813337933015E-0002  4.86939536290800805812E-0003  8.94751977327306001735E-0002  4.86939654044099660476E-0003  2.47992477928225054906E-0012  1.32542756037935238040E+0000  0.00000000000000000000E+0000  3.66215465554067595304E-0004  2.73701494829810988405E-0004 -1.13352603797724192840E-0004
 5.31900000000000000011E-0005  6.10000000000000000013E-0001 -2.14460413305491876770E+0002  2.61306008209265031330E-0005 -2.14460413305491876770E+0002  1.00000000000000000000E+0000  8.69911625006475599338E-0001  1.03449252424304772690E+0000  7.81515880057557856453E-0001  0.00000000000000000000E+0000  2.18478658651365228283E+0002  0.00000000000000000000E+0000  3.77981274814011611145E-0008  3.95769589347453571615E-0004  9.16022549791690217165E-0032  0.00000000000000000000E+0000  2.60941489440689012420E+0000  0.00000000000000000000E+0000  0.00000000000000000000E+0000  2.60941394194780718323E+0000  0.00000000000000000000E+0000  8.94744756501713852726E-0002  4.86935732952860603643E-0003  8.94744528733093222100E-0002  4.86935850370895812475E-0003  2.47991055821428668439E-0012  1.32542763391663081466E+0000  0.00000000000000000000E+0000  3.64759832508820171554E-0004  2.73180526854903953528E-0004 -1.13096697127806692674E-0004
 5.42500000000000000002E-0005  6.10000000000000000013E-0001 -2.14460412437340254499E+0002  2.58725617420319849972E-0005 -2.14460412437340254499E+0002  1.00000000000000000000E+0000  8.69911553455684537401E-0001  1.03449255425528620182E+0000  7.81515818605361799935E-0001  0.00000000000000000000E+0000  2.18478658651365228283E+0002  0.00000000000000000000E+0000  3.77980405055222030296E-0008  3.95770890317458544403E-0004  9.16019726561389365375E-0032  0.00000000000000000000E+0000  2.60941825071216492588E+0000  0.00000000000000000000E+0000  0.00000000000000000000E+0000  2.60941735013202835963E+0000  0.00000000000000000000E+0000  8.94737192932379485564E-0002  4.86931868743985112240E-0003  8.94736965881741529188E-0002  4.86931985832914753507E-0003  2.47989614056742807743E-0012  1.32542770792141802584E+0000  0.00000000000000000000E+0000  3.63307719141870595363E-0004  2.72656347083849559862E-0004 -1.12841668557997760819E-0004
 5.53399999999999999998E-0005  6.10000000000000000013E-0001 -2.14460411535717032847E+0002  2.56138968142000786800E-0005 -2.14460411535717032847E+0002  1.00000000000000000000E+0000  8.69911480401453726034E-0001  1.03449258457899789711E+0000  7.81515755749520852019E-0001  0.00000000000000000000E+0000  2.18478658651365228283E+0002  0.00000000000000000000E+0000  3.77979517945799748143E-0008  3.95772217594720740694E-0004  9.16016837493352138630E-0032  0.00000000000000000000E+0000  2.60942167417430387387E+0000  0.00000000000000000000E+0000  0.00000000000000000000E+0000  2.60942081897072436654E+0000  0.00000000000000000000E+0000  8.94729445561609135467E-0002  4.86927908020765646408E-0003  8.94729219239362082728E-0002  4.86928024759554673388E-0003  2.47988138053613939676E-0012  1.32542778329459679150E+0000  0.00000000000000000000E+0000  3.61845967387460724134E-0004  2.72124134142384959882E-0004 -1.12584255442787184368E-0004
 5.64499999999999999999E-0005  6.10000000000000000013E-0001 -2.14460410612794685634E+0002  2.53573990515112500615E-0005 -2.14460410612794685634E+0002  1.00000000000000000000E+0000  8.69911406538391846681E-0001  1.03449261491603850785E+0000  7.81515692085062043933E-0001  0.00000000000000000000E+0000  2.18478658651365228283E+0002  0.00000000000000000000E+0000  3.77978621959340213019E-0008  3.95773558590783640194E-0004  9.16013909850390710236E-0032  0.00000000000000000000E+0000  2.60942512962805334338E+0000  0.00000000000000000000E+0000  0.00000000000000000000E+0000  2.60942431735882477252E+0000  0.00000000000000000000E+0000  8.94721586872648942570E-0002  4.86923887781970711302E-0003  8.94721361279933622841E-0002  4.86924004184569689169E-0003  2.47986643912306079633E-0012  1.32542785952994155384E+0000  0.00000000000000000000E+0000  3.60389631216786177290E-0004  2.71589341427672920046E-0004 -1.12325674634089652250E-0004
 5.75800000000000000003E-0005  6.10000000000000000013E-0001 -2.14460409665997805445E+0002  2.51029436550263361450E-0005 -2.14460409665997805445E+0002  1.00000000000000000000E+0000  8.69911331887335971698E-0001  1.03449264524089908893E+0000  7.81515627625422221062E-0001  0.00000000000000000000E+0000  2.18478658651365228283E+0002  0.00000000000000000000E+0000  3.77977717389749517477E-0008  3.95774912798477600877E-0004  9.16010944183198527672E-0032  0.00000000000000000000E+0000  2.60942861603965002982E+0000  0.00000000000000000000E+0000  0.00000000000000000000E+0000  2.60942784331274456127E+0000  0.00000000000000000000E+0000  8.94713618093425791327E-0002  4.86919808503108489385E-0003  8.94713393232341170074E-0002  4.86919924569497556066E-0003  2.47985130795973351307E-0012  1.32542793620136443045E+0000  0.00000000000000000000E+0000  3.58938637669876256808E-0004  2.71051966588552178090E-0004 -1.12067261609702486526E-0004
 5.87300000000000000012E-0005  6.10000000000000000013E-0001 -2.14460408696981250587E+0002  2.48506277466817987243E-0005 -2.14460408696981250587E+0002  1.00000000000000000000E+0000  8.69911256468973388960E-0001  1.03449267553199399951E+0000  7.81515562385172995715E-0001  0.00000000000000000000E+0000  2.18478658651365228283E+0002  0.00000000000000000000E+0000  3.77976804526889151841E-0008  3.95776279777451030398E-0004  9.16007941099449181505E-0032  0.00000000000000000000E+0000  2.60943213214658705401E+0000  0.00000000000000000000E+0000  0.00000000000000000000E+0000  2.60943139514103119724E+0000  0.00000000000000000000E+0000  8.94705540420842016536E-0002  4.86915670702230129394E-0003  8.94705316293027248743E-0002  4.86915786431783995509E-0003  2.47983598982380894210E-0012  1.32542801337911687453E+0000  0.00000000000000000000E+0000  3.57493356199969454129E-0004  2.70512175879098744231E-0004 -1.11808792202116324912E-0004
 5.99099999999999999995E-0005  6.10000000000000000013E-0001 -2.14460407696862473279E+0002  2.45984314576634599100E-0005 -2.14460407696862473279E+0002  1.00000000000000000000E+0000  8.69911179657744243682E-0001  1.03449270601952221396E+0000  7.81515495817713304815E-0001  0.00000000000000000000E+0000  2.18478658651365228283E+0002  0.00000000000000000000E+0000  3.77975875855483371342E-0008  3.95777670748807913956E-0004  9.16004875341116070189E-0032  0.00000000000000000000E+0000  2.60943570702389052857E+0000  0.00000000000000000000E+0000  0.00000000000000000000E+0000  2.60943500101566155567E+0000  0.00000000000000000000E+0000  8.94697285341788845726E-0002  4.86911439124904111131E-0003  8.94697061954277778707E-0002  4.86911554519143225047E-0003  2.47982035817279964119E-0012  1.32542809161806855137E+0000  0.00000000000000000000E+0000  3.56042122920408816082E-0004  2.69965568736980451814E-0004 -1.11548514995079838387E-0004
 6.11000000000000000012E-0005  6.10000000000000000013E-0001 -2.14460406690021711612E+0002  2.43505948458835988416E-0005 -2.14460406690021711612E+0002  1.00000000000000000000E+0000  8.69911102770946155754E-0001  1.03449273617602856387E+0000  7.81515429063658912149E-0001  0.00000000000000000000E+0000  2.18478658651365228283E+0002  0.00000000000000000000E+0000  3.77974947330802799816E-0008  3.95779061895596957640E-0004  9.16001799395977799545E-0032  0.00000000000000000000E+0000  2.60943927638828823625E+0000  0.00000000000000000000E+0000  0.00000000000000000000E+0000  2.60943860156288004177E+0000  0.00000000000000000000E+0000  8.94688993738863992718E-0002  4.86907185972793848913E-0003  8.94688771088348691696E-0002  4.86907301023095648795E-0003  2.47980467263387234285E-0012  1.32542816983688367671E+0000  0.00000000000000000000E+0000  3.54609467366284924374E-0004  2.69421457296802655334E-0004 -1.11289139171554388011E-0004
 6.23299999999999999972E-0005  6.10000000000000000013E-0001 -2.14460405640334357755E+0002  2.41011243377342492036E-0005 -2.14460405640334357755E+0002  1.00000000000000000000E+0000  8.69911023905777332200E-0001  1.03449276671563065685E+0000  7.81515360461547094455E-0001  0.00000000000000000000E+0000  2.18478658651365228283E+0002  0.00000000000000000000E+0000  3.77973996042137204664E-0008  3.95780487387149299205E-0004  9.15998636580394058466E-0032  0.00000000000000000000E+0000  2.60944293167895567252E+0000  0.00000000000000000000E+0000  0.00000000000000000000E+0000  2.60944228094325679328E+0000  0.00000000000000000000E+0000  8.94680458509358000993E-0002  4.86902804728471283846E-0003  8.94680236606111635680E-0002  4.86902919445456496735E-0003  2.47978855518589083653E-0012  1.32542824936757865529E+0000  0.00000000000000000000E+0000  3.53160501728843766097E-0004  2.68866523181952727386E-0004 -1.11027411921656905422E-0004
 6.35800000000000000001E-0005  6.10000000000000000013E-0001 -2.14460404579483491255E+0002  2.38541525788140635759E-0005 -2.14460404579483491255E+0002  1.00000000000000000000E+0000  8.69910944374117126542E-0001  1.03449279712057546699E+0000  7.81515291150439934725E-0001  0.00000000000000000000E+0000  2.18478658651365228283E+0002  0.00000000000000000000E+0000  3.77973037868416536731E-0008  3.95781923579781636824E-0004  9.15995439336461047144E-0032  0.00000000000000000000E+0000  2.60944660737784611378E+0000  0.00000000000000000000E+0000  0.00000000000000000000E+0000  2.60944598173957875535E+0000  0.00000000000000000000E+0000  8.94671820276377177401E-0002  4.86898367556755403402E-0003  8.94671599123638875851E-0002  4.86898481927970414820E-0003  2.47977225939735905729E-0012  1.32542832955989368720E+0000  0.00000000000000000000E+0000  3.51719335048064996004E-0004  2.68309973085071041876E-0004 -1.10764075134257172358E-0004
 6.48499999999999999969E-0005  6.10000000000000000013E-0001 -2.14460403500240231731E+0002  2.36097443702869819796E-0005 -2.14460403500240231731E+0002  1.00000000000000000000E+0000  8.69910864196658109918E-0001  1.03449282736511675399E+0000  7.81515221141923369704E-0001  0.00000000000000000000E+0000  2.18478658651365228283E+0002  0.00000000000000000000E+0000  3.77972073100673531018E-0008  3.95783369963147825431E-0004  9.15992208122973551416E-0032  0.00000000000000000000E+0000  2.60945030345662256103E+0000  0.00000000000000000000E+0000  0.00000000000000000000E+0000  2.60944970115148596607E+0000  0.00000000000000000000E+0000  8.94663080176006633831E-0002  4.86893874856130143131E-0003  8.94662859773069157619E-0002  4.86893988882560063324E-0003  2.47975579327780944465E-0012  1.32542840987407298280E+0000  0.00000000000000000000E+0000  3.50286254390705882999E-0004  2.67751970586903467655E-0004 -1.10501376203511989577E-0004
 6.61499999999999999977E-0005  6.10000000000000000013E-0001 -2.14460402396100638239E+0002  2.33659803490351832926E-0005 -2.14460402396100638239E+0002  1.00000000000000000000E+0000  8.69910782772871071387E-0001  1.03449285765346764537E+0000  7.81515149905924694912E-0001  0.00000000000000000000E+0000  2.18478658651365228283E+0002  0.00000000000000000000E+0000  3.77971094575381033722E-0008  3.95784837233367946129E-0004  9.15988918387466272015E-0032  0.00000000000000000000E+0000  2.60945404795767130581E+0000  0.00000000000000000000E+0000  0.00000000000000000000E+0000  2.60945346508667393734E+0000  0.00000000000000000000E+0000  8.94654171174555215955E-0002  4.86889292013735837413E-0003  8.94653951528162370152E-0002  4.86889405672971701555E-0003  2.47973901861106092969E-0012  1.32542849096415208310E+0000  0.00000000000000000000E+0000  3.48850221283597630630E-0004  2.67188204291017842213E-0004 -1.10237277922092031628E-0004
 6.74699999999999999988E-0005  6.10000000000000000013E-0001 -2.14460401279303384869E+0002  2.31250448399709259787E-0005 -2.14460401279303384869E+0002  1.00000000000000000000E+0000  8.69910700753050067184E-0001  1.03449288773339305491E+0000  7.81515078007096228579E-0001  0.00000000000000000000E+0000  2.18478658651365228283E+0002  0.00000000000000000000E+0000  3.77970110148914945389E-0008  3.95786313696230379288E-0004  9.15985596126581441057E-0032  0.00000000000000000000E+0000  2.60945780863745999708E+0000  0.00000000000000000000E+0000  0.00000000000000000000E+0000  2.60945724519158823084E+0000  0.00000000000000000000E+0000  8.94645163157812020279E-0002  4.86884654905137127652E-0003  8.94644944266628870661E-0002  4.86884768216065147334E-0003  2.47972209281778187627E-0012  1.32542857240609080437E+0000  0.00000000000000000000E+0000  3.47423503669045012114E-0004  2.66623512764210896940E-0004 -1.09972768233952323591E-0004
 6.88199999999999999973E-0005  6.10000000000000000013E-0001 -2.14460400138925793623E+0002  2.28850451994604008651E-0005 -2.14460400138925793623E+0002  1.00000000000000000000E+0000  8.69910617545871315648E-0001  1.03449291779704317441E+0000  7.81515004920259811496E-0001  0.00000000000000000000E+0000  2.18478658651365228283E+0002  0.00000000000000000000E+0000  3.77969112786242737860E-0008  3.95787809815198065759E-0004  9.15982216980992021507E-0032  0.00000000000000000000E+0000  2.60946161343944768238E+0000  0.00000000000000000000E+0000  0.00000000000000000000E+0000  2.60946106631047600871E+0000  0.00000000000000000000E+0000  8.94635989627542601489E-0002  4.86879929100291346218E-0003  8.94635771496830046855E-0002  4.86880042065521654610E-0003  2.47970488123949809736E-0012  1.32542865444964198503E+0000  0.00000000000000000000E+0000  3.45995480689643327910E-0004  2.66053691520160971850E-0004 -1.09707237306273135493E-0004
 7.01999999999999999997E-0005  6.10000000000000000013E-0001 -2.14460398979346290899E+0002  2.26461461594913344602E-0005 -2.14460398979346290899E+0002  1.00000000000000000000E+0000  8.69910533186040831912E-0001  1.03449294781071376341E+0000  7.81514930669618228026E-0001  0.00000000000000000000E+0000  2.18478658651365228283E+0002  0.00000000000000000000E+0000  3.77968102972664955924E-0008  3.95789324891057771250E-0004  9.15978781965783838340E-0032  0.00000000000000000000E+0000  2.60946545905659931116E+0000  0.00000000000000000000E+0000  0.00000000000000000000E+0000  2.60946492717390396247E+0000  0.00000000000000000000E+0000  8.94626652613897917207E-0002  4.86875115498883143170E-0003  8.94626435249046286040E-0002  4.86875228115425677884E-0003  2.47968738630814426166E-0012  1.32542873725102731627E+0000  0.00000000000000000000E+0000  3.44566891257785647511E-0004  2.65479007695735111388E-0004 -1.09439889594311141106E-0004
 7.16000000000000000025E-0005  6.10000000000000000013E-0001 -2.14460397810512000391E+0002  2.24101190808847432203E-0005 -2.14460397810512000391E+0002  1.00000000000000000000E+0000  8.69910448309745005027E-0001  1.03449297753282662632E+0000  7.81514855809362789609E-0001  0.00000000000000000000E+0000  2.18478658651365228283E+0002  0.00000000000000000000E+0000  3.77967088374508836851E-0008  3.95790847441704072095E-0004  9.15975316645616144416E-0032  0.00000000000000000000E+0000  2.60946931512446671469E+0000  0.00000000000000000000E+0000  0.00000000000000000000E+0000  2.60946879914111022386E+0000  0.00000000000000000000E+0000  8.94617221223553811416E-0002  4.86870249598455308608E-0003  8.94617004624124833350E-0002  4.86870361861879354944E-0003  2.47966973588604743927E-0012  1.32542882014868221188E+0000  0.00000000000000000000E+0000  3.43148351517813293364E-0004  2.64903773124281517085E-0004 -1.09172615911571820628E-0004
 7.30399999999999999996E-0005  6.10000000000000000013E-0001 -2.14460396612480942047E+0002  2.21737782142957168872E-0005 -2.14460396612480942047E+0002  1.00000000000000000000E+0000  8.69910361744258774704E-0001  1.03449300734260972901E+0000  7.81514779296085645240E-0001  0.00000000000000000000E+0000  2.18478658651365228283E+0002  0.00000000000000000000E+0000  3.77966055053332127330E-0008  3.95792398300220252278E-0004  9.15971772590558384148E-0032  0.00000000000000000000E+0000  2.60947323660208566607E+0000  0.00000000000000000000E+0000  0.00000000000000000000E+0000  2.60947273203611210062E+0000  0.00000000000000000000E+0000  8.94607562961273448479E-0002  4.86865262802458356490E-0003  8.94607347135714973480E-0002  4.86865374718118885920E-0003  2.47965169028119340381E-0012  1.32542890409749489092E+0000  0.00000000000000000000E+0000  3.41720584801080337274E-0004  2.64320122674986039935E-0004 -1.08902979053403886716E-0004
 7.44999999999999999970E-0005  6.10000000000000000013E-0001 -2.14460395410529298804E+0002  2.19404450383799692538E-0005 -2.14460395410529298804E+0002  1.00000000000000000000E+0000  8.69910274721360715318E-0001  1.03449303680226061973E+0000  7.81514702213093093749E-0001  0.00000000000000000000E+0000  2.18478658651365228283E+0002  0.00000000000000000000E+0000  3.77965017773602067689E-0008  3.95793955410319402323E-0004  9.15968199901291391875E-0032  0.00000000000000000000E+0000  2.60947716348241546516E+0000  0.00000000000000000000E+0000  0.00000000000000000000E+0000  2.60947667325529442106E+0000  0.00000000000000000000E+0000  8.94597813750070214387E-0002  4.86860225196790529825E-0003  8.94597598698571297768E-0002  4.86860336754805171091E-0003  2.47963349466393644892E-0012  1.32542898819638500644E+0000  0.00000000000000000000E+0000  3.40303746175888850162E-0004  2.63736315045503614583E-0004 -1.08632837720226537848E-0004
 7.59899999999999999984E-0005  6.10000000000000000013E-0001 -2.14460394190896424610E+0002  2.17086145147144376249E-0005 -2.14460394190896424610E+0002  1.00000000000000000000E+0000  8.69910186674672398393E-0001  1.03449306607840475856E+0000  7.81514624050502501357E-0001  0.00000000000000000000E+0000  2.18478658651365228283E+0002  0.00000000000000000000E+0000  3.77963969845998930602E-0008  3.95795528724709931744E-0004  9.15964574846563663079E-0032  0.00000000000000000000E+0000  2.60948112354215821639E+0000  0.00000000000000000000E+0000  0.00000000000000000000E+0000  2.60948064473056854577E+0000  0.00000000000000000000E+0000  8.94587908458677211012E-0002  4.86855102913337413568E-0003  8.94587694183747395029E-0002  4.86855214117517045701E-0003  2.47961503557713165579E-0012  1.32542907267259601654E+0000  0.00000000000000000000E+0000  3.38888622001790023986E-0004  2.63148580231841206789E-0004 -1.08362238624422726252E-0004
 7.75099999999999999971E-0005  6.10000000000000000013E-0001 -2.14460392958506640554E+0002  2.14783681240587299144E-0005 -2.14460392958506640554E+0002  1.00000000000000000000E+0000  8.69910097638424740585E-0001  1.03449309513805950901E+0000  7.81514544831975830209E-0001  0.00000000000000000000E+0000  2.18478658651365228283E+0002  0.00000000000000000000E+0000  3.77962911748914383327E-0008  3.95797117548379709464E-0004  9.15960898422771841923E-0032  0.00000000000000000000E+0000  2.60948511339899747829E+0000  0.00000000000000000000E+0000  0.00000000000000000000E+0000  2.60948464531678384938E+0000  0.00000000000000000000E+0000  8.94577849088495880998E-0002  4.86849896841983309720E-0003  8.94577635593868214137E-0002  4.86850007690238633839E-0003  2.47959631515069007307E-0012  1.32542915766763111515E+0000  0.00000000000000000000E+0000  3.37475757504747781135E-0004  2.62557144968280637867E-0004 -1.08090350358781899889E-0004
 7.90599999999999999998E-0005  6.10000000000000000013E-0001 -2.14460391714210751521E+0002  2.12497986703842668353E-0005 -2.14460391714210751521E+0002  1.00000000000000000000E+0000  8.69910007646898523451E-0001  1.03449312394624045339E+0000  7.81514464579991018219E-0001  0.00000000000000000000E+0000  2.18478658651365228283E+0002  0.00000000000000000000E+0000  3.77961843962061375372E-0008  3.95798721153248615275E-0004  9.15957171565878693665E-0032  0.00000000000000000000E+0000  2.60948913065701927475E+0000  0.00000000000000000000E+0000  0.00000000000000000000E+0000  2.60948867290183363445E+0000  0.00000000000000000000E+0000  8.94567637618368513217E-0002  4.86844607821639879070E-0003  8.94567424907070495670E-0002  4.86844718312320710629E-0003  2.47957733802064217197E-0012  1.32542924308971508734E+0000  0.00000000000000000000E+0000  3.36065690777514131188E-0004  2.61962240516020196686E-0004 -1.07817426361055023530E-0004
 8.06399999999999999997E-0005  6.10000000000000000013E-0001 -2.14460390460102298851E+0002  2.10228917932083031914E-0005 -2.14460390460102298851E+0002  1.00000000000000000000E+0000  8.69909916735192746977E-0001  1.03449315246641515727E+0000  7.81514383317774451101E-0001  0.00000000000000000000E+0000  2.18478658651365228283E+0002  0.00000000000000000000E+0000  3.77960766980011052618E-0008  3.95800338774876910258E-0004  9.15953395251704518881E-0032  0.00000000000000000000E+0000  2.60949317297007035081E+0000  0.00000000000000000000E+0000  0.00000000000000000000E+0000  2.60949272509863641994E+0000  0.00000000000000000000E+0000  8.94557276103001928341E-0002  4.86839236726401837514E-0003  8.94557064179019259005E-0002  4.86839346829031527035E-0003  2.47955809194469633269E-0012  1.32542932888578524455E+0000  0.00000000000000000000E+0000  3.34658531180525096741E-0004  2.61363924544732663124E-0004 -1.07543543797535504453E-0004
 8.22600000000000000006E-0005  6.10000000000000000013E-0001 -2.14460389187526293459E+0002  2.07965941698163880581E-0005 -2.14460389187526293459E+0002  1.00000000000000000000E+0000  8.69909824370930963007E-0001  1.03449318083623259784E+0000  7.81514300559097295235E-0001  0.00000000000000000000E+0000  2.18478658651365228283E+0002  0.00000000000000000000E+0000  3.77959674580391705553E-0008  3.95801979765662827394E-0004  9.15949546736966757165E-0032  0.00000000000000000000E+0000  2.60949726388496247467E+0000  0.00000000000000000000E+0000  0.00000000000000000000E+0000  2.60949682402157336460E+0000  0.00000000000000000000E+0000  8.94546701357261176058E-0002  4.86833750583193734844E-0003  8.94546490225453630438E-0002  4.86833860327149237059E-0003  2.47953849707138966453E-0012  1.32542941558236885126E+0000  0.00000000000000000000E+0000  3.33247037967155743812E-0004  2.60759076378613972595E-0004 -1.07267373394672884843E-0004
 8.39000000000000000018E-0005  6.10000000000000000013E-0001 -2.14460387917831900223E+0002  2.05735480080945867474E-0005 -2.14460387917831900223E+0002  1.00000000000000000000E+0000  8.69909731723462911464E-0001  1.03449320867864448265E+0000  7.81514217344490046537E-0001  0.00000000000000000000E+0000  2.18478658651365228283E+0002  0.00000000000000000000E+0000  3.77958580660988471406E-0008  3.95803623285438375009E-0004  9.15945674340324707207E-0032  0.00000000000000000000E+0000  2.60950134848177464240E+0000  0.00000000000000000000E+0000  0.00000000000000000000E+0000  2.60950091983790330614E+0000  0.00000000000000000000E+0000  8.94536045710477311813E-0002  4.86828217898052122252E-0003  8.94535835369817485226E-0002  4.86828327275285959836E-0003  2.47951877538442602157E-0012  1.32542950209011288780E+0000  0.00000000000000000000E+0000  3.31848413159096886632E-0004  2.60155118879778870432E-0004 -1.06991550571059934790E-0004
 8.55799999999999999972E-0005  6.10000000000000000013E-0001 -2.14460386631540537231E+0002  2.03511855799963765723E-0005 -2.14460386631540537231E+0002  1.00000000000000000000E+0000  8.69909637701773116359E-0001  1.03449323628855730092E+0000  7.81514132684510497910E-0001  0.00000000000000000000E+0000  2.18478658651365228283E+0002  0.00000000000000000000E+0000  3.77957472423416531162E-0008  3.95805288458580705768E-0004  9.15941731883692654082E-0032  0.00000000000000000000E+0000  2.60950547769372062298E+0000  0.00000000000000000000E+0000  0.00000000000000000000E+0000  2.60950505582825639556E+0000  0.00000000000000000000E+0000  8.94525181393093337314E-0002  4.86822572088366325878E-0003  8.94524971849026278469E-0002  4.86822681105024869067E-0003  2.47949870064929031414E-0012  1.32542958928998093262E+0000  0.00000000000000000000E+0000  3.30446270959294649429E-0004  2.59544979910105237647E-0004 -1.06714248896433456762E-0004
 8.72900000000000000032E-0005  6.10000000000000000013E-0001 -2.14460385343184795445E+0002  2.01308969054387085771E-0005 -2.14460385343184795445E+0002  1.00000000000000000000E+0000  8.69909542904296506801E-0001  1.03449326346672226351E+0000  7.81514047109238044772E-0001  0.00000000000000000000E+0000  2.18478658651365228283E+0002  0.00000000000000000000E+0000  3.77956357007548535376E-0008  3.95806964621472880992E-0004  9.15937743938570672176E-0032  0.00000000000000000000E+0000  2.60950962123247145520E+0000  0.00000000000000000000E+0000  0.00000000000000000000E+0000  2.60950920822828282518E+0000  0.00000000000000000000E+0000  8.94514175363303371916E-0002  4.86816847782870169029E-0003  8.94513966618164037855E-0002  4.86816956432987283491E-0003  2.47947839085316021629E-0012  1.32542967680060190853E+0000  0.00000000000000000000E+0000  3.29049436511759258346E-0004  2.58932505359613325838E-0004 -1.06435843950865423574E-0004
 8.90399999999999999968E-0005  6.10000000000000000013E-0001 -2.14460384043644040647E+0002  1.99115224331630546620E-0005 -2.14460384043644040647E+0002  1.00000000000000000000E+0000  8.69909446820428564973E-0001  1.03449329032510256121E+0000  7.81513960146595138847E-0001  0.00000000000000000000E+0000  2.18478658651365228283E+0002  0.00000000000000000000E+0000  3.77955228501898474124E-0008  3.95808660599180327635E-0004  9.15933688360882833070E-0032  0.00000000000000000000E+0000  2.60951380237757571542E+0000  0.00000000000000000000E+0000  0.00000000000000000000E+0000  2.60951339634706855472E+0000  0.00000000000000000000E+0000  8.94502965758282597245E-0002  4.86811012547007439175E-0003  8.94502757817320987759E-0002  4.86811120832353600886E-0003  2.47945773759809029496E-0012  1.32542976496535083709E+0000  0.00000000000000000000E+0000  3.27650463829641225840E-0004  2.58314416802120531647E-0004 -1.06155732816428397902E-0004
 9.08200000000000000010E-0005  6.10000000000000000013E-0001 -2.14460382744628129295E+0002  1.96943762006060060046E-0005 -2.14460382744628129295E+0002  1.00000000000000000000E+0000  8.69909350037821092663E-0001  1.03449331667391039005E+0000  7.81513872318526438688E-0001  0.00000000000000000000E+0000  2.18478658651365228283E+0002  0.00000000000000000000E+0000  3.77954093896138972289E-0008  3.95810365921910631188E-0004  9.15929589379781124363E-0032  0.00000000000000000000E+0000  2.60951799294012355213E+0000  0.00000000000000000000E+0000  0.00000000000000000000E+0000  2.60951759566274514753E+0000  0.00000000000000000000E+0000  8.94491618889172060590E-0002  4.86805100705154802759E-0003  8.94491411753758007729E-0002  4.86805208620480825724E-0003  2.47943685953747388851E-0012  1.32542985332024215619E+0000  0.00000000000000000000E+0000  3.26257778838180802155E-0004  2.57694454670021401920E-0004 -1.05874931046378261577E-0004
 9.26399999999999999994E-0005  6.10000000000000000013E-0001 -2.14460381438181017483E+0002  1.94783467767683083109E-0005 -2.14460381438181017483E+0002  1.00000000000000000000E+0000  8.69909252056071434793E-0001  1.03449334261504897841E+0000  7.81513783160016368989E-0001  0.00000000000000000000E+0000  2.18478658651365228283E+0002  0.00000000000000000000E+0000  3.77952947420864394391E-0008  3.95812089202968573120E-0004  9.15925425149382549211E-0032  0.00000000000000000000E+0000  2.60952221547697939849E+0000  0.00000000000000000000E+0000  0.00000000000000000000E+0000  2.60952182484616432897E+0000  0.00000000000000000000E+0000  8.94480073490202773446E-0002  4.86799080088757953108E-0003  8.94479867164902048526E-0002  4.86799187636180087651E-0003  2.47941564968126999680E-0012  1.32542994225656209355E+0000  0.00000000000000000000E+0000  3.24864201332561478910E-0004  2.57069421502323623134E-0004 -1.05592647050143135693E-0004
 9.44900000000000000017E-0005  6.10000000000000000013E-0001 -2.14460380135659177403E+0002  1.92646680033087418626E-0005 -2.14460380135659177403E+0002  1.00000000000000000000E+0000  8.69909153451714833817E-0001  1.03449336797008631622E+0000  7.81513693185665251359E-0001  0.00000000000000000000E+0000  2.18478658651365228283E+0002  0.00000000000000000000E+0000  3.77951795910603873848E-0008  3.95813820199003464911E-0004  9.15921219591690239969E-0032  0.00000000000000000000E+0000  2.60952644242228396941E+0000  0.00000000000000000000E+0000  0.00000000000000000000E+0000  2.60952606018165034034E+0000  0.00000000000000000000E+0000  8.94468395230582313761E-0002  4.86792984747977869659E-0003  8.94468189716155817661E-0002  4.86793091922474947117E-0003  2.47939422510305059113E-0012  1.32543003131038406755E+0000  0.00000000000000000000E+0000  3.23477755190855935450E-0004  2.56442944521754023640E-0004 -1.05309884293891532202E-0004
 9.63900000000000000017E-0005  6.10000000000000000013E-0001 -2.14460378823078442925E+0002  1.90511042857350018112E-0005 -2.14460378823078442925E+0002  1.00000000000000000000E+0000  8.69909053213168281132E-0001  1.03449339295396017539E+0000  7.81513601459501428090E-0001  0.00000000000000000000E+0000  2.18478658651365228283E+0002  0.00000000000000000000E+0000  3.77950627679107951185E-0008  3.95815576382072841656E-0004  9.15916928774197275999E-0032  0.00000000000000000000E+0000  2.60953071822791203473E+0000  0.00000000000000000000E+0000  0.00000000000000000000E+0000  2.60953034111780762393E+0000  0.00000000000000000000E+0000  8.94456461015241244934E-0002  4.86786750126539541423E-0003  8.94456256320883554787E-0002  4.86786856899253815178E-0003  2.47937234933461897081E-0012  1.32543012133249510115E+0000  0.00000000000000000000E+0000  3.22084005080378393602E-0004  2.55808463070428007464E-0004 -1.05024442667418548267E-0004
 9.83100000000000000022E-0005  6.10000000000000000013E-0001 -2.14460377524908730143E+0002  1.88413009054612190312E-0005 -2.14460377524908730143E+0002  1.00000000000000000000E+0000  8.69908952953454363223E-0001  1.03449341715061129206E+0000  7.81513509447074915595E-0001  0.00000000000000000000E+0000  2.18478658651365228283E+0002  0.00000000000000000000E+0000  3.77949461588053554437E-0008  3.95817329538334052706E-0004  9.15912621164846028695E-0032  0.00000000000000000000E+0000  2.60953496959945357363E+0000  0.00000000000000000000E+0000  0.00000000000000000000E+0000  2.60953460271560729175E+0000  0.00000000000000000000E+0000  8.94444460963088758143E-0002  4.86780475402049317452E-0003  8.94444257081995257671E-0002  4.86780581828583792047E-0003  2.47935041728314904510E-0012  1.32543021099628062899E+0000  0.00000000000000000000E+0000  3.20706108266910864049E-0004  2.55176578831256088824E-0004 -1.04739841432046095432E-0004
 1.00300000000000000001E-0004  6.10000000000000000013E-0001 -2.14460376206618935302E+0002  1.86296097204441550887E-0005 -2.14460376206618935302E+0002  1.00000000000000000000E+0000  8.69908850132797347864E-0001  1.03449344110499051510E+0000  7.81513414802827346712E-0001  0.00000000000000000000E+0000  2.18478658651365228283E+0002  0.00000000000000000000E+0000  3.77948268275078702695E-0008  3.95819123544558495888E-0004  9.15908186711172323216E-0032  0.00000000000000000000E+0000  2.60953930868729513069E+0000  0.00000000000000000000E+0000  0.00000000000000000000E+0000  2.60953894376315167136E+0000  0.00000000000000000000E+0000  8.94432086824398055178E-0002  4.86773998970750680473E-0003  8.94431883775238132248E-0002  4.86774104996587504332E-0003  2.47932780744417286604E-0012  1.32543030236344263728E+0000  0.00000000000000000000E+0000  3.19308114298483786403E-0004  2.54530715743264053006E-0004 -1.04450573730964768390E-0004
 1.02300000000000000003E-0004  6.10000000000000000013E-0001 -2.14460374916118584540E+0002  1.84227452291682680838E-0005 -2.14460374916118584540E+0002  1.00000000000000000000E+0000  8.69908747883268280553E-0001  1.03449346407851752619E+0000  7.81513320396644726551E-0001  0.00000000000000000000E+0000  2.18478658651365228283E+0002  0.00000000000000000000E+0000  3.77947084163472805797E-0008  3.95820903914285607468E-0004  9.15903759803048435488E-0032  0.00000000000000000000E+0000  2.60954359374588410717E+0000  0.00000000000000000000E+0000  0.00000000000000000000E+0000  2.60954324165646334480E+0000  0.00000000000000000000E+0000  8.94419713462250509924E-0002  4.86767516887856394699E-0003  8.94419511234916189831E-0002  4.86767622525348396137E-0003  2.47930524026360718631E-0012  1.32543039288997422309E+0000  0.00000000000000000000E+0000  3.17933178872167147164E-0004  2.53890880612013915140E-0004 -1.04163018697696313920E-0004
 1.04299999999999999998E-0004  6.10000000000000000013E-0001 -2.14460373652942424480E+0002  1.82214551905345414881E-0005 -2.14460373652942424480E+0002  1.00000000000000000000E+0000  8.69908646703612818316E-0001  1.03449348596339272763E+0000  7.81513226690443994543E-0001  0.00000000000000000000E+0000  2.18478658651365228283E+0002  0.00000000000000000000E+0000  3.77945914997010186986E-0008  3.95822661873817140539E-0004  9.15899362151201770848E-0032  0.00000000000000000000E+0000  2.60954781102914465623E+0000  0.00000000000000000000E+0000  0.00000000000000000000E+0000  2.60954746839265451009E+0000  0.00000000000000000000E+0000  8.94407401974742619465E-0002  4.86761061169851803836E-0003  8.94407200554977164735E-0002  4.86761166457552855674E-0003  2.47928283734978578789E-0012  1.32543048196275611069E+0000  0.00000000000000000000E+0000  3.16587211253433570002E-0004  2.53260075525404086506E-0004 -1.03880592555683605902E-0004
 1.06400000000000000003E-0004  6.10000000000000000013E-0001 -2.14460372357712517902E+0002  1.80157394708821204763E-0005 -2.14460372357712517902E+0002  1.00000000000000000000E+0000  8.69908541624456545932E-0001  1.03449350775037303342E+0000  7.81513129067955451075E-0001  0.00000000000000000000E+0000  2.18478658651365228283E+0002  0.00000000000000000000E+0000  3.77944703569648264296E-0008  3.95824483141319868188E-0004  9.15894776751501766618E-0032  0.00000000000000000000E+0000  2.60955216995290114387E+0000  0.00000000000000000000E+0000  0.00000000000000000000E+0000  2.60955182304918297995E+0000  0.00000000000000000000E+0000  8.94394542121827765168E-0002  4.86754311404420799301E-0003  8.94394341538001468503E-0002  4.86754416299735581814E-0003  2.47925945387120409081E-0012  1.32543057405490635530E+0000  0.00000000000000000000E+0000  3.15203694119900122556E-0004  2.52606967980813345227E-0004 -1.03589865088220079311E-0004
 1.08600000000000000002E-0004  6.10000000000000000013E-0001 -2.14460371043525336865E+0002  1.78063660172851486649E-0005 -2.14460371043525336865E+0002  1.00000000000000000000E+0000  8.69908432792351100384E-0001  1.03449352930453674249E+0000  7.81513027624101153719E-0001  0.00000000000000000000E+0000  2.18478658651365228283E+0002  0.00000000000000000000E+0000  3.77943451928034037481E-0008  3.95826364854395074504E-0004  9.15890007571030218448E-0032  0.00000000000000000000E+0000  2.60955665009679362823E+0000  0.00000000000000000000E+0000  0.00000000000000000000E+0000  2.60955630808499719443E+0000  0.00000000000000000000E+0000  8.94381142417748200974E-0002  4.86747271293055533389E-0003  8.94380942695086973211E-0002  4.86747375779470240356E-0003  2.47923512752615934385E-0012  1.32543066910879950738E+0000  0.00000000000000000000E+0000  3.13786180573739632744E-0004  2.51932859278931736959E-0004 -1.03288819120194222077E-0004
 1.10700000000000000000E-0004  6.10000000000000000013E-0001 -2.14460369827495715839E+0002  1.76120027500975735078E-0005 -2.14460369827495715839E+0002  1.00000000000000000000E+0000  8.69908330032406977800E-0001  1.03449354875512007201E+0000  7.81512931516413412027E-0001  0.00000000000000000000E+0000  2.18478658651365228283E+0002  0.00000000000000000000E+0000  3.77942272910477477319E-0008  3.95828137745792247989E-0004  9.15885485516468398768E-0032  0.00000000000000000000E+0000  2.60956084264685987109E+0000  0.00000000000000000000E+0000  0.00000000000000000000E+0000  2.60956052918483039538E+0000  0.00000000000000000000E+0000  8.94368416863090406077E-0002  4.86740578877099200042E-0003  8.94368217948283078259E-0002  4.86740683009695633383E-0003  2.47921207965775441563E-0012  1.32543075828345451625E+0000  0.00000000000000000000E+0000  3.12461656587502105583E-0004  2.51298621044644468256E-0004 -1.03004323367201285406E-0004
 1.12900000000000000000E-0004  6.10000000000000000013E-0001 -2.14460368579116553517E+0002  1.74136889803200091746E-0005 -2.14460368579116553517E+0002  1.00000000000000000000E+0000  8.69908223590419395048E-0001  1.03449356787939822041E+0000  7.81512831634012481992E-0001  0.00000000000000000000E+0000  2.18478658651365228283E+0002  0.00000000000000000000E+0000  3.77941054668915709546E-0008  3.95829969109063410557E-0004  9.15880781644384401250E-0032  0.00000000000000000000E+0000  2.60956517496115302738E+0000  0.00000000000000000000E+0000  0.00000000000000000000E+0000  2.60956485073641649731E+0000  0.00000000000000000000E+0000  8.94355155522547079432E-0002  4.86733597731172170129E-0003  8.94354957441297834469E-0002  4.86733701471865863792E-0003  2.47918807899132781583E-0012  1.32543085030268209209E+0000  0.00000000000000000000E+0000  3.11102710005460449888E-0004  2.50643323742660816305E-0004 -1.02714739567268352492E-0004
 1.15200000000000000002E-0004  6.10000000000000000013E-0001 -2.14460367324160323235E+0002  1.72122320174735967801E-0005 -2.14460367324160323235E+0002  1.00000000000000000000E+0000  8.69908113610657729008E-0001  1.03449358655610681968E+0000  7.81512728073477260893E-0001  0.00000000000000000000E+0000  2.18478658651365228283E+0002  0.00000000000000000000E+0000  3.77939799218166734232E-0008  3.95831856305086887708E-0004  9.15875899993717383146E-0032  0.00000000000000000000E+0000  2.60956961175800766328E+0000  0.00000000000000000000E+0000  0.00000000000000000000E+0000  2.60956929077865381868E+0000  0.00000000000000000000E+0000  8.94341366867916311560E-0002  4.86726331671265373360E-0003  8.94341169644202991869E-0002  4.86726435002265621032E-0003  2.47916316461923200780E-0012  1.32543094517492444126E+0000  0.00000000000000000000E+0000  3.09712806471592805449E-0004  2.49968300366659321176E-0004 -1.02414583580832693312E-0004
 1.17499999999999999997E-0004  6.10000000000000000013E-0001 -2.14460366112101312633E+0002  1.70164502708020368499E-0005 -2.14460366112101312633E+0002  1.00000000000000000000E+0000  8.69908004911748624570E-0001  1.03449360394391557240E+0000  7.81512625347274885064E-0001  0.00000000000000000000E+0000  2.18478658651365228283E+0002  0.00000000000000000000E+0000  3.77938561666205270267E-0008  3.95833716643942980917E-0004  9.15871053241224684331E-0032  0.00000000000000000000E+0000  2.60957395890458617154E+0000  0.00000000000000000000E+0000  0.00000000000000000000E+0000  2.60957365448360402546E+0000  0.00000000000000000000E+0000  8.94327652409152092200E-0002  4.86719097278957010952E-0003  8.94327456027399539634E-0002  4.86719200244477306980E-0003  2.47913844577282700911E-0012  1.32543103838297571728E+0000  0.00000000000000000000E+0000  3.08352929363645536834E-0004  2.49303243840526860392E-0004 -1.02118607163474092298E-0004
 1.19900000000000000001E-0004  6.10000000000000000013E-0001 -2.14460364888796391244E+0002  1.68177452912383751804E-0005 -2.14460364888796391244E+0002  1.00000000000000000000E+0000  8.69907892856913455637E-0001  1.03449362068915940609E+0000  7.81512519058371543451E-0001  0.00000000000000000000E+0000  2.18478658651365228283E+0002  0.00000000000000000000E+0000  3.77937289451062173232E-0008  3.95835628683997088730E-0004  9.15866033560899713721E-0032  0.00000000000000000000E+0000  2.60957841403978206725E+0000  0.00000000000000000000E+0000  0.00000000000000000000E+0000  2.60957810861283323036E+0000  0.00000000000000000000E+0000  8.94313421204734281905E-0002  4.86711582366430879378E-0003  8.94313225688761944329E-0002  4.86711684918341152998E-0003  2.47911281467144943691E-0012  1.32543113415471566590E+0000  0.00000000000000000000E+0000  3.06964247302363448893E-0004  2.48619286600098008023E-0004 -1.01816191965200735891E-0004
 1.22299999999999999998E-0004  6.10000000000000000013E-0001 -2.14460363715275031352E+0002  1.66246457087306151084E-0005 -2.14460363715275031352E+0002  1.00000000000000000000E+0000  8.69907782151346205127E-0001  1.03449363607801447025E+0000  7.81512413650075307139E-0001  0.00000000000000000000E+0000  2.18478658651365228283E+0002  0.00000000000000000000E+0000  3.77936036093875862759E-0008  3.95837512338291019679E-0004  9.15861050734404425826E-0032  0.00000000000000000000E+0000  2.60958277349452971998E+0000  0.00000000000000000000E+0000  0.00000000000000000000E+0000  2.60958248296927280432E+0000  0.00000000000000000000E+0000  8.94299268219831082128E-0002  4.86704100897269485060E-0003  8.94299073554653841699E-0002  4.86704203040775378420E-0003  2.47908736839223735007E-0012  1.32543122836323622204E+0000  0.00000000000000000000E+0000  3.05605339794828564270E-0004  2.47945369024450447225E-0004 -1.01517298680188618506E-0004
 1.24699999999999999995E-0004  6.10000000000000000013E-0001 -2.14460362584031400901E+0002  1.64368590139111368350E-0005 -2.14460362584031400901E+0002  1.00000000000000000000E+0000  8.69907672770460222344E-0001  1.03449365012755456028E+0000  7.81512309107662129061E-0001  0.00000000000000000000E+0000  2.18478658651365228283E+0002  0.00000000000000000000E+0000  3.77934801241948858888E-0008  3.95839367936582623514E-0004  9.15856104139872795585E-0032  0.00000000000000000000E+0000  2.60958704997651268318E+0000  0.00000000000000000000E+0000  0.00000000000000000000E+0000  2.60958676718444301606E+0000  0.00000000000000000000E+0000  8.94285192019941585864E-0002  4.86696652233011453613E-0003  8.94284998190413687314E-0002  4.86696754016401501375E-0003  2.47906212354652134588E-0012  1.32543132113935379680E+0000  0.00000000000000000000E+0000  3.04275140668292601136E-0004  2.47281243149183696250E-0004 -1.01223836221840504537E-0004
 1.27200000000000000001E-0004  6.10000000000000000013E-0001 -2.14460361455365218206E+0002  1.62465433580673583579E-0005 -2.14460361455365218206E+0002  1.00000000000000000000E+0000  8.69907560243832359091E-0001  1.03449366332669200237E+0000  7.81512201143943968120E-0001  0.00000000000000000000E+0000  2.18478658651365228283E+0002  0.00000000000000000000E+0000  3.77933534660512905137E-0008  3.95841270696380882279E-0004  9.15850990542747711375E-0032  0.00000000000000000000E+0000  2.60959141666591354770E+0000  0.00000000000000000000E+0000  0.00000000000000000000E+0000  2.60959113152212375270E+0000  0.00000000000000000000E+0000  8.94270611413986444061E-0002  4.86688928433055132215E-0003  8.94270418443014454508E-0002  4.86689029803397859301E-0003  2.47903599312383902571E-0012  1.32543141638001876130E+0000  0.00000000000000000000E+0000  3.02918583344821269894E-0004  2.46599334275579663545E-0004 -1.00923343822458665982E-0004
 1.29699999999999999994E-0004  6.10000000000000000013E-0001 -2.14460360379569782971E+0002  1.60615405249894510927E-0005 -2.14460360379569782971E+0002  1.00000000000000000000E+0000  8.69907449108158430931E-0001  1.03449367512977540332E+0000  7.81512094088416382927E-0001  0.00000000000000000000E+0000  2.18478658651365228283E+0002  0.00000000000000000000E+0000  3.77932287518558438560E-0008  3.95843144066113530966E-0004  9.15845914961117452660E-0032  0.00000000000000000000E+0000  2.60959568449775417194E+0000  0.00000000000000000000E+0000  0.00000000000000000000E+0000  2.60959541340770177949E+0000  0.00000000000000000000E+0000  8.94256111548928473115E-0002  4.86681239186485217126E-0003  8.94255919421423222209E-0002  4.86681340151056011062E-0003  2.47901005333030404512E-0012  1.32543151001332734499E+0000  0.00000000000000000000E+0000  3.01590611770160701042E-0004  2.45927349186118080673E-0004 -1.00626494882093232635E-0004
 1.32299999999999999995E-0004  6.10000000000000000013E-0001 -2.14460359310599699728E+0002  1.58745121015054675544E-0005 -2.14460359310599699728E+0002  1.00000000000000000000E+0000  8.69907335000869186216E-0001  1.03449368591132028785E+0000  7.81511983722610590480E-0001  0.00000000000000000000E+0000  2.18478658651365228283E+0002  0.00000000000000000000E+0000  3.77931011070432253664E-0008  3.95845060886170888290E-0004  9.15840677023286043081E-0032  0.00000000000000000000E+0000  2.60960003358679006285E+0000  0.00000000000000000000E+0000  0.00000000000000000000E+0000  2.60959976186774183886E+0000  0.00000000000000000000E+0000  8.94241117359848929251E-0002  4.86673279105132873123E-0003  8.94240926094174474553E-0002  4.86673379694079335225E-0003  2.47898329464022857528E-0012  1.32543160601149876722E+0000  0.00000000000000000000E+0000  3.00239096900172669464E-0004  2.45238839359088785644E-0004 -1.00323665362673559757E-0004
 1.35000000000000000006E-0004  6.10000000000000000013E-0001 -2.14460358260622267881E+0002  1.56858161000196200722E-0005 -2.14460358260622267881E+0002  1.00000000000000000000E+0000  8.69907218067732367116E-0001  1.03449369553277764242E+0000  7.81511870140001555635E-0001  0.00000000000000000000E+0000  2.18478658651365228283E+0002  0.00000000000000000000E+0000  3.77929707361749155979E-0008  3.95847018141377050174E-0004  9.15835280661530659393E-0032  0.00000000000000000000E+0000  2.60960444380176142956E+0000  0.00000000000000000000E+0000  0.00000000000000000000E+0000  2.60960417844414006849E+0000  0.00000000000000000000E+0000  8.94225637420704807699E-0002  4.86665051890791755105E-0003  8.94225447035642662488E-0002  4.86665152094222635940E-0003  2.47895571696280354451E-0012  1.32543170403433450879E+0000  0.00000000000000000000E+0000  2.98866054246703216190E-0004  2.44534597093234026755E-0004 -1.00013697346398482043E-0004
 1.37700000000000000002E-0004  6.10000000000000000013E-0001 -2.14460357268388468660E+0002  1.55024009253190282036E-0005 -2.14460357268388468660E+0002  1.00000000000000000000E+0000  8.69907102675523400401E-0001  1.03449370360766476531E+0000  7.81511757560626991114E-0001  0.00000000000000000000E+0000  2.18478658651365228283E+0002  0.00000000000000000000E+0000  3.77928425193787940327E-0008  3.95848942646275738195E-0004  9.15829926329269687470E-0032  0.00000000000000000000E+0000  2.60960874928672391555E+0000  0.00000000000000000000E+0000  0.00000000000000000000E+0000  2.60960849849799723823E+0000  0.00000000000000000000E+0000  8.94210247046495912220E-0002  4.86656862982774027150E-0003  8.94210057527787996305E-0002  4.86656962768834969132E-0003  2.47892832688520466551E-0012  1.32543180033490770662E+0000  0.00000000000000000000E+0000  2.97522131788178939163E-0004  2.43840714854055635185E-0004 -9.97085742941987677860E-0005
 1.40399999999999999999E-0004  6.10000000000000000013E-0001 -2.14460356331414680242E+0002  1.53240472273505127642E-0005 -2.14460356331414680242E+0002  1.00000000000000000000E+0000  8.69906988795944366454E-0001  1.03449371016042482026E+0000  7.81511645970684592295E-0001  0.00000000000000000000E+0000  2.18478658651365228283E+0002  0.00000000000000000000E+0000  3.77927164157838264217E-0008  3.95850834862527700338E-0004  9.15824613441882627098E-0032  0.00000000000000000000E+0000  2.60961295916865264506E+0000  0.00000000000000000000E+0000  0.00000000000000000000E+0000  2.60961271563564979701E+0000  0.00000000000000000000E+0000  8.94194944612831582516E-0002  4.86648711745604513224E-0003  8.94194755945657185388E-0002  4.86648811122247617473E-0003  2.47890114105951931349E-0012  1.32543189526033416991E+0000  0.00000000000000000000E+0000  2.96206281738678908549E-0004  2.43156932258590609184E-0004 -9.94086763721662396316E-0005
 1.43200000000000000005E-0004  6.10000000000000000013E-0001 -2.14460355420790312886E+0002  1.51442805685469518859E-0005 -2.14460355420790312886E+0002  1.00000000000000000000E+0000  8.69906872291438228758E-0001  1.03449371534941941288E+0000  7.81511531300455149056E-0001  0.00000000000000000000E+0000  2.18478658651365228283E+0002  0.00000000000000000000E+0000  3.77925878653354945456E-0008  3.95852762999792680630E-0004  9.15819147850686860842E-0032  0.00000000000000000000E+0000  2.60961722387027090109E+0000  0.00000000000000000000E+0000  0.00000000000000000000E+0000  2.60961697960799043515E+0000  0.00000000000000000000E+0000  8.94179168242115880559E-0002  4.86640298529264117963E-0003  8.94178980442829081902E-0002  4.86640397526034806483E-0003  2.47887318270345044200E-0012  1.32543199233199868387E+0000  0.00000000000000000000E+0000  2.94870767908631771144E-0004  2.42458400007876610724E-0004 -9.91026974220489128095E-0005
 1.46100000000000000006E-0004  6.10000000000000000013E-0001 -2.14460354545506483498E+0002  1.49633377488202306428E-0005 -2.14460354545506483498E+0002  1.00000000000000000000E+0000  8.69906753308199529192E-0001  1.03449371903326962571E+0000  7.81511413641349300761E-0001  0.00000000000000000000E+0000  2.18478658651365228283E+0002  0.00000000000000000000E+0000  3.77924570739299621402E-0008  3.95854723959987207927E-0004  9.15813533410518793937E-0032  0.00000000000000000000E+0000  2.60962152645063963732E+0000  0.00000000000000000000E+0000  0.00000000000000000000E+0000  2.60962128874217627540E+0000  0.00000000000000000000E+0000  8.94162926557737985659E-0002  4.86631627001918676786E-0003  8.94162739643726993454E-0002  4.86631725562879535835E-0003  2.47884442645607658522E-0012  1.32543209113090501355E+0000  0.00000000000000000000E+0000  2.93517074574851277597E-0004  2.41745699001289563338E-0004 -9.87904683756617807709E-0005
 1.48999999999999999994E-0004  6.10000000000000000013E-0001 -2.14460353733617478666E+0002  1.47876043433130535957E-0005 -2.14460353733617478666E+0002  1.00000000000000000000E+0000  8.69906635978223567436E-0001  1.03449372106435007093E+0000  7.81511297058976852714E-0001  0.00000000000000000000E+0000  2.18478658651365228283E+0002  0.00000000000000000000E+0000  3.77923285918939007589E-0008  3.95856649631603819363E-0004  9.15807964086977595411E-0032  0.00000000000000000000E+0000  2.60962571746147161929E+0000  0.00000000000000000000E+0000  0.00000000000000000000E+0000  2.60962549305641327061E+0000  0.00000000000000000000E+0000  8.94146781094157664987E-0002  4.86622996703238944097E-0003  8.94146595047838968563E-0002  4.86623094891310093551E-0003  2.47881592223638383648E-0012  1.32543218825100238441E+0000  0.00000000000000000000E+0000  2.92192443138152331772E-0004  2.41043823565457944835E-0004 -9.84833137935274510079E-0005
 1.52000000000000000004E-0004  6.10000000000000000013E-0001 -2.14460352962973788360E+0002  1.46108344153770864112E-0005 -2.14460352962973788360E+0002  1.00000000000000000000E+0000  8.69906516338758803550E-0001  1.03449372141725155522E+0000  7.81511177601784322484E-0001  0.00000000000000000000E+0000  2.18478658651365228283E+0002  0.00000000000000000000E+0000  3.77921981045628427500E-0008  3.95858604286054572084E-0004  9.15802250714855034014E-0032  0.00000000000000000000E+0000  2.60962994444195570880E+0000  0.00000000000000000000E+0000  0.00000000000000000000E+0000  2.60962972117352628065E+0000  0.00000000000000000000E+0000  8.94130180320217211965E-0002  4.86614112439501919453E-0003  8.94129995159237494928E-0002  4.86614210190755735376E-0003  2.47878663646066178253E-0012  1.32543228731380867077E+0000  0.00000000000000000000E+0000  2.90851029758357171632E-0004  2.40328468781524171615E-0004 -9.81709941048821246171E-0005
 1.55099999999999999996E-0004  6.10000000000000000013E-0001 -2.14460352240477474278E+0002  1.44335476162634710795E-0005 -2.14460352240477474278E+0002  1.00000000000000000000E+0000  8.69906394529903262999E-0001  1.03449371996189721839E+0000  7.81511055357423180137E-0001  0.00000000000000000000E+0000  2.18478658651365228283E+0002  0.00000000000000000000E+0000  3.77920658067287828010E-0008  3.95860585048758875169E-0004  9.15796396954373480685E-0032  0.00000000000000000000E+0000  2.60963418969726704071E+0000  0.00000000000000000000E+0000  0.00000000000000000000E+0000  2.60963397322462603459E+0000  0.00000000000000000000E+0000  8.94113132337360047534E-0002  4.86604977691494521113E-0003  8.94112948073181238839E-0002  4.86605075044749501279E-0003  2.47875664371246932238E-0012  1.32543238798560483911E+0000  0.00000000000000000000E+0000  2.89495245965041727798E-0004  2.39600757583188017788E-0004 -9.78532381492535492966E-0005
 1.58200000000000000001E-0004  6.10000000000000000013E-0001 -2.14460351590369108471E+0002  1.42612690448237445252E-0005 -2.14460351590369108471E+0002  1.00000000000000000000E+0000  8.69906274512003285500E-0001  1.03449371671677342642E+0000  7.81510934281605634583E-0001  0.00000000000000000000E+0000  2.18478658651365228283E+0002  0.00000000000000000000E+0000  3.77919360111682583393E-0008  3.95862527338259916989E-0004  9.15790592197763742588E-0032  0.00000000000000000000E+0000  2.60963831450105438348E+0000  0.00000000000000000000E+0000  0.00000000000000000000E+0000  2.60963811039104993765E+0000  0.00000000000000000000E+0000  8.94096188899085281171E-0002  4.86595887808038065006E-0003  8.94096005517371190773E-0002  4.86595984734429120207E-0003  2.47872687228894130367E-0012  1.32543248687643111636E+0000  0.00000000000000000000E+0000  2.88168222720627165605E-0004  2.38883978911358491437E-0004 -9.75407674739178266250E-0005
 1.61300000000000000007E-0004  6.10000000000000000013E-0001 -2.14460351011737646670E+0002  1.40938044321976209794E-0005 -2.14460351011737646670E+0002  1.00000000000000000000E+0000  8.69906156251133219431E-0001  1.03449371171415736490E+0000  7.81510814357787930739E-0001  0.00000000000000000000E+0000  2.18478658651365228283E+0002  0.00000000000000000000E+0000  3.77918086690928172855E-0008  3.95864431767779257118E-0004  9.15784835744938721350E-0032  0.00000000000000000000E+0000  2.60964232627303503102E+0000  0.00000000000000000000E+0000  0.00000000000000000000E+0000  2.60964212880981985933E+0000  0.00000000000000000000E+0000  8.94079348108946552940E-0002  4.86586842064604325970E-0003  8.94079165594643446077E-0002  4.86586938571815449207E-0003  2.47869733664835819418E-0012  1.32543258436017311064E+0000  0.00000000000000000000E+0000  2.86868904709319004482E-0004  2.38177842751098115545E-0004 -9.72334118467225547995E-0005
 1.64600000000000000003E-0004  6.10000000000000000013E-0001 -2.14460350478180970205E+0002  1.39207329488316312213E-0005 -2.14460350478180970205E+0002  1.00000000000000000000E+0000  8.69906032305444590368E-0001  1.03449370443903247133E+0000  7.81510687988230912527E-0001  0.00000000000000000000E+0000  2.18478658651365228283E+0002  0.00000000000000000000E+0000  3.77916758244065296189E-0008  3.95866416943682026581E-0004  9.15778762016821031429E-0032  0.00000000000000000000E+0000  2.60964647265686353951E+0000  0.00000000000000000000E+0000  0.00000000000000000000E+0000  2.60964627214375852649E+0000  0.00000000000000000000E+0000  8.94061534820171174926E-0002  4.86577261990091582481E-0003  8.94061353212631651689E-0002  4.86577358130169749119E-0003  2.47866619239594433801E-0012  1.32543268673169818022E+0000  0.00000000000000000000E+0000  2.85516012370871644298E-0004  2.37437905872942961028E-0004 -9.69113348247544089560E-0005
 1.67800000000000000004E-0004  6.10000000000000000013E-0001 -2.14460350036296672385E+0002  1.37575600308038134781E-0005 -2.14460350036296672385E+0002  1.00000000000000000000E+0000  8.69905913927954322848E-0001  1.03449369558291949880E+0000  7.81510566621483051869E-0001  0.00000000000000000000E+0000  2.18478658651365228283E+0002  0.00000000000000000000E+0000  3.77915495389508457475E-0008  3.95868302980801513465E-0004  9.15772921596067177766E-0032  0.00000000000000000000E+0000  2.60965036292219003410E+0000  0.00000000000000000000E+0000  0.00000000000000000000E+0000  2.60965018301914998349E+0000  0.00000000000000000000E+0000  8.94044367240340400840E-0002  4.86568017613217269304E-0003  8.94044186498526266861E-0002  4.86568113296893243140E-0003  2.47863618047468719200E-0012  1.32543278382299302865E+0000  0.00000000000000000000E+0000  2.84231068566321432529E-0004  2.36730894997985066189E-0004 -9.66041194695832998842E-0005
 1.71199999999999999995E-0004  6.10000000000000000013E-0001 -2.14460349651230239063E+0002  1.35892358932170206020E-0005 -2.14460349651230239063E+0002  1.00000000000000000000E+0000  8.69905790141252139268E-0001  1.03449368418081026958E+0000  7.81510438992416540157E-0001  0.00000000000000000000E+0000  2.18478658651365228283E+0002  0.00000000000000000000E+0000  3.77914181342267543994E-0008  3.95870263665070657965E-0004  9.15766771609185226097E-0032  0.00000000000000000000E+0000  2.60965437792714862039E+0000  0.00000000000000000000E+0000  0.00000000000000000000E+0000  2.60965419167565374002E+0000  0.00000000000000000000E+0000  8.94026243432262833887E-0002  4.86558245983531854400E-0003  8.94026063592754144895E-0002  4.86558341302007340417E-0003  2.47860461470112961765E-0012  1.32543288607981400869E+0000  0.00000000000000000000E+0000  2.82895484786518897932E-0004  2.35991447881520504350E-0004 -9.62829858428365793263E-0005
 1.74600000000000000000E-0004  6.10000000000000000013E-0001 -2.14460349350682769956E+0002  1.34256906176510238779E-0005 -2.14460349350682769956E+0002  1.00000000000000000000E+0000  8.69905668320421248318E-0001  1.03449367082402506860E+0000  7.81510312645951681369E-0001  0.00000000000000000000E+0000  2.18478658651365228283E+0002  0.00000000000000000000E+0000  3.77912894757372894089E-0008  3.95872181846541065202E-0004  9.15760675454689932330E-0032  0.00000000000000000000E+0000  2.60965825279320929285E+0000  0.00000000000000000000E+0000  0.00000000000000000000E+0000  2.60965808150108372477E+0000  0.00000000000000000000E+0000  8.94008234846213949246E-0002  4.86548523913494586875E-0003  8.94008055894626323766E-0002  4.86548618799735429011E-0003  2.47857327520007754233E-0012  1.32543298613083099821E+0000  0.00000000000000000000E+0000  2.81587997005994400456E-0004  2.35263166097023820224E-0004 -9.59670555921125099558E-0005
 1.78100000000000000001E-0004  6.10000000000000000013E-0001 -2.14460349128901776233E+0002  1.32621977453532175724E-0005 -2.14460349128901776233E+0002  1.00000000000000000000E+0000  8.69905544954071448336E-0001  1.03449365504342225561E+0000  7.81510183926646855317E-0001  0.00000000000000000000E+0000  2.18478658651365228283E+0002  0.00000000000000000000E+0000  3.77911598757430188377E-0008  3.95874112181804657265E-0004  9.15754456356870582530E-0032  0.00000000000000000000E+0000  2.60966211266312160923E+0000  0.00000000000000000000E+0000  0.00000000000000000000E+0000  2.60966194444691663447E+0000  0.00000000000000000000E+0000  8.93989816213502979381E-0002  4.86538567554413106951E-0003  8.93989638159364853734E-0002  4.86538662040820533648E-0003  2.47854130432208506708E-0012  1.32543308781372250779E+0000  0.00000000000000000000E+0000  2.80270851019341796607E-0004  2.34525049606616449779E-0004 -9.56471774204650885160E-0005
 1.81699999999999999997E-0004  6.10000000000000000013E-0001 -2.14460348994196713837E+0002  1.30988746333528658432E-0005 -2.14460348994196713837E+0002  1.00000000000000000000E+0000  8.69905420181510476434E-0001  1.03449363670347743943E+0000  7.81510052923548110366E-0001  0.00000000000000000000E+0000  2.18478658651365228283E+0002  0.00000000000000000000E+0000  3.77910295299752707393E-0008  3.95876051597857192130E-0004  9.15748118077220721280E-0032  0.00000000000000000000E+0000  2.60966594043880568726E+0000  0.00000000000000000000E+0000  0.00000000000000000000E+0000  2.60966577928047094434E+0000  0.00000000000000000000E+0000  8.93970995864424340394E-0002  4.86528380494122046451E-0003  8.93970818718470443319E-0002  4.86528474519470658950E-0003  2.47850867421154860017E-0012  1.32543319059918332850E+0000  0.00000000000000000000E+0000  2.78944972958965313369E-0004  2.33777525323295179965E-0004 -9.53234652019524037287E-0005
 1.85300000000000000006E-0004  6.10000000000000000013E-0001 -2.14460348948513898848E+0002  1.29403384625976478606E-0005 -2.14460348948513898848E+0002  1.00000000000000000000E+0000  8.69905297486463816861E-0001  1.03449361630236977391E+0000  7.81509923280519851012E-0001  0.00000000000000000000E+0000  2.18478658651365228283E+0002  0.00000000000000000000E+0000  3.77909020828829836846E-0008  3.95877945895328467334E-0004  9.15741836886628048915E-0032  0.00000000000000000000E+0000  2.60966962943325821124E+0000  0.00000000000000000000E+0000  0.00000000000000000000E+0000  2.60966947834172169037E+0000  0.00000000000000000000E+0000  8.93952297497360243175E-0002  4.86518246035434400061E-0003  8.93952121241071600611E-0002  4.86518339681907845567E-0003  2.47847635988239205879E-0012  1.32543329168056298062E+0000  0.00000000000000000000E+0000  2.77647495237720845830E-0004  2.33041681885979860538E-0004 -9.50053209155232423446E-0005
 1.88999999999999999997E-0004  6.10000000000000000013E-0001 -2.14460348999329484559E+0002  1.27819695750581600276E-0005 -2.14460348999329484559E+0002  1.00000000000000000000E+0000  8.69905173536888106983E-0001  1.03449359319163564194E+0000  7.81509791459259162106E-0001  0.00000000000000000000E+0000  2.18478658651365228283E+0002  0.00000000000000000000E+0000  3.77907741006536006018E-0008  3.95879845760093624614E-0004  9.15735440970160278622E-0032  0.00000000000000000000E+0000  2.60967328102211510495E+0000  0.00000000000000000000E+0000  0.00000000000000000000E+0000  2.60967313337214300035E+0000  0.00000000000000000000E+0000  8.93933206668982422685E-0002  4.86507884994648981669E-0003  8.93933031314497595461E-0002  4.86507978181915321275E-0003  2.47844339522484892822E-0012  1.32543339406849687437E+0000  0.00000000000000000000E+0000  2.76341912710052429603E-0004  2.32296861323340262735E-0004 -9.46834016798588748208E-0005
 1.92799999999999999997E-0004  6.10000000000000000013E-0001 -2.14460349150449735137E+0002  1.26241430309732992736E-0005 -2.14460349150449735137E+0002  1.00000000000000000000E+0000  8.69905048463401728471E-0001  1.03449356724946236411E+0000  7.81509657540666752089E-0001  0.00000000000000000000E+0000  2.18478658651365228283E+0002  0.00000000000000000000E+0000  3.77906457640994731468E-0008  3.95881748413021161527E-0004  9.15728933713314929339E-0032  0.00000000000000000000E+0000  2.60967688185096066493E+0000  0.00000000000000000000E+0000  0.00000000000000000000E+0000  2.60967674119220981220E+0000  0.00000000000000000000E+0000  8.93913731000634716935E-0002  4.86497300641078474185E-0003  8.93913556553546433410E-0002  4.86497393419089738901E-0003  2.47840986506114478436E-0012  1.32543349747800554440E+0000  0.00000000000000000000E+0000  2.75029993701160598341E-0004  2.31544000257128153526E-0004 -9.43582183082057130475E-0005
 1.96700000000000000006E-0004  6.10000000000000000013E-0001 -2.14460349409038302501E+0002  1.24668972994118006332E-0005 -2.14460349409038302501E+0002  1.00000000000000000000E+0000  8.69904922399327249372E-0001  1.03449353834369136272E+0000  7.81509521612652963271E-0001  0.00000000000000000000E+0000  2.18478658651365228283E+0002  0.00000000000000000000E+0000  3.77905172595568611154E-0008  3.95883650822784867861E-0004  9.15722318838085089882E-0032  0.00000000000000000000E+0000  2.60968042461403572081E+0000  0.00000000000000000000E+0000  0.00000000000000000000E+0000  2.60968029109730552612E+0000  0.00000000000000000000E+0000  8.93893878546317800451E-0002  4.86486496477273867668E-0003  8.93893705014553916182E-0002  4.86486588842476488822E-0003  2.47837575845751865160E-0012  1.32543360184791932425E+0000  0.00000000000000000000E+0000  2.73712542405256810089E-0004  2.30783500270384555555E-0004 -9.40301175634633872506E-0005
 2.00600000000000000002E-0004  6.10000000000000000013E-0001 -2.14460349769039058637E+0002  1.23141898947884868971E-0005 -2.14460349769039058637E+0002  1.00000000000000000000E+0000  8.69904798595797431617E-0001  1.03449350719984950616E+0000  7.81509387168834885392E-0001  0.00000000000000000000E+0000  2.18478658651365228283E+0002  0.00000000000000000000E+0000  3.77903919086724341166E-0008  3.95885503756139114964E-0004  9.15715766326100175339E-0032  0.00000000000000000000E+0000  2.60968381636722488348E+0000  0.00000000000000000000E+0000  0.00000000000000000000E+0000  2.60968369199250730252E+0000  0.00000000000000000000E+0000  8.93874159460380187151E-0002  4.86475749979620045561E-0003  8.93873986827993775674E-0002  4.86475841905454407151E-0003  2.47834193645063920069E-0012  1.32543370446346371551E+0000  0.00000000000000000000E+0000  2.72422868289168020143E-0004  2.30034755748632837060E-0004 -9.37076661748003636965E-0005
 2.04600000000000000006E-0004  6.10000000000000000013E-0001 -2.14460350246115398973E+0002  1.21621194344358797687E-0005 -2.14460350246115398973E+0002  1.00000000000000000000E+0000  8.69904673944321602116E-0001  1.03449347295518701397E+0000  7.81509250815947650089E-0001  0.00000000000000000000E+0000  2.18478658651365228283E+0002  0.00000000000000000000E+0000  3.77902665867448124222E-0008  3.95887353157155939081E-0004  9.15709110423363962332E-0032  0.00000000000000000000E+0000  2.60968714264137171296E+0000  0.00000000000000000000E+0000  0.00000000000000000000E+0000  2.60968702238199463310E+0000  0.00000000000000000000E+0000  8.93854072335362611853E-0002  4.86464787614766870654E-0003  8.93853900608955396324E-0002  4.86464879131504864224E-0003  2.47830757391563509312E-0012  1.32543380822442826762E+0000  0.00000000000000000000E+0000  2.71128284334407770050E-0004  2.29278850875285123172E-0004 -9.33820122517838244344E-0005
 2.08700000000000000006E-0004  6.10000000000000000013E-0001 -2.14460350845523848556E+0002  1.20108059751906456131E-0005 -2.14460350845523848556E+0002  1.00000000000000000000E+0000  8.69904548575218166621E-0001  1.03449343548344094886E+0000  7.81509112636172684555E-0001  0.00000000000000000000E+0000  2.18478658651365228283E+0002  0.00000000000000000000E+0000  3.77901414759871293355E-0008  3.95889196101116853203E-0004  9.15702354604957857207E-0032  0.00000000000000000000E+0000  2.60969039096855335972E+0000  0.00000000000000000000E+0000  0.00000000000000000000E+0000  2.60969027769181734786E+0000  0.00000000000000000000E+0000  8.93833625006511350538E-0002  4.86453612747996598708E-0003  8.93833454192227703754E-0002  4.86453703851912874762E-0003  2.47827267138603679473E-0012  1.32543391275712866802E+0000  0.00000000000000000000E+0000  2.69829661449582179533E-0004  2.28516251318710092564E-0004 -9.30538064313535435923E-0005
 2.12900000000000000001E-0004  6.10000000000000000013E-0001 -2.14460351573756351731E+0002  1.18603666050093686864E-0005 -2.14460351573756351731E+0002  1.00000000000000000000E+0000  8.69904422616619473234E-0001  1.03449339466041170972E+0000  7.81508972714044302581E-0001  0.00000000000000000000E+0000  2.18478658651365228283E+0002  0.00000000000000000000E+0000  3.77900167545463358732E-0008  3.95891029693171538885E-0004  9.15695502441415643018E-0032  0.00000000000000000000E+0000  2.60969355416485886828E+0000  0.00000000000000000000E+0000  0.00000000000000000000E+0000  2.60969344791199980957E+0000  0.00000000000000000000E+0000  8.93812825193038198849E-0002  4.86442228758070706428E-0003  8.93812655296287442822E-0002  4.86442319446247105130E-0003  2.47823724581668211364E-0012  1.32543401809296386928E+0000  0.00000000000000000000E+0000  2.68527881706500165308E-0004  2.27747441797663035745E-0004 -9.27232636168283058161E-0005
 2.17099999999999999996E-0004  6.10000000000000000013E-0001 -2.14460352413897955851E+0002  1.17142832430832405913E-0005 -2.14460352413897955851E+0002  1.00000000000000000000E+0000  8.69904299081444235301E-0001  1.03449335144650971603E+0000  7.81508834387236343084E-0001  0.00000000000000000000E+0000  2.18478658651365228283E+0002  0.00000000000000000000E+0000  3.77898954117093749764E-0008  3.95892809897903972886E-0004  9.15688717362167930112E-0032  0.00000000000000000000E+0000  2.60969655536565879020E+0000  0.00000000000000000000E+0000  0.00000000000000000000E+0000  2.60969645742511335883E+0000  0.00000000000000000000E+0000  8.93792169018418308809E-0002  4.86430907054873568088E-0003  8.93792000023076569520E-0002  4.86430997300791484739E-0003  2.47820212653345929223E-0012  1.32543412167505520686E+0000  0.00000000000000000000E+0000  2.67253431848351637319E-0004  2.26990597119380953926E-0004 -9.23984412259299560920E-0005
 2.21499999999999999996E-0004  6.10000000000000000013E-0001 -2.14460353419622478263E+0002  1.15657581749861925416E-0005 -2.14460353419622478263E+0002  1.00000000000000000000E+0000  8.69904172264647874795E-0001  1.03449330361114613089E+0000  7.81508691199309799805E-0001  0.00000000000000000000E+0000  2.18478658651365228283E+0002  0.00000000000000000000E+0000  3.77897719140307867002E-0008  3.95894617434702446886E-0004  9.15681681754500307247E-0032  0.00000000000000000000E+0000  2.60969952792811911370E+0000  0.00000000000000000000E+0000  0.00000000000000000000E+0000  2.60969943368785237212E+0000  0.00000000000000000000E+0000  8.93770683856630677026E-0002  4.86419113544775120241E-0003  8.93770515789255634481E-0002  4.86419203339374984105E-0003  2.47816568277598330381E-0012  1.32543422864370323176E+0000  0.00000000000000000000E+0000  2.65947006541684961537E-0004  2.26210382068352195422E-0004 -9.20631273373920943083E-0005
 2.25899999999999999995E-0004  6.10000000000000000013E-0001 -2.14460354541827816918E+0002  1.14216721691635217296E-0005 -2.14460354541827816918E+0002  1.00000000000000000000E+0000  8.69904048000186266474E-0001  1.03449325326413931890E+0000  7.81508549689559644527E-0001  0.00000000000000000000E+0000  2.18478658651365228283E+0002  0.00000000000000000000E+0000  3.77896519727176099195E-0008  3.95896368613782838824E-0004  9.15674716733193672433E-0032  0.00000000000000000000E+0000  2.60970232757508983175E+0000  0.00000000000000000000E+0000  0.00000000000000000000E+0000  2.60970224309460372921E+0000  0.00000000000000000000E+0000  8.93749350248733319676E-0002  4.86407385788557208009E-0003  8.93749183090134273006E-0002  4.86407475199205053583E-0003  2.47812960908544632901E-0012  1.32543433362199065864E+0000  0.00000000000000000000E+0000  2.64668579620835527075E-0004  2.25442687758548574448E-0004 -9.17342526731324619639E-0005
 2.30400000000000000003E-0004  6.10000000000000000013E-0001 -2.14460355816678222479E+0002  1.12785672586457232749E-0005 -2.14460355816678222479E+0002  1.00000000000000000000E+0000  8.69903923527421962315E-0001  1.03449319919874453753E+0000  7.81508406697362013708E-0001  0.00000000000000000000E+0000  2.18478658651365228283E+0002  0.00000000000000000000E+0000  3.77895329494137019883E-0008  3.95898101633009983490E-0004  9.15667666362867488873E-0032  0.00000000000000000000E+0000  2.60970501818483492651E+0000  0.00000000000000000000E+0000  0.00000000000000000000E+0000  2.60970493875627364646E+0000  0.00000000000000000000E+0000  8.93727687642583789831E-0002  4.86395459366065960952E-0003  8.93727521398960706334E-0002  4.86395548360992447220E-0003  2.47809304748616058216E-0012  1.32543443942564997658E+0000  0.00000000000000000000E+0000  2.63388695995182278784E-0004  2.24669914715356299367E-0004 -9.14029877007020116723E-0005
 2.34999999999999999993E-0004  6.10000000000000000013E-0001 -2.14460357248397206043E+0002  1.11365808301851476962E-0005 -2.14460357248397206043E+0002  1.00000000000000000000E+0000  8.69903798970653336427E-0001  1.03449314129588329806E+0000  7.81508262301692329581E-0001  0.00000000000000000000E+0000  2.18478658651365228283E+0002  0.00000000000000000000E+0000  3.77894150173151107443E-0008  3.95899813664054665949E-0004  9.15660533982313722664E-0032  0.00000000000000000000E+0000  2.60970758830488790375E+0000  0.00000000000000000000E+0000  0.00000000000000000000E+0000  2.60970751583713700037E+0000  0.00000000000000000000E+0000  8.93705703553325420162E-0002  4.86383337530367802084E-0003  8.93705538228471904741E-0002  4.86383426040181286447E-0003  2.47805599807491158185E-0012  1.32543454576092409379E+0000  0.00000000000000000000E+0000  2.62108013027452120773E-0004  2.23892454587120566376E-0004 -9.10700542038257903534E-0005
 2.39700000000000000006E-0004  6.10000000000000000013E-0001 -2.14460358842369100060E+0002  1.09958604212331314806E-0005 -2.14460358842369100060E+0002  1.00000000000000000000E+0000  8.69903674445187345666E-0001  1.03449307944719004926E+0000  7.81508116579184981083E-0001  0.00000000000000000000E+0000  2.18478658651365228283E+0002  0.00000000000000000000E+0000  3.77892983347298160642E-0008  3.95901502108513288846E-0004  9.15653322819471964144E-0032  0.00000000000000000000E+0000  2.60971003122502314569E+0000  0.00000000000000000000E+0000  0.00000000000000000000E+0000  2.60970996558223788399E+0000  0.00000000000000000000E+0000  8.93683404993175995113E-0002  4.86371023387252624082E-0003  8.93683240588182621592E-0002  4.86371111475235047212E-0003  2.47801854029675809833E-0012  1.32543465267111428615E+0000  0.00000000000000000000E+0000  2.60827610920588908788E-0004  2.23110962178810852294E-0004 -9.07356476101072306480E-0005
 2.44500000000000000000E-0004  6.10000000000000000013E-0001 -2.14460360605951225493E+0002  1.08563979418585036066E-0005 -2.14460360605951225493E+0002  1.00000000000000000000E+0000  8.69903550070335505287E-0001  1.03449301353648545143E+0000  7.81507969610626516564E-0001  0.00000000000000000000E+0000  2.18478658651365228283E+0002  0.00000000000000000000E+0000  3.77891830678624234916E-0008  3.95903164165377386168E-0004  9.15646036306063554804E-0032  0.00000000000000000000E+0000  2.60971233866565022891E+0000  0.00000000000000000000E+0000  0.00000000000000000000E+0000  2.60971227979115608987E+0000  0.00000000000000000000E+0000  8.93660799399058787529E-0002  4.86358520232442304663E-0003  8.93660635916975111824E-0002  4.86358607897037135311E-0003  2.47798065778590907447E-0012  1.32543476005000149612E+0000  0.00000000000000000000E+0000  2.59547889676280256984E-0004  2.22325690566964195022E-0004 -9.03999118472466056942E-0005
 2.49399999999999999990E-0004  6.10000000000000000013E-0001 -2.14460362545506571616E+0002  1.07182719515862403772E-0005 -2.14460362545506571616E+0002  1.00000000000000000000E+0000  8.69903425963107626421E-0001  1.03449294345229884007E+0000  7.81507821474662361212E-0001  0.00000000000000000000E+0000  2.18478658651365228283E+0002  0.00000000000000000000E+0000  3.77890693787620593412E-0008  3.95904797131713096832E-0004  9.15638677770241928837E-0032  0.00000000000000000000E+0000  2.60971450264961470707E+0000  0.00000000000000000000E+0000  0.00000000000000000000E+0000  2.60971445050747873811E+0000  0.00000000000000000000E+0000  8.93637893988614506415E-0002  4.86345831270957528966E-0003  8.93637731431356151677E-0002  4.86345918510597708237E-0003  2.47794236640350613787E-0012  1.32543486787415978152E+0000  0.00000000000000000000E+0000  2.58269431364624379584E-0004  2.21537012111976415366E-0004 -9.00629750844631946108E-0005
 2.54400000000000000002E-0004  6.10000000000000000013E-0001 -2.14460364667428121002E+0002  1.05815364646522230638E-0005 -2.14460364667428121002E+0002  1.00000000000000000000E+0000  8.69903302238634365702E-0001  1.03449286908496347669E+0000  7.81507672248847448204E-0001  0.00000000000000000000E+0000  2.18478658651365228283E+0002  0.00000000000000000000E+0000  3.77889574267777809078E-0008  3.95906398333165525720E-0004  9.15631250497851584391E-0032  0.00000000000000000000E+0000  2.60971651530762149482E+0000  0.00000000000000000000E+0000  0.00000000000000000000E+0000  2.60971646987143884454E+0000  0.00000000000000000000E+0000  8.93614695904959330147E-0002  4.86332959679839334831E-0003  8.93614534273991482989E-0002  4.86333046493271855739E-0003  2.47790368160128664321E-0012  1.32543497609678693767E+0000  0.00000000000000000000E+0000  2.56992781048024826085E-0004  2.20745283007855728058E-0004 -8.97249851296018299492E-0005
 2.59500000000000000010E-0004  6.10000000000000000013E-0001 -2.14460366978050678499E+0002  1.04462397883784646799E-0005 -2.14460366978050678499E+0002  1.00000000000000000000E+0000  8.69903179010353955951E-0001  1.03449279032662065831E+0000  7.81507522009744295965E-0001  0.00000000000000000000E+0000  2.18478658651365228283E+0002  0.00000000000000000000E+0000  3.77888473688398108931E-0008  3.95907965124265377788E-0004  9.15623757734835427466E-0032  0.00000000000000000000E+0000  2.60971836887496339008E+0000  0.00000000000000000000E+0000  0.00000000000000000000E+0000  2.60971833012171343944E+0000  0.00000000000000000000E+0000  8.93591212215673959837E-0002  4.86319908607602558059E-0003  8.93591051512036585561E-0002  4.86319994993771464480E-0003  2.47786461858360164907E-0012  1.32543508467298604050E+0000  0.00000000000000000000E+0000  2.55718449711665098386E-0004  2.19950845424371840682E-0004 -8.93860850986447972203E-0005
 2.64700000000000000013E-0004  6.10000000000000000013E-0001 -2.14460369483649870057E+0002  1.03124248561795380519E-0005 -2.14460369483649870057E+0002  1.00000000000000000000E+0000  8.69903056390017826349E-0001  1.03449270707126732575E+0000  7.81507370832905141488E-0001  0.00000000000000000000E+0000  2.18478658651365228283E+0002  0.00000000000000000000E+0000  3.77887393594545994206E-0008  3.95909494889722873686E-0004  9.15616202686244421650E-0032  0.00000000000000000000E+0000  2.60972005569279181776E+0000  0.00000000000000000000E+0000  0.00000000000000000000E+0000  2.60972002359986276739E+0000  0.00000000000000000000E+0000  8.93567449909787966565E-0002  4.86306681172959023118E-0003  8.93567290134113709877E-0002  4.86306767130995358436E-0003  2.47782519234092493573E-0012  1.32543519355985481582E+0000  0.00000000000000000000E+0000  2.54446915705826034219E-0004  2.19154027822541115802E-0004 -8.90464124864693102951E-0005
 2.70000000000000000011E-0004  6.10000000000000000013E-0001 -2.14460372190439622103E+0002  1.01801295009332088410E-0005 -2.14460372190439622103E+0002  1.00000000000000000000E+0000  8.69902934487656679708E-0001  1.03449261921479514280E+0000  7.81507218792846941179E-0001  0.00000000000000000000E+0000  2.18478658651365228283E+0002  0.00000000000000000000E+0000  3.77886335506538822833E-0008  3.95910985045535570513E-0004  9.15608588515156570051E-0032  0.00000000000000000000E+0000  2.60972156821009831592E+0000  0.00000000000000000000E+0000  0.00000000000000000000E+0000  2.60972154275395526717E+0000  0.00000000000000000000E+0000  8.93543415895279247177E-0002  4.86293280463723902314E-0003  8.93543257047811994274E-0002  4.86293365992939558563E-0003  2.47778541765459421515E-0012  1.32543530271638394531E+0000  0.00000000000000000000E+0000  2.53178626154564421109E-0004  2.18355145261284952098E-0004 -8.87060989893698952944E-0005
 2.75400000000000000005E-0004  6.10000000000000000013E-0001 -2.14460375104568712154E+0002  1.00493867751994888812E-0005 -2.14460375104568712154E+0002  1.00000000000000000000E+0000  8.69902813411543868714E-0001  1.03449252665502468653E+0000  7.81507065963027389122E-0001  0.00000000000000000000E+0000  2.18478658651365228283E+0002  0.00000000000000000000E+0000  3.77885300919427857930E-0008  3.95912433039999792061E-0004  9.15600918341655457214E-0032  0.00000000000000000000E+0000  2.60972289898603804215E+0000  0.00000000000000000000E+0000  0.00000000000000000000E+0000  2.60972288014163321130E+0000  0.00000000000000000000E+0000  8.93519116996853601757E-0002  4.86279709535818720451E-0003  8.93518959077466329275E-0002  4.86279794635697951212E-0003  2.47774530909462129040E-0012  1.32543541210339042987E+0000  0.00000000000000000000E+0000  2.51913998347932582416E-0004  2.17554499720112437231E-0004 -8.83652705326292176045E-0005
 2.80899999999999999994E-0004  6.10000000000000000013E-0001 -2.14460378232117219705E+0002  9.92022522250987706764E-0006 -2.14460378232117219705E+0002  1.00000000000000000000E+0000  8.69902693268162453312E-0001  1.03449242929173513357E+0000  7.81506912415823004918E-0001  0.00000000000000000000E+0000  2.18478658651365228283E+0002  0.00000000000000000000E+0000  3.77884291302536325274E-0008  3.95913836354631895774E-0004  9.15593195241899503339E-0032  0.00000000000000000000E+0000  2.60972404069225283980E+0000  0.00000000000000000000E+0000  0.00000000000000000000E+0000  2.60972402843278116239E+0000  0.00000000000000000000E+0000  8.93494559953978388650E-0002  4.86265971412370608592E-0003  8.93494402962191234806E-0002  4.86266056082562776784E-0003  2.47770488101634047775E-0012  1.32543552168343767089E+0000  0.00000000000000000000E+0000  2.50653421109685884611E-0004  2.16752380432204354047E-0004 -8.80240473977043663501E-0005
 2.86500000000000000006E-0004  6.10000000000000000013E-0001 -2.14460381579093047749E+0002  9.79266917673970996373E-0006 -2.14460381579093047749E+0002  1.00000000000000000000E+0000  8.69902574162176574787E-0001  1.03449232702668955392E+0000  7.81506758222509543882E-0001  0.00000000000000000000E+0000  2.18478658651365228283E+0002  0.00000000000000000000E+0000  3.77883308099059498483E-0008  3.95915192505001404333E-0004  9.15585422247289934340E-0032  0.00000000000000000000E+0000  2.60972498611504403251E+0000  0.00000000000000000000E+0000  0.00000000000000000000E+0000  2.60972498041186232978E+0000  0.00000000000000000000E+0000  8.93469751419154677808E-0002  4.86252069082906244605E-0003  8.93469595354151480007E-0002  4.86252153323218897820E-0003  2.47766414755749769159E-0012  1.32543563142078268512E+0000  0.00000000000000000000E+0000  2.49397256135988433414E-0004  2.15949064225383183771E-0004 -8.76825443596253314564E-0005
 2.92300000000000000008E-0004  6.10000000000000000013E-0001 -2.14460385218453641359E+0002  9.66456669833338837502E-0006 -2.14460385218453641359E+0002  1.00000000000000000000E+0000  8.69902454185657789815E-0001  1.03449221782587626661E+0000  7.81506600778324299599E-0001  0.00000000000000000000E+0000  2.18478658651365228283E+0002  0.00000000000000000000E+0000  3.77882336784734437504E-0008  3.95916520636102556924E-0004  9.15577466863929246116E-0032  0.00000000000000000000E+0000  2.60972573695496517523E+0000  0.00000000000000000000E+0000  0.00000000000000000000E+0000  2.60972573819852235607E+0000  0.00000000000000000000E+0000  8.93444262059255833833E-0002  4.86237760408623669573E-0003  8.93444106936729959023E-0002  4.86237844163648934756E-0003  2.47762238804662716425E-0012  1.32543574318647856120E+0000  0.00000000000000000000E+0000  2.48124195985024453902E-0004  2.15130839096490640394E-0004 -8.73347035634258396607E-0005
 2.98100000000000000010E-0004  6.10000000000000000013E-0001 -2.14460389022544769627E+0002  9.54038905616924364408E-0006 -2.14460389022544769627E+0002  1.00000000000000000000E+0000  8.69902337516077339393E-0001  1.03449210541670478072E+0000  7.81506445536517615222E-0001  0.00000000000000000000E+0000  2.18478658651365228283E+0002  0.00000000000000000000E+0000  3.77881411391835457111E-0008  3.95917773902618722764E-0004  9.15569604435171109677E-0032  0.00000000000000000000E+0000  2.60972626526624110373E+0000  0.00000000000000000000E+0000  0.00000000000000000000E+0000  2.60972627275252556153E+0000  0.00000000000000000000E+0000  8.93418973397398875617E-0002  4.86223539879331158856E-0003  8.93418819197229395493E-0002  4.86223623252020170986E-0003  2.47758111548560091192E-0012  1.32543585308640249007E+0000  0.00000000000000000000E+0000  2.46878444450119879571E-0004  2.14326237215203598373E-0004 -8.69935159403564187926E-0005
 3.04100000000000000003E-0004  6.10000000000000000013E-0001 -2.14460393139469993523E+0002  9.41575901372956818714E-0006 -2.14460393139469993523E+0002  1.00000000000000000000E+0000  8.69902220290814285632E-0001  1.03449198577471609267E+0000  7.81506287260304382928E-0001  0.00000000000000000000E+0000  2.18478658651365228283E+0002  0.00000000000000000000E+0000  3.77880502239312960256E-0008  3.95918991736947246887E-0004  9.15561568820155111029E-0032  0.00000000000000000000E+0000  2.60972657707118322321E+0000  0.00000000000000000000E+0000  0.00000000000000000000E+0000  2.60972659127355063164E+0000  0.00000000000000000000E+0000  8.93393023869445728944E-0002  4.86208921993851426276E-0003  8.93392870608335341824E-0002  4.86209004879691075584E-0003  2.47753883532453040682E-0012  1.32543596492170493882E+0000  0.00000000000000000000E+0000  2.45617133620030751188E-0004  2.13507569285115977917E-0004 -8.66458133061999960312E-0005
 3.10199999999999999992E-0004  6.10000000000000000013E-0001 -2.14460397502057105779E+0002  9.29297505055440541395E-0006 -2.14460397502057105779E+0002  1.00000000000000000000E+0000  8.69902104614495380976E-0001  1.03449186075010212944E+0000  7.81506128683708728465E-0001  0.00000000000000000000E+0000  2.18478658651365228283E+0002  0.00000000000000000000E+0000  3.77879626548709576116E-0008  3.95920150294020876812E-0004  9.15553498005365677986E-0032  0.00000000000000000000E+0000  2.60972665765320354053E+0000  0.00000000000000000000E+0000  0.00000000000000000000E+0000  2.60972667848838057753E+0000  0.00000000000000000000E+0000  8.93366855276992839505E-0002  4.86194154417760159107E-0003  8.93366702950213455048E-0002  4.86194236865647885984E-0003  2.47749634257842472723E-0012  1.32543607669657668437E+0000  0.00000000000000000000E+0000  2.44362452493684283302E-0004  2.12689235297567370936E-0004 -8.62989779940999414799E-0005
 3.16400000000000000002E-0004  6.10000000000000000013E-0001 -2.14460402119284297501E+0002  9.17196200805578132297E-0006 -2.14460402119284297501E+0002  1.00000000000000000000E+0000  8.69901990581881132212E-0001  1.03449173025565538582E+0000  7.81505969875290233022E-0001  0.00000000000000000000E+0000  2.18478658651365228283E+0002  0.00000000000000000000E+0000  3.77878785625143592920E-0008  3.95921247256275908686E-0004  9.15545394928230923939E-0032  0.00000000000000000000E+0000  2.60972650021790092607E+0000  0.00000000000000000000E+0000  0.00000000000000000000E+0000  2.60972652738572015842E+0000  0.00000000000000000000E+0000  8.93340473923475321061E-0002  4.86179240075088054903E-0003  8.93340322528823458948E-0002  4.86179322086206575644E-0003  2.47745362646350837711E-0012  1.32543618842898256241E+0000  0.00000000000000000000E+0000  2.43114453809244789025E-0004  2.11871338691971726814E-0004 -8.59524334254450936131E-0005
 3.22700000000000000009E-0004  6.10000000000000000013E-0001 -2.14460406996181636913E+0002  9.05273389769610376121E-0006 -2.14460406996181636913E+0002  1.00000000000000000000E+0000  8.69901878285537505570E-0001  1.03449159420655198416E+0000  7.81505810898653407363E-0001  0.00000000000000000000E+0000  2.18478658651365228283E+0002  0.00000000000000000000E+0000  3.77877980737682213717E-0008  3.95922280373414992827E-0004  9.15537262306063105776E-0032  0.00000000000000000000E+0000  2.60972609817490034225E+0000  0.00000000000000000000E+0000  0.00000000000000000000E+0000  2.60972613172792528707E+0000  0.00000000000000000000E+0000  8.93313885875931123386E-0002  4.86164181724011677477E-0003  8.93313735410380836815E-0002  4.86164263299060408364E-0003  2.47741069987555061442E-0012  1.32543630007890222565E+0000  0.00000000000000000000E+0000  2.41873334087885647659E-0004  2.11054080019436473618E-0004 -8.56063492474486055760E-0005
 3.29100000000000000010E-0004  6.10000000000000000013E-0001 -2.14460412138063550330E+0002  8.93528764832519726998E-0006 -2.14460412138063550330E+0002  1.00000000000000000000E+0000  8.69901767815901381855E-0001  1.03449145252006984008E+0000  7.81505651816265548015E-0001  0.00000000000000000000E+0000  2.18478658651365228283E+0002  0.00000000000000000000E+0000  3.77877213125086732089E-0008  3.95923247433916906796E-0004  9.15529102812211965753E-0032  0.00000000000000000000E+0000  2.60972544526383849056E+0000  0.00000000000000000000E+0000  0.00000000000000000000E+0000  2.60972548519098171394E+0000  0.00000000000000000000E+0000  8.93287097102408410027E-0002  4.86148982086173043735E-0003  8.93286947562703012764E-0002  4.86149063226156932270E-0003  2.47736757528676263633E-0012  1.32543641162245525637E+0000  0.00000000000000000000E+0000  2.40639270164476491434E-0004  2.10237647961049633962E-0004 -8.52608194686993096565E-0005
 3.35700000000000000003E-0004  6.10000000000000000013E-0001 -2.14460417637104848704E+0002  8.81788975134039828252E-0006 -2.14460417637104848704E+0002  1.00000000000000000000E+0000  8.69901657645882113500E-0001  1.03449130279758337862E+0000  7.81505490278242268779E-0001  0.00000000000000000000E+0000  2.18478658651365228283E+0002  0.00000000000000000000E+0000  3.77876473531623143393E-0008  3.95924158879007107865E-0004  9.15520794732421588360E-0032  0.00000000000000000000E+0000  2.60972451735833579326E+0000  0.00000000000000000000E+0000  0.00000000000000000000E+0000  2.60972456417978966288E+0000  0.00000000000000000000E+0000  8.93259701726809618561E-0002  4.86133409400244921080E-0003  8.93259553123259818173E-0002  4.86133490128710532274E-0003  2.47732361878494614184E-0012  1.32543652472806758509E+0000  0.00000000000000000000E+0000  2.39393970551540828272E-0004  2.09409901686823259185E-0004 -8.49105020868644260086E-0005
 3.42399999999999999991E-0004  6.10000000000000000013E-0001 -2.14460423415971375941E+0002  8.70236766372350654532E-0006 -2.14460423415971375941E+0002  1.00000000000000000000E+0000  8.69901549588911481654E-0001  1.03449114716932819426E+0000  7.81505328829510727447E-0001  0.00000000000000000000E+0000  2.18478658651365228283E+0002  0.00000000000000000000E+0000  3.77875775153867444988E-0008  3.95924997364650023669E-0004  9.15512468100762182948E-0032  0.00000000000000000000E+0000  2.60972331929118932041E+0000  0.00000000000000000000E+0000  0.00000000000000000000E+0000  2.60972337225686055432E+0000  0.00000000000000000000E+0000  8.93232124117237011099E-0002  4.86117703746046786854E-0003  8.93231976445815477835E-0002  4.86117784034892588970E-0003  2.47727949025745060516E-0012  1.32543663760357096997E+0000  0.00000000000000000000E+0000  2.38156778642135411589E-0004  2.08583721708306699924E-0004 -8.45614399035131676116E-0005
 3.49299999999999999996E-0004  6.10000000000000000013E-0001 -2.14460429574541618314E+0002  8.58708092264111788846E-0006 -2.14460429574541618314E+0002  1.00000000000000000000E+0000  8.69901442225133787376E-0001  1.03449098313685313691E+0000  7.81505165194357718790E-0001  0.00000000000000000000E+0000  2.18478658651365228283E+0002  0.00000000000000000000E+0000  3.77875110214288193654E-0008  3.95925770887651744596E-0004  9.15504004343657374884E-0032  0.00000000000000000000E+0000  2.60972181904234584943E+0000  0.00000000000000000000E+0000  0.00000000000000000000E+0000  2.60972187876992880182E+0000  0.00000000000000000000E+0000  8.93203965106223309674E-0002  4.86101636398497004438E-0003  8.93203818375786419521E-0002  4.86101716272165990372E-0003  2.47723458348278127340E-0012  1.32543675191193038388E+0000  0.00000000000000000000E+0000  2.36910155825285024352E-0004  2.07747371430670625542E-0004 -8.42079491339275351122E-0005
 3.56299999999999999997E-0004  6.10000000000000000013E-0001 -2.14460436029015558523E+0002  8.47373750294646115080E-0006 -2.14460436029015558523E+0002  1.00000000000000000000E+0000  8.69901337249038312518E-0001  1.03449081294525056871E+0000  7.81505001838295248790E-0001  0.00000000000000000000E+0000  2.18478658651365228283E+0002  0.00000000000000000000E+0000  3.77874490257697249627E-0008  3.95926464806991413136E-0004  9.15495530141147549025E-0032  0.00000000000000000000E+0000  2.60972002955528107368E+0000  0.00000000000000000000E+0000  0.00000000000000000000E+0000  2.60972009528982031652E+0000  0.00000000000000000000E+0000  8.93175641836372249808E-0002  4.86085444253975947341E-0003  8.93175496042098226377E-0002  4.86085523684491378126E-0003  2.47718954248720985623E-0012  1.32543686590513744988E+0000  0.00000000000000000000E+0000  2.35672573909623693459E-0004  2.06913278285378185418E-0004 -8.38559541892283696875E-0005
 3.63399999999999999993E-0004  6.10000000000000000013E-0001 -2.14460442786026460590E+0002  8.36231271870963891215E-0006 -2.14460442786026460590E+0002  1.00000000000000000000E+0000  8.69901234737705539757E-0001  1.03449063652845758767E+0000  7.81504838817274580763E-0001  0.00000000000000000000E+0000  2.18478658651365228283E+0002  0.00000000000000000000E+0000  3.77873916327307069710E-0008  3.95927077216078355569E-0004  9.15487047899376661997E-0032  0.00000000000000000000E+0000  2.60971794479068840448E+0000  0.00000000000000000000E+0000  0.00000000000000000000E+0000  2.60971801667012111422E+0000  0.00000000000000000000E+0000  8.93147159635952872490E-0002  4.86069129830396244143E-0003  8.93147014772676904604E-0002  4.86069208819714018253E-0003  2.47714439133109048889E-0012  1.32543697960787582198E+0000  0.00000000000000000000E+0000  2.34444104427274690631E-0004  2.06081582104470605693E-0004 -8.35050294525999113265E-0005
 3.70700000000000000007E-0004  6.10000000000000000013E-0001 -2.14460449952020770506E+0002  8.25128762051869860225E-0006 -2.14460449952020770506E+0002  1.00000000000000000000E+0000  8.69901133436207807468E-0001  1.03449045122800881982E+0000  7.81504673964354083858E-0001  0.00000000000000000000E+0000  2.18478658651365228283E+0002  0.00000000000000000000E+0000  3.77873382939401696191E-0008  3.95927612216192430153E-0004  9.15478443676319316105E-0032  0.00000000000000000000E+0000  2.60971552204880023838E+0000  0.00000000000000000000E+0000  0.00000000000000000000E+0000  2.60971560087471527692E+0000  0.00000000000000000000E+0000  8.93118129670945979306E-0002  4.86052468942444214642E-0003  8.93117985746857158459E-0002  4.86052547423574882160E-0003  2.47709849164495764137E-0012  1.32543709451947649232E+0000  0.00000000000000000000E+0000  2.33208064773500660203E-0004  2.05240980099774466636E-0004 -8.31503641690490975661E-0005
 3.78099999999999999990E-0004  6.10000000000000000013E-0001 -2.14460457433249614051E+0002  8.14226035527294619687E-0006 -2.14460457433249614051E+0002  1.00000000000000000000E+0000  8.69901034856037190383E-0001  1.03449025946743793298E+0000  7.81504509623069150296E-0001  0.00000000000000000000E+0000  2.18478658651365228283E+0002  0.00000000000000000000E+0000  3.77872899080084791493E-0008  3.95928059419556689021E-0004  9.15469838971123583848E-0032  0.00000000000000000000E+0000  2.60971278696801012114E+0000  0.00000000000000000000E+0000  0.00000000000000000000E+0000  2.60971287167593662178E+0000  0.00000000000000000000E+0000  8.93088957805724846249E-0002  4.86035693520409909356E-0003  8.93088814813572665009E-0002  4.86035771557221913507E-0003  2.47705254563401030993E-0012  1.32543720906346184274E+0000  0.00000000000000000000E+0000  2.31982038794907495449E-0004  2.04403475597608880032E-0004 -8.27974948796877265323E-0005
 3.85599999999999999994E-0004  6.10000000000000000013E-0001 -2.14460465236032400485E+0002  8.03517097931612469546E-0006 -2.14460465236032400485E+0002  1.00000000000000000000E+0000  8.69900939065215918385E-0001  1.03449006118919239789E+0000  7.81504345843978447464E-0001  0.00000000000000000000E+0000  2.18478658651365228283E+0002  0.00000000000000000000E+0000  3.77872465665227591521E-0008  3.95928417086894555209E-0004  9.15461235972302678826E-0032  0.00000000000000000000E+0000  2.60970973392452389845E+0000  0.00000000000000000000E+0000  0.00000000000000000000E+0000  2.60970982457949511515E+0000  0.00000000000000000000E+0000  8.93059648958306481292E-0002  4.86018805913859373033E-0003  8.93059506891727958772E-0002  4.86018883602400826186E-0003  2.47700657599614162917E-0012  1.32543732320926663010E+0000  0.00000000000000000000E+0000  2.30766029035614934193E-0004  2.03569168598983327923E-0004 -8.24460392239671842049E-0005
 3.93400000000000000012E-0004  6.10000000000000000013E-0001 -2.14460473586821035466E+0002  7.92724801165054650794E-0006 -2.14460473586821035466E+0002  1.00000000000000000000E+0000  8.69900843805396971180E-0001  1.03448985083196727389E+0000  7.81504178461195228307E-0001  0.00000000000000000000E+0000  2.18478658651365228283E+0002  0.00000000000000000000E+0000  3.77872075230416156411E-0008  3.95928687690446312424E-0004  9.15452413900652158862E-0032  0.00000000000000000000E+0000  2.60970626042441993810E+0000  0.00000000000000000000E+0000  0.00000000000000000000E+0000  2.60970635855861684562E+0000  0.00000000000000000000E+0000  8.93029440776572023590E-0002  4.86001364491505578732E-0003  8.93029299655566226074E-0002  4.86001441689289449007E-0003  2.47695929510483139088E-0012  1.32543743983178323703E+0000  0.00000000000000000000E+0000  2.29528500631689821370E-0004  2.02716336715248384875E-0004 -8.20866911499995206671E-0005
 4.01200000000000000003E-0004  6.10000000000000000013E-0001 -2.14460482162935368200E+0002  7.82271303168379243902E-0006 -2.14460482162935368200E+0002  1.00000000000000000000E+0000  8.69900752801484117933E-0001  1.03448963642780261197E+0000  7.81504013956195560376E-0001  0.00000000000000000000E+0000  2.18478658651365228283E+0002  0.00000000000000000000E+0000  3.77871743597654881454E-0008  3.95928859129976021643E-0004  9.15443713921302767856E-0032  0.00000000000000000000E+0000  2.60970249801661228236E+0000  0.00000000000000000000E+0000  0.00000000000000000000E+0000  2.60970260093297625891E+0000  0.00000000000000000000E+0000  8.92999499411252771700E-0002  4.85984041999530707651E-0003  8.92999359215568327131E-0002  4.85984118726818121063E-0003  2.47691259670081516369E-0012  1.32543755454751867773E+0000  0.00000000000000000000E+0000  2.28317395090157538194E-0004  2.01878119004395990127E-0004 -8.17343744686165485057E-0005
 4.09300000000000000007E-0004  6.10000000000000000013E-0001 -2.14460491313599779267E+0002  7.71756047653083374718E-0006 -2.14460491313599779267E+0002  1.00000000000000000000E+0000  8.69900662775742626197E-0001  1.03448940953728949735E+0000  7.81503846157703249665E-0001  0.00000000000000000000E+0000  2.18478658651365228283E+0002  0.00000000000000000000E+0000  3.77871461049659409658E-0008  3.95928932793504623353E-0004  9.15434808107281732305E-0032  0.00000000000000000000E+0000  2.60969828348011165351E+0000  0.00000000000000000000E+0000  0.00000000000000000000E+0000  2.60969839388851968594E+0000  0.00000000000000000000E+0000  8.92968688089789025777E-0002  4.85966179103324813393E-0003  8.92968548835631919548E-0002  4.85966255433054135536E-0003  2.47686474351210346901E-0012  1.32543767161701265265E+0000  0.00000000000000000000E+0000  2.27086989039044955115E-0004  2.01022842523135848787E-0004 -8.13742785274540720206E-0005
 4.17400000000000000011E-0004  6.10000000000000000013E-0001 -2.14460500697938995909E+0002  7.61567356607114600284E-0006 -2.14460500697938995909E+0002  1.00000000000000000000E+0000  8.69900577127199422427E-0001  1.03448917849656506999E+0000  7.81503681325889397078E-0001  0.00000000000000000000E+0000  2.18478658651365228283E+0002  0.00000000000000000000E+0000  3.77871238938528186013E-0008  3.95928904021887556678E-0004  9.15426028275685521692E-0032  0.00000000000000000000E+0000  2.60969377126804077385E+0000  0.00000000000000000000E+0000  0.00000000000000000000E+0000  2.60969388644850080398E+0000  0.00000000000000000000E+0000  8.92938152703090012779E-0002  4.85948439466553216721E-0003  8.92938014372402617285E-0002  4.85948515325691408578E-0003  2.47681744897538566227E-0012  1.32543778670877730318E+0000  0.00000000000000000000E+0000  2.25882659997397868331E-0004  2.00182156801656217629E-0004 -8.10212734950100455701E-0005
 4.25800000000000000002E-0004  6.10000000000000000013E-0001 -2.14460510681601184024E+0002  7.51334071823235166472E-0006 -2.14460510681601184024E+0002  1.00000000000000000000E+0000  8.69900492897279929347E-0001  1.03448893456693223180E+0000  7.81503513505258113367E-0001  0.00000000000000000000E+0000  2.18478658651365228283E+0002  0.00000000000000000000E+0000  3.77871071938638509012E-0008  3.95928766779202475370E-0004  9.15417055654466151184E-0032  0.00000000000000000000E+0000  2.60968877646533095214E+0000  0.00000000000000000000E+0000  0.00000000000000000000E+0000  2.60968889908432037021E+0000  0.00000000000000000000E+0000  8.92906776572708785501E-0002  4.85930172747928022897E-0003  8.92906639179679353230E-0002  4.85930248209617032568E-0003  2.47676906078377101554E-0012  1.32543790401399118740E+0000  0.00000000000000000000E+0000  2.24660746195173712349E-0004  1.99325566526735943877E-0004 -8.06610269202061297701E-0005
 4.34299999999999999988E-0004  6.10000000000000000013E-0001 -2.14460521031331230346E+0002  7.41304255088836936932E-0006 -2.14460521031331230346E+0002  1.00000000000000000000E+0000  8.69900412255553458273E-0001  1.03448868339800996896E+0000  7.81503346805071523549E-0001  0.00000000000000000000E+0000  2.18478658651365228283E+0002  0.00000000000000000000E+0000  3.77870966277162990612E-0008  3.95928520086335324693E-0004  9.15408108755114779646E-0032  0.00000000000000000000E+0000  2.60968340922792397174E+0000  0.00000000000000000000E+0000  0.00000000000000000000E+0000  2.60968353713985355214E+0000  0.00000000000000000000E+0000  8.92875317900047438174E-0002  4.85911818861804452442E-0003  8.92875181437203167519E-0002  4.85911893874853966028E-0003  2.47672069724263930187E-0012  1.32543802068754202933E+0000  0.00000000000000000000E+0000  2.23450744102774943769E-0004  1.98473777962297624353E-0004 -8.03035695017475691841E-0005
 4.42999999999999999991E-0004  6.10000000000000000013E-0001 -2.14460531881493225534E+0002  7.31361975295075987465E-0006 -2.14460531881493225534E+0002  1.00000000000000000000E+0000  8.69900334407816820149E-0001  1.03448842190353182229E+0000  7.81503179374242518238E-0001  0.00000000000000000000E+0000  2.18478658651365228283E+0002  0.00000000000000000000E+0000  3.77870922802358210287E-0008  3.95928157312928751540E-0004  9.15399087058757254773E-0032  0.00000000000000000000E+0000  2.60967759374369339905E+0000  0.00000000000000000000E+0000  0.00000000000000000000E+0000  2.60967772806169867150E+0000  0.00000000000000000000E+0000  8.92843417210046257169E-0002  4.85893166884093980966E-0003  8.92843281679695039354E-0002  4.85893241473613207342E-0003  2.47667184576749040070E-0012  1.32543813806504523175E+0000  0.00000000000000000000E+0000  2.22238923007747241772E-0004  1.97617159652648713884E-0004 -7.99439467374625038445E-0005
 4.51900000000000000012E-0004  6.10000000000000000013E-0001 -2.14460543242373425685E+0002  7.21513407039763838762E-0006 -2.14460543242373425685E+0002  1.00000000000000000000E+0000  8.69900259560630653743E-0001  1.03448814989500168535E+0000  7.81503011356106396413E-0001  0.00000000000000000000E+0000  2.18478658651365228283E+0002  0.00000000000000000000E+0000  3.77870944332978354624E-0008  3.95927673336645530154E-0004  9.15389996725788993917E-0032  0.00000000000000000000E+0000  2.60967131649884072570E+0000  0.00000000000000000000E+0000  0.00000000000000000000E+0000  2.60967145691162226515E+0000  0.00000000000000000000E+0000  8.92811088508615916689E-0002  4.85874223211826611412E-0003  8.92810953912783019959E-0002  4.85874297375869257965E-0003  2.47662252388236680667E-0012  1.32543825606605503999E+0000  0.00000000000000000000E+0000  2.21025984124510687209E-0004  1.96756206384721043364E-0004 -7.95827803508649762473E-0005
 4.60900000000000000002E-0004  6.10000000000000000013E-0001 -2.14460554992197182836E+0002  7.11867862741991011669E-0006 -2.14460554992197182836E+0002  1.00000000000000000000E+0000  8.69900188652050988011E-0001  1.03448787034405384683E+0000  7.81502844709492839540E-0001  0.00000000000000000000E+0000  2.18478658651365228283E+0002  0.00000000000000000000E+0000  3.77871031934926800077E-0008  3.95927071050470180861E-0004  9.15380942974005973371E-0032  0.00000000000000000000E+0000  2.60966464123719415992E+0000  0.00000000000000000000E+0000  0.00000000000000000000E+0000  2.60966478712343240721E+0000  0.00000000000000000000E+0000  8.92778702115214726161E-0002  4.85855204021393382970E-0003  8.92778568445393338793E-0002  4.85855277736387561114E-0003  2.47657328896551554703E-0012  1.32543837336346162319E+0000  0.00000000000000000000E+0000  2.19825643832089292950E-0004  1.95900734173624856066E-0004 -7.92242132379809494736E-0005
 4.70100000000000000009E-0004  6.10000000000000000013E-0001 -2.14460567271291280014E+0002  7.02319473055600770609E-0006 -2.14460567271291280014E+0002  1.00000000000000000000E+0000  8.69900121038158320383E-0001  1.03448758002223142470E+0000  7.81502677684552398850E-0001  0.00000000000000000000E+0000  2.18478658651365228283E+0002  0.00000000000000000000E+0000  3.77871188524287971190E-0008  3.95926340207180276852E-0004  9.15371829608861166296E-0032  0.00000000000000000000E+0000  2.60965748292145749421E+0000  0.00000000000000000000E+0000  0.00000000000000000000E+0000  2.60965763514661199646E+0000  0.00000000000000000000E+0000  8.92745908311093462625E-0002  4.85835902743927877967E-0003  8.92745775568300854451E-0002  4.85835976035445912476E-0003  2.47652363722556244914E-0012  1.32543849119958195707E+0000  0.00000000000000000000E+0000  2.18624962968474167278E-0004  1.95041566252880120695E-0004 -7.88640619737902920866E-0005
 4.79500000000000000007E-0004  6.10000000000000000013E-0001 -2.14460580089741963364E+0002  6.92872992630339666659E-0006 -2.14460580089741963364E+0002  1.00000000000000000000E+0000  8.69900056913329535835E-0001  1.03448727875460637848E+0000  7.81502510417592470592E-0001  0.00000000000000000000E+0000  2.18478658651365228283E+0002  0.00000000000000000000E+0000  3.77871416744034679092E-0008  3.95925475935591906534E-0004  9.15362662506025701649E-0032  0.00000000000000000000E+0000  2.60964982872300472572E+0000  0.00000000000000000000E+0000  0.00000000000000000000E+0000  2.60964998692178652565E+0000  0.00000000000000000000E+0000  8.92712720533972518675E-0002  4.85816325563375180533E-0003  8.92712588718980697410E-0002  4.85816398430094917477E-0003  2.47647358498488293452E-0012  1.32543860951887940787E+0000  0.00000000000000000000E+0000  2.17424542079164180370E-0004  1.94179144006548244984E-0004 -7.85028139033702128968E-0005
 4.89099999999999999996E-0004  6.10000000000000000013E-0001 -2.14460593459496968394E+0002  6.83531259466323638472E-0006 -2.14460593459496968394E+0002  1.00000000000000000000E+0000  8.69899996471570605594E-0001  1.03448696636882540346E+0000  7.81502343045775034458E-0001  0.00000000000000000000E+0000  2.18478658651365228283E+0002  0.00000000000000000000E+0000  3.77871719237135797760E-0008  3.95924473374279604539E-0004  9.15353447591618002519E-0032  0.00000000000000000000E+0000  2.60964166485219202876E+0000  0.00000000000000000000E+0000  0.00000000000000000000E+0000  2.60964182907959212879E+0000  0.00000000000000000000E+0000  8.92679152281097209535E-0002  4.85796478739013407099E-0003  8.92679021395087145987E-0002  4.85796551069453034317E-0003  2.47642311361390030141E-0012  1.32543872826053989178E+0000  0.00000000000000000000E+0000  2.16224820614862013593E-0004  1.93313799783599579246E-0004 -7.81405395152294276930E-0005
 4.98899999999999999976E-0004  6.10000000000000000013E-0001 -2.14460607390203577660E+0002  6.74301424960708312305E-0006 -2.14460607390203577660E+0002  1.00000000000000000000E+0000  8.69899939890329755641E-0001  1.03448664271128816647E+0000  7.81502175695403857427E-0001  0.00000000000000000000E+0000  2.18478658651365228283E+0002  0.00000000000000000000E+0000  3.77872098381699159863E-0008  3.95923328121133488822E-0004  9.15344190300306578523E-0032  0.00000000000000000000E+0000  2.60963297905246620302E+0000  0.00000000000000000000E+0000  0.00000000000000000000E+0000  2.60963314911991614412E+0000  0.00000000000000000000E+0000  8.92645216016842637255E-0002  4.85776368081452832693E-0003  8.92645086058018012118E-0002  4.85776439982781904736E-0003  2.47637234111152522486E-0012  1.32543884740740020034E+0000  0.00000000000000000000E+0000  2.15026632945081657293E-0004  1.92446156150022170422E-0004 -7.77774522580110421845E-0005
 5.08900000000000000000E-0004  6.10000000000000000013E-0001 -2.14460621893133434171E+0002  6.65183304272024205868E-0006 -2.14460621893133434171E+0002  1.00000000000000000000E+0000  8.69899887352921615024E-0001  1.03448630762018566054E+0000  7.81502008497050959708E-0001  0.00000000000000000000E+0000  2.18478658651365228283E+0002  0.00000000000000000000E+0000  3.77872556668730614909E-0008  3.95922035517919977783E-0004  9.15334896294587133097E-0032  0.00000000000000000000E+0000  2.60962375836022599440E+0000  0.00000000000000000000E+0000  0.00000000000000000000E+0000  2.60962393423633848624E+0000  0.00000000000000000000E+0000  8.92610924778774154236E-0002  4.85755999662795539016E-0003  8.92610795746941774610E-0002  4.85756071134683392773E-0003  2.47632124781020548205E-0012  1.32543896685346775175E+0000  0.00000000000000000000E+0000  2.13830343618184898108E-0004  1.91576503591526856660E-0004 -7.74137112910735518192E-0005
 5.19000000000000000019E-0004  6.10000000000000000013E-0001 -2.14460636827598884815E+0002  6.56266336004200612423E-0006 -2.14460636827598884815E+0002  1.00000000000000000000E+0000  8.69899839460054563969E-0001  1.03448596438576271141E+0000  7.81501843179587845050E-0001  0.00000000000000000000E+0000  2.18478658651365228283E+0002  0.00000000000000000000E+0000  3.77873090510939514150E-0008  3.95920606425731745653E-0004  9.15325661016963750910E-0032  0.00000000000000000000E+0000  2.60961408981849270943E+0000  0.00000000000000000000E+0000  0.00000000000000000000E+0000  2.60961427101338718664E+0000  0.00000000000000000000E+0000  8.92576627471173581090E-0002  4.85735580053211500302E-0003  8.92576499356442522835E-0002  4.85735651075130103111E-0003  2.47627034675372237059E-0012  1.32543908542597947014E+0000  0.00000000000000000000E+0000  2.12647880403379842446E-0004  1.90713607428161335293E-0004 -7.70530481569514301148E-0005
 5.29400000000000000025E-0004  6.10000000000000000013E-0001 -2.14460652503330278393E+0002  6.47378790727987021868E-0006 -2.14460652503330278393E+0002  1.00000000000000000000E+0000  8.69899795484169317415E-0001  1.03448560602295637533E+0000  7.81501676624684638213E-0001  0.00000000000000000000E+0000  2.18478658651365228283E+0002  0.00000000000000000000E+0000  3.77873713459627461533E-0008  3.95919007107009007589E-0004  9.15316308312894862562E-0032  0.00000000000000000000E+0000  2.60960376576252247888E+0000  0.00000000000000000000E+0000  0.00000000000000000000E+0000  2.60960395345034400520E+0000  0.00000000000000000000E+0000  8.92541660495756836884E-0002  4.85714712184575992111E-0003  8.92541533305220226882E-0002  4.85714782800968193751E-0003  2.47621869175713969725E-0012  1.32543920536986802158E+0000  0.00000000000000000000E+0000  2.11456568927978620996E-0004  1.89840921836169798953E-0004 -7.66882202933994165240E-0005
 5.40000000000000000022E-0004  6.10000000000000000013E-0001 -2.14460668780534743832E+0002  6.38611363824113280018E-0006 -2.14460668780534743832E+0002  1.00000000000000000000E+0000  8.69899756067443294622E-0001  1.03448523578139368417E+0000  7.81501510590370888334E-0001  0.00000000000000000000E+0000  2.18478658651365228283E+0002  0.00000000000000000000E+0000  3.77874422495340607455E-0008  3.95917247329554218822E-0004  9.15306934883858072201E-0032  0.00000000000000000000E+0000  2.60959287139113549629E+0000  0.00000000000000000000E+0000  0.00000000000000000000E+0000  2.60959306447248006572E+0000  0.00000000000000000000E+0000  8.92506375673642902153E-0002  4.85693603931452800663E-0003  8.92506249405601316448E-0002  4.85693674117658216383E-0003  2.47616678161385559154E-0012  1.32543932550218129503E+0000  0.00000000000000000000E+0000  2.10268495477893666855E-0004  1.88967305970871526658E-0004 -7.63233961045201087508E-0005
 5.50800000000000000010E-0004  6.10000000000000000013E-0001 -2.14460685669895715910E+0002  6.29965556770169111715E-0006 -2.14460685669895715910E+0002  1.00000000000000000000E+0000  8.69899721371592521196E-0001  1.03448485352589023467E+0000  7.81501345194083042105E-0001  0.00000000000000000000E+0000  2.18478658651365228283E+0002  0.00000000000000000000E+0000  3.77875219785481368359E-0008  3.95915322981637034474E-0004  9.15297545838426612293E-0032  0.00000000000000000000E+0000  2.60958139458166939618E+0000  0.00000000000000000000E+0000  0.00000000000000000000E+0000  2.60958159327405519383E+0000  0.00000000000000000000E+0000  8.92470784893467757853E-0002  4.85672260930295026530E-0003  8.92470659545517301696E-0002  4.85672330686542394571E-0003  2.47611465036769783788E-0012  1.32543944576781442298E+0000  0.00000000000000000000E+0000  2.09084063451464652076E-0004  1.88093097155925525584E-0004 -7.59584307121753079834E-0005
 5.61799999999999999988E-0004  6.10000000000000000013E-0001 -2.14460703180469037091E+0002  6.21442740907296290261E-0006 -2.14460703180469037091E+0002  1.00000000000000000000E+0000  8.69899691553944748497E-0001  1.03448445912422412846E+0000  7.81501180549605393359E-0001  0.00000000000000000000E+0000  2.18478658651365228283E+0002  0.00000000000000000000E+0000  3.77876107436712816639E-0008  3.95913230011549765343E-0004  9.15288146138772288804E-0032  0.00000000000000000000E+0000  2.60956932444493673053E+0000  0.00000000000000000000E+0000  0.00000000000000000000E+0000  2.60956952873753205303E+0000  0.00000000000000000000E+0000  8.92434899851451051361E-0002  4.85650688707639979484E-0003  8.92434775420898645634E-0002  4.85650758034286221784E-0003  2.47606232149416776342E-0012  1.32543956612133659149E+0000  0.00000000000000000000E+0000  2.07903635698670626992E-0004  1.87218607009038239932E-0004 -7.55935071549287487624E-0005
 5.73100000000000000007E-0004  6.10000000000000000013E-0001 -2.14460721486137967096E+0002  6.12971261341148221042E-0006 -2.14460721486137967096E+0002  1.00000000000000000000E+0000  8.69899666594264927319E-0001  1.03448404877545823593E+0000  7.81501015338625598205E-0001  0.00000000000000000000E+0000  2.18478658651365228283E+0002  0.00000000000000000000E+0000  3.77877096898999452112E-0008  3.95910943098336860672E-0004  9.15278658072765226878E-0032  0.00000000000000000000E+0000  2.60955653363715225955E+0000  0.00000000000000000000E+0000  0.00000000000000000000E+0000  2.60955674385815896148E+0000  0.00000000000000000000E+0000  8.92398412302216942804E-0002  4.85628699569693641110E-0003  8.92398288793859870683E-0002  4.85628768487665722055E-0003  2.47600936550892246011E-0012  1.32543968757045105234E+0000  0.00000000000000000000E+0000  2.06717282768122542472E-0004  1.86336470322207373437E-0004 -7.52254939926263992402E-0005
 5.84500000000000000020E-0004  6.10000000000000000013E-0001 -2.14460740268101572259E+0002  6.04699688236042631640E-0006 -2.14460740268101572259E+0002  1.00000000000000000000E+0000  8.69899647034689035971E-0001  1.03448362965982945379E+0000  7.81500852561982845598E-0001  0.00000000000000000000E+0000  2.18478658651365228283E+0002  0.00000000000000000000E+0000  3.77878171987161697385E-0008  3.95908499939195932537E-0004  9.15269252952383677547E-0032  0.00000000000000000000E+0000  2.60954324209911148972E+0000  0.00000000000000000000E+0000  0.00000000000000000000E+0000  2.60954345720456510086E+0000  0.00000000000000000000E+0000  8.92361976161723484803E-0002  4.85606686600309858514E-0003  8.92361853564482635230E-0002  4.85606755065394739120E-0003  2.47595670676866467734E-0012  1.32543980798038257796E+0000  0.00000000000000000000E+0000  2.05546053141580969836E-0004  1.85462415973019210208E-0004 -7.48611979845117159246E-0005
 5.96200000000000000020E-0004  6.10000000000000000013E-0001 -2.14460759868478312531E+0002  5.96485216641375975957E-0006 -2.14460759868478312531E+0002  1.00000000000000000000E+0000  8.69899632721071614547E-0001  1.03448319427191053087E+0000  7.81500689499797802765E-0001  0.00000000000000000000E+0000  2.18478658651365228283E+0002  0.00000000000000000000E+0000  3.77879354082442388967E-0008  3.95905852929430464002E-0004  9.15259771708507345121E-0032  0.00000000000000000000E+0000  2.60952920226994834535E+0000  0.00000000000000000000E+0000  0.00000000000000000000E+0000  2.60952942343909925250E+0000  0.00000000000000000000E+0000  8.92324966257826783218E-0002  4.85584270310707911864E-0003  8.92324844575274988396E-0002  4.85584338368709018482E-0003  2.47590348843732327971E-0012  1.32543992936139873751E+0000  0.00000000000000000000E+0000  2.04369941657393496221E-0004  1.84581540966118908590E-0004 -7.44939881924709236810E-0005
 6.08200000000000000006E-0004  6.10000000000000000013E-0001 -2.14460780302272168873E+0002  5.88334881524163342249E-0006 -2.14460780302272168873E+0002  1.00000000000000000000E+0000  8.69899623937037517552E-0001  1.03448274236553223245E+0000  7.81500526355190215449E-0001  0.00000000000000000000E+0000  2.18478658651365228283E+0002  0.00000000000000000000E+0000  3.77880647006158057449E-0008  3.95902994844023655171E-0004  9.15250223162841613631E-0032  0.00000000000000000000E+0000  2.60951439540704781261E+0000  0.00000000000000000000E+0000  0.00000000000000000000E+0000  2.60951462208495224928E+0000  0.00000000000000000000E+0000  8.92287403172578416321E-0002  4.85561460314640484203E-0003  8.92287282408121590986E-0002  4.85561527962666708859E-0003  2.47584973281266587184E-0012  1.32544005165449082985E+0000  0.00000000000000000000E+0000  2.03189822284604048392E-0004  1.83694478079458325471E-0004 -7.41244689688660420711E-0005
 6.20299999999999999988E-0004  6.10000000000000000013E-0001 -2.14460801234216393948E+0002  5.80382320499667772864E-0006 -2.14460801234216393948E+0002  1.00000000000000000000E+0000  8.69899620914423334084E-0001  1.03448228140796718297E+0000  7.81500365914918704606E-0001  0.00000000000000000000E+0000  2.18478658651365228283E+0002  0.00000000000000000000E+0000  3.77882030320980528321E-0008  3.95899970911646047692E-0004  9.15240769468289658118E-0032  0.00000000000000000000E+0000  2.60949906218551730365E+0000  0.00000000000000000000E+0000  0.00000000000000000000E+0000  2.60949929367206789063E+0000  0.00000000000000000000E+0000  8.92249920326628566988E-0002  4.85538640396758477144E-0003  8.92249800468517694803E-0002  4.85538707591149476543E-0003  2.47579633138399503997E-0012  1.32544017282669768871E+0000  0.00000000000000000000E+0000  2.02025360465117931253E-0004  1.82816094110187850983E-0004 -7.37588333419001907509E-0005
 6.32700000000000000009E-0004  6.10000000000000000013E-0001 -2.14460823021499026611E+0002  5.72497425490898461322E-0006 -2.14460823021499026611E+0002  1.00000000000000000000E+0000  8.69899623775422289949E-0001  1.03448180364552452500E+0000  7.81500205652204569737E-0001  0.00000000000000000000E+0000  2.18478658651365228283E+0002  0.00000000000000000000E+0000  3.77883529169526048948E-0008  3.95896726769939223201E-0004  9.15231259862623984140E-0032  0.00000000000000000000E+0000  2.60948293624129971533E+0000  0.00000000000000000000E+0000  0.00000000000000000000E+0000  2.60948317358752726971E+0000  0.00000000000000000000E+0000  8.92211911429585323747E-0002  4.85515439745200917901E-0003  8.92211792479848024321E-0002  4.85515506532249823716E-0003  2.47574246582922530922E-0012  1.32544029478588315366E+0000  0.00000000000000000000E+0000  2.00857757025911907382E-0004  1.81932245202926902464E-0004 -7.33908790724604819948E-0005
 6.45400000000000000017E-0004  6.10000000000000000013E-0001 -2.14460845678779922510E+0002  5.64685106129046011012E-0006 -2.14460845678779922510E+0002  1.00000000000000000000E+0000  8.69899632789306248961E-0001  1.03448130884884880040E+0000  7.81500045761404175503E-0001  0.00000000000000000000E+0000  2.18478658651365228283E+0002  0.00000000000000000000E+0000  3.77885147174331621807E-0008  3.95893255476596508090E-0004  9.15221702834699135829E-0032  0.00000000000000000000E+0000  2.60946599966962634073E+0000  0.00000000000000000000E+0000  0.00000000000000000000E+0000  2.60946624252939974242E+0000  0.00000000000000000000E+0000  8.92173396520046165940E-0002  4.85491867787237688786E-0003  8.92173278481606761028E-0002  4.85491934033022808813E-0003  2.47568810570682921390E-0012  1.32544041747393946922E+0000  0.00000000000000000000E+0000  1.99687647699918093088E-0004  1.81043404686122697565E-0004 -7.30211063886473011296E-0005
 6.58300000000000000016E-0004  6.10000000000000000013E-0001 -2.14460869036241583221E+0002  5.57010120589260574332E-0006 -2.14460869036241583221E+0002  1.00000000000000000000E+0000  8.69899648039689228792E-0001  1.03448080079315723361E+0000  7.81499887618578711001E-0001  0.00000000000000000000E+0000  2.18478658651365228283E+0002  0.00000000000000000000E+0000  3.77886873609490913322E-0008  3.95889580321001142880E-0004  9.15212178767695926695E-0032  0.00000000000000000000E+0000  2.60944837502244156454E+0000  0.00000000000000000000E+0000  0.00000000000000000000E+0000  2.60944862288858452559E+0000  0.00000000000000000000E+0000  8.92134691200383326756E-0002  4.85468116084699284473E-0003  8.92134574066272740772E-0002  4.85468181896961252363E-0003  2.47563379721967221223E-0012  1.32544053992930246021E+0000  0.00000000000000000000E+0000  1.98524835875092008754E-0004  1.80157062551418599886E-0004 -7.26525571307137028583E-0005
 6.71500000000000000001E-0004  6.10000000000000000013E-0001 -2.14460893287823142692E+0002  5.49413141738866705369E-0006 -2.14460893287823142692E+0002  1.00000000000000000000E+0000  8.69899669850189237702E-0001  1.03448027537522176241E+0000  7.81499730148492538018E-0001  0.00000000000000000000E+0000  2.18478658651365228283E+0002  0.00000000000000000000E+0000  3.77888724592840742955E-0008  3.95885667483034987632E-0004  9.15202620467876806400E-0032  0.00000000000000000000E+0000  2.60942991084002004617E+0000  0.00000000000000000000E+0000  0.00000000000000000000E+0000  2.60943016414734700538E+0000  0.00000000000000000000E+0000  8.92095511424326041117E-0002  4.85444008179712585460E-0003  8.92095395195700207320E-0002  4.85444073579297764568E-0003  2.47557911691392573615E-0012  1.32544066297067694867E+0000  0.00000000000000000000E+0000  1.97360706776093835014E-0004  1.79266677096833145475E-0004 -7.22824098617141442331E-0005
 6.84899999999999999977E-0004  6.10000000000000000013E-0001 -2.14460918257966368511E+0002  5.41953081632115745480E-0006 -2.14460918257966368511E+0002  1.00000000000000000000E+0000  8.69899698207789162532E-0001  1.03447973645664844939E+0000  7.81499574658971610155E-0001  0.00000000000000000000E+0000  2.18478658651365228283E+0002  0.00000000000000000000E+0000  3.77890688102426802650E-0008  3.95881542532214394584E-0004  9.15193105428315084200E-0032  0.00000000000000000000E+0000  2.60941073690538227628E+0000  0.00000000000000000000E+0000  0.00000000000000000000E+0000  2.60941099516405516164E+0000  0.00000000000000000000E+0000  8.92056166435052281491E-0002  4.85419732708679787258E-0003  8.92056051105856937362E-0002  4.85419797675432695085E-0003  2.47552448670580237410E-0012  1.32544078567214134920E+0000  0.00000000000000000000E+0000  1.96204357181424039054E-0004  1.78379256030523301494E-0004 -7.19137245564302649225E-0005
 6.98599999999999999992E-0004  6.10000000000000000013E-0001 -2.14460944144517510909E+0002  5.34576084011452635926E-0006 -2.14460944144517510909E+0002  1.00000000000000000000E+0000  8.69899733513476809991E-0001  1.03447917986919687083E+0000  7.81499420130255429686E-0001  0.00000000000000000000E+0000  2.18478658651365228283E+0002  0.00000000000000000000E+0000  3.77892781284243915755E-0008  3.95877169765640249970E-0004  9.15183568846317126637E-0032  0.00000000000000000000E+0000  2.60939069650667436777E+0000  0.00000000000000000000E+0000  0.00000000000000000000E+0000  2.60939096008543006903E+0000  0.00000000000000000000E+0000  8.92016377718922179327E-0002  4.85395115808090404362E-0003  8.92016263288971923787E-0002  4.85395180362851020135E-0003  2.47546954539926489305E-0012  1.32544090887577682919E+0000  0.00000000000000000000E+0000  1.95047624734200085907E-0004  1.77488565941657863905E-0004 -7.15437610560312782754E-0005
 7.12599999999999999994E-0004  6.10000000000000000013E-0001 -2.14460970960232915214E+0002  5.27285586380243357147E-0006 -2.14460970960232915214E+0002  1.00000000000000000000E+0000  8.69899775996719231775E-0001  1.03447860542908683806E+0000  7.81499266732356844922E-0001  0.00000000000000000000E+0000  2.18478658651365228283E+0002  0.00000000000000000000E+0000  3.77895007175563398099E-0008  3.95872543195002799542E-0004  9.15174018204577071474E-0032  0.00000000000000000000E+0000  2.60936977406362688339E+0000  0.00000000000000000000E+0000  0.00000000000000000000E+0000  2.60937004272544541858E+0000  0.00000000000000000000E+0000  8.91976163356681014239E-0002  4.85370166139025322463E-0003  8.91976049825528460749E-0002  4.85370230280749070115E-0003  2.47541432030550678473E-0012  1.32544103253082983245E+0000  0.00000000000000000000E+0000  1.93891102134868034579E-0004  1.76595076401082537540E-0004 -7.11728224891067519669E-0005
 7.26799999999999999986E-0004  6.10000000000000000013E-0001 -2.14460998521312964454E+0002  5.20133383174525882520E-0006 -2.14460998521312964454E+0002  1.00000000000000000000E+0000  8.69899825487084791577E-0001  1.03447801714268232940E+0000  7.81499115664161689678E-0001  0.00000000000000000000E+0000  2.18478658651365228283E+0002  0.00000000000000000000E+0000  3.77897351601306191726E-0008  3.95867692257286843721E-0004  9.15164526328168009344E-0032  0.00000000000000000000E+0000  2.60934810975097810932E+0000  0.00000000000000000000E+0000  0.00000000000000000000E+0000  2.60934838322620504857E+0000  0.00000000000000000000E+0000  8.91935822095343410705E-0002  4.85345067560513139523E-0003  8.91935709455995278121E-0002  4.85345131269818354178E-0003  2.47535921999010164274E-0012  1.32544115572929498397E+0000  0.00000000000000000000E+0000  1.92743258600567371716E-0004  1.75705387732303707176E-0004 -7.08036461406995154319E-0005
 7.41400000000000000014E-0004  6.10000000000000000013E-0001 -2.14461027231086533068E+0002  5.13022861504815615141E-0006 -2.14461027231086533068E+0002  1.00000000000000000000E+0000  8.69899882939075886929E-0001  1.03447740652324427738E+0000  7.81498964987871031569E-0001  0.00000000000000000000E+0000  2.18478658651365228283E+0002  0.00000000000000000000E+0000  3.77899850977653977087E-0008  3.95862541998477883899E-0004  9.15154967899289429579E-0032  0.00000000000000000000E+0000  2.60932538023804322857E+0000  0.00000000000000000000E+0000  0.00000000000000000000E+0000  2.60932565904068621953E+0000  0.00000000000000000000E+0000  8.91894806095825979251E-0002  4.85319476364098882884E-0003  8.91894694352711125027E-0002  4.85319539680868670413E-0003  2.47530353290323657829E-0012  1.32544128010352799693E+0000  0.00000000000000000000E+0000  1.91588657076876833722E-0004  1.74807535518932576735E-0004 -7.04311406142831014403E-0005
 7.56199999999999999979E-0004  6.10000000000000000013E-0001 -2.14461056704987894972E+0002  5.06052379391706789535E-0006 -2.14461056704987894972E+0002  1.00000000000000000000E+0000  8.69899947731379965046E-0001  1.03447678181023347023E+0000  7.81498816895422185520E-0001  0.00000000000000000000E+0000  2.18478658651365228283E+0002  0.00000000000000000000E+0000  3.77902473227861700647E-0008  3.95857158475201152987E-0004  9.15145479549338967028E-0032  0.00000000000000000000E+0000  2.60930188607610315330E+0000  0.00000000000000000000E+0000  0.00000000000000000000E+0000  2.60930216945932422277E+0000  0.00000000000000000000E+0000  8.91853691351568259534E-0002  4.85293749994328402588E-0003  8.91853580497300811158E-0002  4.85293812877654932626E-0003  2.47524801700952368265E-0012  1.32544140394773138966E+0000  0.00000000000000000000E+0000  1.90443419196432077974E-0004  1.73914099580047936722E-0004 -7.00607325654676878300E-0005
 7.71299999999999999984E-0004  6.10000000000000000013E-0001 -2.14461087151748169485E+0002  4.99175194048134752550E-0006 -2.14461087151748169485E+0002  1.00000000000000000000E+0000  8.69900020456792198254E-0001  1.03447613867473511427E+0000  7.81498670505391272929E-0001  0.00000000000000000000E+0000  2.18478658651365228283E+0002  0.00000000000000000000E+0000  3.77905238067765889842E-0008  3.95851501203345156619E-0004  9.15136002501012343343E-0032  0.00000000000000000000E+0000  2.60927745718275696748E+0000  0.00000000000000000000E+0000  0.00000000000000000000E+0000  2.60927774556777626190E+0000  0.00000000000000000000E+0000  8.91812213514362538244E-0002  4.85267721267213357762E-0003  8.91812103546581786025E-0002  4.85267783738737804405E-0003  2.47519234730100325850E-0012  1.32544152802578058881E+0000  0.00000000000000000000E+0000  1.89300135637020529973E-0004  1.73019345416497171255E-0004 -6.96898443933027695086E-0005
 7.86699999999999999976E-0004  6.10000000000000000013E-0001 -2.14461118581888578113E+0002  4.92393046719811561377E-0006 -2.14461118581888578113E+0002  1.00000000000000000000E+0000  8.69900101308506290099E-0001  1.03447547697361183537E+0000  7.81498525965119163498E-0001  0.00000000000000000000E+0000  2.18478658651365228283E+0002  0.00000000000000000000E+0000  3.77908148012591157683E-0008  3.95845565038559655089E-0004  9.15126543318254795327E-0032  0.00000000000000000000E+0000  2.60925208061848743347E+0000  0.00000000000000000000E+0000  0.00000000000000000000E+0000  2.60925237381075791876E+0000  0.00000000000000000000E+0000  8.91770388964756106890E-0002  4.85241398169995098698E-0003  8.91770279881016115730E-0002  4.85241460229651291859E-0003  2.47513654733034275212E-0012  1.32544165229972428651E+0000  0.00000000000000000000E+0000  1.88159242415163474120E-0004  1.72123644110923120745E-0004 -6.93187354406736016781E-0005
 8.02500000000000000002E-0004  6.10000000000000000013E-0001 -2.14461151214903740919E+0002  4.85666129096189859140E-0006 -2.14461151214903740919E+0002  1.00000000000000000000E+0000  8.69900191081264219785E-0001  1.03447479220474694507E+0000  7.81498382538625466448E-0001  0.00000000000000000000E+0000  2.18478658651365228283E+0002  0.00000000000000000000E+0000  3.77911225494005720919E-0008  3.95839304402111794404E-0004  9.15117049550336134964E-0032  0.00000000000000000000E+0000  2.60922557288331485089E+0000  0.00000000000000000000E+0000  0.00000000000000000000E+0000  2.60922587097195715590E+0000  0.00000000000000000000E+0000  8.91727968168202466063E-0002  4.85214620458790850257E-0003  8.91727859970959705100E-0002  4.85214682125324033857E-0003  2.47508030561913393698E-0012  1.32544177749132224560E+0000  0.00000000000000000000E+0000  1.87014065867171984988E-0004  1.71221754413625398143E-0004 -6.89451894513584913050E-0005
 8.18500000000000000019E-0004  6.10000000000000000013E-0001 -2.14461184645100301688E+0002  4.79079461952846352090E-0006 -2.14461184645100301688E+0002  1.00000000000000000000E+0000  8.69900288775713646957E-0001  1.03447409294415894256E+0000  7.81498242151189130903E-0001  0.00000000000000000000E+0000  2.18478658651365228283E+0002  0.00000000000000000000E+0000  3.77914433304438767745E-0008  3.95832794758859344970E-0004  9.15107646327743864757E-0032  0.00000000000000000000E+0000  2.60919826041640618569E+0000  0.00000000000000000000E+0000  0.00000000000000000000E+0000  2.60919856292285760012E+0000  0.00000000000000000000E+0000  8.91685500831402594001E-0002  4.85187733425943121092E-0003  8.91685393512165916065E-0002  4.85187794659510004465E-0003  2.47502433498707180814E-0012  1.32544190200502926523E+0000  0.00000000000000000000E+0000  1.85879310032880536151E-0004  1.70325310181689279914E-0004 -6.85741122657675428701E-0005
 8.34900000000000000018E-0004  6.10000000000000000013E-0001 -2.14461219303145938647E+0002  4.72552462887354312457E-0006 -2.14461219303145938647E+0002  1.00000000000000000000E+0000  8.69900395827402942437E-0001  1.03447337029956801648E+0000  7.81498103211144546189E-0001  0.00000000000000000000E+0000  2.18478658651365228283E+0002  0.00000000000000000000E+0000  3.77917814324315215415E-0008  3.95825949095623261745E-0004  9.15098223417916790670E-0032  0.00000000000000000000E+0000  2.60916978659526232120E+0000  0.00000000000000000000E+0000  0.00000000000000000000E+0000  2.60917009414931682482E+0000  0.00000000000000000000E+0000  8.91642474565554648655E-0002  4.85160410054524785212E-0003  8.91642368126555941380E-0002  4.85160470745325697224E-0003  2.47496794775025973368E-0012  1.32544202729612498352E+0000  0.00000000000000000000E+0000  1.84741213706036243931E-0004  1.69423462884142996277E-0004 -6.82008663736592639639E-0005
 8.51600000000000000003E-0004  6.10000000000000000013E-0001 -2.14461254987407778844E+0002  4.66128080810877186902E-0006 -2.14461254987407778844E+0002  1.00000000000000000000E+0000  8.69900511778560533191E-0001  1.03447262854117354885E+0000  7.81497966719091779954E-0001  0.00000000000000000000E+0000  2.18478658651365228283E+0002  0.00000000000000000000E+0000  3.77921350422879418351E-0008  3.95818803944221128465E-0004  9.15088845131258659340E-0032  0.00000000000000000000E+0000  2.60914031237615789971E+0000  0.00000000000000000000E+0000  0.00000000000000000000E+0000  2.60914062439417881946E+0000  0.00000000000000000000E+0000  8.91599169061561193185E-0002  4.85132825492994311682E-0003  8.91599063497537757658E-0002  4.85132885768515131707E-0003  2.47491160652875788233E-0012  1.32544215260979937219E+0000  0.00000000000000000000E+0000  1.83607389668803792066E-0004  1.68522270150681021226E-0004 -6.78280791140205732609E-0005
 8.68599999999999999975E-0004  6.10000000000000000013E-0001 -2.14461291707258981928E+0002  4.59805148851690352422E-0006 -2.14461291707258981928E+0002  1.00000000000000000000E+0000  8.69900636786466846940E-0001  1.03447186756753592711E+0000  7.81497832800205064125E-0001  0.00000000000000000000E+0000  2.18478658651365228283E+0002  0.00000000000000000000E+0000  3.77925043607305719824E-0008  3.95811355017752715461E-0004  9.15079517151315374655E-0032  0.00000000000000000000E+0000  2.60910982671838858021E+0000  0.00000000000000000000E+0000  0.00000000000000000000E+0000  2.60911014324811807441E+0000  0.00000000000000000000E+0000  8.91555599093214834423E-0002  4.85104987126427359901E-0003  8.91555494400154126223E-0002  4.85105046988001042768E-0003  2.47485529224952838058E-0012  1.32544227784772346908E+0000  0.00000000000000000000E+0000  1.82478030375073979758E-0004  1.67621929779573231801E-0004 -6.74557799559687570379E-0005
 8.85999999999999999982E-0004  6.10000000000000000013E-0001 -2.14461329691050739066E+0002  4.53549539927623756529E-0006 -2.14461329691050739066E+0002  1.00000000000000000000E+0000  8.69900771812619704934E-0001  1.03447108274639529854E+0000  7.81497700842025484497E-0001  0.00000000000000000000E+0000  2.18478658651365228283E+0002  0.00000000000000000000E+0000  3.77928918509762478491E-0008  3.95803552508171049996E-0004  9.15070192474679679177E-0032  0.00000000000000000000E+0000  2.60907813498432869580E+0000  0.00000000000000000000E+0000  0.00000000000000000000E+0000  2.60907845608352022596E+0000  0.00000000000000000000E+0000  8.91511528390152273654E-0002  4.85076741080058193214E-0003  8.91511424568152219616E-0002  4.85076800545379821949E-0003  2.47479871879363805380E-0012  1.32544240369744573366E+0000  0.00000000000000000000E+0000  1.81347054411409598441E-0004  1.66717610362327939910E-0004 -6.70819622347613954384E-0005
 9.03699999999999999975E-0004  6.10000000000000000013E-0001 -2.14461368730020459042E+0002  4.47398310166205190219E-0006 -2.14461368730020459042E+0002  1.00000000000000000000E+0000  8.69900916259702206587E-0001  1.03447027847267280327E+0000  7.81497571745909927119E-0001  0.00000000000000000000E+0000  2.18478658651365228283E+0002  0.00000000000000000000E+0000  3.77932955129175652014E-0008  3.95795436414074542303E-0004  9.15060931164825785380E-0032  0.00000000000000000000E+0000  2.60904540743782103617E+0000  0.00000000000000000000E+0000  0.00000000000000000000E+0000  2.60904573283592924925E+0000  0.00000000000000000000E+0000  8.91467227019378554139E-0002  4.85048258063541003882E-0003  8.91467124063491623569E-0002  4.85048317114473821562E-0003  2.47474222939608666053E-0012  1.32544252940239622694E+0000  0.00000000000000000000E+0000  1.80221335820778869579E-0004  1.65814842820405116185E-0004 -6.67089623157436751298E-0005
 9.21800000000000000003E-0004  6.10000000000000000013E-0001 -2.14461409056183563718E+0002  4.41318584761330159014E-0006 -2.14461409056183563718E+0002  1.00000000000000000000E+0000  8.69901071150897895108E-0001  1.03446945006825666584E+0000  7.81497444946194961722E-0001  0.00000000000000000000E+0000  2.18478658651365228283E+0002  0.00000000000000000000E+0000  3.77937178903793987481E-0008  3.95786955361200006184E-0004  9.15051688294043237053E-0032  0.00000000000000000000E+0000  2.60901144502220291052E+0000  0.00000000000000000000E+0000  0.00000000000000000000E+0000  2.60901177485137718910E+0000  0.00000000000000000000E+0000  8.91422463820501106326E-0002  4.85019386689569942534E-0003  8.91422361729874634118E-0002  4.85019445344281084072E-0003  2.47468555455873704887E-0012  1.32544265559914058010E+0000  0.00000000000000000000E+0000  1.79095016205990677781E-0004  1.64908951962766194409E-0004 -6.63347846554677581031E-0005
 9.40200000000000000018E-0004  6.10000000000000000013E-0001 -2.14461450455097292378E+0002  4.35344532262949586216E-0006 -2.14461450455097292378E+0002  1.00000000000000000000E+0000  8.69901235791743619936E-0001  1.03446860201407800936E+0000  7.81497321275425147098E-0001  0.00000000000000000000E+0000  2.18478658651365228283E+0002  0.00000000000000000000E+0000  3.77941568516485836905E-0008  3.95778151793979338780E-0004  9.15042520955420401052E-0032  0.00000000000000000000E+0000  2.60897642484724104437E+0000  0.00000000000000000000E+0000  0.00000000000000000000E+0000  2.60897675886366792902E+0000  0.00000000000000000000E+0000  8.91377502063551587129E-0002  4.84990294512813444217E-0003  8.91377400832603524787E-0002  4.84990352753645153083E-0003  2.47462902376771185213E-0012  1.32544278156197155110E+0000  0.00000000000000000000E+0000  1.77974636591750904280E-0004  1.64005238479506342179E-0004 -6.59616763759719126776E-0005
 9.59000000000000000014E-0004  6.10000000000000000013E-0001 -2.14461493161965158702E+0002  4.29445021360086173732E-0006 -2.14461493161965158702E+0002  1.00000000000000000000E+0000  8.69901411265774540020E-0001  1.03446772958758115594E+0000  7.81497200213779430618E-0001  0.00000000000000000000E+0000  2.18478658651365228283E+0002  0.00000000000000000000E+0000  3.77946150192633403726E-0008  3.95768972798503062755E-0004  9.15033386259781809978E-0032  0.00000000000000000000E+0000  2.60894014384228710912E+0000  0.00000000000000000000E+0000  0.00000000000000000000E+0000  2.60894048215127264474E+0000  0.00000000000000000000E+0000  8.91332115652899205371E-0002  4.84960832610136899809E-0003  8.91332015279977745611E-0002  4.84960890455501399179E-0003  2.47457237709738192382E-0012  1.32544290790889550760E+0000  0.00000000000000000000E+0000  1.76854549219109944256E-0004  1.63099175313492892091E-0004 -6.55877129793114423844E-0005
 9.78199999999999999992E-0004  6.10000000000000000013E-0001 -2.14461537188226368716E+0002  4.23622195694153612806E-0006 -2.14461537188226368716E+0002  1.00000000000000000000E+0000  8.69901597791490150714E-0001  1.03446683265243944696E+0000  7.81497081936790190032E-0001  0.00000000000000000000E+0000  2.18478658651365228283E+0002  0.00000000000000000000E+0000  3.77950926691528149662E-0008  3.95759412511591010745E-0004  9.15024292178164009403E-0032  0.00000000000000000000E+0000  2.60890258761315728137E+0000  0.00000000000000000000E+0000  0.00000000000000000000E+0000  2.60890293007212123390E+0000  0.00000000000000000000E+0000  8.91286325440082584376E-0002  4.84931011421214927627E-0003  8.91286225923290029906E-0002  4.84931068870495886512E-0003  2.47451564700394668266E-0012  1.32544303458648707068E+0000  0.00000000000000000000E+0000  1.75735277519736822578E-0004  1.62191204072027477981E-0004 -6.52131169218917395016E-0005
 9.97799999999999999952E-0004  6.10000000000000000013E-0001 -2.14461582544817929083E+0002  4.17877918102738616106E-0006 -2.14461582544817929083E+0002  1.00000000000000000000E+0000  8.69901795576734326995E-0001  1.03446591108503629897E+0000  7.81496966613410390943E-0001  0.00000000000000000000E+0000  2.18478658651365228283E+0002  0.00000000000000000000E+0000  3.77955900617698111744E-0008  3.95749465349327860232E-0004  9.15015246413468921093E-0032  0.00000000000000000000E+0000  2.60886374237516112384E+0000  0.00000000000000000000E+0000  0.00000000000000000000E+0000  2.60886408891954337344E+0000  0.00000000000000000000E+0000  8.91240151762879570380E-0002  4.84900841188839453385E-0003  8.91240053099835019329E-0002  4.84900898241648452884E-0003  2.47445887141164830987E-0012  1.32544316153395330628E+0000  0.00000000000000000000E+0000  1.74617316989429550904E-0004  1.61281748276414062863E-0004 -6.48380503177407622392E-0005
 1.01799999999999999999E-0003  6.10000000000000000013E-0001 -2.14461629712939717315E+0002  4.12158930322634754034E-0006 -2.14461629712939717315E+0002  1.00000000000000000000E+0000  8.69902006982952682838E-0001  1.03446495525430616860E+0000  7.81496853336471642110E-0001  0.00000000000000000000E+0000  2.18478658651365228283E+0002  0.00000000000000000000E+0000  3.77961127107901400614E-0008  3.95739020780023916213E-0004  9.15006168813098079911E-0032  0.00000000000000000000E+0000  2.60882318875414242663E+0000  0.00000000000000000000E+0000  0.00000000000000000000E+0000  2.60882353946338009553E+0000  0.00000000000000000000E+0000  8.91193154707769196938E-0002  4.84870029557738303279E-0003  8.91193056903739506743E-0002  4.84870086247227510927E-0003  2.47440154283539241812E-0012  1.32544328993485910275E+0000  0.00000000000000000000E+0000  1.73490217044061114627E-0004  1.60362282030998807517E-0004 -6.44589796146074614269E-0005
 1.03800000000000000004E-0003  6.10000000000000000013E-0001 -2.14461676813999766261E+0002  4.06683968200682939015E-0006 -2.14461676813999766261E+0002  1.00000000000000000000E+0000  8.69902223471240752470E-0001  1.03446400319173786690E+0000  7.81496746488628934351E-0001  0.00000000000000000000E+0000  2.18478658651365228283E+0002  0.00000000000000000000E+0000  3.77966396818937844188E-0008  3.95728496348170695481E-0004  9.14997414641069647960E-0032  0.00000000000000000000E+0000  2.60878254525342837141E+0000  0.00000000000000000000E+0000  0.00000000000000000000E+0000  2.60878289940390045492E+0000  0.00000000000000000000E+0000  8.91147187171758118992E-0002  4.84839793337837533193E-0003  8.91147090199911826104E-0002  4.84839849527345110961E-0003  2.47434585088881437291E-0012  1.32544341480759605176E+0000  0.00000000000000000000E+0000  1.72397824760482238057E-0004  1.59468722667042984681E-0004 -6.40908215175994769158E-0005
 1.05900000000000000004E-0003  6.10000000000000000013E-0001 -2.14461726695723510605E+0002  4.01130643596689194150E-0006 -2.14461726695723510605E+0002  1.00000000000000000000E+0000  8.69902458419285845364E-0001  1.03446299752569186004E+0000  7.81496639961225508418E-0001  0.00000000000000000000E+0000  2.18478658651365228283E+0002  0.00000000000000000000E+0000  3.77972030868685045517E-0008  3.95717250520949269632E-0004  9.14988472300191012014E-0032  0.00000000000000000000E+0000  2.60873934644992126601E+0000  0.00000000000000000000E+0000  0.00000000000000000000E+0000  2.60873970535420334448E+0000  0.00000000000000000000E+0000  8.91099526549012339066E-0002  4.84808336008493027888E-0003  8.91099430429503142819E-0002  4.84808391738852647558E-0003  2.47428859033056829926E-0012  1.32544354341941503651E+0000  0.00000000000000000000E+0000  1.71275702511669766707E-0004  1.58548319102405562827E-0004 -6.37115599913662201033E-0005
 1.08000000000000000004E-0003  6.10000000000000000013E-0001 -2.14461776984971503185E+0002  3.95763477807103837201E-0006 -2.14461776984971503185E+0002  1.00000000000000000000E+0000  8.69902700734539734726E-0001  1.03446198611635400185E+0000  7.81496538922511712667E-0001  0.00000000000000000000E+0000  2.18478658651365228283E+0002  0.00000000000000000000E+0000  3.77977762035665400757E-0008  3.95705815978358094154E-0004  9.14979772125796625108E-0032  0.00000000000000000000E+0000  2.60869564516193813111E+0000  0.00000000000000000000E+0000  0.00000000000000000000E+0000  2.60869600717811527327E+0000  0.00000000000000000000E+0000  8.91052455241079666436E-0002  4.84777162282425640237E-0003  8.91052359953541752758E-0002  4.84777217716550377571E-0003  2.47423254418216578529E-0012  1.32544366977484193214E+0000  0.00000000000000000000E+0000  1.70177633213114314298E-0004  1.57645239218288327167E-0004 -6.33397484067714274788E-0005
 1.10200000000000000000E-0003  6.10000000000000000013E-0001 -2.14461830102124160993E+0002  3.90332475904705816672E-0006 -2.14461830102124160993E+0002  1.00000000000000000000E+0000  8.69902962400585000259E-0001  1.03446092051944683106E+0000  7.81496438908141848425E-0001  0.00000000000000000000E+0000  2.18478658651365228283E+0002  0.00000000000000000000E+0000  3.77983868919138958151E-0008  3.95693636620738650340E-0004  9.14970915570220231066E-0032  0.00000000000000000000E+0000  2.60864932942107175884E+0000  0.00000000000000000000E+0000  0.00000000000000000000E+0000  2.60864969585001377607E+0000  0.00000000000000000000E+0000  8.91003772809670875957E-0002  4.84744808178255339968E-0003  8.91003678374123575146E-0002  4.84744863142274873893E-0003  2.47417501262264081930E-0012  1.32544379956523028464E+0000  0.00000000000000000000E+0000  1.69052263467609812872E-0004  1.56717195913389485902E-0004 -6.29576687890140475317E-0005
 1.12399999999999999996E-0003  6.10000000000000000013E-0001 -2.14461883633501691565E+0002  3.85085298181766586612E-0006 -2.14461883633501691565E+0002  1.00000000000000000000E+0000  8.69903231597415590342E-0001  1.03445984916964990260E+0000  7.81496344545302366099E-0001  0.00000000000000000000E+0000  2.18478658651365228283E+0002  0.00000000000000000000E+0000  3.77990074685912707067E-0008  3.95681263841332864523E-0004  9.14962309120995974019E-0032  0.00000000000000000000E+0000  2.60860250172622809626E+0000  0.00000000000000000000E+0000  0.00000000000000000000E+0000  2.60860287138467893879E+0000  0.00000000000000000000E+0000  8.90955703820923843411E-0002  4.84712750641568812614E-0003  8.90955610217210146199E-0002  4.84712805139975131391E-0003  2.47411868463576752015E-0012  1.32544392705591537523E+0000  0.00000000000000000000E+0000  1.67951056669889761572E-0004  1.55806688311287867132E-0004 -6.25830717023971980939E-0005
 1.14600000000000000002E-0003  6.10000000000000000013E-0001 -2.14461937563915093843E+0002  3.80011580198732742682E-0006 -2.14461937563915093843E+0002  1.00000000000000000000E+0000  8.69903508057897873731E-0001  1.03445877233258783816E+0000  7.81496255654807455294E-0001  0.00000000000000000000E+0000  2.18478658651365228283E+0002  0.00000000000000000000E+0000  3.77996375614465860294E-0008  3.95668704332562660571E-0004  9.14953945210576545895E-0032  0.00000000000000000000E+0000  2.60855518038213750440E+0000  0.00000000000000000000E+0000  0.00000000000000000000E+0000  2.60855555347784576355E+0000  0.00000000000000000000E+0000  8.90908232032107335089E-0002  4.84680982519259191452E-0003  8.90908139240091515842E-0002  4.84681036733713022113E-0003  2.47406358085279138899E-0012  1.32544405222071733856E+0000  0.00000000000000000000E+0000  1.66873075619211910374E-0004  1.54913104343805776171E-0004 -6.22154999320602501243E-0005
 1.16900000000000000004E-0003  6.10000000000000000013E-0001 -2.14461994365570647561E+0002  3.74886231097149885627E-0006 -2.14461994365570647561E+0002  1.00000000000000000000E+0000  8.69903804748951331352E-0001  1.03445764082568234042E+0000  7.81496168515897593801E-0001  0.00000000000000000000E+0000  2.18478658651365228283E+0002  0.00000000000000000000E+0000  3.78003063162005267496E-0008  3.95655376671182696242E-0004  9.14945458289137705336E-0032  0.00000000000000000000E+0000  2.60850518839615859597E+0000  0.00000000000000000000E+0000  0.00000000000000000000E+0000  2.60850556558644063802E+0000  0.00000000000000000000E+0000  8.90859238614365890195E-0002  4.84648079401444262500E-0003  8.90859146652061675275E-0002  4.84648133147053551123E-0003  2.47400715496523404456E-0012  1.32544418058057004637E+0000  0.00000000000000000000E+0000  1.65770185646324072896E-0004  1.53996501845022983660E-0004 -6.18385526828638927692E-0005
 1.19199999999999999995E-0003  6.10000000000000000013E-0001 -2.14462051568036366017E+0002  3.69932294669689837917E-0006 -2.14462051568036366017E+0002  1.00000000000000000000E+0000  8.69904108817275629085E-0001  1.03445650387298070355E+0000  7.81496086981788377283E-0001  0.00000000000000000000E+0000  2.18478658651365228283E+0002  0.00000000000000000000E+0000  3.78009846916638216314E-0008  3.95641858877447302721E-0004  9.14937220563878544978E-0032  0.00000000000000000000E+0000  2.60845469824054498214E+0000  0.00000000000000000000E+0000  0.00000000000000000000E+0000  2.60845507832752380420E+0000  0.00000000000000000000E+0000  8.90810863864172613466E-0002  4.84615477497950801971E-0003  8.90810772711023701528E-0002  4.84615530964064602306E-0003  2.47395199114057784632E-0012  1.32544430669660922976E+0000  0.00000000000000000000E+0000  1.64690698422578665772E-0004  1.53097090680495981871E-0004 -6.14689084080097103817E-0005
 1.21600000000000000003E-0003  6.10000000000000000013E-0001 -2.14462111678493598688E+0002  3.64937920245764369092E-0006 -2.14462111678493598688E+0002  1.00000000000000000000E+0000  8.69904433853886876560E-0001  1.03445531184472828501E+0000  7.81496007809393204713E-0001  0.00000000000000000000E+0000  2.18478658651365228283E+0002  0.00000000000000000000E+0000  3.78017026442591226341E-0008  3.95627553491311323342E-0004  9.14928887799088258041E-0032  0.00000000000000000000E+0000  2.60840148990871300194E+0000  0.00000000000000000000E+0000  0.00000000000000000000E+0000  2.60840187387515735754E+0000  0.00000000000000000000E+0000  8.90761042272097491277E-0002  4.84581778516168839704E-0003  8.90760951944434893639E-0002  4.84581831504632004287E-0003  2.47389563997928907991E-0012  1.32544443575258142211E+0000  0.00000000000000000000E+0000  1.63588394792284722056E-0004  1.52176329334833450828E-0004 -6.10905398121758521206E-0005
 1.24099999999999999996E-0003  6.10000000000000000013E-0001 -2.14462174728323310385E+0002  3.59916686259376130577E-0006 -2.14462174728323310385E+0002  1.00000000000000000000E+0000  8.69904780507496802697E-0001  1.03445406434932535679E+0000  7.81495931525791184857E-0001  0.00000000000000000000E+0000  2.18478658651365228283E+0002  0.00000000000000000000E+0000  3.78024609868536611535E-0008  3.95612443553806124208E-0004  9.14920483921174506724E-0032  0.00000000000000000000E+0000  2.60834552209729178193E+0000  0.00000000000000000000E+0000  0.00000000000000000000E+0000  2.60834590937558110420E+0000  0.00000000000000000000E+0000  8.90709836487893274147E-0002  4.84547013888821730579E-0003  8.90709746997729890302E-0002  4.84547066566901317412E-0003  2.47383833483108930662E-0012  1.32544456768125868014E+0000  0.00000000000000000000E+0000  1.62465477410963040634E-0004  1.51235937157591216874E-0004 -6.07042903513177716723E-0005
 1.26500000000000000004E-0003  6.10000000000000000013E-0001 -2.14462235640620052998E+0002  3.55254295031991779418E-0006 -2.14462235640620052998E+0002  1.00000000000000000000E+0000  8.69905120469853016104E-0001  1.03445286166999576177E+0000  7.81495863820833335412E-0001  0.00000000000000000000E+0000  2.18478658651365228283E+0002  0.00000000000000000000E+0000  3.78031982837829726693E-0008  3.95597752527255224569E-0004  9.14912663263294081263E-0032  0.00000000000000000000E+0000  2.60829131239715673982E+0000  0.00000000000000000000E+0000  0.00000000000000000000E+0000  2.60829170218456723963E+0000  0.00000000000000000000E+0000  8.90661300484059004646E-0002  4.84513944772428457356E-0003  8.90661211780809074036E-0002  4.84513997018745551592E-0003  2.47378447640674137398E-0012  1.32544469209853961261E+0000  0.00000000000000000000E+0000  1.61409806018726641894E-0004  1.50349739794839095153E-0004 -6.03405168635839740360E-0005
 1.29100000000000000003E-0003  6.10000000000000000013E-0001 -2.14462302061683744228E+0002  3.50378260864477538150E-0006 -2.14462302061683744228E+0002  1.00000000000000000000E+0000  8.69905496855868222081E-0001  1.03445155313107496305E+0000  7.81495796730806743466E-0001  0.00000000000000000000E+0000  2.18478658651365228283E+0002  0.00000000000000000000E+0000  3.78040074674090352745E-0008  3.95581627983030312115E-0004  9.14904471138823118774E-0032  0.00000000000000000000E+0000  2.60823204369400973575E+0000  0.00000000000000000000E+0000  0.00000000000000000000E+0000  2.60823243778176059866E+0000  0.00000000000000000000E+0000  8.90609428781809715146E-0002  4.84478468645530875849E-0003  8.90609340909614118434E-0002  4.84478520376974968123E-0003  2.47372747477907278825E-0012  1.32544482417867234782E+0000  0.00000000000000000000E+0000  1.60291073500995023991E-0004  1.49408239558542875672E-0004 -5.99539801697857579828E-0005
 1.31700000000000000001E-0003  6.10000000000000000013E-0001 -2.14462368892500677836E+0002  3.45669246459138125623E-0006 -2.14462368892500677836E+0002  1.00000000000000000000E+0000  8.69905881007181213814E-0001  1.03445023926757795785E+0000  7.81495735685252654714E-0001  0.00000000000000000000E+0000  2.18478658651365228283E+0002  0.00000000000000000000E+0000  3.78048266406398185274E-0008  3.95565302393124865736E-0004  9.14896550208613902311E-0032  0.00000000000000000000E+0000  2.60817225915759551128E+0000  0.00000000000000000000E+0000  0.00000000000000000000E+0000  2.60817265570621127104E+0000  0.00000000000000000000E+0000  8.90558245941940306237E-0002  4.84443332261097007759E-0003  8.90558158879766012081E-0002  4.84443383712646302034E-0003  2.47367186260144338475E-0012  1.32544495392615079541E+0000  0.00000000000000000000E+0000  1.59196566632544437199E-0004  1.48484877954741829431E-0004 -5.95752036235945102798E-0005
 1.34300000000000000000E-0003  6.10000000000000000013E-0001 -2.14462436117157222409E+0002  3.41117022401758920427E-0006 -2.14462436117157222409E+0002  1.00000000000000000000E+0000  8.69906272635204280610E-0001  1.03444892036926053356E+0000  7.81495680486764058659E-0001  0.00000000000000000000E+0000  2.18478658651365228283E+0002  0.00000000000000000000E+0000  3.78056554066076769711E-0008  3.95548783164698433064E-0004  9.14888892183054838708E-0032  0.00000000000000000000E+0000  2.60811197857038975048E+0000  0.00000000000000000000E+0000  0.00000000000000000000E+0000  2.60811237814807966645E+0000  0.00000000000000000000E+0000  8.90507734332004474167E-0002  4.84408527852657870461E-0003  8.90507648062075560501E-0002  4.84408578849843329701E-0003  2.47361747617932678522E-0012  1.32544508121979647995E+0000  0.00000000000000000000E+0000  1.58125019144710504490E-0004  1.47578742232739785548E-0004 -5.92035722419444413183E-0005
 1.37000000000000000005E-0003  6.10000000000000000013E-0001 -2.14462506330908221394E+0002  3.36550892134698351430E-0006 -2.14462506330908221394E+0002  1.00000000000000000000E+0000  8.69906687058651050622E-0001  1.03444754563706962913E+0000  7.81495629246511231542E-0001  0.00000000000000000000E+0000  2.18478658651365228283E+0002  0.00000000000000000000E+0000  3.78065259334869534373E-0008  3.95531428245170866259E-0004  9.14881213595699892810E-0032  0.00000000000000000000E+0000  2.60804886897145985869E+0000  0.00000000000000000000E+0000  0.00000000000000000000E+0000  2.60804927170472232944E+0000  0.00000000000000000000E+0000  8.90455983059890280630E-0002  4.84372733503757094400E-0003  8.90455897591399756359E-0002  4.84372784198186831569E-0003  2.47356238357983240227E-0012  1.32544521092785181216E+0000  0.00000000000000000000E+0000  1.57036114238780517429E-0004  1.46655729927538699435E-0004 -5.88251155682262059772E-0005
 1.39699999999999999999E-0003  6.10000000000000000013E-0001 -2.14462576929151901947E+0002  3.32137123834594749617E-0006 -2.14462576929151901947E+0002  1.00000000000000000000E+0000  8.69907108913992145735E-0001  1.03444616609234783507E+0000  7.81495583885966060074E-0001  0.00000000000000000000E+0000  2.18478658651365228283E+0002  0.00000000000000000000E+0000  3.78074059317428533532E-0008  3.95513880666204842656E-0004  9.14873800477575169581E-0032  0.00000000000000000000E+0000  2.60798527127691083982E+0000  0.00000000000000000000E+0000  0.00000000000000000000E+0000  2.60798567665744493254E+0000  0.00000000000000000000E+0000  8.90404916486942809816E-0002  4.84337279667426888094E-0003  8.90404831802132247696E-0002  4.84337329908818060222E-0003  2.47350854291730449968E-0012  1.32544533827551586633E+0000  0.00000000000000000000E+0000  1.55970024497102005605E-0004  1.45749963626194701482E-0004 -5.84539297710999314297E-0005
 1.42500000000000000000E-0003  6.10000000000000000013E-0001 -2.14462650535674523383E+0002  3.27715198159459881046E-0006 -2.14462650535674523383E+0002  1.00000000000000000000E+0000  8.69907554057485046795E-0001  1.03444473060141850355E+0000  7.81495542944364573427E-0001  0.00000000000000000000E+0000  2.18478658651365228283E+0002  0.00000000000000000000E+0000  3.78083282526740708980E-0008  3.95495484502932572269E-0004  9.14866388775986001513E-0032  0.00000000000000000000E+0000  2.60791881673166736134E+0000  0.00000000000000000000E+0000  0.00000000000000000000E+0000  2.60791922519556403537E+0000  0.00000000000000000000E+0000  8.90352674231146952197E-0002  4.84300869683210155711E-0003  8.90352590339083493256E-0002  4.84300919430490397469E-0003  2.47345405145452988383E-0012  1.32544546783884543517E+0000  0.00000000000000000000E+0000  1.54887950947734693396E-0004  1.44828474791640055500E-0004 -5.80763806171816005589E-0005
 1.45399999999999999995E-0003  6.10000000000000000013E-0001 -2.14462727170318223399E+0002  3.23293199249437613245E-0006 -2.14462727170318223399E+0002  1.00000000000000000000E+0000  8.69908022966437584377E-0001  1.03444323898017829751E+0000  7.81495506845732429934E-0001  0.00000000000000000000E+0000  2.18478658651365228283E+0002  0.00000000000000000000E+0000  3.78092934614100309637E-0008  3.95476227333198211642E-0004  9.14858998314046119865E-0032  0.00000000000000000000E+0000  2.60784947731714793510E+0000  0.00000000000000000000E+0000  0.00000000000000000000E+0000  2.60784988847051679424E+0000  0.00000000000000000000E+0000  8.90299311672136492766E-0002  4.84263532282712495583E-0003  8.90299228579893582361E-0002  4.84263581711993964851E-0003  2.47339907095197536579E-0012  1.32544559950864417454E+0000  0.00000000000000000000E+0000  1.53791514697773947055E-0004  1.43892570785983807362E-0004 -5.76930894627585120583E-0005
 1.48300000000000000002E-0003  6.10000000000000000013E-0001 -2.14462804184235204447E+0002  3.19020237350363832500E-0006 -2.14462804184235204447E+0002  1.00000000000000000000E+0000  8.69908499419983104216E-0001  1.03444174281407015614E+0000  7.81495476834078016566E-0001  0.00000000000000000000E+0000  2.18478658651365228283E+0002  0.00000000000000000000E+0000  3.78102681744810072003E-0008  3.95456774552634722386E-0004  9.14851884576087386561E-0032  0.00000000000000000000E+0000  2.60777965015580872579E+0000  0.00000000000000000000E+0000  0.00000000000000000000E+0000  2.60778006379590218634E+0000  0.00000000000000000000E+0000  8.90246674614983640080E-0002  4.84226558930465875283E-0003  8.90246592304441497837E-0002  4.84226607906519219041E-0003  2.47334541016649345714E-0012  1.32544572872381757130E+0000  0.00000000000000000000E+0000  1.52718246141530884064E-0004  1.42974364264056395996E-0004 -5.73172087796386763639E-0005
 1.51199999999999999998E-0003  6.10000000000000000013E-0001 -2.14462881556993635271E+0002  3.14889138002793744771E-0006 -2.14462881556993635271E+0002  1.00000000000000000000E+0000  8.69908983094937325869E-0001  1.03444024241727298931E+0000  7.81495452691073587469E-0001  0.00000000000000000000E+0000  2.18478658651365228283E+0002  0.00000000000000000000E+0000  3.78112519440545384266E-0008  3.95437134629219740966E-0004  9.14845038251346489210E-0032  0.00000000000000000000E+0000  2.60770935887853798092E+0000  0.00000000000000000000E+0000  0.00000000000000000000E+0000  2.60770977493554164837E+0000  0.00000000000000000000E+0000  8.90194742455784816966E-0002  4.84189940376972367057E-0003  8.90194660907090475619E-0002  4.84189989101935428454E-0003  2.47329312057934992033E-0012  1.32544585557685732041E+0000  0.00000000000000000000E+0000  1.51667311334413123342E-0004  1.42073284080791087852E-0004 -5.69484391761097869648E-0005
 1.54299999999999999995E-0003  6.10000000000000000013E-0001 -2.14462964653785263233E+0002  3.10625556995478473222E-0006 -2.14462964653785263233E+0002  1.00000000000000000000E+0000  8.69909508019962518554E-0001  1.03443863406249580538E+0000  7.81495433340655838153E-0001  0.00000000000000000000E+0000  2.18478658651365228283E+0002  0.00000000000000000000E+0000  3.78123134144309266462E-0008  3.95415935710167505582E-0004  9.14838014823768510102E-0032  0.00000000000000000000E+0000  2.60763371595018004947E+0000  0.00000000000000000000E+0000  0.00000000000000000000E+0000  2.60763413482421076107E+0000  0.00000000000000000000E+0000  8.90140011655371652129E-0002  4.84151191674896495899E-0003  8.90139930901320413660E-0002  4.84151240028913062534E-0003  2.47323865041216011321E-0012  1.32544598851539335794E+0000  0.00000000000000000000E+0000  1.50568130885513296158E-0004  1.41128688729702681093E-0004 -5.65619828755279081234E-0005
 1.57299999999999999997E-0003  6.10000000000000000013E-0001 -2.14463045411864522999E+0002  3.06635806056362017745E-0006 -2.14463045411864522999E+0002  1.00000000000000000000E+0000  8.69910023083165607669E-0001  1.03443707370269764574E+0000  7.81495420450569772944E-0001  0.00000000000000000000E+0000  2.18478658651365228283E+0002  0.00000000000000000000E+0000  3.78133494318653704748E-0008  3.95395237544989057941E-0004  9.14831485269972290557E-0032  0.00000000000000000000E+0000  2.60756006555765221916E+0000  0.00000000000000000000E+0000  0.00000000000000000000E+0000  2.60756048633683407524E+0000  0.00000000000000000000E+0000  8.90087759379139071902E-0002  4.84114054094050076305E-0003  8.90087679376325894450E-0002  4.84114102061613383199E-0003  2.47318724961297290691E-0012  1.32544611491092314084E+0000  0.00000000000000000000E+0000  1.49526369981320763329E-0004  1.40231520481907167204E-0004 -5.61951329940783764346E-0005
 1.60500000000000000000E-0003  6.10000000000000000013E-0001 -2.14463131921110408767E+0002  3.02525887766304554870E-0006 -2.14463131921110408767E+0002  1.00000000000000000000E+0000  8.69910580163153593510E-0001  1.03443540525431487741E+0000  7.81495413086155690699E-0001  0.00000000000000000000E+0000  2.18478658651365228283E+0002  0.00000000000000000000E+0000  3.78144640090915863413E-0008  3.95372960841671858856E-0004  9.14824813701257014516E-0032  0.00000000000000000000E+0000  2.60748102191276437184E+0000  0.00000000000000000000E+0000  0.00000000000000000000E+0000  2.60748144542002150662E+0000  0.00000000000000000000E+0000  8.90032811245548753255E-0002  4.84074840935193224529E-0003  8.90032732023436982849E-0002  4.84074888528847750051E-0003  2.47313388375613674118E-0012  1.32544624706898576917E+0000  0.00000000000000000000E+0000  1.48438911205334291963E-0004  1.39292922567993884726E-0004 -5.58113917241789685239E-0005
 1.63700000000000000004E-0003  6.10000000000000000013E-0001 -2.14463218774120513099E+0002  2.98554602240300501863E-0006 -2.14463218774120513099E+0002  1.00000000000000000000E+0000  8.69911144573192702395E-0001  1.03443373307902510786E+0000  7.81495411873179936842E-0001  0.00000000000000000000E+0000  2.18478658651365228283E+0002  0.00000000000000000000E+0000  3.78155875993503569097E-0008  3.95350494703920148689E-0004  9.14818425479783988202E-0032  0.00000000000000000000E+0000  2.60740152193835547428E+0000  0.00000000000000000000E+0000  0.00000000000000000000E+0000  2.60740194745538260098E+0000  0.00000000000000000000E+0000  8.89978628685436528217E-0002  4.84036018138500076617E-0003  8.89978550225757320574E-0002  4.84036065281328890300E-0003  2.47308190296217711070E-0012  1.32544637682088139910E+0000  0.00000000000000000000E+0000  1.47374337160132388062E-0004  1.38372104948060730192E-0004 -5.54351255279712038270E-0005
 1.67000000000000000003E-0003  6.10000000000000000013E-0001 -2.14463308684105498580E+0002  2.94598510920128063985E-0006 -2.14463308684105498580E+0002  1.00000000000000000000E+0000  8.69911734046816486796E-0001  1.03443200504249628959E+0000  7.81495416911607075237E-0001  0.00000000000000000000E+0000  2.18478658651365228283E+0002  0.00000000000000000000E+0000  3.78167553767472631449E-0008  3.95327134860634367206E-0004  9.14812128173893579926E-0032  0.00000000000000000000E+0000  2.60731907902492622618E+0000  0.00000000000000000000E+0000  0.00000000000000000000E+0000  2.60731950676178689816E+0000  0.00000000000000000000E+0000  8.89923543115470350184E-0002  4.83996386448023811482E-0003  8.89923465421605717381E-0002  4.83996433275169761032E-0003  2.47302978072887015279E-0012  1.32544650806792976274E+0000  0.00000000000000000000E+0000  1.46299801905471249517E-0004  1.37440675949863274357E-0004 -5.50546194228334528377E-0005
 1.70300000000000000002E-0003  6.10000000000000000013E-0001 -2.14463398914650706609E+0002  2.90774194324724665543E-0006 -2.14463398914650706609E+0002  1.00000000000000000000E+0000  8.69912330603719018975E-0001  1.03443027373419918079E+0000  7.81495428006142352695E-0001  0.00000000000000000000E+0000  2.18478658651365228283E+0002  0.00000000000000000000E+0000  3.78179317602644335879E-0008  3.95303592518564001681E-0004  9.14806111508384810166E-0032  0.00000000000000000000E+0000  2.60723620349811004127E+0000  0.00000000000000000000E+0000  0.00000000000000000000E+0000  2.60723663319788469283E+0000  0.00000000000000000000E+0000  8.89869225944148849183E-0002  4.83957149285282939481E-0003  8.89869148998555266740E-0002  4.83957195668128867673E-0003  2.47297902285444791053E-0012  1.32544663688802089713E+0000  0.00000000000000000000E+0000  1.45247567960481496674E-0004  1.36526680146840842780E-0004 -5.46813954480441449485E-0005
 1.73699999999999999996E-0003  6.10000000000000000013E-0001 -2.14463492196426427652E+0002  2.86966742690312946093E-0006 -2.14463492196426427652E+0002  1.00000000000000000000E+0000  8.69912952388978334467E-0001  1.03442848684250324437E+0000  7.81495445614088692879E-0001  0.00000000000000000000E+0000  2.18478658651365228283E+0002  0.00000000000000000000E+0000  3.78191524194014602561E-0008  3.95279152873669655930E-0004  9.14800199660581374168E-0032  0.00000000000000000000E+0000  2.60715038443149965870E+0000  0.00000000000000000000E+0000  0.00000000000000000000E+0000  2.60715081615397920034E+0000  0.00000000000000000000E+0000  8.89814054367776948045E-0002  4.83917130989895582697E-0003  8.89813978173119734760E-0002  4.83917177060472599624E-0003  2.47292819764954356292E-0012  1.32544676711108354880E+0000  0.00000000000000000000E+0000  1.44186183875330502502E-0004  1.35602818971250998480E-0004 -5.43042530430960400632E-0005
 1.77199999999999999996E-0003  6.10000000000000000013E-0001 -2.14463588533961243568E+0002  2.83179851432955964311E-0006 -2.14463588533961243568E+0002  1.00000000000000000000E+0000  8.69913599670690257024E-0001  1.03442664444871906153E+0000  7.81495470032329834251E-0001  0.00000000000000000000E+0000  2.18478658651365228283E+0002  0.00000000000000000000E+0000  3.78204176178381216761E-0008  3.95253809434114498471E-0004  9.14794407435609120837E-0032  0.00000000000000000000E+0000  2.60706161112745008054E+0000  0.00000000000000000000E+0000  0.00000000000000000000E+0000  2.60706204480149577023E+0000  0.00000000000000000000E+0000  8.89758075218617313992E-0002  4.83876357217670833901E-0003  8.89757999779058317665E-0002  4.83876402764570289087E-0003  2.47287729616958491616E-0012  1.32544689861730621415E+0000  0.00000000000000000000E+0000  1.43116566787357745024E-0004  1.34669861332601445568E-0004 -5.39235545420793306811E-0005
 1.80699999999999999997E-0003  6.10000000000000000013E-0001 -2.14463685159603673777E+0002  2.79519396065312771815E-0006 -2.14463685159603673777E+0002  1.00000000000000000000E+0000  8.69914253792213203729E-0001  1.03442479945915764155E+0000  7.81495500495101464930E-0001  0.00000000000000000000E+0000  2.18478658651365228283E+0002  0.00000000000000000000E+0000  3.78216909464380368172E-0008  3.95228290972113387866E-0004  9.14788898054981879144E-0032  0.00000000000000000000E+0000  2.60697243515740966608E+0000  0.00000000000000000000E+0000  0.00000000000000000000E+0000  2.60697287046301319599E+0000  0.00000000000000000000E+0000  8.89702886810969023948E-0002  4.83835993923017133271E-0003  8.89702812106527649507E-0002  4.83836039234164721074E-0003  2.47282788452807105752E-0012  1.32544702771857595336E+0000  0.00000000000000000000E+0000  1.42069182254183729644E-0004  1.33754457971263178532E-0004 -5.35501477832966461961E-0005
 1.84399999999999999999E-0003  6.10000000000000000013E-0001 -2.14463787604264207828E+0002  2.75782087617278201905E-0006 -2.14463787604264207828E+0002  1.00000000000000000000E+0000  8.69914952543702947358E-0001  1.03442284652217138914E+0000  7.81495539179346675987E-0001  0.00000000000000000000E+0000  2.18478658651365228283E+0002  0.00000000000000000000E+0000  3.78230455853510433693E-0008  3.95201129257515537470E-0004  9.14783378279355353630E-0032  0.00000000000000000000E+0000  2.60687774255763109990E+0000  0.00000000000000000000E+0000  0.00000000000000000000E+0000  2.60687817974807211144E+0000  0.00000000000000000000E+0000  8.89645402988282980915E-0002  4.83793771326097508785E-0003  8.89645329042257985625E-0002  4.83793816227976675721E-0003  2.47277714158008443844E-0012  1.32544716150688414826E+0000  0.00000000000000000000E+0000  1.40985489033431716741E-0004  1.32805371484993054330E-0004 -5.31631361757513959287E-0005
 1.87999999999999999995E-0003  6.10000000000000000013E-0001 -2.14463887537805226444E+0002  2.72265409663172356200E-0006 -2.14463887537805226444E+0002  1.00000000000000000000E+0000  8.69915638918047973323E-0001  1.03442094432414078667E+0000  7.81495582714171661365E-0001  0.00000000000000000000E+0000  2.18478658651365228283E+0002  0.00000000000000000000E+0000  3.78243712179454997658E-0008  3.95174536238782977752E-0004  9.14778285622731753201E-0032  0.00000000000000000000E+0000  2.60678523806962675834E+0000  0.00000000000000000000E+0000  0.00000000000000000000E+0000  2.60678567664476897882E+0000  0.00000000000000000000E+0000  8.89590261741725202632E-0002  4.83753102603722786018E-0003  8.89590188515785457586E-0002  4.83753147155261294345E-0003  2.47272918223062291173E-0012  1.32544728935053147771E+0000  0.00000000000000000000E+0000  1.39952647683272205042E-0004  1.31899063541136981666E-0004 -5.27937217144591562776E-0005
 1.91800000000000000003E-0003  6.10000000000000000013E-0001 -2.14463993286116114081E+0002  2.68678671857230557548E-0006 -2.14463993286116114081E+0002  1.00000000000000000000E+0000  8.69916370283325634594E-0001  1.03441893454764791518E+0000  7.81495634962578653937E-0001  0.00000000000000000000E+0000  2.18478658651365228283E+0002  0.00000000000000000000E+0000  3.78257784317388821163E-0008  3.95146292110218209999E-0004  9.14773207976580041511E-0032  0.00000000000000000000E+0000  2.60668720965498580851E+0000  0.00000000000000000000E+0000  0.00000000000000000000E+0000  2.60668764995988097967E+0000  0.00000000000000000000E+0000  8.89532910073918154921E-0002  4.83710622448975174048E-0003  8.89532837588871757049E-0002  4.83710666592632266990E-0003  2.47268005656083273033E-0012  1.32544742166399020459E+0000  0.00000000000000000000E+0000  1.38885257837266484405E-0004  1.30960578071380545566E-0004 -5.24112995208715701871E-0005
 1.95600000000000000000E-0003  6.10000000000000000013E-0001 -2.14464099272136266588E+0002  2.65211006691910845986E-0006 -2.14464099272136266588E+0002  1.00000000000000000000E+0000  8.69917108131973183317E-0001  1.03441692322985452103E+0000  7.81495693251281893846E-0001  0.00000000000000000000E+0000  2.18478658651365228283E+0002  0.00000000000000000000E+0000  3.78271930685002824983E-0008  3.95117884586827616357E-0004  9.14768417344655047129E-0032  0.00000000000000000000E+0000  2.60658882525885547340E+0000  0.00000000000000000000E+0000  0.00000000000000000000E+0000  2.60658926690292344782E+0000  0.00000000000000000000E+0000  8.89476386536374581695E-0002  4.83668578970644386613E-0003  8.89476314774416734665E-0002  4.83668622677311968113E-0003  2.47263237938865033309E-0012  1.32544755155347120513E+0000  0.00000000000000000000E+0000  1.37839876059814180860E-0004  1.30039673598068240832E-0004 -5.20362007179291406580E-0005
 1.99499999999999999993E-0003  6.10000000000000000013E-0001 -2.14464208273031665716E+0002  2.61770744917358070516E-0006 -2.14464208273031665716E+0002  1.00000000000000000000E+0000  8.69917871838489891009E-0001  1.03441485772710153272E+0000  7.81495759168683262958E-0001  0.00000000000000000000E+0000  2.18478658651365228283E+0002  0.00000000000000000000E+0000  3.78286522193122562688E-0008  3.95088567990111631702E-0004  9.14763791461049743337E-0032  0.00000000000000000000E+0000  2.60648750559005140236E+0000  0.00000000000000000000E+0000  0.00000000000000000000E+0000  2.60648794860867534908E+0000  0.00000000000000000000E+0000  8.89419221673626024763E-0002  4.83625877093039087720E-0003  8.89419150634599133554E-0002  4.83625920479984305766E-0003  2.47258495548446722560E-0012  1.32544768233890851146E+0000  0.00000000000000000000E+0000  1.36789180750743208781E-0004  1.29112314950687895335E-0004 -5.16585921801348156283E-0005
 2.03500000000000000003E-0003  6.10000000000000000013E-0001 -2.14464320280710951563E+0002  2.58360181641110939770E-0006 -2.14464320280710951563E+0002  1.00000000000000000000E+0000  8.69918661509722549125E-0001  1.03441273831672988918E+0000  7.81495832916472185333E-0001  0.00000000000000000000E+0000  2.18478658651365228283E+0002  0.00000000000000000000E+0000  3.78301559138306700635E-0008  3.95058340593961968970E-0004  9.14759341259118814297E-0032  0.00000000000000000000E+0000  2.60638325354988894503E+0000  0.00000000000000000000E+0000  0.00000000000000000000E+0000  2.60638369781233710095E+0000  0.00000000000000000000E+0000  8.89361454843075974422E-0002  4.83582539584904776271E-0003  8.89361384527192105998E-0002  4.83582582649322808016E-0003  2.47253781707558268132E-0012  1.32544781394148823196E+0000  0.00000000000000000000E+0000  1.35733897942985027550E-0004  1.28179135315157132134E-0004 -5.12787592675385597629E-0005
 2.07600000000000000008E-0003  6.10000000000000000013E-0001 -2.14464435285007542345E+0002  2.54981530030248574939E-0006 -2.14464435285007542345E+0002  1.00000000000000000000E+0000  8.69919477224721423940E-0001  1.03441056531027022287E+0000  7.81495914680721745537E-0001  0.00000000000000000000E+0000  2.18478658651365228283E+0002  0.00000000000000000000E+0000  3.78317041407969470680E-0008  3.95027201512465376210E-0004  9.14755077032929903945E-0032  0.00000000000000000000E+0000  2.60627607424747442734E+0000  0.00000000000000000000E+0000  0.00000000000000000000E+0000  2.60627651967054520862E+0000  0.00000000000000000000E+0000  8.89303124096266642959E-0002  4.83538588718872228029E-0003  8.89303054503022068181E-0002  4.83538631458295146547E-0003  2.47249102124035956853E-0012  1.32544794627383537928E+0000  0.00000000000000000000E+0000  1.34674729356342902758E-0004  1.27240750636043059221E-0004 -5.08969467518679719941E-0005
 2.11800000000000000008E-0003  6.10000000000000000013E-0001 -2.14464553273642446876E+0002  2.51636735523671502498E-0006 -2.14464553273642446876E+0002  1.00000000000000000000E+0000  8.69920319036536445411E-0001  1.03440833905230396067E+0000  7.81496004632396463075E-0001  0.00000000000000000000E+0000  2.18478658651365228283E+0002  0.00000000000000000000E+0000  3.78332968510970301788E-0008  3.94995150646132694050E-0004  9.14751008472935548900E-0032  0.00000000000000000000E+0000  2.60616597508771937483E+0000  0.00000000000000000000E+0000  0.00000000000000000000E+0000  2.60616642158626040954E+0000  0.00000000000000000000E+0000  8.89244266390128390058E-0002  4.83494046367965334912E-0003  8.89244197518498258895E-0002  4.83494088780251288774E-0003  2.47244462237653287357E-0012  1.32544807925014711009E+0000  0.00000000000000000000E+0000  1.33612336793323152433E-0004  1.26297746517678019722E-0004 -5.05133945939960292411E-0005
 2.16000000000000000009E-0003  6.10000000000000000013E-0001 -2.14464671416172722382E+0002  2.48401724431225505175E-0006 -2.14464671416172722382E+0002  1.00000000000000000000E+0000  8.69921166661105219064E-0001  1.03440611291261626281E+0000  7.81496100508863116810E-0001  0.00000000000000000000E+0000  2.18478658651365228283E+0002  0.00000000000000000000E+0000  3.78348957556159659398E-0008  3.94962958354949257474E-0004  9.14747228045620955107E-0032  0.00000000000000000000E+0000  2.60605559976283412764E+0000  0.00000000000000000000E+0000  0.00000000000000000000E+0000  2.60605604722328435636E+0000  0.00000000000000000000E+0000  8.89186278022070062819E-0002  4.83449972448680765391E-0003  8.89186209854907524857E-0002  4.83450014426651180541E-0003  2.47239968338079988662E-0012  1.32544820974567527534E+0000  0.00000000000000000000E+0000  1.32571599679801409628E-0004  1.25372287788200406194E-0004 -5.01371157921756967344E-0005
 2.20300000000000000005E-0003  6.10000000000000000013E-0001 -2.14464792506947471248E+0002  2.45199122899397704177E-0006 -2.14464792506947471248E+0002  1.00000000000000000000E+0000  8.69922040157447750948E-0001  1.03440383426756999459E+0000  7.81496204599800845252E-0001  0.00000000000000000000E+0000  2.18478658651365228283E+0002  0.00000000000000000000E+0000  3.78365386726671690279E-0008  3.94929862488288564141E-0004  9.14743647579700336361E-0032  0.00000000000000000000E+0000  2.60594233711467449443E+0000  0.00000000000000000000E+0000  0.00000000000000000000E+0000  2.60594278548538376729E+0000  0.00000000000000000000E+0000  8.89127792285680441223E-0002  4.83405327277318310904E-0003  8.89127724820977080716E-0002  4.83405368934894031469E-0003  2.47235519768574603222E-0012  1.32544834083847182888E+0000  0.00000000000000000000E+0000  1.31527869917718417419E-0004  1.24442496512064645275E-0004 -4.97592028405024013869E-0005
 2.24699999999999999996E-0003  6.10000000000000000013E-0001 -2.14464916529187686514E+0002  2.42030062537032538953E-0006 -2.14464916529187686514E+0002  1.00000000000000000000E+0000  8.69922939522725801491E-0001  1.03440150353109016625E+0000  7.81496317041996835337E-0001  0.00000000000000000000E+0000  2.18478658651365228283E+0002  0.00000000000000000000E+0000  3.78382254733949953684E-0008  3.94895864682394827208E-0004  9.14740275383273880941E-0032  0.00000000000000000000E+0000  2.60582619949860993711E+0000  0.00000000000000000000E+0000  0.00000000000000000000E+0000  2.60582664866204695084E+0000  0.00000000000000000000E+0000  8.89068843538576432690E-0002  4.83360131721165679144E-0003  8.89068776774878736358E-0002  4.83360173056536364475E-0003  2.47231118874765594327E-0012  1.32544847245120674562E+0000  0.00000000000000000000E+0000  1.30481709134488846503E-0004  1.23508877271639675491E-0004 -4.93798765036844602336E-0005
 2.29200000000000000004E-0003  6.10000000000000000013E-0001 -2.14465043464310392840E+0002  2.38895244954627172023E-0006 -2.14465043464310392840E+0002  1.00000000000000000000E+0000  8.69923864731982195966E-0001  1.03439912114875354383E+0000  7.81496437958653510320E-0001  0.00000000000000000000E+0000  2.18478658651365228283E+0002  0.00000000000000000000E+0000  3.78399559967296982915E-0008  3.94860967297129209913E-0004  9.14737119238297277410E-0032  0.00000000000000000000E+0000  2.60570720128115049913E+0000  0.00000000000000000000E+0000  0.00000000000000000000E+0000  2.60570765117622055304E+0000  0.00000000000000000000E+0000  8.89009465334574032702E-0002  4.83314406394922418554E-0003  8.89009399271001280826E-0002  4.83314447183880232719E-0003  2.47226765935227598304E-0012  1.32544860450767683574E+0000  0.00000000000000000000E+0000  1.29433597230836205750E-0004  1.22571865154166022183E-0004 -4.89993115989710590495E-0005
 2.33800000000000000008E-0003  6.10000000000000000013E-0001 -2.14465173291041304546E+0002  2.35797107082350126357E-0006 -2.14465173291041304546E+0002  1.00000000000000000000E+0000  8.69924815725397882914E-0001  1.03439668759537853674E+0000  7.81496567456321082862E-0001  0.00000000000000000000E+0000  2.18478658651365228283E+0002  0.00000000000000000000E+0000  3.78417300302101142989E-0008  3.94825173653912793883E-0004  9.14734186150243575311E-0032  0.00000000000000000000E+0000  2.60558535935463232366E+0000  0.00000000000000000000E+0000  0.00000000000000000000E+0000  2.60558580985823481750E+0000  0.00000000000000000000E+0000  8.88949688790384905397E-0002  4.83268170799748796229E-0003  8.88949623423189810259E-0002  4.83268211259491557256E-0003  2.47222473757767106549E-0012  1.32544873696696352441E+0000  0.00000000000000000000E+0000  1.28384173701271980468E-0004  1.21632040228370341119E-0004 -4.86177346478318332660E-0005
 2.38500000000000000007E-0003  6.10000000000000000013E-0001 -2.14465305986974929378E+0002  2.32735739508332785803E-0006 -2.14465305986974929378E+0002  1.00000000000000000000E+0000  8.69925792429844603134E-0001  1.03439420337619434730E+0000  7.81496705630047632071E-0001  0.00000000000000000000E+0000  2.18478658651365228283E+0002  0.00000000000000000000E+0000  3.78435473432397485804E-0008  3.94788487600874005814E-0004  9.14731482762310003037E-0032  0.00000000000000000000E+0000  2.60546069229577541781E+0000  0.00000000000000000000E+0000  0.00000000000000000000E+0000  2.60546114331672762745E+0000  0.00000000000000000000E+0000  8.88889545268249111110E-0002  4.83221444715550659935E-0003  8.88889480594927783213E-0002  4.83221484845493123960E-0003  2.47218242066443758595E-0012  1.32544886972899460947E+0000  0.00000000000000000000E+0000  1.27333849587524503179E-0004  1.20689783066422053390E-0004 -4.82353135369335739806E-0005
 2.43300000000000000002E-0003  6.10000000000000000013E-0001 -2.14465441527496840798E+0002  2.29712030040100557738E-0006 -2.14465441527496840798E+0002  1.00000000000000000000E+0000  8.69926794746106022912E-0001  1.03439166902534004152E+0000  7.81496852560764582976E-0001  0.00000000000000000000E+0000  2.18478658651365228283E+0002  0.00000000000000000000E+0000  3.78454076670087321833E-0008  3.94750913781592423586E-0004  9.14729015112611598925E-0032  0.00000000000000000000E+0000  2.60533322085240212542E+0000  0.00000000000000000000E+0000  0.00000000000000000000E+0000  2.60533367229842448103E+0000  0.00000000000000000000E+0000  8.88829064664378917714E-0002  4.83174247309610121963E-0003  8.88829000681854904662E-0002  4.83174287108909025294E-0003  2.47214074627219202994E-0012  1.32544900274579957817E+0000  0.00000000000000000000E+0000  1.26283072698689467867E-0004  1.19745509629915674653E-0004 -4.78522127036253744516E-0005
 2.48099999999999999996E-0003  6.10000000000000000013E-0001 -2.14465577063073376041E+0002  2.26785274933542150080E-0006 -2.14465577063073376041E+0002  1.00000000000000000000E+0000  8.69927801494354487413E-0001  1.03438913776816410791E+0000  7.81497005029488206213E-0001  0.00000000000000000000E+0000  2.18478658651365228283E+0002  0.00000000000000000000E+0000  3.78472717982219617586E-0008  3.94713244172238934870E-0004  9.14726828621317174051E-0032  0.00000000000000000000E+0000  2.60520562800104156401E+0000  0.00000000000000000000E+0000  0.00000000000000000000E+0000  2.60520607976063886925E+0000  0.00000000000000000000E+0000  8.88769498235084040108E-0002  4.83127559629111564909E-0003  8.88769434926904727416E-0002  4.83127599006296999192E-0003  2.47210053921612922973E-0012  1.32544913329399377381E+0000  0.00000000000000000000E+0000  1.25253273620503124509E-0004  1.18818557313568965663E-0004 -4.74762730146523926286E-0005
 2.53100000000000000003E-0003  6.10000000000000000013E-0001 -2.14465718212796237208E+0002  2.23837067231121219543E-0006 -2.14465718212796237208E+0002  1.00000000000000000000E+0000  8.69928854565335037618E-0001  1.03438650478640742629E+0000  7.81497169555434246331E-0001  0.00000000000000000000E+0000  2.18478658651365228283E+0002  0.00000000000000000000E+0000  3.78492171443275933130E-0008  3.94673913230541884914E-0004  9.14724842803867792238E-0032  0.00000000000000000000E+0000  2.60507261938711262073E+0000  0.00000000000000000000E+0000  0.00000000000000000000E+0000  2.60507307141333115694E+0000  0.00000000000000000000E+0000  8.88708410158151228944E-0002  4.83079464888011623009E-0003  8.88708347533343692167E-0002  4.83079504033128902443E-0003  2.47206024066621737434E-0012  1.32544926669721082788E+0000  0.00000000000000000000E+0000  1.24202409133844638719E-0004  1.17871065902669941242E-0004 -4.70921379750197805820E-0005
 2.58100000000000000010E-0003  6.10000000000000000013E-0001 -2.14465859302828197958E+0002  2.20982509506192771624E-0006 -2.14465859302828197958E+0002  1.00000000000000000000E+0000  8.69929911612046781032E-0001  1.03438387592211459263E+0000  7.81497339503888577034E-0001  0.00000000000000000000E+0000  2.18478658651365228283E+0002  0.00000000000000000000E+0000  3.78511654993835166846E-0008  3.94634502140776994403E-0004  9.14723136560679225118E-0032  0.00000000000000000000E+0000  2.60493954231670238114E+0000  0.00000000000000000000E+0000  0.00000000000000000000E+0000  2.60493999445815523075E+0000  0.00000000000000000000E+0000  8.88648253850134118011E-0002  4.83031895241463483782E-0003  8.88648191893208921311E-0002  4.83031933964698668291E-0003  2.47202139704117979478E-0012  1.32544939761955161289E+0000  0.00000000000000000000E+0000  1.23172434844117296584E-0004  1.16940912274066047111E-0004 -4.67151725581206464682E-0005
 2.63300000000000000007E-0003  6.10000000000000000013E-0001 -2.14466005943971983499E+0002  2.18111073781254701867E-0006 -2.14466005943971983499E+0002  1.00000000000000000000E+0000  8.69931014803121531638E-0001  1.03438114674112311385E+0000  7.81497521807455986843E-0001  0.00000000000000000000E+0000  2.18478658651365228283E+0002  0.00000000000000000000E+0000  3.78531944511502571909E-0008  3.94593440239958476520E-0004  9.14721650971766937984E-0032  0.00000000000000000000E+0000  2.60480110060231229304E+0000  0.00000000000000000000E+0000  0.00000000000000000000E+0000  2.60480155282378260623E+0000  0.00000000000000000000E+0000  8.88586666569052444241E-0002  4.82982975446914017358E-0003  8.88586605287777831199E-0002  4.82983013936287924600E-0003  2.47198257927468819221E-0012  1.32544953119824036815E+0000  0.00000000000000000000E+0000  1.22122956316023366131E-0004  1.15991605752988787666E-0004 -4.63305772874844455929E-0005
 2.68600000000000000000E-0003  6.10000000000000000013E-0001 -2.14466155281087799148E+0002  2.15277849283675622832E-0006 -2.14466155281087799148E+0002  1.00000000000000000000E+0000  8.69932142797795906097E-0001  1.03437837049463178009E+0000  7.81497713086502799218E-0001  0.00000000000000000000E+0000  2.18478658651365228283E+0002  0.00000000000000000000E+0000  3.78552646203829408738E-0008  3.94551523797564543699E-0004  9.14720423782570018049E-0032  0.00000000000000000000E+0000  2.60465998618419684375E+0000  0.00000000000000000000E+0000  0.00000000000000000000E+0000  2.60466043832695300759E+0000  0.00000000000000000000E+0000  8.88524877379914272197E-0002  4.82933674736428219048E-0003  8.88524816771907941643E-0002  4.82933712665681603118E-0003  2.47194450564300844211E-0012  1.32544966475858197127E+0000  0.00000000000000000000E+0000  1.21074791146039581746E-0004  1.15041971844948560302E-0004 -4.59459951389470114433E-0005
 2.73899999999999999993E-0003  6.10000000000000000013E-0001 -2.14466304467187994731E+0002  2.12535845956202229543E-0006 -2.14466304467187994731E+0002  1.00000000000000000000E+0000  8.69933273965875008085E-0001  1.03437560002493896016E+0000  7.81497909547826054527E-0001  0.00000000000000000000E+0000  2.18478658651365228283E+0002  0.00000000000000000000E+0000  3.78573364328316942803E-0008  3.94509554368226738578E-0004  9.14719470892633288052E-0032  0.00000000000000000000E+0000  2.60451889240817506814E+0000  0.00000000000000000000E+0000  0.00000000000000000000E+0000  2.60451934442335198143E+0000  0.00000000000000000000E+0000  8.88464039031762681115E-0002  4.82884918997200283751E-0003  8.88463979078365321214E-0002  4.82884956734482187952E-0003  2.47190796910467337956E-0012  1.32544979587328511312E+0000  0.00000000000000000000E+0000  1.20047406274957829249E-0004  1.14109723427816217385E-0004 -4.55685754372370876384E-0005
 2.79399999999999999999E-0003  6.10000000000000000013E-0001 -2.14466459093222066454E+0002  2.09780364678014297967E-0006 -2.14466459093222066454E+0002  1.00000000000000000000E+0000  8.69934450813008704586E-0001  1.03437273161545647724E+0000  7.81498118693771145213E-0001  0.00000000000000000000E+0000  2.18478658651365228283E+0002  0.00000000000000000000E+0000  3.78594876275838073069E-0008  3.94465956333261354446E-0004  9.14718763976377582582E-0032  0.00000000000000000000E+0000  2.60437252886856601599E+0000  0.00000000000000000000E+0000  0.00000000000000000000E+0000  2.60437298064201424534E+0000  0.00000000000000000000E+0000  8.88401897685497606816E-0002  4.82834895660624545315E-0003  8.88401838395870801143E-0002  4.82834932929825509966E-0003  2.47187154419806235736E-0012  1.32544992932605937297E+0000  0.00000000000000000000E+0000  1.19002489471874131602E-0004  1.13160094392182535486E-0004 -4.51842672780779838413E-0005
 2.84999999999999999999E-0003  6.10000000000000000013E-0001 -2.14466616305740844284E+0002  2.07064961020618147475E-0006 -2.14466616305740844284E+0002  1.00000000000000000000E+0000  8.69935651728898647170E-0001  1.03436981827460365091E+0000  7.81498336803390923166E-0001  0.00000000000000000000E+0000  2.18478658651365228283E+0002  0.00000000000000000000E+0000  3.78616786040287186348E-0008  3.94421531611729270429E-0004  9.14718323112261782336E-0032  0.00000000000000000000E+0000  2.60422359322545747822E+0000  0.00000000000000000000E+0000  0.00000000000000000000E+0000  2.60422404466052428724E+0000  0.00000000000000000000E+0000  8.88339622536905455040E-0002  4.82784540404012249169E-0003  8.88339563905354339526E-0002  4.82784577339802605619E-0003  2.47183599913295567885E-0012  1.32545006267583424298E+0000  0.00000000000000000000E+0000  1.17959814519988861915E-0004  1.12211054489172585100E-0004 -4.48003276825733805276E-0005
 2.90699999999999999995E-0003  6.10000000000000000013E-0001 -2.14466776065326889700E+0002  2.04388630358846133535E-0006 -2.14466776065326889700E+0002  1.00000000000000000000E+0000  8.69936876433260555786E-0001  1.03436686076400925197E+0000  7.81498563849797025919E-0001  0.00000000000000000000E+0000  2.18478658651365228283E+0002  0.00000000000000000000E+0000  3.78639088330717866994E-0008  3.94376290707450748317E-0004  9.14718149954880466315E-0032  0.00000000000000000000E+0000  2.60407212242714110350E+0000  0.00000000000000000000E+0000  0.00000000000000000000E+0000  2.60407257343700869121E+0000  0.00000000000000000000E+0000  8.88277234928057837416E-0002  4.82733869103966665297E-0003  8.88277176949709321876E-0002  4.82733905707553380778E-0003  2.47180133123776995948E-0012  1.32545019584962733687E+0000  0.00000000000000000000E+0000  1.16919558797346388233E-0004  1.11262792646280571354E-0004 -4.44168408252224403725E-0005
 2.96500000000000000008E-0003  6.10000000000000000013E-0001 -2.14466938330975057520E+0002  2.01751167141451708352E-0006 -2.14466938330975057520E+0002  1.00000000000000000000E+0000  8.69938124627558771078E-0001  1.03436385986472167964E+0000  7.81498799796128737981E-0001  0.00000000000000000000E+0000  2.18478658651365228283E+0002  0.00000000000000000000E+0000  3.78661777593886594031E-0008  3.94330244700542637402E-0004  9.14718245725259025862E-0032  0.00000000000000000000E+0000  2.60391815496675203497E+0000  0.00000000000000000000E+0000  0.00000000000000000000E+0000  2.60391860545826310872E+0000  0.00000000000000000000E+0000  8.88214755087049081470E-0002  4.82682897157147185121E-0003  8.88214697756794394561E-0002  4.82682933429379541876E-0003  2.47176755565140644562E-0012  1.32545032882300449929E+0000  0.00000000000000000000E+0000  1.15881931737813320952E-0004  1.10315528038095203819E-0004 -4.40338919773558503633E-0005
 3.02499999999999999991E-0003  6.10000000000000000013E-0001 -2.14467105846332218175E+0002  1.99109968650945286034E-0006 -2.14467105846332218175E+0002  1.00000000000000000000E+0000  8.69939417565536940024E-0001  1.03436076495401315593E+0000  7.81499048820872148444E-0001  0.00000000000000000000E+0000  2.18478658651365228283E+0002  0.00000000000000000000E+0000  3.78685238766715457840E-0008  3.94282611465466758081E-0004  9.14718621752668978360E-0032  0.00000000000000000000E+0000  2.60375908330443412569E+0000  0.00000000000000000000E+0000  0.00000000000000000000E+0000  2.60375953320451435243E+0000  0.00000000000000000000E+0000  8.88151158696732147363E-0002  4.82630780643914021121E-0003  8.88151102019459961763E-0002  4.82630816663807125062E-0003  2.47173416381608759632E-0012  1.32545046376978222814E+0000  0.00000000000000000000E+0000  1.14829937244321403843E-0004  1.09353727712385414637E-0004 -4.36452057083403947415E-0005
 3.08499999999999999995E-0003  6.10000000000000000013E-0001 -2.14467272989193834767E+0002  1.96549939614849362441E-0006 -2.14467272989193834767E+0002  1.00000000000000000000E+0000  8.69940711795186997015E-0001  1.03435767986906664397E+0000  7.81499302490250080135E-0001  0.00000000000000000000E+0000  2.18478658651365228283E+0002  0.00000000000000000000E+0000  3.78708684052777470039E-0008  3.94234991034419845716E-0004  9.14719261631403118195E-0032  0.00000000000000000000E+0000  2.60360024822020760869E+0000  0.00000000000000000000E+0000  0.00000000000000000000E+0000  2.60360069738134421429E+0000  0.00000000000000000000E+0000  8.88088568105876815015E-0002  4.82579262038773174432E-0003  8.88088512066555281802E-0002  4.82579297644628723242E-0003  2.47170222326192460971E-0012  1.32545059621005132321E+0000  0.00000000000000000000E+0000  1.13798443875311300547E-0004  1.08409324710228111046E-0004 -4.32636832118475515765E-0005
 3.14700000000000000011E-0003  6.10000000000000000013E-0001 -2.14467445278668807376E+0002  1.93987109335160538755E-0006 -2.14467445278668807376E+0002  1.00000000000000000000E+0000  8.69942050111840068543E-0001  1.03435450279640819631E+0000  7.81499569258518794258E-0001  0.00000000000000000000E+0000  2.18478658651365228283E+0002  0.00000000000000000000E+0000  3.78732888125200523734E-0008  3.94185809382398418981E-0004  9.14720190560435735962E-0032  0.00000000000000000000E+0000  2.60343640325148745294E+0000  0.00000000000000000000E+0000  0.00000000000000000000E+0000  2.60343685155460957941E+0000  0.00000000000000000000E+0000  8.88024930363077704749E-0002  4.82526647894297599281E-0003  8.88024874966447790793E-0002  4.82526683018395615538E-0003  2.47167071816100688060E-0012  1.32545073048477653947E+0000  0.00000000000000000000E+0000  1.12753532286033476760E-0004  1.07451272411419517436E-0004 -4.28767818066222041670E-0005
 3.21000000000000000001E-0003  6.10000000000000000013E-0001 -2.14467619881262017270E+0002  1.91464637726695887826E-0006 -2.14467619881262017270E+0002  1.00000000000000000000E+0000  8.69943410566035793628E-0001  1.03435128603021036381E+0000  7.81499844816398003713E-0001  0.00000000000000000000E+0000  2.18478658651365228283E+0002  0.00000000000000000000E+0000  3.78757453539519893620E-0008  3.94135873938348098527E-0004  9.14721397231342118455E-0032  0.00000000000000000000E+0000  2.60327024129012838988E+0000  0.00000000000000000000E+0000  0.00000000000000000000E+0000  2.60327068868334105542E+0000  0.00000000000000000000E+0000  8.87961304546468750164E-0002  4.82473810518666534096E-0003  8.87961249785926327684E-0002  4.82473845307476900200E-0003  2.47164020887687157913E-0012  1.32545086438287956386E+0000  0.00000000000000000000E+0000  1.11712591250481156984E-0004  1.06495525725099980383E-0004 -4.24909426991367321243E-0005
 3.27400000000000000008E-0003  6.10000000000000000013E-0001 -2.14467796748386480818E+0002  1.88980986842972158159E-0006 -2.14467796748386480818E+0002  1.00000000000000000000E+0000  8.69944792767484467689E-0001  1.03434803046712417494E+0000  7.81500129071272125927E-0001  0.00000000000000000000E+0000  2.18478658651365228283E+0002  0.00000000000000000000E+0000  3.78782373428757737873E-0008  3.94085198850395693020E-0004  9.14722880585843118727E-0032  0.00000000000000000000E+0000  2.60310180918522002225E+0000  0.00000000000000000000E+0000  0.00000000000000000000E+0000  2.60310225558081552899E+0000  0.00000000000000000000E+0000  8.87897706389361593835E-0002  4.82420763555742297382E-0003  8.87897652259095512931E-0002  4.82420798011238523318E-0003  2.47161068283720984010E-0012  1.32545099786118529626E+0000  0.00000000000000000000E+0000  1.10675684668562679127E-0004  1.05542177127465327491E-0004 -4.21062070879906716952E-0005
 3.33900000000000000010E-0003  6.10000000000000000013E-0001 -2.14467975830350863500E+0002  1.86535546208436648041E-0006 -2.14467975830350863500E+0002  1.00000000000000000000E+0000  8.69946196312434338318E-0001  1.03434473701599261714E+0000  7.81500421923546379041E-0001  0.00000000000000000000E+0000  2.18478658651365228283E+0002  0.00000000000000000000E+0000  3.78807640735201859961E-0008  3.94033798684008690267E-0004  9.14724639248138985923E-0032  0.00000000000000000000E+0000  2.60293115484351400188E+0000  0.00000000000000000000E+0000  0.00000000000000000000E+0000  2.60293160015219001216E+0000  0.00000000000000000000E+0000  8.87834150660874669422E-0002  4.82367520212083533674E-0003  8.87834097154940876250E-0002  4.82367554335979164721E-0003  2.47158214282466013272E-0012  1.32545113090880493651E+0000  0.00000000000000000000E+0000  1.09642910864173984928E-0004  1.04591350709464275091E-0004 -4.17226205126364032628E-0005
 3.40600000000000000003E-0003  6.10000000000000000013E-0001 -2.14468159813411071921E+0002  1.84092691272212690636E-0006 -2.14468159813411071921E+0002  1.00000000000000000000E+0000  8.69947642350820841170E-0001  1.03434135635064240310E+0000  7.81500727887700063806E-0001  0.00000000000000000000E+0000  2.18478658651365228283E+0002  0.00000000000000000000E+0000  3.78833635370357173137E-0008  3.93980900184475476292E-0004  9.14726705848568302284E-0032  0.00000000000000000000E+0000  2.60275571580588617297E+0000  0.00000000000000000000E+0000  0.00000000000000000000E+0000  2.60275615996202533214E+0000  0.00000000000000000000E+0000  8.87769704519473917747E-0002  4.82313293283777421956E-0003  8.87769651640593759285E-0002  4.82313327145479333204E-0003  2.47155420076731308414E-0012  1.32545126547743999726E+0000  0.00000000000000000000E+0000  1.08599077012890042685E-0004  1.03629055536330114588E-0004 -4.13345414816865722695E-0005
 3.47399999999999999992E-0003  6.10000000000000000013E-0001 -2.14468345889218461667E+0002  1.81688237968022669610E-0006 -2.14468345889218461667E+0002  1.00000000000000000000E+0000  8.69949108846918532786E-0001  1.03433794010205204201E+0000  7.81501042335264989693E-0001  0.00000000000000000000E+0000  2.18478658651365228283E+0002  0.00000000000000000000E+0000  3.78859961006325753278E-0008  3.93927310124628225848E-0004  9.14729051012543003258E-0032  0.00000000000000000000E+0000  2.60257816931164162968E+0000  0.00000000000000000000E+0000  0.00000000000000000000E+0000  2.60257861218565666236E+0000  0.00000000000000000000E+0000  8.87705358735509679065E-0002  4.82258914477532009313E-0003  8.87705306477834497913E-0002  4.82258948004689914938E-0003  2.47152727887983314910E-0012  1.32545139950901770770E+0000  0.00000000000000000000E+0000  1.07560109868245216770E-0004  1.02669992183463974096E-0004 -4.09478977788096812268E-0005
 3.54399999999999999993E-0003  6.10000000000000000013E-0001 -2.14468536719899161166E+0002  1.79289048894044755658E-0006 -2.14468536719899161166E+0002  1.00000000000000000000E+0000  8.69950616859530039622E-0001  1.03433443945567497314E+0000  7.81501369864216692660E-0001  0.00000000000000000000E+0000  2.18478658651365228283E+0002  0.00000000000000000000E+0000  3.78886995028253682522E-0008  3.93872260022300174455E-0004  9.14731713373273743006E-0032  0.00000000000000000000E+0000  2.60239597315219762337E+0000  0.00000000000000000000E+0000  0.00000000000000000000E+0000  2.60239641468424377953E+0000  0.00000000000000000000E+0000  8.87640209122105812103E-0002  4.82203614975352756963E-0003  8.87640157487447364640E-0002  4.82203648237250967191E-0003  2.47150103241127684125E-0012  1.32545153489067576264E+0000  0.00000000000000000000E+0000  1.06511369013572447636E-0004  1.01700647153882738127E-0004 -4.05572420446855324162E-0005
 3.61500000000000000010E-0003  6.10000000000000000013E-0001 -2.14468729512801283596E+0002  1.76928501646180104322E-0006 -2.14468729512801283596E+0002  1.00000000000000000000E+0000  8.69952144342972713944E-0001  1.03433090565647659877E+0000  7.81501705704941474948E-0001  0.00000000000000000000E+0000  2.18478658651365228283E+0002  0.00000000000000000000E+0000  3.78914342170445121784E-0008  3.93816555193151235652E-0004  9.14734655190377277950E-0032  0.00000000000000000000E+0000  2.60221179336663916066E+0000  0.00000000000000000000E+0000  0.00000000000000000000E+0000  2.60221223342471154414E+0000  0.00000000000000000000E+0000  8.87575212904807214762E-0002  4.82148206210017573256E-0003  8.87575161886957381710E-0002  4.82148239135364671332E-0003  2.47147583764724066613E-0012  1.32545166964174028230E+0000  0.00000000000000000000E+0000  1.05468133453503573570E-0004  1.00735164236965679838E-0004 -4.01682742049993985313E-0005
 3.68700000000000000002E-0003  6.10000000000000000013E-0001 -2.14468924211168376959E+0002  1.74604495801029304353E-0006 -2.14468924211168376959E+0002  1.00000000000000000000E+0000  8.69953690808305534073E-0001  1.03432733971911467363E+0000  7.81502049704821674073E-0001  0.00000000000000000000E+0000  2.18478658651365228283E+0002  0.00000000000000000000E+0000  3.78941994158602263786E-0008  3.93760213091303004063E-0004  9.14737872900021909022E-0032  0.00000000000000000000E+0000  2.60202568565479778855E+0000  0.00000000000000000000E+0000  0.00000000000000000000E+0000  2.60202612400057032823E+0000  0.00000000000000000000E+0000  8.87510380461116250741E-0002  4.82092699633653765419E-0003  8.87510330054569725942E-0002  4.82092731995352982404E-0003  2.47145167777465623237E-0012  1.32545180375209350609E+0000  0.00000000000000000000E+0000  1.04430374589863077562E-0004  9.97735552348136903448E-0005 -3.97809961713007948143E-0005
 3.76100000000000000006E-0003  6.10000000000000000013E-0001 -2.14469123438524174444E+0002  1.72289458733620713760E-0006 -2.14469123438524174444E+0002  1.00000000000000000000E+0000  8.69955277147559728724E-0001  1.03432369362849391930E+0000  7.81502406573483106756E-0001  0.00000000000000000000E+0000  2.18478658651365228283E+0002  0.00000000000000000000E+0000  3.78970324149775575871E-0008  3.93702473269014666183E-0004  9.14741413562548116526E-0032  0.00000000000000000000E+0000  2.60183514055155820015E+0000  0.00000000000000000000E+0000  0.00000000000000000000E+0000  2.60183557727335369519E+0000  0.00000000000000000000E+0000  8.87444848986940433959E-0002  4.82036353359460208381E-0003  8.87444799191349658856E-0002  4.82036385448548466207E-0003  2.47142828388306850557E-0012  1.32545193902634347762E+0000  0.00000000000000000000E+0000  1.03384322427524475843E-0004  9.88030661039739326587E-0005 -3.93902680461128750493E-0005
 3.83600000000000000006E-0003  6.10000000000000000013E-0001 -2.14469324431301942166E+0002  1.70011913781774291277E-0006 -2.14469324431301942166E+0002  1.00000000000000000000E+0000  8.69956881364391729314E-0001  1.03432001796638383220E+0000  7.81502771361537669265E-0001  0.00000000000000000000E+0000  2.18478658651365228283E+0002  0.00000000000000000000E+0000  3.78998939426958683869E-0008  3.93644136839504404144E-0004  9.14745228153776441520E-0032  0.00000000000000000000E+0000  2.60164280158576348965E+0000  0.00000000000000000000E+0000  0.00000000000000000000E+0000  2.60164323655392126268E+0000  0.00000000000000000000E+0000  8.87379527891481593562E-0002  4.81979949246493487889E-0003  8.87379478700568713942E-0002  4.81979981000325753757E-0003  2.47140595268372357242E-0012  1.32545207357351799116E+0000  0.00000000000000000000E+0000  1.02344306076523034362E-0004  9.78370159270657019900E-0005 -3.90014586229050399181E-0005
 3.91300000000000000017E-0003  6.10000000000000000013E-0001 -2.14469529784119678079E+0002  1.67743249050386893971E-0006 -2.14469529784119678079E+0002  1.00000000000000000000E+0000  8.69958524210207125005E-0001  1.03431626531323988497E+0000  7.81503148830878064128E-0001  0.00000000000000000000E+0000  2.18478658651365228283E+0002  0.00000000000000000000E+0000  3.79028209874046564053E-0008  3.93584449907996804869E-0004  9.14749368590947452929E-0032  0.00000000000000000000E+0000  2.60144618483067193446E+0000  0.00000000000000000000E+0000  0.00000000000000000000E+0000  2.60144661799295232409E+0000  0.00000000000000000000E+0000  8.87313582098462364387E-0002  4.81922763740947079579E-0003  8.87313533512610228503E-0002  4.81922795221050333121E-0003  2.47138441792018403843E-0012  1.32545220913053804739E+0000  0.00000000000000000000E+0000  1.01296963326915949676E-0004  9.68630023560906490478E-0005 -3.86095727704940146574E-0005
 3.99100000000000000003E-0003  6.10000000000000000013E-0001 -2.14469736755661269573E+0002  1.65511693156089271238E-0006 -2.14469736755661269573E+0002  1.00000000000000000000E+0000  8.69960183750558341893E-0001  1.03431248575558259995E+0000  7.81503533931383331205E-0001  0.00000000000000000000E+0000  2.18478658651365228283E+0002  0.00000000000000000000E+0000  3.79057744913179930255E-0008  3.93524209707734943231E-0004  9.14753779008416335869E-0032  0.00000000000000000000E+0000  2.60124791554821608685E+0000  0.00000000000000000000E+0000  0.00000000000000000000E+0000  2.60124834677448036062E+0000  0.00000000000000000000E+0000  8.87247889434873330356E-0002  4.81865558872698087323E-0003  8.87247841447453320401E-0002  4.81865590017309730388E-0003  2.47136395417495724757E-0012  1.32545234390332484305E+0000  0.00000000000000000000E+0000  1.00256100014298255206E-0004  9.58938910575150756706E-0005 -3.82197852890312377937E-0005
 4.07099999999999999980E-0003  6.10000000000000000013E-0001 -2.14469947910171564648E+0002  1.63290208627087817688E-0006 -2.14469947910171564648E+0002  1.00000000000000000000E+0000  8.69961880575559583619E-0001  1.03430863248564766156E+0000  7.81503931470380518978E-0001  0.00000000000000000000E+0000  2.18478658651365228283E+0002  0.00000000000000000000E+0000  3.79087910853475541548E-0008  3.93462669427521584588E-0004  9.14758515857437018075E-0032  0.00000000000000000000E+0000  2.60104553669589883100E+0000  0.00000000000000000000E+0000  0.00000000000000000000E+0000  2.60104596593957529296E+0000  0.00000000000000000000E+0000  8.87181641181450423599E-0002  4.81807628815981855954E-0003  8.87181593792327201258E-0002  4.81807659686182326845E-0003  2.47134432356551773268E-0012  1.32545247955797727596E+0000  0.00000000000000000000E+0000  9.92088281944216652149E-0005  9.49176950097085719394E-0005 -3.78272747316291929524E-0005
 4.15200000000000000016E-0003  6.10000000000000000013E-0001 -2.14470160531079713895E+0002  1.61105184790405227518E-0006 -2.14470160531079713895E+0002  1.00000000000000000000E+0000  8.69963592842024324584E-0001  1.03430475505939267365E+0000  7.81504336309931227518E-0001  0.00000000000000000000E+0000  2.18478658651365228283E+0002  0.00000000000000000000E+0000  3.79118319693232055149E-0008  3.93400621527796182020E-0004  9.14763516958149008682E-0032  0.00000000000000000000E+0000  2.60084165280102685590E+0000  0.00000000000000000000E+0000  0.00000000000000000000E+0000  2.60084207993162135368E+0000  0.00000000000000000000E+0000  8.87115684891361866565E-0002  4.81749716248668583207E-0003  8.87115638093782543050E-0002  4.81749746783812819869E-0003  2.47132576366913707871E-0012  1.32545261436955709032E+0000  0.00000000000000000000E+0000  9.81684095433279053925E-0005  9.39468039653949507554E-0005 -3.74370208445419597270E-0005
 4.23500000000000000000E-0003  6.10000000000000000013E-0001 -2.14470377150295344409E+0002  1.58929105465066083210E-0006 -2.14470377150295344409E+0002  1.00000000000000000000E+0000  8.69965340959642207720E-0001  1.03430080731584820761E+0000  7.81504753289718034209E-0001  0.00000000000000000000E+0000  2.18478658651365228283E+0002  0.00000000000000000000E+0000  3.79149333873834332126E-0008  3.93337327006378126902E-0004  9.14768842820515290238E-0032  0.00000000000000000000E+0000  2.60063383588544639940E+0000  0.00000000000000000000E+0000  0.00000000000000000000E+0000  2.60063426064407489141E+0000  0.00000000000000000000E+0000  8.87049237963136011004E-0002  4.81691133122106410377E-0003  8.87049191757795839970E-0002  4.81691163150816095278E-0003  2.47130805615215443489E-0012  1.32545274994097331657E+0000  0.00000000000000000000E+0000  9.71223723919866583007E-0005  9.29695949606207197537E-0005 -3.70443521568128187445E-0005
 4.32000000000000000018E-0003  6.10000000000000000013E-0001 -2.14470597657785872356E+0002  1.56766438845555282202E-0006 -2.14470597657785872356E+0002  1.00000000000000000000E+0000  8.69967124095719626089E-0001  1.03429679128694683725E+0000  7.81505182269860442976E-0001  0.00000000000000000000E+0000  2.18478658651365228283E+0002  0.00000000000000000000E+0000  3.79180938322873043567E-0008  3.93272817079320953039E-0004  9.14774494254362295390E-0032  0.00000000000000000000E+0000  2.60042219004340495274E+0000  0.00000000000000000000E+0000  0.00000000000000000000E+0000  2.60042261253853473728E+0000  0.00000000000000000000E+0000  8.86982343634842107738E-0002  4.81631914542063998741E-0003  8.86982298019916184483E-0002  4.81631944288705464619E-0003  2.47129123822671833550E-0012  1.32545288620577728165E+0000  0.00000000000000000000E+0000  9.60714125071336196468E-0005  9.19867219509106504635E-0005 -3.66495277368353706620E-0005
 4.40600000000000000010E-0003  6.10000000000000000013E-0001 -2.14470819378127962054E+0002  1.54639646154774354496E-0006 -2.14470819378127962054E+0002  1.00000000000000000000E+0000  8.69968920589062485853E-0001  1.03429275567151076536E+0000  7.81505618001834811645E-0001  0.00000000000000000000E+0000  2.18478658651365228283E+0002  0.00000000000000000000E+0000  3.79212749579765172940E-0008  3.93207875605241078734E-0004  9.14780400430776200942E-0032  0.00000000000000000000E+0000  2.60020928461284379636E+0000  0.00000000000000000000E+0000  0.00000000000000000000E+0000  2.60020970471883403432E+0000  0.00000000000000000000E+0000  8.86915805632443437820E-0002  4.81572774637697284861E-0003  8.86915760601003561519E-0002  4.81572804048848123370E-0003  2.47127549026783039599E-0012  1.32545302151868048582E+0000  0.00000000000000000000E+0000  9.50279778743913278149E-0005  9.10098576071498911786E-0005 -3.62572400246175410127E-0005
 4.49399999999999999993E-0003  6.10000000000000000013E-0001 -2.14471044791633112275E+0002  1.52525257505324552193E-0006 -2.14471044791633112275E+0002  1.00000000000000000000E+0000  8.69970750537480384660E-0001  1.03428865531744889781E+0000  7.81506065359453565798E-0001  0.00000000000000000000E+0000  2.18478658651365228283E+0002  0.00000000000000000000E+0000  3.79245123679142125841E-0008  3.93141776411293082185E-0004  9.14786627312503147237E-0032  0.00000000000000000000E+0000  2.59999273813881636472E+0000  0.00000000000000000000E+0000  0.00000000000000000000E+0000  2.59999315581939018332E+0000  0.00000000000000000000E+0000  8.86848878158742195426E-0002  4.81513051043000939720E-0003  8.86848833709553366090E-0002  4.81513080173114969033E-0003  2.47126063716645470691E-0012  1.32545315741196256495E+0000  0.00000000000000000000E+0000  9.39802876591234210686E-0005  9.00279913403070227703E-0005 -3.58630639709126908879E-0005
 4.58400000000000000009E-0003  6.10000000000000000013E-0001 -2.14471273781530399033E+0002  1.50423540766624210170E-0006 -2.14471273781530399033E+0002  1.00000000000000000000E+0000  8.69972613031928609147E-0001  1.03428449236523041131E+0000  7.81506524152410318523E-0001  0.00000000000000000000E+0000  2.18478658651365228283E+0002  0.00000000000000000000E+0000  3.79278044431426250797E-0008  3.93074553400882885620E-0004  9.14793173704724901338E-0032  0.00000000000000000000E+0000  2.59977266224612295039E+0000  0.00000000000000000000E+0000  0.00000000000000000000E+0000  2.59977307740917107457E+0000  0.00000000000000000000E+0000  8.86781601410776082215E-0002  4.81452777818413248925E-0003  8.86781557542751651169E-0002  4.81452806665844226925E-0003  2.47124669313360883553E-0012  1.32545329380882847940E+0000  0.00000000000000000000E+0000  9.29288825627833860566E-0005  8.90416394645310294969E-0005 -3.54672073659144001155E-0005
 4.67600000000000000016E-0003  6.10000000000000000013E-0001 -2.14471506228411834816E+0002  1.48332951927939196987E-0006 -2.14471506228411834816E+0002  1.00000000000000000000E+0000  8.69974507134281179474E-0001  1.03428026899840537261E+0000  7.81506994171427067663E-0001  0.00000000000000000000E+0000  2.18478658651365228283E+0002  0.00000000000000000000E+0000  3.79311495215315970294E-0008  3.93006241511484842626E-0004  9.14800037667745736029E-0032  0.00000000000000000000E+0000  2.59954917149100423954E+0000  0.00000000000000000000E+0000  0.00000000000000000000E+0000  2.59954958378674062499E+0000  0.00000000000000000000E+0000  8.86714014556291027657E-0002  4.81391988703835351064E-0003  8.86713971269306625866E-0002  4.81392017038757662449E-0003  2.47123367051110012228E-0012  1.32545343063501917585E+0000  0.00000000000000000000E+0000  9.18742456592260299188E-0005  8.80512665813309218184E-0005 -3.50698565112634947003E-0005
 4.76899999999999999998E-0003  6.10000000000000000013E-0001 -2.14471739521436057019E+0002  1.46279463436789614528E-0006 -2.14471739521436057019E+0002  1.00000000000000000000E+0000  8.69976411522246033728E-0001  1.03427603260057566549E+0000  7.81507470081647064204E-0001  0.00000000000000000000E+0000  2.18478658651365228283E+0002  0.00000000000000000000E+0000  3.79345100100574187965E-0008  3.92937609523771964893E-0004  9.14807139053576293490E-0032  0.00000000000000000000E+0000  2.59932477752791934425E+0000  0.00000000000000000000E+0000  0.00000000000000000000E+0000  2.59932518708462060946E+0000  0.00000000000000000000E+0000  8.86646864175770469229E-0002  4.81331359563252067389E-0003  8.86646821461118357709E-0002  4.81331387562917264583E-0003  2.47122169825659862157E-0012  1.32545356640992899029E+0000  0.00000000000000000000E+0000  9.08279874043528792145E-0005  8.70678076825676904801E-0005 -3.46753904332554773168E-0005
 4.86499999999999999987E-0003  6.10000000000000000013E-0001 -2.14471978536988364908E+0002  1.44219412424150710382E-0006 -2.14471978536988364908E+0002  1.00000000000000000000E+0000  8.69978366051108418361E-0001  1.03427169464873095709E+0000  7.81507961885333605654E-0001  0.00000000000000000000E+0000  2.18478658651365228283E+0002  0.00000000000000000000E+0000  3.79379562147203180964E-0008  3.92867222258058291259E-0004  9.14814629026791002695E-0032  0.00000000000000000000E+0000  2.59909478917286695899E+0000  0.00000000000000000000E+0000  0.00000000000000000000E+0000  2.59909519599275454422E+0000  0.00000000000000000000E+0000  8.86578754738973900268E-0002  4.81269627625042730480E-0003  8.86578712600329126888E-0002  4.81269655384175768021E-0003  2.47121053759763809802E-0012  1.32545370393324588119E+0000  0.00000000000000000000E+0000  8.97682651348018084784E-0005  8.60707350973695611879E-0005 -3.42755847048717130991E-0005
 4.96199999999999999992E-0003  6.10000000000000000013E-0001 -2.14472218189688897574E+0002  1.42193593367242357012E-0006 -2.14472218189688897574E+0002  1.00000000000000000000E+0000  8.69980329123162976219E-0001  1.03426734740941205762E+0000  7.81508459091186344771E-0001  0.00000000000000000000E+0000  2.18478658651365228283E+0002  0.00000000000000000000E+0000  3.79414148332502725981E-0008  3.92796578389745088540E-0004  9.14822346690200999454E-0032  0.00000000000000000000E+0000  2.59886410084106523406E+0000  0.00000000000000000000E+0000  0.00000000000000000000E+0000  2.59886450474695488290E+0000  0.00000000000000000000E+0000  8.86511128868880841098E-0002  4.81208102763253852571E-0003  8.86511087299134646272E-0002  4.81208130185754291992E-0003  2.47120041401769196223E-0012  1.32545384031451152576E+0000  0.00000000000000000000E+0000  8.87173980451239446392E-0005  8.50810737787457280075E-0005 -3.38788634198612809578E-0005
 5.06099999999999999989E-0003  6.10000000000000000013E-0001 -2.14472460844686458381E+0002  1.40182545273126488936E-0006 -2.14472460844686458381E+0002  1.00000000000000000000E+0000  8.69982320082814835607E-0001  1.03426294794634709181E+0000  7.81508966569112718283E-0001  0.00000000000000000000E+0000  2.18478658651365228283E+0002  0.00000000000000000000E+0000  3.79449199909524260520E-0008  3.92724981816503368748E-0004  9.14830366187709749345E-0032  0.00000000000000000000E+0000  2.59863043695043820030E+0000  0.00000000000000000000E+0000  0.00000000000000000000E+0000  2.59863083792140633866E+0000  0.00000000000000000000E+0000  8.86443310927631918119E-0002  4.81146173240273991923E-0003  8.86443269924341021963E-0002  4.81146200374972015600E-0003  2.47119121457141777522E-0012  1.32545397692617268051E+0000  0.00000000000000000000E+0000  8.76648020320537948543E-0005  8.40888803097743991695E-0005 -3.34812386231333330907E-0005
 5.16299999999999999993E-0003  6.10000000000000000013E-0001 -2.14472708785841394585E+0002  1.38164980763642568368E-0006 -2.14472708785841394585E+0002  1.00000000000000000000E+0000  8.69984357735191259520E-0001  1.03425845488477232098E+0000  7.81509489165334732784E-0001  0.00000000000000000000E+0000  2.18478658651365228283E+0002  0.00000000000000000000E+0000  3.79485047668260314582E-0008  3.92651757965093928152E-0004  9.14838766471466628482E-0032  0.00000000000000000000E+0000  2.59839159725301609496E+0000  0.00000000000000000000E+0000  0.00000000000000000000E+0000  2.59839199494425533796E+0000  0.00000000000000000000E+0000  8.86374672904050029044E-0002  4.81083261953429509085E-0003  8.86374632471413123394E-0002  4.81083288619389715434E-0003  2.47118287311430903920E-0012  1.32545411502948716172E+0000  0.00000000000000000000E+0000  8.66006236828853420995E-0005  8.30848669634000635367E-0005 -3.30789912929983795817E-0005
 5.26600000000000000014E-0003  6.10000000000000000013E-0001 -2.14472957043671577773E+0002  1.36183443137598281587E-0006 -2.14472957043671577773E+0002  1.00000000000000000000E+0000  8.69986401209176110258E-0001  1.03425395823165460494E+0000  7.81510016368845439338E-0001  0.00000000000000000000E+0000  2.18478658651365228283E+0002  0.00000000000000000000E+0000  3.79520973130266559670E-0008  3.92578375818519190315E-0004  9.14847377038850661726E-0032  0.00000000000000000000E+0000  2.59815236993276447021E+0000  0.00000000000000000000E+0000  0.00000000000000000000E+0000  2.59815276445832296528E+0000  0.00000000000000000000E+0000  8.86306580438377918704E-0002  4.81020624336771956649E-0003  8.86306540567681879072E-0002  4.81020650666265747238E-0003  2.47117553351900111966E-0012  1.32545425190873520326E+0000  0.00000000000000000000E+0000  8.55459962939745360393E-0005  8.20889987439065631682E-0005 -3.26801116236994890779E-0005
 5.37099999999999999984E-0003  6.10000000000000000013E-0001 -2.14473207920166411902E+0002  1.34217579927446932958E-0006 -2.14473207920166411902E+0002  1.00000000000000000000E+0000  8.69988469412854053891E-0001  1.03424941625148619111E+0000  7.81510553012335601789E-0001  0.00000000000000000000E+0000  2.18478658651365228283E+0002  0.00000000000000000000E+0000  3.79557309250756583265E-0008  3.92504156375176755670E-0004  9.14856274787918856229E-0032  0.00000000000000000000E+0000  2.59791053836849307750E+0000  0.00000000000000000000E+0000  0.00000000000000000000E+0000  2.59791092971239829298E+0000  0.00000000000000000000E+0000  8.86238391426013583378E-0002  4.80957673644584007177E-0003  8.86238352114435434554E-0002  4.80957699681954008262E-0003  2.47116911214634041591E-0012  1.32545438884210399814E+0000  0.00000000000000000000E+0000  8.44908498561291857815E-0005  8.10917939332394113980E-0005 -3.22808061484052848260E-0005
 5.47900000000000000003E-0003  6.10000000000000000013E-0001 -2.14473463631955185607E+0002  1.32249894214103369255E-0006 -2.14473463631955185607E+0002  1.00000000000000000000E+0000  8.69990580663695560915E-0001  1.03424478882599254082E+0000  7.81511103885296930433E-0001  0.00000000000000000000E+0000  2.18478658651365228283E+0002  0.00000000000000000000E+0000  3.79594377762454740834E-0008  3.92428443635090771191E-0004  9.14865540613032192483E-0032  0.00000000000000000000E+0000  2.59766396524522278212E+0000  0.00000000000000000000E+0000  0.00000000000000000000E+0000  2.59766435336642679925E+0000  0.00000000000000000000E+0000  8.86169508868759792000E-0002  4.80893856805325126423E-0003  8.86169470118375524119E-0002  4.80893882590567920160E-0003  2.47116356008901929951E-0012  1.32545452703822388009E+0000  0.00000000000000000000E+0000  8.34258752402794549629E-0005  8.00844593504619065884E-0005 -3.18775527172856917152E-0005
 5.58799999999999999997E-0003  6.10000000000000000013E-0001 -2.14473719333430254547E+0002  1.30314973241812837324E-0006 -2.14473719333430254547E+0002  1.00000000000000000000E+0000  8.69992694916934116204E-0001  1.03424016359262265126E+0000  7.81511658492724241840E-0001  0.00000000000000000000E+0000  2.18478658651365228283E+0002  0.00000000000000000000E+0000  3.79631476208404213509E-0008  3.92352674007464159623E-0004  9.14874995879595745137E-0032  0.00000000000000000000E+0000  2.59741732474678243951E+0000  0.00000000000000000000E+0000  0.00000000000000000000E+0000  2.59741770947837847432E+0000  0.00000000000000000000E+0000  8.86101226171433949401E-0002  4.80830376581437889091E-0003  8.86101187974806762739E-0002  4.80830402030927532294E-0003  2.47115896686125458387E-0012  1.32545466391791841678E+0000  0.00000000000000000000E+0000  8.23709571466183251242E-0005  7.90858323025137373338E-0005 -3.14778873587705995972E-0005
 5.69999999999999999999E-0003  6.10000000000000000013E-0001 -2.14473979562607686283E+0002  1.28377366736864241797E-0006 -2.14473979562607686283E+0002  1.00000000000000000000E+0000  8.69994849695481273861E-0001  1.03423545845305593800E+0000  7.81512226672704302696E-0001  0.00000000000000000000E+0000  2.18478658651365228283E+0002  0.00000000000000000000E+0000  3.79669263210903406683E-0008  3.92275503379821644349E-0004  9.14884808028606587944E-0032  0.00000000000000000000E+0000  2.59716624019279651841E+0000  0.00000000000000000000E+0000  0.00000000000000000000E+0000  2.59716662123428888029E+0000  0.00000000000000000000E+0000  8.86032328890093250683E-0002  4.80766104967425348821E-0003  8.86032291249707283420E-0002  4.80766129945991973519E-0003  2.47115525171734418806E-0012  1.32545480191603484309E+0000  0.00000000000000000000E+0000  8.13072365444489248228E-0005  7.80780741914382915111E-0005 -3.10746715403796517980E-0005
 5.81399999999999999991E-0003  6.10000000000000000013E-0001 -2.14474241841457275021E+0002  1.26458484296441599087E-0006 -2.14474241841457275021E+0002  1.00000000000000000000E+0000  8.69997024482192894321E-0001  1.03423071818610394447E+0000  7.81512803019333953476E-0001  0.00000000000000000000E+0000  2.18478658651365228283E+0002  0.00000000000000000000E+0000  3.79707379271975423296E-0008  3.92197667326610238170E-0004  9.14894883558630555326E-0032  0.00000000000000000000E+0000  2.59691310280656848962E+0000  0.00000000000000000000E+0000  0.00000000000000000000E+0000  2.59691348034724789557E+0000  0.00000000000000000000E+0000  8.85963469415173475737E-0002  4.80701652080969929401E-0003  8.85963432326691624957E-0002  4.80701676761854921151E-0003  2.47115242824215493295E-0012  1.32545493974796584915E+0000  0.00000000000000000000E+0000  8.02447626683440577876E-0005  7.70707210883096112082E-0005 -3.06717157069527262501E-0005
 5.93000000000000000017E-0003  6.10000000000000000013E-0001 -2.14474506036788292548E+0002  1.24556318040548522048E-0006 -2.14474506036788292548E+0002  1.00000000000000000000E+0000  8.69999218144325066381E-0001  1.03422594516141503349E+0000  7.81513387195930707765E-0001  0.00000000000000000000E+0000  2.18478658651365228283E+0002  0.00000000000000000000E+0000  3.79745805040379685276E-0008  3.92119206765745712700E-0004  9.14905214966956278857E-0032  0.00000000000000000000E+0000  2.59665804262402326731E+0000  0.00000000000000000000E+0000  0.00000000000000000000E+0000  2.59665841660073136573E+0000  0.00000000000000000000E+0000  8.85894673454521740363E-0002  4.80637045566843953853E-0003  8.85894636914602928178E-0002  4.80637069950709750737E-0003  2.47115049058179079494E-0012  1.32545507735427127612E+0000  0.00000000000000000000E+0000  7.91838141836817875408E-0005  7.60640607941554316802E-0005 -3.02691376333566745664E-0005
 6.04900000000000000007E-0003  6.10000000000000000013E-0001 -2.14474774246443725387E+0002  1.22655827472231573665E-0006 -2.14474774246443725387E+0002  1.00000000000000000000E+0000  8.70001448113437832080E-0001  1.03422110146733714779E+0000  7.81513983853411792538E-0001  0.00000000000000000000E+0000  2.18478658651365228283E+0002  0.00000000000000000000E+0000  3.79784846035544395277E-0008  3.92039499158910881485E-0004  9.14915884707024769502E-0032  0.00000000000000000000E+0000  2.59639903453951003775E+0000  0.00000000000000000000E+0000  0.00000000000000000000E+0000  2.59639940492416428607E+0000  0.00000000000000000000E+0000  8.85825393738645551280E-0002  4.80571771968729565888E-0003  8.85825357748023490165E-0002  4.80571796091697940713E-0003  2.47114941939656343751E-0012  1.32545521584080290979E+0000  0.00000000000000000000E+0000  7.81158819049125909134E-0005  7.50500307524299599403E-0005 -2.98637106632318029163E-0005
 6.16999999999999999989E-0003  6.10000000000000000013E-0001 -2.14475044058849495493E+0002  1.20772377069256294225E-0006 -2.14475044058849495493E+0002  1.00000000000000000000E+0000  8.70003694328994402250E-0001  1.03421623062381451712E+0000  7.81514587607383940553E-0001  0.00000000000000000000E+0000  2.18478658651365228283E+0002  0.00000000000000000000E+0000  3.79824151458490492950E-0008  3.91959262311761147044E-0004  9.14926795620806411714E-0032  0.00000000000000000000E+0000  2.59613840837419504850E+0000  0.00000000000000000000E+0000  0.00000000000000000000E+0000  2.59613877504734995153E+0000  0.00000000000000000000E+0000  8.85756246836357143617E-0002  4.80506414769660936037E-0003  8.85756211391525936149E-0002  4.80506438593693280649E-0003  2.47114921772862842058E-0012  1.32545535398520518042E+0000  0.00000000000000000000E+0000  7.70503832093809150065E-0005  7.40375919321904810220E-0005 -2.94590148873213134347E-0005
 6.29300000000000000004E-0003  6.10000000000000000013E-0001 -2.14475315340820582979E+0002  1.18906407892620326514E-0006 -2.14475315340820582979E+0002  1.00000000000000000000E+0000  8.70005955640510944560E-0001  1.03421133498688560376E+0000  7.81515198106617423783E-0001  0.00000000000000000000E+0000  2.18478658651365228283E+0002  0.00000000000000000000E+0000  3.79863701761028409816E-0008  3.91878537400383108830E-0004  9.14937939411013612169E-0032  0.00000000000000000000E+0000  2.59587629435322418594E+0000  0.00000000000000000000E+0000  0.00000000000000000000E+0000  2.59587665726088189237E+0000  0.00000000000000000000E+0000  8.85687255201365043248E-0002  4.80440999833097635863E-0003  8.85687220298443089457E-0002  4.80441023359128198719E-0003  2.47114986475845155823E-0012  1.32545549175124611314E+0000  0.00000000000000000000E+0000  7.59875891164394971810E-0005  7.30270264700317722154E-0005 -2.90551603175532374870E-0005
 6.41899999999999999985E-0003  6.10000000000000000013E-0001 -2.14475590115504912647E+0002  1.17041095758230950052E-0006 -2.14475590115504912647E+0002  1.00000000000000000000E+0000  8.70008248911527361659E-0001  1.03420637802671125957E+0000  7.81515819894239047757E-0001  0.00000000000000000000E+0000  2.18478658651365228283E+0002  0.00000000000000000000E+0000  3.79903792175234767953E-0008  3.91796723249737883751E-0004  9.14949398519074720866E-0032  0.00000000000000000000E+0000  2.59561073847986690253E+0000  0.00000000000000000000E+0000  0.00000000000000000000E+0000  2.59561109723178592068E+0000  0.00000000000000000000E+0000  8.85617900448402303536E-0002  4.80375037257974732354E-0003  8.85617866088700366646E-0002  4.80375060304589267248E-0003  2.47115137329846847453E-0012  1.32545563017489540295E+0000  0.00000000000000000000E+0000  7.49194144868680396745E-0005  7.20106611430491013672E-0005 -2.86490804379370074437E-0005
 6.54699999999999999999E-0003  6.10000000000000000013E-0001 -2.14475866045306391872E+0002  1.15196139427267554397E-0006 -2.14475866045306391872E+0002  1.00000000000000000000E+0000  8.70010554606143121073E-0001  1.03420140186896964438E+0000  7.81516447655849164642E-0001  0.00000000000000000000E+0000  2.18478658651365228283E+0002  0.00000000000000000000E+0000  3.79944081675355513213E-0008  3.91714517132501102821E-0004  9.14961073873305038389E-0032  0.00000000000000000000E+0000  2.59534400081146572462E+0000  0.00000000000000000000E+0000  0.00000000000000000000E+0000  2.59534435565923232410E+0000  0.00000000000000000000E+0000  8.85548763595157953149E-0002  4.80309083380086496926E-0003  8.85548729773424235222E-0002  4.80309106126012071708E-0003  2.47115368792556437381E-0012  1.32545576811924994325E+0000  0.00000000000000000000E+0000  7.38547930593020625080E-0005  7.09970163389301986948E-0005 -2.82441735442152274558E-0005
 6.67800000000000000020E-0003  6.10000000000000000013E-0001 -2.14476145103167000289E+0002  1.13355886001729375404E-0006 -2.14476145103167000289E+0002  1.00000000000000000000E+0000  8.70012889199476304651E-0001  1.03419637090746291267E+0000  7.81517085860169225366E-0001  0.00000000000000000000E+0000  2.18478658651365228283E+0002  0.00000000000000000000E+0000  3.79984858502099658854E-0008  3.91631332290624845471E-0004  9.14973047765413513319E-0032  0.00000000000000000000E+0000  2.59507417512273020482E+0000  0.00000000000000000000E+0000  0.00000000000000000000E+0000  2.59507452605196054190E+0000  0.00000000000000000000E+0000  8.85479344587302638490E-0002  4.80242663552382998899E-0003  8.85479311303174811154E-0002  4.80242686030439889371E-0003  2.47115682652124084190E-0012  1.32545590657057215419E+0000  0.00000000000000000000E+0000  7.27859298142766783377E-0005  6.99786867802313412989E-0005 -2.78374853508012555987E-0005
 6.81200000000000000006E-0003  6.10000000000000000013E-0001 -2.14476427080449637538E+0002  1.11520780269029919536E-0006 -2.14476427080449637538E+0002  1.00000000000000000000E+0000  8.70015250952678628879E-0001  1.03419128888308739869E+0000  7.81517734034186087495E-0001  0.00000000000000000000E+0000  2.18478658651365228283E+0002  0.00000000000000000000E+0000  3.80026092560099990171E-0008  3.91547231697160472682E-0004  9.14985311194610060827E-0032  0.00000000000000000000E+0000  2.59480146364564049190E+0000  0.00000000000000000000E+0000  0.00000000000000000000E+0000  2.59480181058555645903E+0000  0.00000000000000000000E+0000  8.85409692351050881478E-0002  4.80175825945249381311E-0003  8.85409659604037909637E-0002  4.80175848153802752262E-0003  2.47116078396108522256E-0012  1.32545604544425526074E+0000  0.00000000000000000000E+0000  7.17135085776692383270E-0005  6.89563364796588501041E-0005 -2.74292776405837286076E-0005
 6.94799999999999999984E-0003  6.10000000000000000013E-0001 -2.14476709715708530185E+0002  1.09704208176371197122E-0006 -2.14476709715708530185E+0002  1.00000000000000000000E+0000  8.70017620889336094176E-0001  1.03418619650659959048E+0000  7.81518386933632512354E-0001  0.00000000000000000000E+0000  2.18478658651365228283E+0002  0.00000000000000000000E+0000  3.80067453102310806892E-0008  3.91462891384556899086E-0004  9.14997763234891111355E-0032  0.00000000000000000000E+0000  2.59452805502116706435E+0000  0.00000000000000000000E+0000  0.00000000000000000000E+0000  2.59452839787147871852E+0000  0.00000000000000000000E+0000  8.85340354636620722995E-0002  4.80109100702860319074E-0003  8.85340322422329339283E-0002  4.80109122609089430529E-0003  2.47116551367019901329E-0012  1.32545618365765418970E+0000  0.00000000000000000000E+0000  7.06458937354175127573E-0005  6.79379616387509144751E-0005 -2.70227398235654456230E-0005
 7.08700000000000000011E-0003  6.10000000000000000013E-0001 -2.14476994904698745392E+0002  1.07891254708983846519E-0006 -2.14476994904698745392E+0002  1.00000000000000000000E+0000  8.70020014881366493954E-0001  1.03418105958726969117E+0000  7.81519048902882583290E-0001  0.00000000000000000000E+0000  2.18478658651365228283E+0002  0.00000000000000000000E+0000  3.80109217565740649737E-0008  3.91377746899189698184E-0004  9.15010485455666646125E-0032  0.00000000000000000000E+0000  2.59425211666397132252E+0000  0.00000000000000000000E+0000  0.00000000000000000000E+0000  2.59425245502238189816E+0000  0.00000000000000000000E+0000  8.85270858251254147593E-0002  4.80042035881033819163E-0003  8.85270826569803893430E-0002  4.80042057304293123028E-0003  2.47117104989908049370E-0012  1.32545632215542271608E+0000  0.00000000000000000000E+0000  6.95757151316947684290E-0005  6.69165503077919902496E-0005 -2.66150716705668804931E-0005
 7.22900000000000000004E-0003  6.10000000000000000013E-0001 -2.14477282440416767470E+0002  1.06088116953805416838E-0006 -2.14477282440416767470E+0002  1.00000000000000000000E+0000  8.70022431178850340794E-0001  1.03417588181981545594E+0000  7.81519719458745067023E-0001  0.00000000000000000000E+0000  2.18478658651365228283E+0002  0.00000000000000000000E+0000  3.80151355793426303082E-0008  3.91291860963386644714E-0004  9.15023468126563623933E-0032  0.00000000000000000000E+0000  2.59397384930358564938E+0000  0.00000000000000000000E+0000  0.00000000000000000000E+0000  2.59397418349718132495E+0000  0.00000000000000000000E+0000  8.85201247745173921481E-0002  4.79974677119825496751E-0003  8.85201216594051687179E-0002  4.79974698268347603386E-0003  2.47117733994022099995E-0012  1.32545646086643086146E+0000  0.00000000000000000000E+0000  6.85036545100609758589E-0005  6.58927675337904275759E-0005 -2.62065344746878451290E-0005
 7.37299999999999999988E-0003  6.10000000000000000013E-0001 -2.14477570143129706109E+0002  1.04304230819833464451E-0006 -2.14477570143129706109E+0002  1.00000000000000000000E+0000  8.70024851421320899176E-0001  1.03417070240705405491E+0000  7.81520393457403201264E-0001  0.00000000000000000000E+0000  2.18478658651365228283E+0002  0.00000000000000000000E+0000  3.80193548195862481495E-0008  3.91205886370822793301E-0004  9.15036609576886956080E-0032  0.00000000000000000000E+0000  2.59369536428944619591E+0000  0.00000000000000000000E+0000  0.00000000000000000000E+0000  2.59369569423126900497E+0000  0.00000000000000000000E+0000  8.85132038638148096001E-0002  4.79907528406388743148E-0003  8.85132008012638289631E-0002  4.79907549251347187877E-0003  2.47118433936039923342E-0012  1.32545659875664309556E+0000  0.00000000000000000000E+0000  6.74375612174527747998E-0005  6.48741331102318734237E-0005 -2.58001298804362713675E-0005
 7.52099999999999999996E-0003  6.10000000000000000013E-0001 -2.14477861775492247662E+0002  1.02517157431508386059E-0006 -2.14477861775492247662E+0002  1.00000000000000000000E+0000  8.70027307254616702307E-0001  1.03416545358801051488E+0000  7.81521079709982747260E-0001  0.00000000000000000000E+0000  2.18478658651365228283E+0002  0.00000000000000000000E+0000  3.80236346750561136603E-0008  3.91118699521246243723E-0004  9.15050081236446445008E-0032  0.00000000000000000000E+0000  2.59341302007129940826E+0000  0.00000000000000000000E+0000  0.00000000000000000000E+0000  2.59341334579708640388E+0000  0.00000000000000000000E+0000  8.85062321459341585188E-0002  4.79839709340056252041E-0003  8.85062291360951786007E-0002  4.79839729939127351937E-0003  2.47119212354028177118E-0012  1.32545673764645960380E+0000  0.00000000000000000000E+0000  6.63633797092893312510E-0005  6.38472292494662758684E-0005 -2.53905023391158462800E-0005
 7.67099999999999999994E-0003  6.10000000000000000013E-0001 -2.14478153217058609289E+0002  1.00749624428989968302E-0006 -2.14478153217058609289E+0002  1.00000000000000000000E+0000  8.70029763949459822596E-0001  1.03416020947767806938E+0000  7.81521768478891841632E-0001  0.00000000000000000000E+0000  2.18478658651365228283E+0002  0.00000000000000000000E+0000  3.80279146765026472270E-0008  3.91031533794748092516E-0004  9.15063690400096238892E-0032  0.00000000000000000000E+0000  2.59313080734300618045E+0000  0.00000000000000000000E+0000  0.00000000000000000000E+0000  2.59313112871240574820E+0000  0.00000000000000000000E+0000  8.84993071011890224635E-0002  4.79772172636627287412E-0003  8.84993041435740023415E-0002  4.79772192930897883658E-0003  2.47120057775203649090E-0012  1.32545687560271438976E+0000  0.00000000000000000000E+0000  6.52960657761561492835E-0005  6.28263742345503676189E-0005 -2.49833598106913722836E-0005
 7.82499999999999999975E-0003  6.10000000000000000013E-0001 -2.14478448121407037144E+0002  9.89776276234138636131E-0007 -2.14478448121407037144E+0002  1.00000000000000000000E+0000  8.70032252288804878212E-0001  1.03415490430886999429E+0000  7.81522468380584964471E-0001  0.00000000000000000000E+0000  2.18478658651365228283E+0002  0.00000000000000000000E+0000  3.80322484873100909209E-0008  3.90943297445332292256E-0004  9.15077606552849678477E-0032  0.00000000000000000000E+0000  2.59284518914652147990E+0000  0.00000000000000000000E+0000  0.00000000000000000000E+0000  2.59284550577868947124E+0000  0.00000000000000000000E+0000  8.84923413361717612827E-0002  4.79704068603129733367E-0003  8.84923384309966714410E-0002  4.79704088438925870705E-0003  2.47120981135380499211E-0012  1.32545701436693465236E+0000  0.00000000000000000000E+0000  6.42220840523728296492E-0005  6.17986356356267396596E-0005 -2.45735438957103849081E-0005
 7.98100000000000000032E-0003  6.10000000000000000013E-0001 -2.14478742483678911354E+0002  9.72289004656057799744E-0007 -2.14478742483678911354E+0002  1.00000000000000000000E+0000  8.70034738438182186427E-0001  1.03414961007466275379E+0000  7.81523169871349945566E-0001  0.00000000000000000000E+0000  2.18478658651365228283E+0002  0.00000000000000000000E+0000  3.80365772370125357743E-0008  3.90855190212356854351E-0004  9.15091638394466378401E-0032  0.00000000000000000000E+0000  2.59256004543081910812E+0000  0.00000000000000000000E+0000  0.00000000000000000000E+0000  2.59256035761124247678E+0000  0.00000000000000000000E+0000  8.84854283005711186099E-0002  4.79636315987011418164E-0003  8.84854254471828465968E-0002  4.79636335517004969142E-0003  2.47121964327683699858E-0012  1.32545715209558600026E+0000  0.00000000000000000000E+0000  6.31558400658200385002E-0005  6.07778194122720217279E-0005 -2.41665541366579497410E-0005
 8.14099999999999999985E-0003  6.10000000000000000013E-0001 -2.14479039848339483515E+0002  9.54804767455544965616E-0007 -2.14479039848339483515E+0002  1.00000000000000000000E+0000  8.70037252310509735429E-0001  1.03414426299714343259E+0000  7.81523881370946438187E-0001  0.00000000000000000000E+0000  2.18478658651365228283E+0002  0.00000000000000000000E+0000  3.80409530459793297972E-0008  3.90766152262012689846E-0004  9.15105953324527234102E-0032  0.00000000000000000000E+0000  2.59227194382175363534E+0000  0.00000000000000000000E+0000  0.00000000000000000000E+0000  2.59227225159492356637E+0000  0.00000000000000000000E+0000  8.84784840476351468820E-0002  4.79568095235014139281E-0003  8.84784812460735654589E-0002  4.79568114511362044513E-0003  2.47123019219396356064E-0012  1.32545729044967431688E+0000  0.00000000000000000000E+0000  6.20843239388294849076E-0005  5.97514853019227994645E-0005 -2.37574337039092900633E-0005
 8.30400000000000000031E-0003  6.10000000000000000013E-0001 -2.14479338128270927713E+0002  9.37428404373652013010E-0007 -2.14479338128270927713E+0002  1.00000000000000000000E+0000  8.70039776242435250746E-0001  1.03413890057099527289E+0000  7.81524597862710266466E-0001  0.00000000000000000000E+0000  2.18478658651365228283E+0002  0.00000000000000000000E+0000  3.80453452112644809713E-0008  3.90676809732995009072E-0004  9.15120449443732956790E-0032  0.00000000000000000000E+0000  2.59198290749829067764E+0000  0.00000000000000000000E+0000  0.00000000000000000000E+0000  2.59198321077365590381E+0000  0.00000000000000000000E+0000  8.84715565733920155818E-0002  4.79499881276791329318E-0003  8.84715538234004906723E-0002  4.79499900272318011290E-0003  2.47124138088031114346E-0012  1.32545742848441212977E+0000  0.00000000000000000000E+0000  6.10148911174810861076E-0005  5.87266946786689510520E-0005 -2.33489931765234063792E-0005
 8.47000000000000000000E-0003  6.10000000000000000013E-0001 -2.14479637126125570745E+0002  9.20169008189657443453E-0007 -2.14479637126125570745E+0002  1.00000000000000000000E+0000  8.70042308523017093359E-0001  1.03413352630167366150E+0000  7.81525318828872570117E-0001  0.00000000000000000000E+0000  2.18478658651365228283E+0002  0.00000000000000000000E+0000  3.80497508053345952108E-0008  3.90587223095691684641E-0004  9.15135114716889168238E-0032  0.00000000000000000000E+0000  2.59169312904464873887E+0000  0.00000000000000000000E+0000  0.00000000000000000000E+0000  2.59169342779134275270E+0000  0.00000000000000000000E+0000  8.84646494231130454665E-0002  4.79431713690468294514E-0003  8.84646467243935692162E-0002  4.79431732405346666532E-0003  2.47125318192663923627E-0012  1.32545756613425159487E+0000  0.00000000000000000000E+0000  5.99480547446245120447E-0005  5.77039579043735672519E-0005 -2.29414333509303835945E-0005
 8.63899999999999999976E-0003  6.10000000000000000013E-0001 -2.14479936646208944204E+0002  9.02999426293870155760E-0007 -2.14479936646208944204E+0002  1.00000000000000000000E+0000  8.70044847453608531532E-0001  1.03412814366625903460E+0000  7.81526043745424622703E-0001  0.00000000000000000000E+0000  2.18478658651365228283E+0002  0.00000000000000000000E+0000  3.80541669227772695560E-0008  3.90497452411577850683E-0004  9.15149936741805097195E-0032  0.00000000000000000000E+0000  2.59140279972283213146E+0000  0.00000000000000000000E+0000  0.00000000000000000000E+0000  2.59140309347444663664E+0000  0.00000000000000000000E+0000  8.84577660658284111798E-0002  4.79363631424877497534E-0003  8.84577634181924226636E-0002  4.79363649654430163783E-0003  2.47126559869379190880E-0012  1.32545770333108683709E+0000  0.00000000000000000000E+0000  5.88842939130135824199E-0005  5.66837533991512693278E-0005 -2.25349427357833575347E-0005
 8.81200000000000000019E-0003  6.10000000000000000013E-0001 -2.14480238212667265033E+0002  8.85894900689923343582E-0007 -2.14480238212667265033E+0002  1.00000000000000000000E+0000  8.70047405925577409301E-0001  1.03412272523907294516E+0000  7.81526776289955876916E-0001  0.00000000000000000000E+0000  2.18478658651365228283E+0002  0.00000000000000000000E+0000  3.80586160246055019217E-0008  3.90407041790592939169E-0004  9.15164990028437815675E-0032  0.00000000000000000000E+0000  2.59111044268436823529E+0000  0.00000000000000000000E+0000  0.00000000000000000000E+0000  2.59111073187350357907E+0000  0.00000000000000000000E+0000  8.84508707456062147768E-0002  4.79295284307171971677E-0003  8.84508681488599468259E-0002  4.79295302276687289097E-0003  2.47127862354363316916E-0012  1.32545784080018344455E+0000  0.00000000000000000000E+0000  5.78180988053131011508E-0005  5.56608107135677224573E-0005 -2.21274179335249609729E-0005
 8.98799999999999999985E-0003  6.10000000000000000013E-0001 -2.14480539862818134503E+0002  8.68921959597730950211E-0007 -2.14480539862818134503E+0002  1.00000000000000000000E+0000  8.70049967255352516254E-0001  1.03411730624813259999E+0000  7.81527511652754802067E-0001  0.00000000000000000000E+0000  2.18478658651365228283E+0002  0.00000000000000000000E+0000  3.80630691450908955986E-0008  3.90316580998029043166E-0004  9.15180174287999074926E-0032  0.00000000000000000000E+0000  2.59081796214614178912E+0000  0.00000000000000000000E+0000  0.00000000000000000000E+0000  2.59081824670111396510E+0000  0.00000000000000000000E+0000  8.84440074215640527108E-0002  4.79227112275497446015E-0003  8.84440048753694777660E-0002  4.79227129961416673158E-0003  2.47129218998610871801E-0012  1.32545797765777399204E+0000  0.00000000000000000000E+0000  5.67562072493497291705E-0005  5.46416122185502017486E-0005 -2.17214421807093720670E-0005
 9.16800000000000000018E-0003  6.10000000000000000013E-0001 -2.14480843066478970169E+0002  8.52000620494519393430E-0007 -2.14480843066478970169E+0002  1.00000000000000000000E+0000  8.70052543890930800983E-0001  1.03411186025543834716E+0000  7.81528253387917544285E-0001  0.00000000000000000000E+0000  2.18478658651365228283E+0002  0.00000000000000000000E+0000  3.80675479662676815906E-0008  3.90225630334962626651E-0004  9.15195561808338072429E-0032  0.00000000000000000000E+0000  2.59052393399448957251E+0000  0.00000000000000000000E+0000  0.00000000000000000000E+0000  2.59052421392648442398E+0000  0.00000000000000000000E+0000  8.84371418435064990949E-0002  4.79158778927845868127E-0003  8.84371393477411230731E-0002  4.79158796352930125543E-0003  2.47130634458741467725E-0012  1.32545811459441211931E+0000  0.00000000000000000000E+0000  5.56932963305200263406E-0005  5.36210639482320575921E-0005 -2.13149830085021947758E-0005
 9.35099999999999999973E-0003  6.10000000000000000013E-0001 -2.14481145926686007627E+0002  8.35223357731091307404E-0007 -2.14481145926686007627E+0002  1.00000000000000000000E+0000  8.70055119670749845873E-0001  1.03410642129329724277E+0000  7.81528996811036152080E-0001  0.00000000000000000000E+0000  2.18478658651365228283E+0002  0.00000000000000000000E+0000  3.80720244429028711063E-0008  3.90134760128037755321E-0004  9.15211053891473242268E-0032  0.00000000000000000000E+0000  2.59023019913992520692E+0000  0.00000000000000000000E+0000  0.00000000000000000000E+0000  2.59023047438497856462E+0000  0.00000000000000000000E+0000  8.84303159627650979828E-0002  4.79090706455939227633E-0003  8.84303135170401854873E-0002  4.79090723597074818789E-0003  2.47132098872429183845E-0012  1.32545825077727960465E+0000  0.00000000000000000000E+0000  5.46358342196355887079E-0005  5.26053939503300304476E-0005 -2.09105182094354268434E-0005
 9.53799999999999999995E-0003  6.10000000000000000013E-0001 -2.14481449860216082950E+0002  8.18481630216343255514E-0007 -2.14481449860216082950E+0002  1.00000000000000000000E+0000  8.70057706607280720594E-0001  1.03410096388573366662E+0000  7.81529745358532464865E-0001  0.00000000000000000000E+0000  2.18478658651365228283E+0002  0.00000000000000000000E+0000  3.80765194923848712224E-0008  3.90043546446315953158E-0004  9.15226720764707116556E-0032  0.00000000000000000000E+0000  2.58993538480698623581E+0000  0.00000000000000000000E+0000  0.00000000000000000000E+0000  2.58993565493148116550E+0000  0.00000000000000000000E+0000  8.84234969747865408210E-0002  4.79022571789258370310E-0003  8.84234945790500465968E-0002  4.79022588467600062957E-0003  2.47133620088020148827E-0012  1.32545838686073894183E+0000  0.00000000000000000000E+0000  5.35787000337075209777E-0005  5.15896994541012484846E-0005 -2.05060936070629572647E-0005
 9.72899999999999999999E-0003  6.10000000000000000013E-0001 -2.14481754604850574322E+0002  8.01846274443651893053E-0007 -2.14481754604850574322E+0002  1.00000000000000000000E+0000  8.70060302435238608430E-0001  1.03409549270547644270E+0000  7.81530498368821192727E-0001  0.00000000000000000000E+0000  2.18478658651365228283E+0002  0.00000000000000000000E+0000  3.80810292174934785137E-0008  3.89952068917414475948E-0004  9.15242547786583484272E-0032  0.00000000000000000000E+0000  2.58963974596309493416E+0000  0.00000000000000000000E+0000  0.00000000000000000000E+0000  2.58964001138109185113E+0000  0.00000000000000000000E+0000  8.84166899861895601331E-0002  4.78954429754120179694E-0003  8.84166876401205997953E-0002  4.78954446166972921631E-0003  2.47135189791217320250E-0012  1.32545852275425321586E+0000  0.00000000000000000000E+0000  5.25227054268710975774E-0005  5.05747741975007427731E-0005 -2.01020216228649024461E-0005
 9.92399999999999999985E-0003  6.10000000000000000013E-0001 -2.14482059900144223050E+0002  7.85295024947634040979E-0007 -2.14482059900144223050E+0002  1.00000000000000000000E+0000  8.70062904904896635457E-0001  1.03409001239804731944E+0000  7.81531255163292989485E-0001  0.00000000000000000000E+0000  2.18478658651365228283E+0002  0.00000000000000000000E+0000  3.80855497488096305761E-0008  3.89860406840800057358E-0004  9.15258519486657223757E-0032  0.00000000000000000000E+0000  2.58934353652017874045E+0000  0.00000000000000000000E+0000  0.00000000000000000000E+0000  2.58934379720755118021E+0000  0.00000000000000000000E+0000  8.84099000232593951401E-0002  4.78886334445793879905E-0003  8.84098977266398418213E-0002  4.78886350592636197968E-0003  2.47136808298204850969E-0012  1.32545865834913854421E+0000  0.00000000000000000000E+0000  5.14685888695006146079E-0005  4.95613431220179504393E-0005 -1.96985918433452098771E-0005
 1.01200000000000000003E-0002  6.10000000000000000013E-0001 -2.14482360970189358154E+0002  7.69068619927013635145E-0007 -2.14482360970189358154E+0002  1.00000000000000000000E+0000  8.70065473218753074769E-0001  1.03408460863897912272E+0000  7.81532003804721123413E-0001  0.00000000000000000000E+0000  2.18478658651365228283E+0002  0.00000000000000000000E+0000  3.80900102829897790054E-0008  3.89769995828242417884E-0004  9.15274380986036110566E-0032  0.00000000000000000000E+0000  2.58905139239684342124E+0000  0.00000000000000000000E+0000  0.00000000000000000000E+0000  2.58905164826144910907E+0000  0.00000000000000000000E+0000  8.84032316596213631503E-0002  4.78819342074169546619E-0003  8.84032294115175648435E-0002  4.78819357896504794941E-0003  2.47138448562552256827E-0012  1.32545879156508378065E+0000  0.00000000000000000000E+0000  5.04325856326106803831E-0005  4.85650383643734032870E-0005 -1.93020214818365226531E-0005
 1.03199999999999999997E-0002  6.10000000000000000013E-0001 -2.14482662262391370486E+0002  7.52942791408894983616E-0007 -2.14482662262391370486E+0002  1.00000000000000000000E+0000  8.70068045243355443253E-0001  1.03407920156432498750E+0000  7.81532755280840816571E-0001  0.00000000000000000000E+0000  2.18478658651365228283E+0002  0.00000000000000000000E+0000  3.80944766288835322528E-0008  3.89679501463274701602E-0004  9.15290362940216142501E-0032  0.00000000000000000000E+0000  2.58875899950482759758E+0000  0.00000000000000000000E+0000  0.00000000000000000000E+0000  2.58875925067483822093E+0000  0.00000000000000000000E+0000  8.83965851493677749447E-0002  4.78752456280367622398E-0003  8.83965829494857020042E-0002  4.78752471841336007246E-0003  2.47140130949808272743E-0012  1.32545892439190184217E+0000  0.00000000000000000000E+0000  4.93992115206371076404E-0005  4.75709869338574686036E-0005 -1.89063890905438883067E-0005
 1.05300000000000000000E-0002  6.10000000000000000013E-0001 -2.14482972212331364253E+0002  7.36443776211986483388E-0007 -2.14482972212331364253E+0002  1.00000000000000000000E+0000  8.70070693043182587158E-0001  1.03407363979891650117E+0000  7.81533530708863090125E-0001  0.00000000000000000000E+0000  2.18478658651365228283E+0002  0.00000000000000000000E+0000  3.80990739240978987821E-0008  3.89586390060142662163E-0004  9.15306916313956112739E-0032  0.00000000000000000000E+0000  2.58845817083042821212E+0000  0.00000000000000000000E+0000  0.00000000000000000000E+0000  2.58845841697007094935E+0000  0.00000000000000000000E+0000  8.83897750446103132088E-0002  4.78683808558193926215E-0003  8.83897728940907615952E-0002  4.78683823770011557816E-0003  2.47141905890248968019E-0012  1.32545906053329290257E+0000  0.00000000000000000000E+0000  4.83395705958059686068E-0005  4.65513919422306929662E-0005 -1.85006331699643536550E-0005
 1.07400000000000000002E-0002  6.10000000000000000013E-0001 -2.14483275875336230218E+0002  7.20373385211806608079E-0007 -2.14483275875336230218E+0002  1.00000000000000000000E+0000  8.70073288907767661304E-0001  1.03406819146136196648E+0000  7.81534292659040608282E-0001  0.00000000000000000000E+0000  2.18478658651365228283E+0002  0.00000000000000000000E+0000  3.81035804847140794245E-0008  3.89495152572100979267E-0004  9.15323240552772724380E-0032  0.00000000000000000000E+0000  2.58816341256512030735E+0000  0.00000000000000000000E+0000  0.00000000000000000000E+0000  2.58816365375724237213E+0000  0.00000000000000000000E+0000  8.83831285788026973371E-0002  4.78616702932390960948E-0003  8.83831264763944132636E-0002  4.78616717800144467434E-0003  2.47143684378301429180E-0012  1.32545919346749105285E+0000  0.00000000000000000000E+0000  4.73045891971443451436E-0005  4.55552734891037227454E-0005 -1.81042541074562649218E-0005
 1.09600000000000000004E-0002  6.10000000000000000013E-0001 -2.14483587237885017965E+0002  7.04023580098983295271E-0007 -2.14483587237885017965E+0002  1.00000000000000000000E+0000  8.70075952390082518815E-0001  1.03406260560084411787E+0000  7.81535076243079810992E-0001  0.00000000000000000000E+0000  2.18478658651365228283E+0002  0.00000000000000000000E+0000  3.81082038711770435848E-0008  3.89401586887873447505E-0004  9.15340088158886533904E-0032  0.00000000000000000000E+0000  2.58786114841843034942E+0000  0.00000000000000000000E+0000  0.00000000000000000000E+0000  2.58786138497158789700E+0000  0.00000000000000000000E+0000  8.83763394939013447883E-0002  4.78548048319506787880E-0003  8.83763374404209598955E-0002  4.78548063024508873402E-0003  2.47145545293518297641E-0012  1.32545932930315130734E+0000  0.00000000000000000000E+0000  4.62465638381946239558E-0005  4.45367250734925313659E-0005 -1.76989893238512086396E-0005
 1.11799999999999999998E-0002  6.10000000000000000013E-0001 -2.14483891972539665052E+0002  6.88077711023838556210E-0007 -2.14483891972539665052E+0002  1.00000000000000000000E+0000  8.70078560883992642634E-0001  1.03405713920706412089E+0000  7.81535845341915408541E-0001  0.00000000000000000000E+0000  2.18478658651365228283E+0002  0.00000000000000000000E+0000  3.81127313132759674450E-0008  3.89310000021036060753E-0004  9.15356680583446942654E-0032  0.00000000000000000000E+0000  2.58756528898658295272E+0000  0.00000000000000000000E+0000  0.00000000000000000000E+0000  2.58756552054718354239E+0000  0.00000000000000000000E+0000  8.83697190277343114134E-0002  4.78480997626035223450E-0003  8.83697170220289854810E-0002  4.78481011985129041894E-0003  2.47147406891317574767E-0012  1.32545946182457581889E+0000  0.00000000000000000000E+0000  4.52139738839261500647E-0005  4.35424364913170202965E-0005 -1.73034097852948060067E-0005
 1.14000000000000000000E-0002  6.10000000000000000013E-0001 -2.14484190213660525837E+0002  6.72552505849054059140E-0007 -2.14484190213660525837E+0002  1.00000000000000000000E+0000  8.70081115393192846164E-0001  1.03405178980750720027E+0000  7.81536600131615958394E-0001  0.00000000000000000000E+0000  2.18478658651365228283E+0002  0.00000000000000000000E+0000  3.81171646155110585866E-0008  3.89220353176930348501E-0004  9.15373017178201593086E-0032  0.00000000000000000000E+0000  2.58727570643385796820E+0000  0.00000000000000000000E+0000  0.00000000000000000000E+0000  2.58727593309937880009E+0000  0.00000000000000000000E+0000  8.83632620220520755805E-0002  4.78415508630249434877E-0003  8.83632600628681628483E-0002  4.78415522652664501011E-0003  2.47149263471000097103E-0012  1.32545959113218237715E+0000  0.00000000000000000000E+0000  4.42060781929352088784E-0005  4.25717196993473603093E-0005 -1.69172379228057140843E-0005
 1.16300000000000000002E-0002  6.10000000000000000013E-0001 -2.14484495065232225838E+0002  6.56762762300289978797E-0007 -2.14484495065232225838E+0002  1.00000000000000000000E+0000  8.70083728138521162896E-0001  1.03404632235698833978E+0000  7.81537373775133528925E-0001  0.00000000000000000000E+0000  2.18478658651365228283E+0002  0.00000000000000000000E+0000  3.81216985468377033446E-0008  3.89128707796441017039E-0004  9.15389815560751809574E-0032  0.00000000000000000000E+0000  2.58697967756648184974E+0000  0.00000000000000000000E+0000  0.00000000000000000000E+0000  2.58697989918839924006E+0000  0.00000000000000000000E+0000  8.83566845317925698641E-0002  4.78348702959680323471E-0003  8.83566826199241716076E-0002  4.78348716627034717529E-0003  2.47151196593218290452E-0012  1.32545972290221946072E+0000  0.00000000000000000000E+0000  4.31785398585136749782E-0005  4.15818807703316332657E-0005 -1.65234911415246640525E-0005
 1.18600000000000000003E-0002  6.10000000000000000013E-0001 -2.14484793118548616384E+0002  6.41434512025350821584E-0007 -2.14484793118548616384E+0002  1.00000000000000000000E+0000  8.70086284146118605341E-0001  1.03404097729197846207E+0000  7.81538132196035482035E-0001  0.00000000000000000000E+0000  2.18478658651365228283E+0002  0.00000000000000000000E+0000  3.81261336407733190030E-0008  3.89039096052900620775E-0004  9.15406334198371697859E-0032  0.00000000000000000000E+0000  2.58669022417427931491E+0000  0.00000000000000000000E+0000  0.00000000000000000000E+0000  2.58669044134931814301E+0000  0.00000000000000000000E+0000  8.83502747334299398378E-0002  4.78283513003631922976E-0003  8.83502728674928812050E-0002  4.78283526527713775554E-0003  2.47153115192819001045E-0012  1.32545985137866069816E+0000  0.00000000000000000000E+0000  4.21764154447513746608E-0005  4.06163401815345917189E-0005 -1.61394351076886577964E-0005
 1.20999999999999999996E-0002  6.10000000000000000013E-0001 -2.14485096892707171518E+0002  6.25849233725270096616E-0007 -2.14485096892707171518E+0002  1.00000000000000000000E+0000  8.70088890752357897067E-0001  1.03403553010067083304E+0000  7.81538907226950099098E-0001  0.00000000000000000000E+0000  2.18478658651365228283E+0002  0.00000000000000000000E+0000  3.81306561571274543288E-0008  3.88947754485787277163E-0004  9.15423265749827867027E-0032  0.00000000000000000000E+0000  2.58639518933091410498E+0000  0.00000000000000000000E+0000  0.00000000000000000000E+0000  2.58639540143530982934E+0000  0.00000000000000000000E+0000  8.83437630543258241438E-0002  4.78217198982851685418E-0003  8.83437612351181149659E-0002  4.78217212143845719120E-0003  2.47155107174900898077E-0012  1.32545998194286383321E+0000  0.00000000000000000000E+0000  4.11575081611304623232E-0005  3.96344500493788573575E-0005 -1.57489055793480264344E-0005
 1.23399999999999999998E-0002  6.10000000000000000013E-0001 -2.14485393590889591484E+0002  6.10698957611600093659E-0007 -2.14485393590889591484E+0002  1.00000000000000000000E+0000  8.70091438092148351401E-0001  1.03403021020731177568E+0000  7.81539666165263154020E-0001  0.00000000000000000000E+0000  2.18478658651365228283E+0002  0.00000000000000000000E+0000  3.81350755245711070046E-0008  3.88858532092431942740E-0004  9.15439894065115569762E-0032  0.00000000000000000000E+0000  2.58610700283831421685E+0000  0.00000000000000000000E+0000  0.00000000000000000000E+0000  2.58610721003735037410E+0000  0.00000000000000000000E+0000  8.83374226562023051926E-0002  4.78152548281381695986E-0003  8.83374208824305403825E-0002  4.78152561110518318348E-0003  2.47157082208299871216E-0012  1.32546010914093370550E+0000  0.00000000000000000000E+0000  4.01646072461321194166E-0005  3.86774612263646989267E-0005 -1.53683006437263518008E-0005
 1.25899999999999999999E-0002  6.10000000000000000013E-0001 -2.14485695154895329995E+0002  5.95396610377049826705E-0007 -2.14485695154895329995E+0002  1.00000000000000000000E+0000  8.70094028655108911474E-0001  1.03402480348080262368E+0000  7.81540439540354386970E-0001  0.00000000000000000000E+0000  2.18478658651365228283E+0002  0.00000000000000000000E+0000  3.81395695671654639780E-0008  3.88767838101045990379E-0004  9.15456887457693105299E-0032  0.00000000000000000000E+0000  2.58581406596947647428E+0000  0.00000000000000000000E+0000  0.00000000000000000000E+0000  2.58581426856788069405E+0000  0.00000000000000000000E+0000  8.83309978770777646349E-0002  4.78086956541117039191E-0003  8.83309961491784861965E-0002  4.78086969194963693864E-0003  2.47159116877661039963E-0012  1.32546023808475179218E+0000  0.00000000000000000000E+0000  3.91576831104106432939E-0005  3.77068008455949435649E-0005 -1.49822831046518836696E-0005
 1.28400000000000000000E-0002  6.10000000000000000013E-0001 -2.14485989396056357076E+0002  5.80500228488889618718E-0007 -2.14485989396056357076E+0002  1.00000000000000000000E+0000  8.70096557679366654507E-0001  1.03401952841396383852E+0000  7.81541196019396672008E-0001  0.00000000000000000000E+0000  2.18478658651365228283E+0002  0.00000000000000000000E+0000  3.81439565901720151072E-0008  3.88679339426493534858E-0004  9.15473555335863862452E-0032  0.00000000000000000000E+0000  2.58552822040543583385E+0000  0.00000000000000000000E+0000  0.00000000000000000000E+0000  2.58552841811738671703E+0000  0.00000000000000000000E+0000  8.83247472706441102877E-0002  4.78023068678739436362E-0003  8.83247455874365353801E-0002  4.78023081002198184916E-0003  2.47161132498114641552E-0012  1.32546036359206598795E+0000  0.00000000000000000000E+0000  3.81772589718012724763E-0005  3.67615489666251649488E-0005 -1.46063896089584296480E-0005
 1.30900000000000000002E-0002  6.10000000000000000013E-0001 -2.14486276487648122993E+0002  5.66023167504270247075E-0007 -2.14486276487648122993E+0002  1.00000000000000000000E+0000  8.70099026524811262483E-0001  1.03401438185551586388E+0000  7.81541935899063716869E-0001  0.00000000000000000000E+0000  2.18478658651365228283E+0002  0.00000000000000000000E+0000  3.81482389940393360756E-0008  3.88592984978629284179E-0004  9.15489900399484548790E-0032  0.00000000000000000000E+0000  2.58524929989958728504E+0000  0.00000000000000000000E+0000  0.00000000000000000000E+0000  2.58524949283775817214E+0000  0.00000000000000000000E+0000  8.83186653363107892164E-0002  4.77960836586465889059E-0003  8.83186636965371778675E-0002  4.77960848588932434044E-0003  2.47163124644006103035E-0012  1.32546048576950264042E+0000  0.00000000000000000000E+0000  3.72225433500636042750E-0005  3.58409610683292375956E-0005 -1.42403210823564396482E-0005
 1.33600000000000000002E-0002  6.10000000000000000013E-0001 -2.14486578422162468896E+0002  5.50879216502668929772E-0007 -2.14486578422162468896E+0002  1.00000000000000000000E+0000  8.70101624354811830394E-0001  1.03400896957672968777E+0000  7.81542715954159795966E-0001  0.00000000000000000000E+0000  2.18478658651365228283E+0002  0.00000000000000000000E+0000  3.81527448873921310012E-0008  3.88502159267526608454E-0004  9.15507179134878962490E-0032  0.00000000000000000000E+0000  2.58495593692499772069E+0000  0.00000000000000000000E+0000  0.00000000000000000000E+0000  2.58495612511222857492E+0000  0.00000000000000000000E+0000  8.83122869000408308257E-0002  4.77895498087503538198E-0003  8.83122853056793756291E-0002  4.77895509866453504444E-0003  2.47165245221387554139E-0012  1.32546061395225718452E+0000  0.00000000000000000000E+0000  3.62204800033955896942E-0005  3.48745926223552461876E-0005 -1.38560688250847470910E-0005
 1.36200000000000000003E-0002  6.10000000000000000013E-0001 -2.14486861822572265013E+0002  5.36704560187254127789E-0007 -2.14486861822572265013E+0002  1.00000000000000000000E+0000  8.70104063919375226937E-0001  1.03400388981323225457E+0000  7.81543449845430354618E-0001  0.00000000000000000000E+0000  2.18478658651365228283E+0002  0.00000000000000000000E+0000  3.81569761008622185933E-0008  3.88416904173093408566E-0004  9.15523476025936621419E-0032  0.00000000000000000000E+0000  2.58468056308539611957E+0000  0.00000000000000000000E+0000  0.00000000000000000000E+0000  2.58468074664569752701E+0000  0.00000000000000000000E+0000  8.83063154469489438648E-0002  4.77834266802654684126E-0003  8.83063138951291150584E-0002  4.77834278303717740544E-0003  2.47167259639113000568E-0012  1.32546073402302435175E+0000  0.00000000000000000000E+0000  3.52816279197415479679E-0005  3.39690837948848795276E-0005 -1.34960269990512256822E-0005
 1.39000000000000000003E-0002  6.10000000000000000013E-0001 -2.14487158726852489413E+0002  5.21920740246305593812E-0007 -2.14487158726852489413E+0002  1.00000000000000000000E+0000  8.70106620968816311609E-0001  1.03399856831808700070E+0000  7.81544220535938922729E-0001  0.00000000000000000000E+0000  2.18478658651365228283E+0002  0.00000000000000000000E+0000  3.81614108921078401868E-0008  3.88327581459620111010E-0004  9.15540633316640468751E-0032  0.00000000000000000000E+0000  2.58439204788124562485E+0000  0.00000000000000000000E+0000  0.00000000000000000000E+0000  2.58439222673102893192E+0000  0.00000000000000000000E+0000  8.83000758089320954400E-0002  4.77770220535664529660E-0003  8.83000743014546515271E-0002  4.77770231807476207109E-0003  2.47169394022762638762E-0012  1.32546085952966065131E+0000  0.00000000000000000000E+0000  3.42998318756664444352E-0005  3.30220539161786238684E-0005 -1.31194936445178555316E-0005
 1.41700000000000000004E-0002  6.10000000000000000013E-0001 -2.14487437508652294904E+0002  5.08076816107916189079E-0007 -2.14487437508652294904E+0002  1.00000000000000000000E+0000  8.70109023051069239746E-0001  1.03399357188435139353E+0000  7.81544945824730605927E-0001  0.00000000000000000000E+0000  2.18478658651365228283E+0002  0.00000000000000000000E+0000  3.81655767914164482562E-0008  3.88243707265011645750E-0004  9.15556818103864290212E-0032  0.00000000000000000000E+0000  2.58412112595685439600E+0000  0.00000000000000000000E+0000  0.00000000000000000000E+0000  2.58412130025452336916E+0000  0.00000000000000000000E+0000  8.82942311162826522808E-0002  4.77710172824396543663E-0003  8.82942296503582228762E-0002  4.77710183827855871035E-0003  2.47171419662483486773E-0012  1.32546097715667349573E+0000  0.00000000000000000000E+0000  3.33794863772572542301E-0005  3.21342185042205937078E-0005 -1.27665037302992314803E-0005
 1.44600000000000000004E-0002  6.10000000000000000013E-0001 -2.14487728509421237119E+0002  4.93683937669933137208E-0007 -2.14487728509421237119E+0002  1.00000000000000000000E+0000  8.70111531554154553900E-0001  1.03398835673107673588E+0000  7.81545704637353886343E-0001  0.00000000000000000000E+0000  2.18478658651365228283E+0002  0.00000000000000000000E+0000  3.81699271151683534028E-0008  3.88156152848646628689E-0004  9.15573791328136509134E-0032  0.00000000000000000000E+0000  2.58383831152083034933E+0000  0.00000000000000000000E+0000  0.00000000000000000000E+0000  2.58383848116505783596E+0000  0.00000000000000000000E+0000  8.82881450595177040880E-0002  4.77647587670349556820E-0003  8.82881436367703658651E-0002  4.77647598439792278702E-0003  2.47173555825623793901E-0012  1.32546109968336083874E+0000  0.00000000000000000000E+0000  3.24203941672407430793E-0005  3.12089250599676398134E-0005 -1.23986348945209606126E-0005
 1.47500000000000000004E-0002  6.10000000000000000013E-0001 -2.14488011309727697212E+0002  4.79725474762311587384E-0007 -2.14488011309727697212E+0002  1.00000000000000000000E+0000  8.70113970443624476264E-0001  1.03398328877520436723E+0000  7.81546443717333700219E-0001  0.00000000000000000000E+0000  2.18478658651365228283E+0002  0.00000000000000000000E+0000  3.81741566146036427789E-0008  3.88071062808302333444E-0004  9.15590361153027486551E-0032  0.00000000000000000000E+0000  2.58356345034089128075E+0000  0.00000000000000000000E+0000  0.00000000000000000000E+0000  2.58356361523089578117E+0000  0.00000000000000000000E+0000  8.82822441361590221258E-0002  4.77586853934936764180E-0003  8.82822427553101605073E-0002  4.77586864384522905832E-0003  2.47175653403658083769E-0012  1.32546121854275884106E+0000  0.00000000000000000000E+0000  3.14897756932331452754E-0005  3.03110365238692846603E-0005 -1.20416681617725486676E-0005
 1.50399999999999999996E-0002  6.10000000000000000013E-0001 -2.14488286137297097203E+0002  4.66202000881725745373E-0007 -2.14488286137297097203E+0002  1.00000000000000000000E+0000  8.70116341566595090189E-0001  1.03397836390422927775E+0000  7.81547163515179782543E-0001  0.00000000000000000000E+0000  2.18478658651365228283E+0002  0.00000000000000000000E+0000  3.81782685182556571588E-0008  3.87988369254920755975E-0004  9.15606534165144193144E-0032  0.00000000000000000000E+0000  2.58329632287629207613E+0000  0.00000000000000000000E+0000  0.00000000000000000000E+0000  2.58329648314105635664E+0000  0.00000000000000000000E+0000  8.82765220710322791748E-0002  4.77527913652665428665E-0003  8.82765207307748955230E-0002  4.77527923792413102145E-0003  2.47177710277466490999E-0012  1.32546133384980053226E+0000  0.00000000000000000000E+0000  3.05867078188790334275E-0005  2.94396750893158496272E-0005 -1.16952541558741976129E-0005
 1.53400000000000000004E-0002  6.10000000000000000013E-0001 -2.14488562155740978540E+0002  4.52684039475807954828E-0007 -2.14488562155740978540E+0002  1.00000000000000000000E+0000  8.70118723925567370359E-0001  1.03397341789580628896E+0000  7.81547887983523123989E-0001  0.00000000000000000000E+0000  2.18478658651365228283E+0002  0.00000000000000000000E+0000  3.81823998413366021817E-0008  3.87905315158547654345E-0004  9.15622847321667670210E-0032  0.00000000000000000000E+0000  2.58302802292586720164E+0000  0.00000000000000000000E+0000  0.00000000000000000000E+0000  2.58302817886737796525E+0000  0.00000000000000000000E+0000  8.82707874193574260261E-0002  4.77468798064917772486E-0003  8.82707861196591665352E-0002  4.77468808023738483500E-0003  2.47179791608596065469E-0012  1.32546144945645695675E+0000  0.00000000000000000000E+0000  2.96810112949017968615E-0005  2.85657301531546618520E-0005 -1.13478195631938869213E-0005
 1.56499999999999999995E-0002  6.10000000000000000013E-0001 -2.14488838789120081371E+0002  4.39175039357453694142E-0007 -2.14488838789120081371E+0002  1.00000000000000000000E+0000  8.70121112535112803778E-0001  1.03396846106114534566E+0000  7.81548615613805229205E-0001  0.00000000000000000000E+0000  2.18478658651365228283E+0002  0.00000000000000000000E+0000  3.81865419555468118430E-0008  3.87822074250795584481E-0004  9.15639266536197852915E-0032  0.00000000000000000000E+0000  2.58275911077126848797E+0000  0.00000000000000000000E+0000  0.00000000000000000000E+0000  2.58275926236667131798E+0000  0.00000000000000000000E+0000  8.82650518890080279559E-0002  4.77409629612289293103E-0003  8.82650506298470381730E-0002  4.77409639386338256400E-0003  2.47181894971659884514E-0012  1.32546156512790132449E+0000  0.00000000000000000000E+0000  2.87745305066397578495E-0005  2.76909898440646235312E-0005 -1.10000735081235784592E-0005
 1.59599999999999999995E-0002  6.10000000000000000013E-0001 -2.14489107090739073658E+0002  4.26085877121748068323E-0007 -2.14489107090739073658E+0002  1.00000000000000000000E+0000  8.70123430079470182232E-0001  1.03396365368608749509E+0000  7.81549322787716975176E-0001  0.00000000000000000000E+0000  2.18478658651365228283E+0002  0.00000000000000000000E+0000  3.81905608111167792297E-0008  3.87741339316678944510E-0004  9.15655256704656790645E-0032  0.00000000000000000000E+0000  2.58249828472214763690E+0000  0.00000000000000000000E+0000  0.00000000000000000000E+0000  2.58249843177330198570E+0000  0.00000000000000000000E+0000  8.82594999900677819080E-0002  4.77352316165735571092E-0003  8.82594987702013470464E-0002  4.77352325632187108423E-0003  2.47183953103755603712E-0012  1.32546167714436781296E+0000  0.00000000000000000000E+0000  2.78964592137278273732E-0005  2.68436358313944278535E-0005 -1.06632164591328733116E-0005
 1.62800000000000000002E-0002  6.10000000000000000013E-0001 -2.14489375443515850522E+0002  4.13052056573719718588E-0007 -2.14489375443515850522E+0002  1.00000000000000000000E+0000  8.70125748904450949919E-0001  1.03395884555495345719E+0000  7.81550031547924783861E-0001  0.00000000000000000000E+0000  2.18478658651365228283E+0002  0.00000000000000000000E+0000  3.81945818735495915156E-0008  3.87660587990913127894E-0004  9.15671314921288858965E-0032  0.00000000000000000000E+0000  2.58223739601502323736E+0000  0.00000000000000000000E+0000  0.00000000000000000000E+0000  2.58223753883318912598E+0000  0.00000000000000000000E+0000  8.82539575621509456767E-0002  4.77295063191950166432E-0003  8.82539563813962508798E-0002  4.77295072476238053923E-0003  2.47186024468769411285E-0012  1.32546178901424986380E+0000  0.00000000000000000000E+0000  2.70192989864704186145E-0005  2.59971398125708676276E-0005 -1.03267018691414475074E-0005
 1.66100000000000000001E-0002  6.10000000000000000013E-0001 -2.14489643320578729072E+0002  4.00040406221084732242E-0007 -2.14489643320578729072E+0002  1.00000000000000000000E+0000  8.70128064434973114822E-0001  1.03395404610003880384E+0000  7.81550740485063429660E-0001  0.00000000000000000000E+0000  2.18478658651365228283E+0002  0.00000000000000000000E+0000  3.81985972248537564324E-0008  3.87579979273281810247E-0004  9.15687408698120446732E-0032  0.00000000000000000000E+0000  2.58197695762489853183E+0000  0.00000000000000000000E+0000  0.00000000000000000000E+0000  2.58197709571683049735E+0000  0.00000000000000000000E+0000  8.82484351380121243979E-0002  4.77237981526340045112E-0003  8.82484339963235496298E-0002  4.77237990435496661528E-0003  2.47188110500911100313E-0012  1.32546190052226786898E+0000  0.00000000000000000000E+0000  2.61447079811521821147E-0005  2.51531105675482761367E-0005 -9.99116818597810268994E-0006
 1.69400000000000000000E-0002  6.10000000000000000013E-0001 -2.14489902618256887259E+0002  3.87522170906985809862E-0007 -2.14489902618256887259E+0002  1.00000000000000000000E+0000  8.70130306551503467961E-0001  1.03394940048550977552E+0000  7.81551428080464080563E-0001  0.00000000000000000000E+0000  2.18478658651365228283E+0002  0.00000000000000000000E+0000  3.82024852906877316422E-0008  3.87501952041153868294E-0004  9.15703047704938176100E-0032  0.00000000000000000000E+0000  2.58172484886149914275E+0000  0.00000000000000000000E+0000  0.00000000000000000000E+0000  2.58172498302110857817E+0000  0.00000000000000000000E+0000  8.82430988255581130801E-0002  4.77182792426392853622E-0003  8.82430977214345909295E-0002  4.77182801222408907369E-0003  2.47190137719228178894E-0012  1.32546200832036007193E+0000  0.00000000000000000000E+0000  2.52990666805509922287E-0005  2.43370149508140570104E-0005 -9.66673638292598274953E-0006
 1.72800000000000000007E-0002  6.10000000000000000013E-0001 -2.14490160961843104412E+0002  3.75033347186721792062E-0007 -2.14490160961843104412E+0002  1.00000000000000000000E+0000  8.70132541133140179513E-0001  1.03394477209124149668E+0000  7.81552114473143170722E-0001  0.00000000000000000000E+0000  2.18478658651365228283E+0002  0.00000000000000000000E+0000  3.82063603196434654531E-0008  3.87424212045019258646E-0004  9.15718688129708846302E-0032  0.00000000000000000000E+0000  2.58147365721891075920E+0000  0.00000000000000000000E+0000  0.00000000000000000000E+0000  2.58147378679025015316E+0000  0.00000000000000000000E+0000  8.82377910382114995734E-0002  4.77127869045764911552E-0003  8.82377899715891993518E-0002  4.77127877472365865618E-0003  2.47192175198250169309E-0012  1.32546211557522366348E+0000  0.00000000000000000000E+0000  2.44573980555951541139E-0005  2.35247564003970447458E-0005 -9.34382876129811262625E-0006
 1.76199999999999999997E-0002  6.10000000000000000013E-0001 -2.14490410783725576949E+0002  3.63029903057996305274E-0007 -2.14490410783725576949E+0002  1.00000000000000000000E+0000  8.70134702654830024735E-0001  1.03394029647182966627E+0000  7.81552779488780708273E-0001  0.00000000000000000000E+0000  2.18478658651365228283E+0002  0.00000000000000000000E+0000  3.82101086994413043905E-0008  3.87349036733961887570E-0004  9.15733868579000610920E-0032  0.00000000000000000000E+0000  2.58123074129743907356E+0000  0.00000000000000000000E+0000  0.00000000000000000000E+0000  2.58123086707941381320E+0000  0.00000000000000000000E+0000  8.82326663800469492336E-0002  4.77074815087655602390E-0003  8.82326653494481883745E-0002  4.77074823407549257641E-0003  2.47194151508002695990E-0012  1.32546221917408380898E+0000  0.00000000000000000000E+0000  2.36442973928514641583E-0005  2.27400776230330655580E-0005 -9.03187991224072818358E-0006
 1.79800000000000000004E-0002  6.10000000000000000013E-0001 -2.14490666076669650855E+0002  3.50763202283456988983E-0007 -2.14490666076669650855E+0002  1.00000000000000000000E+0000  8.70136912157123896844E-0001  1.03393572294855906287E+0000  7.81553460357950712499E-0001  0.00000000000000000000E+0000  2.18478658651365228283E+0002  0.00000000000000000000E+0000  3.82139403354248257367E-0008  3.87272215639887397037E-0004  9.15749438473127839272E-0032  0.00000000000000000000E+0000  2.58098249587337183995E+0000  0.00000000000000000000E+0000  0.00000000000000000000E+0000  2.58098261736895056499E+0000  0.00000000000000000000E+0000  8.82274375987682663803E-0002  4.77020658199832942310E-0003  8.82274366049973622779E-0002  4.77020666255480632296E-0003  2.47196185622381073541E-0012  1.32546232490738067266E+0000  0.00000000000000000000E+0000  2.28141668813105539076E-0005  2.19389825490250492599E-0005 -8.71340122766776002784E-0006
 1.83300000000000000002E-0002  6.10000000000000000013E-0001 -2.14490905852396883488E+0002  3.39274504423284603022E-0007 -2.14490905852396883488E+0002  1.00000000000000000000E+0000  8.70138987929356357476E-0001  1.03393142749366429359E+0000  7.81554101010484533741E-0001  0.00000000000000000000E+0000  2.18478658651365228283E+0002  0.00000000000000000000E+0000  3.82175401312078595201E-0008  3.87200064878081333245E-0004  9.15764113364634005721E-0032  0.00000000000000000000E+0000  2.58074933076960050856E+0000  0.00000000000000000000E+0000  0.00000000000000000000E+0000  2.58074944835643284909E+0000  0.00000000000000000000E+0000  8.82225335871424205399E-0002  4.76969844638470040101E-0003  8.82225326278684335741E-0002  4.76969852487386750071E-0003  2.47198104313430406041E-0012  1.32546242411523631382E+0000  0.00000000000000000000E+0000  2.20351650432645464833E-0005  2.11872512235673943234E-0005 -8.41453947450154712119E-0006
 1.87000000000000000000E-0002  6.10000000000000000013E-0001 -2.14491150249201263822E+0002  3.27579572080059630291E-0007 -2.14491150249201263822E+0002  1.00000000000000000000E+0000  8.70141104252664701417E-0001  1.03392704934394830585E+0000  7.81554755198107845102E-0001  0.00000000000000000000E+0000  2.18478658651365228283E+0002  0.00000000000000000000E+0000  3.82212103214385130195E-0008  3.87126524554599767867E-0004  9.15779123276276803096E-0032  0.00000000000000000000E+0000  2.58051166361785024885E+0000  0.00000000000000000000E+0000  0.00000000000000000000E+0000  2.58051177707296908940E+0000  0.00000000000000000000E+0000  8.82175419990321978413E-0002  4.76918104080393530597E-0003  8.82175410748748882231E-0002  4.76918111668441394266E-0003  2.47200070702025794303E-0012  1.32546252512178949865E+0000  0.00000000000000000000E+0000  2.12418048976863467422E-0005  2.04216952847227993243E-0005 -8.11017519703826396144E-0006
 1.90800000000000000006E-0002  6.10000000000000000013E-0001 -2.14491392023395801306E+0002  3.16047376402875010092E-0007 -2.14491392023395801306E+0002  1.00000000000000000000E+0000  8.70143198384203407083E-0001  1.03392271825241574698E+0000  7.81555403542219108469E-0001  0.00000000000000000000E+0000  2.18478658651365228283E+0002  0.00000000000000000000E+0000  3.82248421121643237278E-0008  3.87053774642936511548E-0004  9.15794023616963749199E-0032  0.00000000000000000000E+0000  2.58027653877926824427E+0000  0.00000000000000000000E+0000  0.00000000000000000000E+0000  2.58027664833397826966E+0000  0.00000000000000000000E+0000  8.82126105274317714495E-0002  4.76866969235890539813E-0003  8.82126096379031255713E-0002  4.76866976637149250289E-0003  2.47202023065592947104E-0012  1.32546262494755147387E+0000  0.00000000000000000000E+0000  2.04575829479980030224E-0005  1.96649957533617149188E-0005 -7.80932255421190248935E-0006
 1.94599999999999999995E-0002  6.10000000000000000013E-0001 -2.14491624905798908093E+0002  3.04943075115693299678E-0007 -2.14491624905798908093E+0002  1.00000000000000000000E+0000  8.70145215967854319288E-0001  1.03391854651129516326E+0000  7.81556029139104237440E-0001  0.00000000000000000000E+0000  2.18478658651365228283E+0002  0.00000000000000000000E+0000  3.82283412424208043434E-0008  3.86983701804829328195E-0004  9.15808423832600221397E-0032  0.00000000000000000000E+0000  2.58005005411093491343E+0000  0.00000000000000000000E+0000  0.00000000000000000000E+0000  2.58005015965013135074E+0000  0.00000000000000000000E+0000  8.82078663018420414336E-0002  4.76817761265640440294E-0003  8.82078654456727876676E-0002  4.76817768387275647091E-0003  2.47203913171913442808E-0012  1.32546272101313056138E+0000  0.00000000000000000000E+0000  1.97027441081701798738E-0005  1.89366910735183920742E-0005 -7.51974970650316726125E-0006
 1.98499999999999999992E-0002  6.10000000000000000013E-0001 -2.14491854903264433888E+0002  2.94014860099878783819E-0007 -2.14491854903264433888E+0002  1.00000000000000000000E+0000  8.70147208984754553585E-0001  1.03391442650952348559E+0000  7.81556648059354755779E-0001  0.00000000000000000000E+0000  2.18478658651365228283E+0002  0.00000000000000000000E+0000  3.82317978651759556436E-0008  3.86914498563227706326E-0004  9.15822692367250108775E-0032  0.00000000000000000000E+0000  2.57982636830105213112E+0000  0.00000000000000000000E+0000  0.00000000000000000000E+0000  2.57982647011575557013E+0000  0.00000000000000000000E+0000  8.82031863494055737944E-0002  4.76769207251220014456E-0003  8.82031855260612726436E-0002  4.76769214192214976347E-0003  2.47205785063319775184E-0012  1.32546281580567759932E+0000  0.00000000000000000000E+0000  1.89577681648915836337E-0005  1.82179513746048756642E-0005 -7.23396918281851084307E-0006
 2.02400000000000000006E-0002  6.10000000000000000013E-0001 -2.14492076225226169353E+0002  2.83534602771965146837E-0007 -2.14492076225226169353E+0002  1.00000000000000000000E+0000  8.70149127206532718162E-0001  1.03391046196319821642E+0000  7.81557244638304930099E-0001  0.00000000000000000000E+0000  2.18478658651365228283E+0002  0.00000000000000000000E+0000  3.82351248704508314572E-0008  3.86847907357499256093E-0004  9.15836466259713258834E-0032  0.00000000000000000000E+0000  2.57961111380399669307E+0000  0.00000000000000000000E+0000  0.00000000000000000000E+0000  2.57961121226304282970E+0000  0.00000000000000000000E+0000  8.81986878377751836304E-0002  4.76722525327175339245E-0003  8.81986870459130551698E-0002  4.76722532181115874655E-0003  2.47207590588535997245E-0012  1.32546290694971719254E+0000  0.00000000000000000000E+0000  1.82413454611312555082E-0005  1.75268116739581202688E-0005 -6.95915186604771072510E-0006
 2.06500000000000000002E-0002  6.10000000000000000013E-0001 -2.14492299685958614897E+0002  2.72938828420877671800E-0007 -2.14492299685958614897E+0002  1.00000000000000000000E+0000  8.70151064324843730548E-0001  1.03390645915862141723E+0000  7.81557847991433695106E-0001  0.00000000000000000000E+0000  2.18478658651365228283E+0002  0.00000000000000000000E+0000  3.82384847604677409124E-0008  3.86780674465884489183E-0004  9.15850416943372252962E-0032  0.00000000000000000000E+0000  2.57939377349482928600E+0000  0.00000000000000000000E+0000  0.00000000000000000000E+0000  2.57939386807893567466E+0000  0.00000000000000000000E+0000  8.81941506492104254072E-0002  4.76675432953660298075E-0003  8.81941498891972601717E-0002  4.76675439537616286071E-0003  2.47209423379184161596E-0012  1.32546299889865079635E+0000  0.00000000000000000000E+0000  1.75184208539997571500E-0005  1.68294599967731403737E-0005 -6.68185239728574464299E-0006
 2.10599999999999999999E-0002  6.10000000000000000013E-0001 -2.14492514298853170066E+0002  2.62779853484146083821E-0007 -2.14492514298853170066E+0002  1.00000000000000000000E+0000  8.70152925063827642222E-0001  1.03390261488328996436E+0000  7.81558428407645454687E-0001  0.00000000000000000000E+0000  2.18478658651365228283E+0002  0.00000000000000000000E+0000  3.82417122893833174599E-0008  3.86716105587462263553E-0004  9.15863856336762137998E-0032  0.00000000000000000000E+0000  2.57918503345329510408E+0000  0.00000000000000000000E+0000  0.00000000000000000000E+0000  2.57918512430360339629E+0000  0.00000000000000000000E+0000  8.81897973612336052651E-0002  4.76630242403441118018E-0003  8.81897966317655341393E-0002  4.76630248720912856313E-0003  2.47211188582988297356E-0012  1.32546308714835466187E+0000  0.00000000000000000000E+0000  1.68245003985135326084E-0005  1.61601494798544115254E-0005 -6.41568935630000553141E-0006
 2.14800000000000000004E-0002  6.10000000000000000013E-0001 -2.14492725236971529687E+0002  2.52828312762982646666E-0007 -2.14492725236971529687E+0002  1.00000000000000000000E+0000  8.70154754224319081221E-0001  1.03389883647007687099E+0000  7.81558999810027380472E-0001  0.00000000000000000000E+0000  2.18478658651365228283E+0002  0.00000000000000000000E+0000  3.82448851634921502289E-0008  3.86652644250795481371E-0004  9.15877105379304426588E-0032  0.00000000000000000000E+0000  2.57897986271052389760E+0000  0.00000000000000000000E+0000  0.00000000000000000000E+0000  2.57897995011103394608E+0000  0.00000000000000000000E+0000  8.81855225311799977657E-0002  4.76585861084744686741E-0003  8.81855218316348801050E-0002  4.76585867227204766623E-0003  2.47212926406138702604E-0012  1.32546317382847984694E+0000  0.00000000000000000000E+0000  1.61428099984658184533E-0005  1.55027030856331977064E-0005 -6.15423055959606808944E-0006
 2.19100000000000000000E-0002  6.10000000000000000013E-0001 -2.14492932244149972540E+0002  2.43078827409737695578E-0007 -2.14492932244149972540E+0002  1.00000000000000000000E+0000  8.70156549550640323078E-0001  1.03389512850345722075E+0000  7.81559561459039680101E-0001  0.00000000000000000000E+0000  2.18478658651365228283E+0002  0.00000000000000000000E+0000  3.82479994724954187835E-0008  3.86590367595462551139E-0004  9.15890145905324013651E-0032  0.00000000000000000000E+0000  2.57877851097527562062E+0000  0.00000000000000000000E+0000  0.00000000000000000000E+0000  2.57877859497954521704E+0000  0.00000000000000000000E+0000  8.81813309691428955084E-0002  4.76542340588750223343E-0003  8.81813302989256690104E-0002  4.76542346556141277812E-0003  2.47214635917459072558E-0012  1.32546325883968276957E+0000  0.00000000000000000000E+0000  1.54741360949389483232E-0005  1.48578828471232359856E-0005 -5.89777858241603658503E-0006
 2.23500000000000000004E-0002  6.10000000000000000013E-0001 -2.14493135086852240945E+0002  2.33541562766622785026E-0007 -2.14493135086852240945E+0002  1.00000000000000000000E+0000  8.70158308982187727600E-0001  1.03389149516230017427E+0000  7.81560112676437203209E-0001  0.00000000000000000000E+0000  2.18478658651365228283E+0002  0.00000000000000000000E+0000  3.82510516433417715919E-0008  3.86529345901765610921E-0004  9.15902961178856747661E-0032  0.00000000000000000000E+0000  2.57858120585661782192E+0000  0.00000000000000000000E+0000  0.00000000000000000000E+0000  2.57858128652209121897E+0000  0.00000000000000000000E+0000  8.81772270255122500728E-0002  4.76499727692283449102E-0003  8.81772263839970308374E-0002  4.76499733484751496559E-0003  2.47216314617689269780E-0012  1.32546334209288231868E+0000  0.00000000000000000000E+0000  1.48191961378135012931E-0005  1.42263834856152353374E-0005 -5.64660890866733182748E-0006
 2.27999999999999999999E-0002  6.10000000000000000013E-0001 -2.14493333553722213547E+0002  2.24225741742639277325E-0007 -2.14493333553722213547E+0002  1.00000000000000000000E+0000  8.70160030651225808334E-0001  1.03388794022858216163E+0000  7.81560652841721688788E-0001  0.00000000000000000000E+0000  2.18478658651365228283E+0002  0.00000000000000000000E+0000  3.82540384363746049763E-0008  3.86469642753704499430E-0004  9.15915535766644841921E-0032  0.00000000000000000000E+0000  2.57838815338237701560E+0000  0.00000000000000000000E+0000  0.00000000000000000000E+0000  2.57838823077029862668E+0000  0.00000000000000000000E+0000  8.81732146078823725321E-0002  4.76458064479466120541E-0003  8.81732139944167733709E-0002  4.76458070097407024374E-0003  2.47217960205537445474E-0012  1.32546342350701481280E+0000  0.00000000000000000000E+0000  1.41786370600552822789E-0005  1.36088311515008248754E-0005 -5.40097018866206334314E-0006
 2.32499999999999999995E-0002  6.10000000000000000013E-0001 -2.14493523423109518855E+0002  2.15346996886077908733E-0007 -2.14493523423109518855E+0002  1.00000000000000000000E+0000  8.70161677897984707963E-0001  1.03388453931361246822E+0000  7.81561170391052924299E-0001  0.00000000000000000000E+0000  2.18478658651365228283E+0002  0.00000000000000000000E+0000  3.82568962492523983769E-0008  3.86412528025472180516E-0004  9.15927598937387229145E-0032  0.00000000000000000000E+0000  2.57820346048009186343E+0000  0.00000000000000000000E+0000  0.00000000000000000000E+0000  2.57820353498845356369E+0000  0.00000000000000000000E+0000  8.81693786040097369128E-0002  4.76418233772025662892E-0003  8.81693780172863681436E-0002  4.76418239319679431872E-0003  2.47219534882322164436E-0012  1.32546350135833337740E+0000  0.00000000000000000000E+0000  1.35660468091499710667E-0005  1.30183240744165141005E-0005 -5.16607281863043963826E-0006
 2.37200000000000000007E-0002  6.10000000000000000013E-0001 -2.14493712773797382293E+0002  2.06470531522914538082E-0007 -2.14493712773797382293E+0002  1.00000000000000000000E+0000  8.70163320779505982826E-0001  1.03388114771482494362E+0000  7.81561687299142955360E-0001  0.00000000000000000000E+0000  2.18478658651365228283E+0002  0.00000000000000000000E+0000  3.82597466210441428591E-0008  3.86355571531708160782E-0004  9.15939661909322294513E-0032  0.00000000000000000000E+0000  2.57801926929478956649E+0000  0.00000000000000000000E+0000  0.00000000000000000000E+0000  2.57801934039285688479E+0000  0.00000000000000000000E+0000  8.81655555136848285996E-0002  4.76378539079574264728E-0003  8.81655549537282247417E-0002  4.76378544355762128754E-0003  2.47221111775789345796E-0012  1.32546357895946120560E+0000  0.00000000000000000000E+0000  1.29553167906184145736E-0005  1.24296978789307154783E-0005 -4.93190645591233829441E-0006
 2.41900000000000000001E-0002  6.10000000000000000013E-0001 -2.14493893572204783249E+0002  1.98046114411606540813E-0007 -2.14493893572204783249E+0002  1.00000000000000000000E+0000  8.70164889563366203450E-0001  1.03387790931811163382E+0000  7.81562181592926923785E-0001  0.00000000000000000000E+0000  2.18478658651365228283E+0002  0.00000000000000000000E+0000  3.82624685665505052124E-0008  3.86301189641619801572E-0004  9.15951210991848054626E-0032  0.00000000000000000000E+0000  2.57784339449551955204E+0000  0.00000000000000000000E+0000  0.00000000000000000000E+0000  2.57784346285074530926E+0000  0.00000000000000000000E+0000  8.81619071794757058381E-0002  4.76340662006956693116E-0003  8.81619066449262232249E-0002  4.76340667216902468830E-0003  2.47222614925859393715E-0012  1.32546365303030882642E+0000  0.00000000000000000000E+0000  1.23723485823505534450E-0005  1.18679157749030220148E-0005 -4.70840125620361858962E-0006
 2.46799999999999999996E-0002  6.10000000000000000013E-0001 -2.14494073203763813418E+0002  1.89686629503290828056E-0007 -2.14494073203763813418E+0002  1.00000000000000000000E+0000  8.70166448302545876678E-0001  1.03387469184142916036E+0000  7.81562673417519987733E-0001  0.00000000000000000000E+0000  2.18478658651365228283E+0002  0.00000000000000000000E+0000  3.82651732176554785010E-0008  3.86247160864805014116E-0004  9.15962715921453874162E-0032  0.00000000000000000000E+0000  2.57766865235348250772E+0000  0.00000000000000000000E+0000  0.00000000000000000000E+0000  2.57766871790926782896E+0000  0.00000000000000000000E+0000  8.81582843055841797325E-0002  4.76303053594934927198E-0003  8.81582837962704231579E-0002  4.76303058714805032686E-0003  2.47224110410442774567E-0012  1.32546372659338844370E+0000  0.00000000000000000000E+0000  1.17932894962635363525E-0005  1.13099940044714340120E-0005 -4.48641403435524972908E-0006
 2.51700000000000000007E-0002  6.10000000000000000013E-0001 -2.14494244389626409458E+0002  1.81706248563442655259E-0007 -2.14494244389626409458E+0002  1.00000000000000000000E+0000  8.70167933815463470672E-0001  1.03387162565631494915E+0000  7.81563142785653933761E-0001  0.00000000000000000000E+0000  2.18478658651365228283E+0002  0.00000000000000000000E+0000  3.82677509414894547219E-0008  3.86195674504647132259E-0004  9.15973707964411443133E-0032  0.00000000000000000000E+0000  2.57750212407807173585E+0000  0.00000000000000000000E+0000  0.00000000000000000000E+0000  2.57750218655848677292E+0000  0.00000000000000000000E+0000  8.81548333981394437043E-0002  4.76267235428586498778E-0003  8.81548329129505676694E-0002  4.76267240304420109602E-0003  2.47225539664314008981E-0012  1.32546379667624233576E+0000  0.00000000000000000000E+0000  1.12415737561266291748E-0005  1.07785092865790471348E-0005 -4.27492731579625731276E-0006
 2.56699999999999999992E-0002  6.10000000000000000013E-0001 -2.14494410697021761450E+0002  1.73981696221534701023E-0007 -2.14494410697021761450E+0002  1.00000000000000000000E+0000  8.70169377026389444468E-0001  1.03386864686632331872E+0000  7.81563599423134223640E-0001  0.00000000000000000000E+0000  2.18478658651365228283E+0002  0.00000000000000000000E+0000  3.82702553904383400271E-0008  3.86145657414614730417E-0004  9.15984413797454674807E-0032  0.00000000000000000000E+0000  2.57734033962141096427E+0000  0.00000000000000000000E+0000  0.00000000000000000000E+0000  2.57734039930293896991E+0000  0.00000000000000000000E+0000  8.81514822408621896425E-0002  4.76232458700794215591E-0003  8.81514817790420654876E-0002  4.76232463413703731049E-0003  2.47226927371760335858E-0012  1.32546386474403550743E+0000  0.00000000000000000000E+0000  1.07056876876207571516E-0005  1.02623673218927855419E-0005 -4.06952678634157439636E-0006
 2.61899999999999999994E-0002  6.10000000000000000013E-0001 -2.14494575051334274693E+0002  1.66375812901538717910E-0007 -2.14494575051334274693E+0002  1.00000000000000000000E+0000  8.70170803297763376430E-0001  1.03386570307427344572E+0000  7.81564051337767355080E-0001  0.00000000000000000000E+0000  2.18478658651365228283E+0002  0.00000000000000000000E+0000  3.82727305753231349740E-0008  3.86096229722906790734E-0004  9.15995020636238990417E-0032  0.00000000000000000000E+0000  2.57718045340048744528E+0000  0.00000000000000000000E+0000  0.00000000000000000000E+0000  2.57718051048897737348E+0000  0.00000000000000000000E+0000  8.81481716875485186988E-0002  4.76198110532780630134E-0003  8.81481712487620903848E-0002  4.76198115152637805544E-0003  2.47228297794100105334E-0012  1.32546393199501846664E+0000  0.00000000000000000000E+0000  1.01761874795410009477E-0005  9.75247475878672145943E-0006 -3.86659396768068847425E-0006
 2.67099999999999999996E-0002  6.10000000000000000013E-0001 -2.14494731226554970857E+0002  1.59137636477117226970E-0007 -2.14494731226554970857E+0002  1.00000000000000000000E+0000  8.70172158586798467786E-0001  1.03386290579423493010E+0000  7.81564481351361777374E-0001  0.00000000000000000000E+0000  2.18478658651365228283E+0002  0.00000000000000000000E+0000  3.82750827032714987227E-0008  3.86049263813389347849E-0004  9.16005124132386687089E-0032  0.00000000000000000000E+0000  2.57702852266436374532E+0000  0.00000000000000000000E+0000  0.00000000000000000000E+0000  2.57702857691756075640E+0000  0.00000000000000000000E+0000  8.81450269184522886348E-0002  4.76165490009857551476E-0003  8.81450265016261997244E-0002  4.76165494397134683854E-0003  2.47229602943781086040E-0012  1.32546399588552681417E+0000  0.00000000000000000000E+0000  9.67310345444647823337E-0006  9.26811654993811968361E-0006 -3.67380475623492177285E-0006
 2.72400000000000000006E-0002  6.10000000000000000013E-0001 -2.14494882340318114788E+0002  1.52195116144316553190E-0007 -2.14494882340318114788E+0002  1.00000000000000000000E+0000  8.70173469922708122954E-0001  1.03386019918267204264E+0000  7.81564898001524510044E-0001  0.00000000000000000000E+0000  2.18478658651365228283E+0002  0.00000000000000000000E+0000  3.82773586741896057788E-0008  3.86003821809934830338E-0004  9.16014923989287592226E-0032  0.00000000000000000000E+0000  2.57688151439036245002E+0000  0.00000000000000000000E+0000  0.00000000000000000000E+0000  2.57688156654498712024E+0000  0.00000000000000000000E+0000  8.81419849122903970314E-0002  4.76133943825496069721E-0003  8.81419845165413570610E-0002  4.76133948235441693117E-0003  2.47230860506294307300E-0012  1.32546405769622780931E+0000  0.00000000000000000000E+0000  9.18638957980327646145E-0006  8.79961628745110256059E-0006 -3.48730801727405456372E-0006
 2.77899999999999999999E-0002  6.10000000000000000013E-0001 -2.14495030924205053208E+0002  1.45330208036126836815E-0007 -2.14495030924205053208E+0002  1.00000000000000000000E+0000  8.70174759261286375378E-0001  1.03385753790155544764E+0000  7.81565308225416295097E-0001  0.00000000000000000000E+0000  2.18478658651365228283E+0002  0.00000000000000000000E+0000  3.82795965910689937300E-0008  3.85959142517012458681E-0004  9.16024582522859319993E-0032  0.00000000000000000000E+0000  2.57673696653669043969E+0000  0.00000000000000000000E+0000  0.00000000000000000000E+0000  2.57673701584292900828E+0000  0.00000000000000000000E+0000  8.81389945642792386644E-0002  4.76102942419009898118E-0003  8.81389941894294908311E-0002  4.76102946554011517038E-0003  2.47232102912420223894E-0012  1.32546411846002039998E+0000  0.00000000000000000000E+0000  8.70785471216674002874E-0006  8.33909023707944009655E-0006 -3.30396613018775215284E-0006
 2.83499999999999999999E-0002  6.10000000000000000013E-0001 -2.14495174133038412581E+0002  1.38783361858075716168E-0007 -2.14495174133038412581E+0002  1.00000000000000000000E+0000  8.70176001892386027068E-0001  1.03385497290475266406E+0000  7.81565704151787307534E-0001  0.00000000000000000000E+0000  2.18478658651365228283E+0002  0.00000000000000000000E+0000  3.82817535607427308886E-0008  3.85916081211912439272E-0004  9.16033914076294878153E-0032  0.00000000000000000000E+0000  2.57659764658111392361E+0000  0.00000000000000000000E+0000  0.00000000000000000000E+0000  2.57659769389405543570E+0000  0.00000000000000000000E+0000  8.81361129510567015214E-0002  4.76073078081885611197E-0003  8.81361125961550789321E-0002  4.76073082237351325471E-0003  2.47233293677347161713E-0012  1.32546417702254341658E+0000  0.00000000000000000000E+0000  8.24667592326091364272E-0006  7.89536840360663271109E-0006 -3.12729365789775904685E-0006
 2.89100000000000000000E-0002  6.10000000000000000013E-0001 -2.14495309693584181462E+0002  1.32558604462600185134E-0007 -2.14495309693584181462E+0002  1.00000000000000000000E+0000  8.70177178089118891582E-0001  1.03385254491106051624E+0000  7.81566079419381498801E-0001  0.00000000000000000000E+0000  2.18478658651365228283E+0002  0.00000000000000000000E+0000  3.82837953294574298398E-0008  3.85875321420881683202E-0004  9.16042767291857369016E-0032  0.00000000000000000000E+0000  2.57646576679574616786E+0000  0.00000000000000000000E+0000  0.00000000000000000000E+0000  2.57646581158636264015E+0000  0.00000000000000000000E+0000  8.81333856666124761226E-0002  4.76044822847147861809E-0003  8.81333853307367040152E-0002  4.76044826778631558246E-0003  2.47234425102189556574E-0012  1.32546423244995323430E+0000  0.00000000000000000000E+0000  7.81013716650604091450E-0006  7.47545181489111931107E-0006 -2.96008087503115842873E-0006
 2.94900000000000000000E-0002  6.10000000000000000013E-0001 -2.14495442345554486144E+0002  1.26508248549374073925E-0007 -2.14495442345554486144E+0002  1.00000000000000000000E+0000  8.70178328956007376841E-0001  1.03385016902690091123E+0000  7.81566447122708403633E-0001  0.00000000000000000000E+0000  2.18478658651365228283E+0002  0.00000000000000000000E+0000  3.82857932433933985420E-0008  3.85835437739213033783E-0004  9.16051450596839095149E-0032  0.00000000000000000000E+0000  2.57633671594472538850E+0000  0.00000000000000000000E+0000  0.00000000000000000000E+0000  2.57633675859266866111E+0000  0.00000000000000000000E+0000  8.81307172009882122365E-0002  4.76017187499617048666E-0003  8.81307168836392987177E-0002  4.76017191339248756407E-0003  2.47235528748247301086E-0012  1.32546428668709479132E+0000  0.00000000000000000000E+0000  7.38297992339878813880E-0006  7.06466022144662129059E-0006 -2.79648115623285348587E-0006
 3.00799999999999999992E-0002  6.10000000000000000013E-0001 -2.14495569713619465960E+0002  1.20705429680433930471E-0007 -2.14495569713619465960E+0002  1.00000000000000000000E+0000  8.70179433879053951760E-0001  1.03384788779699850680E+0000  7.81566800638859756332E-0001  0.00000000000000000000E+0000  2.18478658651365228283E+0002  0.00000000000000000000E+0000  3.82877115108716393458E-0008  3.85797144304518940949E-0004  9.16059806857322159259E-0032  0.00000000000000000000E+0000  2.57621280520948251467E+0000  0.00000000000000000000E+0000  0.00000000000000000000E+0000  2.57621284562594983318E+0000  0.00000000000000000000E+0000  8.81281552296029032701E-0002  4.75990665741050144692E-0003  8.81281549300764597527E-0002  4.75990669424910799663E-0003  2.47236588665926595913E-0012  1.32546433876135772659E+0000  0.00000000000000000000E+0000  6.97283816857469602532E-0006  6.67033234139279903823E-0006 -2.63941880320212015613E-0006
 3.06800000000000000008E-0002  6.10000000000000000013E-0001 -2.14495691857764523791E+0002  1.15192361631910229483E-0007 -2.14495691857764523791E+0002  1.00000000000000000000E+0000  8.70180493369082908711E-0001  1.03384570014488722477E+0000  7.81567140099871308370E-0001  0.00000000000000000000E+0000  2.18478658651365228283E+0002  0.00000000000000000000E+0000  3.82895510103200856717E-0008  3.85760422851658034926E-0004  9.16067838564050532780E-0032  0.00000000000000000000E+0000  2.57609397612061933442E+0000  0.00000000000000000000E+0000  0.00000000000000000000E+0000  2.57609401486003323210E+0000  0.00000000000000000000E+0000  8.81256984281969562764E-0002  4.75965243712808754583E-0003  8.81256981456428352796E-0002  4.75965247424245861334E-0003  2.47237600144645520593E-0012  1.32546438870065930594E+0000  0.00000000000000000000E+0000  6.57952040047491893032E-0006  6.29227889639151311516E-0006 -2.48881898488791086802E-0006
 3.12999999999999999990E-0002  6.10000000000000000013E-0001 -2.14495810651165296754E+0002  1.09795548212427539221E-0007 -2.14495810651165296754E+0002  1.00000000000000000000E+0000  8.70181523670761642743E-0001  1.03384357252615646664E+0000  7.81567470668716446727E-0001  0.00000000000000000000E+0000  2.18478658651365228283E+0002  0.00000000000000000000E+0000  3.82913399394565686665E-0008  3.85724710261202911187E-0004  9.16075667071360122144E-0032  0.00000000000000000000E+0000  2.57597840695509185008E+0000  0.00000000000000000000E+0000  0.00000000000000000000E+0000  2.57597844326540807280E+0000  0.00000000000000000000E+0000  8.81233090452819809070E-0002  4.75940530617853970306E-0003  8.81233087794189671264E-0002  4.75940534053112757282E-0003  2.47238588950080208472E-0012  1.32546443726889822106E+0000  0.00000000000000000000E+0000  6.19696823283688887066E-0006  5.92467424747928237842E-0006 -2.34236178053815297741E-0006
 3.19199999999999999989E-0002  6.10000000000000000013E-0001 -2.14495922460828966349E+0002  1.04778667190240426320E-0007 -2.14495922460828966349E+0002  1.00000000000000000000E+0000  8.70182493269817658173E-0001  1.03384157000275988625E+0000  7.81567782207239243792E-0001  0.00000000000000000000E+0000  2.18478658651365228283E+0002  0.00000000000000000000E+0000  3.82930235706849084301E-0008  3.85691098395671093018E-0004  9.16083051786383822158E-0032  0.00000000000000000000E+0000  2.57586963164468125205E+0000  0.00000000000000000000E+0000  0.00000000000000000000E+0000  2.57586966626917248497E+0000  0.00000000000000000000E+0000  8.81210600582713390194E-0002  4.75917280852594393243E-0003  8.81210598079661129765E-0002  4.75917284254633499331E-0003  2.47239513293293485468E-0012  1.32546448298689316088E+0000  0.00000000000000000000E+0000  5.83689994369502581925E-0006  5.57877137120396330062E-0006 -2.20453125562541831526E-0006
 3.25600000000000000004E-0002  6.10000000000000000013E-0001 -2.14496030884941217665E+0002  9.99243533297527130340E-0008 -2.14496030884941217665E+0002  1.00000000000000000000E+0000  8.70183433368223250822E-0001  1.03383962813435400358E+0000  7.81568084697009921188E-0001  0.00000000000000000000E+0000  2.18478658651365228283E+0002  0.00000000000000000000E+0000  3.82946560747925821359E-0008  3.85658505520826762186E-0004  9.16090228515026102204E-0032  0.00000000000000000000E+0000  2.57576415006478280623E+0000  0.00000000000000000000E+0000  0.00000000000000000000E+0000  2.57576418288501865928E+0000  0.00000000000000000000E+0000  8.81188790331804539427E-0002  4.75894745159803086805E-0003  8.81188787979987373663E-0002  4.75894748467894073362E-0003  2.47240409542338681557E-0012  1.32546452732160418002E+0000  0.00000000000000000000E+0000  5.48770893856579131929E-0006  5.24341565504695485728E-0006 -2.07088446836009515820E-0006
 3.32100000000000000011E-0002  6.10000000000000000013E-0001 -2.14496134233737911989E+0002  9.53096265673580242812E-0008 -2.14496134233737911989E+0002  1.00000000000000000000E+0000  8.70184329314520564331E-0001  1.03383777718398714928E+0000  7.81568373392420954072E-0001  0.00000000000000000000E+0000  2.18478658651365228283E+0002  0.00000000000000000000E+0000  3.82962120021890701664E-0008  3.85627439470934860196E-0004  9.16097084102137381640E-0032  0.00000000000000000000E+0000  2.57566360617930992195E+0000  0.00000000000000000000E+0000  0.00000000000000000000E+0000  2.57566363712391144052E+0000  0.00000000000000000000E+0000  8.81167999073679299781E-0002  4.75873273802391625249E-0003  8.81167996866333957777E-0002  4.75873276960228192846E-0003  2.47241263467356907959E-0012  1.32546456958523621963E+0000  0.00000000000000000000E+0000  5.15483681838358779901E-0006  4.92382801957296552075E-0006 -1.94350257343306430843E-0006
 3.38800000000000000000E-0002  6.10000000000000000013E-0001 -2.14496234026149399654E+0002  9.09191166654856957482E-0008 -2.14496234026149399654E+0002  1.00000000000000000000E+0000  8.70185194270647510825E-0001  1.03383598994617203039E+0000  7.81568652516907519715E-0001  0.00000000000000000000E+0000  2.18478658651365228283E+0002  0.00000000000000000000E+0000  3.82977142036635249573E-0008  3.85597443450215897473E-0004  9.16103718501002890725E-0032  0.00000000000000000000E+0000  2.57556652205738366630E+0000  0.00000000000000000000E+0000  0.00000000000000000000E+0000  2.57556655178353372101E+0000  0.00000000000000000000E+0000  8.81147920622146545676E-0002  4.75852550366028086075E-0003  8.81147918552841678244E-0002  4.75852553606904920754E-0003  2.47242081573359927903E-0012  1.32546461039996392971E+0000  0.00000000000000000000E+0000  4.83339842294080379326E-0006  4.61531423171188819754E-0006 -1.82051533945339967619E-0006
 3.45499999999999999989E-0002  6.10000000000000000013E-0001 -2.14496327505681586498E+0002  8.67805941138021564257E-0008 -2.14496327505681586498E+0002  1.00000000000000000000E+0000  8.70186004358903781187E-0001  1.03383431579136395387E+0000  7.81568914305093898228E-0001  0.00000000000000000000E+0000  2.18478658651365228283E+0002  0.00000000000000000000E+0000  3.82991211998846649531E-0008  3.85569346046521754109E-0004  9.16109946159384902663E-0032  0.00000000000000000000E+0000  2.57547557994532095834E+0000  0.00000000000000000000E+0000  0.00000000000000000000E+0000  2.57547560779373787090E+0000  0.00000000000000000000E+0000  8.81129109567068419866E-0002  4.75833146181621950176E-0003  8.81129107628805975712E-0002  4.75833149216323516771E-0003  2.47242852161689286209E-0012  1.32546464863561101082E+0000  0.00000000000000000000E+0000  4.53225419936180100591E-0006  4.32637002981637108215E-0006 -1.70531177581154505498E-0006
 3.52399999999999999994E-0002  6.10000000000000000013E-0001 -2.14496417517220073698E+0002  8.28398459450251883352E-0008 -2.14496417517220073698E+0002  1.00000000000000000000E+0000  8.70186784230307884319E-0001  1.03383270376659630195E+0000  7.81569166703810728352E-0001  0.00000000000000000000E+0000  2.18478658651365228283E+0002  0.00000000000000000000E+0000  3.83004757976248935496E-0008  3.85542291898442164372E-0004  9.16115955791842351196E-0032  0.00000000000000000000E+0000  2.57538801181790562821E+0000  0.00000000000000000000E+0000  0.00000000000000000000E+0000  2.57538803812124755550E+0000  0.00000000000000000000E+0000  8.81110992997859083950E-0002  4.75814469813555230278E-0003  8.81110991185097738228E-0002  4.75814472752892723789E-0003  2.47243590391124644828E-0012  1.32546468546033634401E+0000  0.00000000000000000000E+0000  4.24225213301414743429E-0006  4.04820806504513445580E-0006 -1.59438828228887247601E-0006
 3.59500000000000000016E-0002  6.10000000000000000013E-0001 -2.14496503953128830319E+0002  7.90820702722485905847E-0008 -2.14496503953128830319E+0002  1.00000000000000000000E+0000  8.70187532954448674525E-0001  1.03383115580052875008E+0000  7.81569409386156657260E-0001  0.00000000000000000000E+0000  2.18478658651365228283E+0002  0.00000000000000000000E+0000  3.83017763752886363609E-0008  3.85516313301154790878E-0004  9.16121739171472227861E-0032  0.00000000000000000000E+0000  2.57530392253594493245E+0000  0.00000000000000000000E+0000  0.00000000000000000000E+0000  2.57530394733717403607E+0000  0.00000000000000000000E+0000  8.81093592373691975568E-0002  4.75796542987945132357E-0003  8.81093590681471013347E-0002  4.75796545828768978338E-0003  2.47244297683509277490E-0012  1.32546472082754896653E+0000  0.00000000000000000000E+0000  3.96373499784326426816E-0006  3.78115350044688698561E-0006 -1.48787621716010760858E-0006
 3.66699999999999999995E-0002  6.10000000000000000013E-0001 -2.14496585677105365636E+0002  7.55788528099143318851E-0008 -2.14496585677105365636E+0002  1.00000000000000000000E+0000  8.70188240694189170453E-0001  1.03382969224111180486E+0000  7.81569639135567430200E-0001  0.00000000000000000000E+0000  2.18478658651365228283E+0002  0.00000000000000000000E+0000  3.83030058377257833120E-0008  3.85491751626662142156E-0004  9.16127219202538732526E-0032  0.00000000000000000000E+0000  2.57522441744060951699E+0000  0.00000000000000000000E+0000  0.00000000000000000000E+0000  2.57522444113758408450E+0000  0.00000000000000000000E+0000  8.81077136336136814459E-0002  4.75779600566070173288E-0003  8.81077134757105660717E-0002  4.75779603433872606649E-0003  2.47244962072706483559E-0012  1.32546475427324415863E+0000  0.00000000000000000000E+0000  3.70037002489362768192E-0006  3.52871598957701185142E-0006 -1.38717654628470483850E-0006
 3.74000000000000000000E-0002  6.10000000000000000013E-0001 -2.14496662857153810547E+0002  7.22688029199321695387E-0008 -2.14496662857153810547E+0002  1.00000000000000000000E+0000  8.70188908918255441146E-0001  1.03382831008108782309E+0000  7.81569856382287029054E-0001  0.00000000000000000000E+0000  2.18478658651365228283E+0002  0.00000000000000000000E+0000  3.83041667272537404549E-0008  3.85468556358923879165E-0004  9.16132405425392780660E-0032  0.00000000000000000000E+0000  2.57514933340159912658E+0000  0.00000000000000000000E+0000  0.00000000000000000000E+0000  2.57514935560072602289E+0000  0.00000000000000000000E+0000  8.81061591238929431324E-0002  4.75763606866613487927E-0003  8.81061589767869314885E-0002  4.75763609585646804672E-0003  2.47245591493228719949E-0012  1.32546478586454631024E+0000  0.00000000000000000000E+0000  3.45160614749373688569E-0006  3.29035927164669394337E-0006 -1.29207696357044254423E-0006
 3.81499999999999999986E-0002  6.10000000000000000013E-0001 -2.14496736580347768228E+0002  6.91752267832607897065E-0008 -2.14496736580347768228E+0002  1.00000000000000000000E+0000  8.70189547040325430207E-0001  1.03382698984910020997E+0000  7.81570064172196288428E-0001  0.00000000000000000000E+0000  2.18478658651365228283E+0002  0.00000000000000000000E+0000  3.83052753914686302142E-0008  3.85446400567150349209E-0004  9.16137370337162723654E-0032  0.00000000000000000000E+0000  2.57507761246835067221E+0000  0.00000000000000000000E+0000  0.00000000000000000000E+0000  2.57507763380923234472E+0000  0.00000000000000000000E+0000  8.81046737986647633467E-0002  4.75748335935151590831E-0003  8.81046736617327588405E-0002  4.75748338732940079405E-0003  2.47246186342608802452E-0012  1.32546481604896745118E+0000  0.00000000000000000000E+0000  3.21395508241254838599E-0006  3.06273512061094576699E-0006 -1.20124231048993522340E-0006
 3.89099999999999999998E-0002  6.10000000000000000013E-0001 -2.14496805970449406067E+0002  6.62548404673441540588E-0008 -2.14496805970449406067E+0002  1.00000000000000000000E+0000  8.70190147492036678489E-0001  1.03382574723927625623E+0000  7.81570259994777156900E-0001  0.00000000000000000000E+0000  2.18478658651365228283E+0002  0.00000000000000000000E+0000  3.83063186734963511739E-0008  3.85425547635329719130E-0004  9.16142053247254303760E-0032  0.00000000000000000000E+0000  2.57501010753237075937E+0000  0.00000000000000000000E+0000  0.00000000000000000000E+0000  2.57501012747895513858E+0000  0.00000000000000000000E+0000  8.81032753447236209580E-0002  4.75733968596079311368E-0003  8.81032752175077525032E-0002  4.75733971241948011208E-0003  2.47246749281298590353E-0012  1.32546484446413374554E+0000  0.00000000000000000000E+0000  2.99022825531818212247E-0006  2.84852922766555850308E-0006 -1.11574640482750278909E-0006
 3.96899999999999999992E-0002  6.10000000000000000013E-0001 -2.14496871996340997865E+0002  6.35142801819084916678E-0008 -2.14496871996340997865E+0002  1.00000000000000000000E+0000  8.70190718663001266345E-0001  1.03382456489817837119E+0000  7.81570446567560567610E-0001  0.00000000000000000000E+0000  2.18478658651365228283E+0002  0.00000000000000000000E+0000  3.83073111437060833567E-0008  3.85405706219626691370E-0004  9.16146518882413874870E-0032  0.00000000000000000000E+0000  2.57494587574770247948E+0000  0.00000000000000000000E+0000  0.00000000000000000000E+0000  2.57494589447273880371E+0000  0.00000000000000000000E+0000  8.81019442383659981779E-0002  4.75720303604066375616E-0003  8.81019441203675264461E-0002  4.75720306146806216236E-0003  2.47247282397724375484E-0012  1.32546487150977680626E+0000  0.00000000000000000000E+0000  2.77731321287329624633E-0006  2.64475521151806400604E-0006 -1.03439768458437792022E-0006
 4.04800000000000000012E-0002  6.10000000000000000013E-0001 -2.14496933937553565561E+0002  6.09956965682459737242E-0008 -2.14496933937553565561E+0002  1.00000000000000000000E+0000  8.70191254332353069680E-0001  1.03382345572521086173E+0000  7.81570621830204326826E-0001  0.00000000000000000000E+0000  2.18478658651365228283E+0002  0.00000000000000000000E+0000  3.83082419856994387264E-0008  3.85387092719528130355E-0004  9.16150717530091631371E-0032  0.00000000000000000000E+0000  2.57488561790559696073E+0000  0.00000000000000000000E+0000  0.00000000000000000000E+0000  2.57488563580986946390E+0000  0.00000000000000000000E+0000  8.81006950268810274328E-0002  4.75707489406983537395E-0003  8.81006949174510589891E-0002  4.75707491977121852756E-0003  2.47247778182764346058E-0012  1.32546489688878983823E+0000  0.00000000000000000000E+0000  2.57753953012610555621E-0006  2.45363533970415030496E-0006 -9.58085468022930737503E-0007
 4.12900000000000000014E-0002  6.10000000000000000013E-0001 -2.14496992652900910228E+0002  5.86174113771545622650E-0008 -2.14496992652900910228E+0002  1.00000000000000000000E+0000  8.70191761941130565664E-0001  1.03382240434275252420E+0000  7.81570788181448370291E-0001  0.00000000000000000000E+0000  2.18478658651365228283E+0002  0.00000000000000000000E+0000  3.83091241230839653475E-0008  3.85369449064995151168E-0004  9.16154706129985032164E-0032  0.00000000000000000000E+0000  2.57482849878536803104E+0000  0.00000000000000000000E+0000  0.00000000000000000000E+0000  2.57482851556455753480E+0000  0.00000000000000000000E+0000  8.80995104239696827763E-0002  4.75695347767803068749E-0003  8.80995103227453911255E-0002  4.75695350231536999058E-0003  2.47248249387350611928E-0012  1.32546492095175223801E+0000  0.00000000000000000000E+0000  2.38812991207301438261E-0006  2.27250594601818156709E-0006 -8.85747360452538156652E-0007
 4.21199999999999999998E-0002  6.10000000000000000013E-0001 -2.14497048174335596768E+0002  5.64286717670478051118E-0008 -2.14497048174335596768E+0002  1.00000000000000000000E+0000  8.70192241772240685741E-0001  1.03382141017491774456E+0000  7.81570945699732797689E-0001  0.00000000000000000000E+0000  2.18478658651365228283E+0002  0.00000000000000000000E+0000  3.83099580421754675232E-0008  3.85352765490352358104E-0004  9.16158486383698466901E-0032  0.00000000000000000000E+0000  2.57477448697180299943E+0000  0.00000000000000000000E+0000  0.00000000000000000000E+0000  2.57477450313254577988E+0000  0.00000000000000000000E+0000  8.80983897959905268199E-0002  4.75683871557032715588E-0003  8.80983897024173318442E-0002  4.75683874091735895830E-0003  2.47248689677342976337E-0012  1.32546494371337068526E+0000  0.00000000000000000000E+0000  2.20899503562230156992E-0006  2.10127572679689731232E-0006 -8.17347846673841759817E-0007
 4.29600000000000000008E-0002  6.10000000000000000013E-0001 -2.14497099977847379318E+0002  5.43812296879947197590E-0008 -2.14497099977847379318E+0002  1.00000000000000000000E+0000  8.70192689316586338378E-0001  1.03382048260599664817E+0000  7.81571092861998295424E-0001  0.00000000000000000000E+0000  2.18478658651365228283E+0002  0.00000000000000000000E+0000  3.83107358993314129146E-0008  3.85337199513835322668E-0004  9.16162021127680916860E-0032  0.00000000000000000000E+0000  2.57472409259972528895E+0000  0.00000000000000000000E+0000  0.00000000000000000000E+0000  2.57472410760961924604E+0000  0.00000000000000000000E+0000  8.80973437727746727931E-0002  4.75673168509492071887E-0003  8.80973436864781216029E-0002  4.75673170888573778009E-0003  2.47249103630906048053E-0012  1.32546496495584177969E+0000  0.00000000000000000000E+0000  2.04181574461684197079E-0006  1.94154361195671761840E-0006 -7.53527534769849968818E-0007
 4.38200000000000000000E-0002  6.10000000000000000013E-0001 -2.14497148785331170545E+0002  5.25176904085572731897E-0008 -2.14497148785331170545E+0002  1.00000000000000000000E+0000  8.70193110819047765730E-0001  1.03381960870475095185E+0000  7.81571231708993404135E-0001  0.00000000000000000000E+0000  2.18478658651365228283E+0002  0.00000000000000000000E+0000  3.83114685427782261363E-0008  3.85322534015837278984E-0004  9.16165359248272478375E-0032  0.00000000000000000000E+0000  2.57467661293262663896E+0000  0.00000000000000000000E+0000  0.00000000000000000000E+0000  2.57467662741281921911E+0000  0.00000000000000000000E+0000  8.80963577950098944116E-0002  4.75663088908502444220E-0003  8.80963577154345645723E-0002  4.75663091355710883997E-0003  2.47249487571675731452E-0012  1.32546498497755203371E+0000  0.00000000000000000000E+0000  1.88427997400700598800E-0006  1.79109357640864716484E-0006 -6.93401854696099053046E-0007
 4.47000000000000000008E-0002  6.10000000000000000013E-0001 -2.14497194658339642895E+0002  5.07672437272569366999E-0008 -2.14497194658339642895E+0002  1.00000000000000000000E+0000  8.70193506828282486304E-0001  1.03381878737080677190E+0000  7.81571362384510538322E-0001  0.00000000000000000000E+0000  2.18478658651365228283E+0002  0.00000000000000000000E+0000  3.83121569204163616022E-0008  3.85308750576803101294E-0004  9.16168503675567500817E-0032  0.00000000000000000000E+0000  2.57463198847301727662E+0000  0.00000000000000000000E+0000  0.00000000000000000000E+0000  2.57463200198537538513E+0000  0.00000000000000000000E+0000  8.80954306681417993554E-0002  4.75653619595782922114E-0003  8.80954305949975600531E-0002  4.75653621925820839399E-0003  2.47249850838526076486E-0012  1.32546500380024232283E+0000  0.00000000000000000000E+0000  1.73617866702154921198E-0006  1.64971969788263184893E-0006 -6.36890348447854963676E-0007
 4.55900000000000000008E-0002  6.10000000000000000013E-0001 -2.14497237234180108775E+0002  4.91923795601134358933E-0008 -2.14497237234180108775E+0002  1.00000000000000000000E+0000  8.70193874226024067598E-0001  1.03381802509304455203E+0000  7.81571483840959425427E-0001  0.00000000000000000000E+0000  2.18478658651365228283E+0002  0.00000000000000000000E+0000  3.83127956059906239173E-0008  3.85295958020917746193E-0004  9.16171428993176284366E-0032  0.00000000000000000000E+0000  2.57459057167757137752E+0000  0.00000000000000000000E+0000  0.00000000000000000000E+0000  2.57459058463355080332E+0000  0.00000000000000000000E+0000  8.80945697549884520640E-0002  4.75644834871739776154E-0003  8.80945696877291815232E-0002  4.75644837224310577615E-0003  2.47250183712513154336E-0012  1.32546502127696972663E+0000  0.00000000000000000000E+0000  1.59869776106894333937E-0006  1.51854629905139130519E-0006 -5.84443565901497612373E-0007
 4.64999999999999999990E-0002  6.10000000000000000013E-0001 -2.14497277108871915535E+0002  4.77233124068863785528E-0008 -2.14497277108871915535E+0002  1.00000000000000000000E+0000  8.70194218173356276295E-0001  1.03381731120064144027E+0000  7.81571597749963917158E-0001  0.00000000000000000000E+0000  2.18478658651365228283E+0002  0.00000000000000000000E+0000  3.83133935656344504323E-0008  3.85283977307209024120E-0004  9.16174174992429476838E-0032  0.00000000000000000000E+0000  2.57455178300200966429E+0000  0.00000000000000000000E+0000  0.00000000000000000000E+0000  2.57455179507121141710E+0000  0.00000000000000000000E+0000  8.80937630556845902724E-0002  4.75636611283122862411E-0003  8.80937629940259842425E-0002  4.75636613516347834945E-0003  2.47250497176396893323E-0012  1.32546503764975846253E+0000  0.00000000000000000000E+0000  1.46990583216451994953E-0006  1.39572355993479126633E-0006 -5.35323531888899919824E-0007
 4.74299999999999999988E-0002  6.10000000000000000013E-0001 -2.14497314368345833285E+0002  4.64031114872631061993E-0008 -2.14497314368345833285E+0002  1.00000000000000000000E+0000  8.70194539421794011373E-0001  1.03381664415056413265E+0000  7.81571704346928836809E-0001  0.00000000000000000000E+0000  2.18478658651365228283E+0002  0.00000000000000000000E+0000  3.83139521012753566208E-0008  3.85272782477222343997E-0004  9.16176747209411798055E-0032  0.00000000000000000000E+0000  2.57451553850140289737E+0000  0.00000000000000000000E+0000  0.00000000000000000000E+0000  2.57451555018108537115E+0000  0.00000000000000000000E+0000  8.80930088584276981572E-0002  4.75628930649982286734E-0003  8.80930088018956932363E-0002  4.75628932941553877472E-0003  2.47250785094167686446E-0012  1.32546505295516123084E+0000  0.00000000000000000000E+0000  1.34953931729820092464E-0006  1.28099380259335845584E-0006 -4.89428292259804290120E-0007
 4.83800000000000000003E-0002  6.10000000000000000013E-0001 -2.14497349102457219958E+0002  4.51704605338690862034E-0008 -2.14497349102457219958E+0002  1.00000000000000000000E+0000  8.70194838764134112239E-0001  1.03381602233505968068E+0000  7.81571803860701991567E-0001  0.00000000000000000000E+0000  2.18478658651365228283E+0002  0.00000000000000000000E+0000  3.83144725860949296501E-0008  3.85262346610836709094E-0004  9.16179150699624732612E-0032  0.00000000000000000000E+0000  2.57448175109380423685E+0000  0.00000000000000000000E+0000  0.00000000000000000000E+0000  2.57448176194518439631E+0000  0.00000000000000000000E+0000  8.80923053983706788386E-0002  4.75621774043316768119E-0003  8.80923053467309649103E-0002  4.75621776209349084015E-0003  2.47251056114253393458E-0012  1.32546506722745010296E+0000  0.00000000000000000000E+0000  1.23729932852493465169E-0006  1.17406571048685963424E-0006 -4.46642855606652278587E-0007
 4.93500000000000000000E-0002  6.10000000000000000013E-0001 -2.14497381410129197329E+0002  4.40723710745307645286E-0008 -2.14497381410129197329E+0002  1.00000000000000000000E+0000  8.70195117063521490883E-0001  1.03381544397808297511E+0000  7.81571896566246757771E-0001  0.00000000000000000000E+0000  2.18478658651365228283E+0002  0.00000000000000000000E+0000  3.83149565165506847756E-0008  3.85252639841796216971E-0004  9.16181391995307419848E-0032  0.00000000000000000000E+0000  2.57445032415567252133E+0000  0.00000000000000000000E+0000  0.00000000000000000000E+0000  2.57445033467090046448E+0000  0.00000000000000000000E+0000  8.80916506999665709795E-0002  4.75615120633061943832E-0003  8.80916506527714610040E-0002  4.75615122850580599189E-0003  2.47251303336783875241E-0012  1.32546508050886873960E+0000  0.00000000000000000000E+0000  1.13288096933350476912E-0006  1.07464241161790940919E-0006 -4.06849409637731398281E-0007
 5.03400000000000000014E-0002  6.10000000000000000013E-0001 -2.14497411391512264295E+0002  4.30494561804416800101E-0008 -2.14497411391512264295E+0002  1.00000000000000000000E+0000  8.70195375201178471312E-0001  1.03381490728750244888E+0000  7.81571982723531251522E-0001  0.00000000000000000000E+0000  2.18478658651365228283E+0002  0.00000000000000000000E+0000  3.83154054200199734006E-0008  3.85243632163568357571E-0004  9.16183476930879432502E-0032  0.00000000000000000000E+0000  2.57442116058716613481E+0000  0.00000000000000000000E+0000  0.00000000000000000000E+0000  2.57442117033005243984E+0000  0.00000000000000000000E+0000  8.80910427895589840324E-0002  4.75608949404226806165E-0003  8.80910427466007062283E-0002  4.75608951491153594831E-0003  2.47251535456540966429E-0012  1.32546509283784904633E+0000  0.00000000000000000000E+0000  1.03595220134934397912E-0006  9.82401324961827339514E-0007 -3.69920434769024134161E-0007
 5.13399999999999999985E-0002  6.10000000000000000013E-0001 -2.14497438903534422175E+0002  4.21492072285804459277E-0008 -2.14497438903534422175E+0002  1.00000000000000000000E+0000  8.70195611958947234064E-0001  1.03381441481910418497E+0000  7.81572061910290707455E-0001  0.00000000000000000000E+0000  2.18478658651365228283E+0002  0.00000000000000000000E+0000  3.83158171734943197698E-0008  3.85235366434034060570E-0004  9.16185395135714335615E-0032  0.00000000000000000000E+0000  2.57439439919270469308E+0000  0.00000000000000000000E+0000  0.00000000000000000000E+0000  2.57439440856182075591E+0000  0.00000000000000000000E+0000  8.80904846053586235247E-0002  4.75603289326035221343E-0003  8.80904845662058155962E-0002  4.75603291422498350562E-0003  2.47251744508332707358E-0012  1.32546510415687760734E+0000  0.00000000000000000000E+0000  9.46989584004875160761E-0007  8.97788733361442337031E-0007 -3.36035800091253133389E-0007
 5.23699999999999999997E-0002  6.10000000000000000013E-0001 -2.14497464575361531269E+0002  4.13126897023378759526E-0008 -2.14497464575361531269E+0002  1.00000000000000000000E+0000  8.70195832767170460956E-0001  1.03381395531072868858E+0000  7.81572135915290696349E-0001  0.00000000000000000000E+0000  2.18478658651365228283E+0002  0.00000000000000000000E+0000  3.83162012167479663720E-0008  3.85227653682410686321E-0004  9.16187189582849501809E-0032  0.00000000000000000000E+0000  2.57436942818815222254E+0000  0.00000000000000000000E+0000  0.00000000000000000000E+0000  2.57436943692993484454E+0000  0.00000000000000000000E+0000  8.80899634305283911779E-0002  4.75598010609382403632E-0003  8.80899633949955477731E-0002  4.75598012607796867616E-0003  2.47251940927086153750E-0012  1.32546511472256351729E+0000  0.00000000000000000000E+0000  8.63952568263338950511E-0007  8.18858092285862730972E-0007 -3.04417293041912581599E-0007
 5.34199999999999999992E-0002  6.10000000000000000013E-0001 -2.14497488241807034243E+0002  4.05753409969950625954E-0008 -2.14497488241807034243E+0002  1.00000000000000000000E+0000  8.70196036216357322272E-0001  1.03381353171490775937E+0000  7.81572204253261845178E-0001  0.00000000000000000000E+0000  2.18478658651365228283E+0002  0.00000000000000000000E+0000  3.83165550947752177340E-0008  3.85220543442509908939E-0004  9.16188848379275850876E-0032  0.00000000000000000000E+0000  2.57434640797205571998E+0000  0.00000000000000000000E+0000  0.00000000000000000000E+0000  2.57434641646251645354E+0000  0.00000000000000000000E+0000  8.80894826495478645278E-0002  4.75593146848292711937E-0003  8.80894826172719599836E-0002  4.75593148882878373862E-0003  2.47252118191480777922E-0012  1.32546512446769686969E+0000  0.00000000000000000000E+0000  7.87386699997089555733E-0007  7.46122263650009446775E-0007 -2.75271483234718358189E-0007
 5.44900000000000000004E-0002  6.10000000000000000013E-0001 -2.14497510011446920475E+0002  3.99120178612221188905E-0008 -2.14497510011446920475E+0002  1.00000000000000000000E+0000  8.70196223255968673814E-0001  1.03381314208703109590E+0000  7.81572267218134116885E-0001  0.00000000000000000000E+0000  2.18478658651365228283E+0002  0.00000000000000000000E+0000  3.83168804549126317923E-0008  3.85214003120337977205E-0004  9.16190378349442884576E-0032  0.00000000000000000000E+0000  2.57432523303190129008E+0000  0.00000000000000000000E+0000  0.00000000000000000000E+0000  2.57432524129444752301E+0000  0.00000000000000000000E+0000  8.80890401042102306786E-0002  4.75588675362649892826E-0003  8.80890400749299329013E-0002  4.75588677432029867390E-0003  2.47252280248402146270E-0012  1.32546513343517158930E+0000  0.00000000000000000000E+0000  7.16938909473293017818E-0007  6.79239764906561927244E-0007 -2.48462935713630456455E-0007
 5.55799999999999999997E-0002  6.10000000000000000013E-0001 -2.14497529992965183701E+0002  3.93162435282187461504E-0008 -2.14497529992965183701E+0002  1.00000000000000000000E+0000  8.70196394834280007567E-0001  1.03381278447952552771E+0000  7.81572325108771057687E-0001  0.00000000000000000000E+0000  2.18478658651365228283E+0002  0.00000000000000000000E+0000  3.83171789428846382566E-0008  3.85208000049425470444E-0004  9.16191786517343423016E-0032  0.00000000000000000000E+0000  2.57430579761572583385E+0000  0.00000000000000000000E+0000  0.00000000000000000000E+0000  2.57430580567063414105E+0000  0.00000000000000000000E+0000  8.80886336271475259808E-0002  4.75584573467117265800E-0003  8.80886336006161999013E-0002  4.75584575569291424839E-0003  2.47252428059624584902E-0012  1.32546514166980896178E+0000  0.00000000000000000000E+0000  6.52260348456677019669E-0007  6.17873432343836392749E-0007 -2.23857538364699644794E-0007
 5.66900000000000000008E-0002  6.10000000000000000013E-0001 -2.14497548292964250932E+0002  3.87589284312657283052E-0008 -2.14497548292964250932E+0002  1.00000000000000000000E+0000  8.70196551882559396062E-0001  1.03381245698365974856E+0000  7.81572378214626129432E-0001  0.00000000000000000000E+0000  2.18478658651365228283E+0002  0.00000000000000000000E+0000  3.83174521749189431306E-0008  3.85202502246541628134E-0004  9.16193079615791291985E-0032  0.00000000000000000000E+0000  2.57428799817582930408E+0000  0.00000000000000000000E+0000  0.00000000000000000000E+0000  2.57428800558022413052E+0000  0.00000000000000000000E+0000  8.80882610973269038635E-0002  4.75580818944381447750E-0003  8.80882610734256981419E-0002  4.75580820897158015866E-0003  2.47252566532743958743E-0012  1.32546514921483266016E+0000  0.00000000000000000000E+0000  5.93003331849372815186E-0007  5.61687574990455032184E-0007 -2.01321740991451297939E-0007
 5.78200000000000000000E-0002  6.10000000000000000013E-0001 -2.14497565018677626938E+0002  3.82801440480842512279E-0008 -2.14497565018677626938E+0002  1.00000000000000000000E+0000  8.70196695331530200852E-0001  1.03381215767513829262E+0000  7.81572426841525002899E-0001  0.00000000000000000000E+0000  2.18478658651365228283E+0002  0.00000000000000000000E+0000  3.83177017671991329300E-0008  3.85197477375632021542E-0004  9.16194265031159859201E-0032  0.00000000000000000000E+0000  2.57427173002394067193E+0000  0.00000000000000000000E+0000  0.00000000000000000000E+0000  2.57427173724470391663E+0000  0.00000000000000000000E+0000  8.80879203591435845083E-0002  4.75577389427591280778E-0003  8.80879203375448477592E-0002  4.75577391404167723047E-0003  2.47252688753408661486E-0012  1.32546515611497511952E+0000  0.00000000000000000000E+0000  5.38833880602531764016E-0007  5.10359988399233577552E-0007 -1.80727469072172261819E-0007
 5.89800000000000000000E-0002  6.10000000000000000013E-0001 -2.14497580391424312776E+0002  3.78525389558395129436E-0008 -2.14497580391424312776E+0002  1.00000000000000000000E+0000  8.70196827092979168319E-0001  1.03381188259257766578E+0000  7.81572471616643909339E-0001  0.00000000000000000000E+0000  2.18478658651365228283E+0002  0.00000000000000000000E+0000  3.83179310428955634526E-0008  3.85192858983816642682E-0004  9.16195357795699260955E-0032  0.00000000000000000000E+0000  2.57425677801029216844E+0000  0.00000000000000000000E+0000  0.00000000000000000000E+0000  2.57425678513650733350E+0000  0.00000000000000000000E+0000  8.80876069442473233671E-0002  4.75574239250544120281E-0003  8.80876069247476068622E-0002  4.75574241278609484785E-0003  2.47252799698361597101E-0012  1.32546516245945094606E+0000  0.00000000000000000000E+0000  4.89032540982835681588E-0007  4.63204076979104013067E-0007 -1.61800522841543474951E-0007
 6.01599999999999999983E-0002  6.10000000000000000013E-0001 -2.14497594366238650776E+0002  3.74463114936942976864E-0008 -2.14497594366238650776E+0002  1.00000000000000000000E+0000  8.70196946796410914741E-0001  1.03381163254035797754E+0000  7.81572512390357577810E-0001  0.00000000000000000000E+0000  2.18478658651365228283E+0002  0.00000000000000000000E+0000  3.83181393539956758322E-0008  3.85188660645662851326E-0004  9.16196353959058289144E-0032  0.00000000000000000000E+0000  2.57424318606896992013E+0000  0.00000000000000000000E+0000  0.00000000000000000000E+0000  2.57424319258449249234E+0000  0.00000000000000000000E+0000  8.80873218144775629103E-0002  4.75571377349717159694E-0003  8.80873217970145967515E-0002  4.75571379219156179944E-0003  2.47252904362652115846E-0012  1.32546516822962916183E+0000  0.00000000000000000000E+0000  4.43741049981093473795E-0007  4.20348909422707963518E-0007 -1.44593481014220915777E-0007
 6.13600000000000000016E-0002  6.10000000000000000013E-0001 -2.14497607045307177975E+0002  3.71028857898501167113E-0008 -2.14497607045307177975E+0002  1.00000000000000000000E+0000  8.70197055326540632554E-0001  1.03381140568470129208E+0000  7.81572549457346294290E-0001  0.00000000000000000000E+0000  2.18478658651365228283E+0002  0.00000000000000000000E+0000  3.83183282374653857447E-0008  3.85184851539371989273E-0004  9.16197260690763294544E-0032  0.00000000000000000000E+0000  2.57423085440524415917E+0000  0.00000000000000000000E+0000  0.00000000000000000000E+0000  2.57423086076216905646E+0000  0.00000000000000000000E+0000  8.80870629087243239079E-0002  4.75568782460795313545E-0003  8.80870628930109590742E-0002  4.75568784341108945834E-0003  2.47252995211443998377E-0012  1.32546517346844871480E+0000  0.00000000000000000000E+0000  4.02641462753366774438E-0007  3.81488570913853385774E-0007 -1.28984510925830860639E-0007
 6.25899999999999999989E-0002  6.10000000000000000013E-0001 -2.14497618608177303315E+0002  3.67981572352761960520E-0008 -2.14497618608177303315E+0002  1.00000000000000000000E+0000  8.70197154233053917047E-0001  1.03381119881233561771E+0000  7.81572583327559125099E-0001  0.00000000000000000000E+0000  2.18478658651365228283E+0002  0.00000000000000000000E+0000  3.83185003874632120932E-0008  3.85181377765442632989E-0004  9.16198090230331806836E-0032  0.00000000000000000000E+0000  2.57421960850703277347E+0000  0.00000000000000000000E+0000  0.00000000000000000000E+0000  2.57421961478260632257E+0000  0.00000000000000000000E+0000  8.80868265985051322620E-0002  4.75566417579012984693E-0003  8.80868265843726271728E-0002  4.75566419494548732207E-0003  2.47253076896300036672E-0012  1.32546517824803463141E+0000  0.00000000000000000000E+0000  3.65149009973996031776E-0007  3.46065654153311697117E-0007 -1.14750929831093635943E-0007
 6.38399999999999999978E-0002  6.10000000000000000013E-0001 -2.14497629044271426124E+0002  3.65242725639175493985E-0008 -2.14497629044271426124E+0002  1.00000000000000000000E+0000  8.70197243437681866118E-0001  1.03381101211091583640E+0000  7.81572613957191539215E-0001  0.00000000000000000000E+0000  2.18478658651365228283E+0002  0.00000000000000000000E+0000  3.83186556650364570820E-0008  3.85178242515078912924E-0004  9.16198841306912690481E-0032  0.00000000000000000000E+0000  2.57420945868610367697E+0000  0.00000000000000000000E+0000  0.00000000000000000000E+0000  2.57420946481440729198E+0000  0.00000000000000000000E+0000  8.80866131354755970234E-0002  4.75564284604946562783E-0003  8.80866131227874757313E-0002  4.75564286523400209205E-0003  2.47253150633810057292E-0012  1.32546518256410689879E+0000  0.00000000000000000000E+0000  3.31298963855179561799E-0007  3.14108876100386222081E-0007 -1.01905083541027752241E-0007
 6.51200000000000000009E-0002  6.10000000000000000013E-0001 -2.14497638509935580536E+0002  3.62823205131386548698E-0008 -2.14497638509935580536E+0002  1.00000000000000000000E+0000  8.70197324287029135839E-0001  1.03381084278108409044E+0000  7.81572641796081514108E-0001  0.00000000000000000000E+0000  2.18478658651365228283E+0002  0.00000000000000000000E+0000  3.83187964117838576883E-0008  3.85175398799016385828E-0004  9.16199524818777813146E-0032  0.00000000000000000000E+0000  2.57420025280460138830E+0000  0.00000000000000000000E+0000  0.00000000000000000000E+0000  2.57420025885749830462E+0000  0.00000000000000000000E+0000  8.80864193504664662484E-0002  4.75562351329742923275E-0003  8.80864193390739667558E-0002  4.75562353274154228435E-0003  2.47253216465593349530E-0012  1.32546518648119040368E+0000  0.00000000000000000000E+0000  3.00587195078016177620E-0007  2.85138088726724014418E-0007 -9.02547316949416981398E-0008
 6.64200000000000000022E-0002  6.10000000000000000013E-0001 -2.14497647009805529936E+0002  3.60647952600015903602E-0008 -2.14497647009805529936E+0002  1.00000000000000000000E+0000  8.70197396832056270966E-0001  1.03381069073843707225E+0000  7.81572666846041024934E-0001  0.00000000000000000000E+0000  2.18478658651365228283E+0002  0.00000000000000000000E+0000  3.83189227139400576105E-0008  3.85172845239259281893E-0004  9.16200140628632019780E-0032  0.00000000000000000000E+0000  2.57419198637950590188E+0000  0.00000000000000000000E+0000  0.00000000000000000000E+0000  2.57419199228926196313E+0000  0.00000000000000000000E+0000  8.80862451814724012615E-0002  4.75560616564599438681E-0003  8.80862451712613147144E-0002  4.75560618502822420951E-0003  2.47253275690074048004E-0012  1.32546519000053646890E+0000  0.00000000000000000000E+0000  2.72999364565032632923E-0007  2.59135551882153520768E-0007 -7.97936894840515315523E-0008
 6.77500000000000000009E-0002  6.10000000000000000013E-0001 -2.14497654678143168716E+0002  3.58735659301421045783E-0008 -2.14497654678143168716E+0002  1.00000000000000000000E+0000  8.70197462228107408374E-0001  1.03381055357913956847E+0000  7.81572689494568032388E-0001  0.00000000000000000000E+0000  2.18478658651365228283E+0002  0.00000000000000000000E+0000  3.83190365807925257313E-0008  3.85170541482815043916E-0004  9.16200698143200955502E-0032  0.00000000000000000000E+0000  2.57418452875887674379E+0000  0.00000000000000000000E+0000  0.00000000000000000000E+0000  2.57418453459295544657E+0000  0.00000000000000000000E+0000  8.80860879038189884284E-0002  4.75559052673925800071E-0003  8.80860878946603160117E-0002  4.75559054628061778479E-0003  2.47253328182029745196E-0012  1.32546519317762156553E+0000  0.00000000000000000000E+0000  2.48102476522356555247E-0007  2.35689274875253273731E-0007 -7.03569190864937865848E-0008
 6.90999999999999999978E-0002  6.10000000000000000013E-0001 -2.14497661529550672443E+0002  3.57014353037240849035E-0008 -2.14497661529550672443E+0002  1.00000000000000000000E+0000  8.70197520610117049517E-0001  1.03381043104067236744E+0000  7.81572709774030234835E-0001  0.00000000000000000000E+0000  2.18478658651365228283E+0002  0.00000000000000000000E+0000  3.83191382450553835215E-0008  3.85168483158194680464E-0004  9.16201197994436207866E-0032  0.00000000000000000000E+0000  2.57417786576838025108E+0000  0.00000000000000000000E+0000  0.00000000000000000000E+0000  2.57417787145835477670E+0000  0.00000000000000000000E+0000  8.80859472480888482365E-0002  4.75557656460693984661E-0003  8.80859472398887688677E-0002  4.75557658399141636110E-0003  2.47253375278611867057E-0012  1.32546519601787870688E+0000  0.00000000000000000000E+0000  2.25849669115698466554E-0007  2.14751294240596068720E-0007 -6.19259813639646570111E-0008
 7.04799999999999999989E-0002  6.10000000000000000013E-0001 -2.14497667678230820337E+0002  3.55508425576563713826E-0008 -2.14497667678230820337E+0002  1.00000000000000000000E+0000  8.70197572959801759964E-0001  1.03381032107844979490E+0000  7.81572728015162023212E-0001  0.00000000000000000000E+0000  2.18478658651365228283E+0002  0.00000000000000000000E+0000  3.83192294143038703410E-0008  3.85166635939936948111E-0004  9.16201648228714486765E-0032  0.00000000000000000000E+0000  2.57417188627205045554E+0000  0.00000000000000000000E+0000  0.00000000000000000000E+0000  2.57417189188098103876E+0000  0.00000000000000000000E+0000  8.80858208936599453378E-0002  4.75556404440573898779E-0003  8.80858208863078777273E-0002  4.75556406384429318746E-0003  2.47253416715137870333E-0012  1.32546519856855921646E+0000  0.00000000000000000000E+0000  2.05872585805304271611E-0007  1.95971509848068912003E-0007 -5.43605478381799612205E-0008
 7.18899999999999999973E-0002  6.10000000000000000013E-0001 -2.14497673178132529315E+0002  3.53986896983222477505E-0008 -2.14497673178132529315E+0002  1.00000000000000000000E+0000  8.70197619746252098809E-0001  1.03381022272777596429E+0000  7.81572744365792967665E-0001  0.00000000000000000000E+0000  2.18478658651365228283E+0002  0.00000000000000000000E+0000  3.83193109033809132855E-0008  3.85164983680418916201E-0004  9.16202052303410112726E-0032  0.00000000000000000000E+0000  2.57416653797686472262E+0000  0.00000000000000000000E+0000  0.00000000000000000000E+0000  2.57416654306795473768E+0000  0.00000000000000000000E+0000  8.80857077619045070619E-0002  4.75555285460444609718E-0003  8.80857077554236285111E-0002  4.75555287232517618062E-0003  2.47253457479093181695E-0012  1.32546520085141282476E+0000  0.00000000000000000000E+0000  1.87992001871312518505E-0007  1.79178187610429665972E-0007 -4.75920172798032102084E-0008
 7.33299999999999999999E-0002  6.10000000000000000013E-0001 -2.14497678083874432700E+0002  3.52796221043537117112E-0008 -2.14497678083874432700E+0002  1.00000000000000000000E+0000  8.70197661439741996039E-0001  1.03381013500767677280E+0000  7.81572758988164457516E-0001  0.00000000000000000000E+0000  2.18478658651365228283E+0002  0.00000000000000000000E+0000  3.83193835301268873348E-0008  3.85163509867151916420E-0004  9.16202414241115925466E-0032  0.00000000000000000000E+0000  2.57416176741510194389E+0000  0.00000000000000000000E+0000  0.00000000000000000000E+0000  2.57416177241048163907E+0000  0.00000000000000000000E+0000  8.80856067413910657970E-0002  4.75554288192106635239E-0003  8.80856067355933884495E-0002  4.75554289956554570660E-0003  2.47253490120224379065E-0012  1.32546520288978317682E+0000  0.00000000000000000000E+0000  1.72041329501962288715E-0007  1.64211819916751024787E-0007 -4.15568566009302094310E-0008
 7.47999999999999999999E-0002  6.10000000000000000013E-0001 -2.14497682446487202043E+0002  3.51917581045197805949E-0008 -2.14497682446487202043E+0002  1.00000000000000000000E+0000  8.70197698481806258743E-0001  1.03381005700428114154E+0000  7.81572772026949603714E-0001  0.00000000000000000000E+0000  2.18478658651365228283E+0002  0.00000000000000000000E+0000  3.83194480620214485025E-0008  3.85162199170210634950E-0004  9.16202737511693042480E-0032  0.00000000000000000000E+0000  2.57415752494464687467E+0000  0.00000000000000000000E+0000  0.00000000000000000000E+0000  2.57415753026363833961E+0000  0.00000000000000000000E+0000  8.80855168030739240801E-0002  4.75553402085581108489E-0003  8.80855167977790615703E-0002  4.75553404006873327191E-0003  2.47253514993874831109E-0012  1.32546520470329091306E+0000  0.00000000000000000000E+0000  1.57855567170229361222E-0007  1.50914684213807032246E-0007 -3.61923606177330924488E-0008
 7.62899999999999999981E-0002  6.10000000000000000013E-0001 -2.14497686290429104145E+0002  3.50962093753622257504E-0008 -2.14497686290429104145E+0002  1.00000000000000000000E+0000  8.70197731090024055632E-0001  1.03380998828188007735E+0000  7.81572783540572200436E-0001  0.00000000000000000000E+0000  2.18478658651365228283E+0002  0.00000000000000000000E+0000  3.83195048759503864440E-0008  3.85161044351870712462E-0004  9.16203023331242015009E-0032  0.00000000000000000000E+0000  2.57415378711403415547E+0000  0.00000000000000000000E+0000  0.00000000000000000000E+0000  2.57415379226630125042E+0000  0.00000000000000000000E+0000  8.80854374752164669441E-0002  4.75552622042750126351E-0003  8.80854374704794983888E-0002  4.75552623922772204011E-0003  2.47253540757578161837E-0012  1.32546520630156418438E+0000  0.00000000000000000000E+0000  1.45346549444882579102E-0007  1.39201159798194673820E-0007 -3.14642842445623725341E-0008
 7.78199999999999999996E-0002  6.10000000000000000013E-0001 -2.14497689710445480951E+0002  3.50153189440137018608E-0008 -2.14497689710445480951E+0002  1.00000000000000000000E+0000  8.70197760072987487156E-0001  1.03380992714346534478E+0000  7.81572793811910967695E-0001  0.00000000000000000000E+0000  2.18478658651365228283E+0002  0.00000000000000000000E+0000  3.83195553796629530841E-0008  3.85160016876562512401E-0004  9.16203278719486699791E-0032  0.00000000000000000000E+0000  2.57415046154529048809E+0000  0.00000000000000000000E+0000  0.00000000000000000000E+0000  2.57415046663500736868E+0000  0.00000000000000000000E+0000  8.80853668136934302190E-0002  4.75551928666687347026E-0003  8.80853668094304263558E-0002  4.75551930544501440822E-0003  2.47253562644914431393E-0012  1.32546520772534034147E+0000  0.00000000000000000000E+0000  1.34213290694761609337E-0007  1.28786886704703905631E-0007 -2.72582125181364040123E-0008
 7.93799999999999999985E-0002  6.10000000000000000013E-0001 -2.14497692723692641156E+0002  3.49413843222764036577E-0008 -2.14497692723692641156E+0002  1.00000000000000000000E+0000  8.70197785582845605298E-0001  1.03380987328176400682E+0000  7.81572802885137438947E-0001  0.00000000000000000000E+0000  2.18478658651365228283E+0002  0.00000000000000000000E+0000  3.83195998368832641922E-0008  3.85159111611337781985E-0004  9.16203504662783744113E-0032  0.00000000000000000000E+0000  2.57414753160641015845E+0000  0.00000000000000000000E+0000  0.00000000000000000000E+0000  2.57414753656581257518E+0000  0.00000000000000000000E+0000  8.80853044837732895731E-0002  4.75551318347160144978E-0003  8.80853044799462158172E-0002  4.75551320193510297477E-0003  2.47253582337610180033E-0012  1.32546520898058791836E+0000  0.00000000000000000000E+0000  1.24399459522632020878E-0007  1.19616825985729507280E-0007 -2.35526114993120456166E-0008
 8.09600000000000000024E-0002  6.10000000000000000013E-0001 -2.14497695356270565770E+0002  3.48740763169387471907E-0008 -2.14497695356270565770E+0002  1.00000000000000000000E+0000  8.70197807846758303492E-0001  1.03380982622906691872E+0000  7.81572810833145329400E-0001  0.00000000000000000000E+0000  2.18478658651365228283E+0002  0.00000000000000000000E+0000  3.83196386421692100503E-0008  3.85158320714693900715E-0004  9.16203702892829234636E-0032  0.00000000000000000000E+0000  2.57414497189957619029E+0000  0.00000000000000000000E+0000  0.00000000000000000000E+0000  2.57414497666944867837E+0000  0.00000000000000000000E+0000  8.80852499630366200868E-0002  4.75550785657983376476E-0003  8.80852499596086928806E-0002  4.75550787447152459742E-0003  2.47253599982785873850E-0012  1.32546521007817300465E+0000  0.00000000000000000000E+0000  1.15821159222462265191E-0007  1.11610192892391631707E-0007 -2.03152704714211541390E-0008
 8.25800000000000000027E-0002  6.10000000000000000013E-0001 -2.14497697676821267698E+0002  3.48180904181914007460E-0008 -2.14497697676821267698E+0002  1.00000000000000000000E+0000  8.70197827450137688984E-0001  1.03380978475701727456E+0000  7.81572817859599801857E-0001  0.00000000000000000000E+0000  2.18478658651365228283E+0002  0.00000000000000000000E+0000  3.83196728147996061238E-0008  3.85157623546521563950E-0004  9.16203878440231164610E-0032  0.00000000000000000000E+0000  2.57414271560823976464E+0000  0.00000000000000000000E+0000  0.00000000000000000000E+0000  2.57414272028482226935E+0000  0.00000000000000000000E+0000  8.80852018430003684402E-0002  4.75550316581529247504E-0003  8.80852018399053274727E-0002  4.75550318350047072305E-0003  2.47253614672847653076E-0012  1.32546521104657789880E+0000  0.00000000000000000000E+0000  1.08256795763358316033E-0007  1.04558113911502725102E-0007 -1.74621542893958201029E-0008
 8.42399999999999999996E-0002  6.10000000000000000013E-0001 -2.14497699713869327931E+0002  3.47681543246128590345E-0008 -2.14497699713869327931E+0002  1.00000000000000000000E+0000  8.70197844639119230605E-0001  1.03380974835530245785E+0000  7.81572824045411030985E-0001  0.00000000000000000000E+0000  2.18478658651365228283E+0002  0.00000000000000000000E+0000  3.83197027827611270838E-0008  3.85157011551000504392E-0004  9.16204033244416541275E-0032  0.00000000000000000000E+0000  2.57414073502769733849E+0000  0.00000000000000000000E+0000  0.00000000000000000000E+0000  2.57414073959626010140E+0000  0.00000000000000000000E+0000  8.80851595471905885804E-0002  4.75549905248727151377E-0003  8.80851595443939587907E-0002  4.75549906989106318478E-0003  2.47253627611774086805E-0012  1.32546521189728202475E+0000  0.00000000000000000000E+0000  1.01613256161698889191E-0007  9.83719380532616134536E-0008 -1.49578394498774103758E-0008
 8.59200000000000000015E-0002  6.10000000000000000013E-0001 -2.14497701477553267102E+0002  3.47358709902836370187E-0008 -2.14497701477553267102E+0002  1.00000000000000000000E+0000  8.70197859503918738709E-0001  1.03380971684080832625E+0000  7.81572829418734616759E-0001  0.00000000000000000000E+0000  2.18478658651365228283E+0002  0.00000000000000000000E+0000  3.83197287025506922091E-0008  3.85156481645875632448E-0004  9.16204167973883864122E-0032  0.00000000000000000000E+0000  2.57413902016868911707E+0000  0.00000000000000000000E+0000  0.00000000000000000000E+0000  2.57413902491901669845E+0000  0.00000000000000000000E+0000  8.80851228761087672579E-0002  4.75549549485719843040E-0003  8.80851228734944396328E-0002  4.75549551315646573239E-0003  2.47253635837938270786E-0012  1.32546521263460879124E+0000  0.00000000000000000000E+0000  9.58620136691473696059E-0008  9.30232173681800353171E-0008 -1.27913486845677002067E-0008
 8.76399999999999999999E-0002  6.10000000000000000013E-0001 -2.14497703016007317131E+0002  3.46965120840611245432E-0008 -2.14497703016007317131E+0002  1.00000000000000000000E+0000  8.70197872455061060160E-0001  1.03380968935472012044E+0000  7.81572834118384101546E-0001  0.00000000000000000000E+0000  2.18478658651365228283E+0002  0.00000000000000000000E+0000  3.83197512885763257837E-0008  3.85156019444036681801E-0004  9.16204285991089097659E-0032  0.00000000000000000000E+0000  2.57413752445715662007E+0000  0.00000000000000000000E+0000  0.00000000000000000000E+0000  2.57413752907643029501E+0000  0.00000000000000000000E+0000  8.80850908467365576688E-0002  4.75549239519390789665E-0003  8.80850908443592802100E-0002  4.75549241309310114110E-0003  2.47253645755222356508E-0012  1.32546521327770071806E+0000  0.00000000000000000000E+0000  9.08391881238647404259E-0008  8.83579147315920909643E-0008 -1.09003208544088124409E-0008
 8.93900000000000000025E-0002  6.10000000000000000013E-0001 -2.14497704346492990529E+0002  3.46593107800516629948E-0008 -2.14497704346492990529E+0002  1.00000000000000000000E+0000  8.70197883641702503302E-0001  1.03380966558704147601E+0000  7.81572838194936203560E-0001  0.00000000000000000000E+0000  2.18478658651365228283E+0002  0.00000000000000000000E+0000  3.83197708003348974246E-0008  3.85155619729245861482E-0004  9.16204388536186856367E-0032  0.00000000000000000000E+0000  2.57413623100147937188E+0000  0.00000000000000000000E+0000  0.00000000000000000000E+0000  2.57413623542620293577E+0000  0.00000000000000000000E+0000  8.80850631088290224582E-0002  4.75548971770677019264E-0003  8.80850631066764035276E-0002  4.75548973493982047182E-0003  2.47253654928628859910E-0012  1.32546521383485432419E+0000  0.00000000000000000000E+0000  8.64925719418510145680E-0008  8.43259806151007054704E-0008 -9.26484729285276865471E-0009
 9.11800000000000000015E-0002  6.10000000000000000013E-0001 -2.14497705500209439544E+0002  3.46425242360809243220E-0008 -2.14497705500209439544E+0002  1.00000000000000000000E+0000  8.70197893329265261474E-0001  1.03380964497812545327E+0000  7.81572841743836074909E-0001  0.00000000000000000000E+0000  2.18478658651365228283E+0002  0.00000000000000000000E+0000  3.83197877003885802711E-0008  3.85155273070148205726E-0004  9.16204478012736250194E-0032  0.00000000000000000000E+0000  2.57413510927205413381E+0000  0.00000000000000000000E+0000  0.00000000000000000000E+0000  2.57413511392344643248E+0000  0.00000000000000000000E+0000  8.80850390172746456751E-0002  4.75548739851696835102E-0003  8.80850390152081097407E-0002  4.75548741680895567926E-0003  2.47253658814850182007E-0012  1.32546521431876129587E+0000  0.00000000000000000000E+0000  8.27259441326003216753E-0008  8.08368046037438988757E-0008 -7.84870697430624230506E-0009
 9.29999999999999999979E-0002  6.10000000000000000013E-0001 -2.14497706490753657887E+0002  3.46122392213918900834E-0008 -2.14497706490753657887E+0002  1.00000000000000000000E+0000  8.70197901635959804789E-0001  1.03380962728741303757E+0000  7.81572844798401740907E-0001  0.00000000000000000000E+0000  2.18478658651365228283E+0002  0.00000000000000000000E+0000  3.83198021935315041248E-0008  3.85154975487260678080E-0004  9.16204555131647167517E-0032  0.00000000000000000000E+0000  2.57413414637931687234E+0000  0.00000000000000000000E+0000  0.00000000000000000000E+0000  2.57413415081435418478E+0000  0.00000000000000000000E+0000  8.80850183056287146179E-0002  4.75548541003943699056E-0003  8.80850183037476283548E-0002  4.75548542755318435261E-0003  2.47253666133597357809E-0012  1.32546521473368725296E+0000  0.00000000000000000000E+0000  7.94856981016334047123E-0008  7.78394849890523173294E-0008 -6.63120415515484841168E-0009
 9.48599999999999999976E-0002  6.10000000000000000013E-0001 -2.14497707343245087017E+0002  3.45860311394041015728E-0008 -2.14497707343245087017E+0002  1.00000000000000000000E+0000  8.70197908775078978057E-0001  1.03380961206410720919E+0000  7.81572847436294445525E-0001  0.00000000000000000000E+0000  2.18478658651365228283E+0002  0.00000000000000000000E+0000  3.83198146516524598593E-0008  3.85154719376888301511E-0004  9.16204621859978154496E-0032  0.00000000000000000000E+0000  2.57413331771154777448E+0000  0.00000000000000000000E+0000  0.00000000000000000000E+0000  2.57413332195511459404E+0000  0.00000000000000000000E+0000  8.80850004528685604435E-0002  4.75548370091732542639E-0003  8.80850004511470090955E-0002  4.75548371774711119001E-0003  2.47253672360545737890E-0012  1.32546521509189068895E+0000  0.00000000000000000000E+0000  7.66955188524712717999E-0008  7.52622266183395336599E-0008 -5.58345099411113154279E-0009
 9.67600000000000000006E-0002  6.10000000000000000013E-0001 -2.14497708074794323746E+0002  3.45759820169194462213E-0008 -2.14497708074794323746E+0002  1.00000000000000000000E+0000  8.70197914892665463622E-0001  1.03380959900100982012E+0000  7.81572849709674739058E-0001  0.00000000000000000000E+0000  2.18478658651365228283E+0002  0.00000000000000000000E+0000  3.83198253293387171698E-0008  3.85154499558782898491E-0004  9.16204679507806782740E-0032  0.00000000000000000000E+0000  2.57413260649940627998E+0000  0.00000000000000000000E+0000  0.00000000000000000000E+0000  2.57413261090613578255E+0000  0.00000000000000000000E+0000  8.80849851055582782803E-0002  4.75548223600950768154E-0003  8.80849851038806755147E-0002  4.75548225362960111094E-0003  2.47253674301352105558E-0012  1.32546521539982207669E+0000  0.00000000000000000000E+0000  7.43037338778738473422E-0008  7.30562791968589873194E-0008 -4.68615698162371713010E-0009
 9.87000000000000000000E-0002  6.10000000000000000013E-0001 -2.14497708698975468128E+0002  3.45543505758290859269E-0008 -2.14497708698975468128E+0002  1.00000000000000000000E+0000  8.70197920104610721866E-0001  1.03380958785780747728E+0000  7.81572851654675590407E-0001  0.00000000000000000000E+0000  2.18478658651365228283E+0002  0.00000000000000000000E+0000  3.83198344276454109236E-0008  3.85154312043943694472E-0004  9.16204728902235954966E-0032  0.00000000000000000000E+0000  2.57413199982748761799E+0000  0.00000000000000000000E+0000  0.00000000000000000000E+0000  2.57413200402397290508E+0000  0.00000000000000000000E+0000  8.80849719916566150176E-0002  4.75548098805728458156E-0003  8.80849719901143635633E-0002  4.75548100489334888797E-0003  2.47253679442515001983E-0012  1.32546521566193027262E+0000  0.00000000000000000000E+0000  7.22576194877708535922E-0008  7.11721329512818808999E-0008 -3.91897979321550084243E-0009
 1.00700000000000000001E-0001  6.10000000000000000013E-0001 -2.14497709235268735131E+0002  3.45496155806201393216E-0008 -2.14497709235268735131E+0002  1.00000000000000000000E+0000  8.70197924576016269068E-0001  1.03380957828360886942E+0000  7.81572853333820985456E-0001  0.00000000000000000000E+0000  2.18478658651365228283E+0002  0.00000000000000000000E+0000  3.83198422350973185325E-0008  3.85154150885167700999E-0004  9.16204771659231776196E-0032  0.00000000000000000000E+0000  2.57413147844898549765E+0000  0.00000000000000000000E+0000  0.00000000000000000000E+0000  2.57413148283535694796E+0000  0.00000000000000000000E+0000  8.80849607020606979090E-0002  4.75547991711519024780E-0003  8.80849607005272123241E-0002  4.75547993485142848764E-0003  2.47253680009367400622E-0012  1.32546521588841610358E+0000  0.00000000000000000000E+0000  7.05029482908996304655E-0008  6.95589440205397182680E-0008 -3.26176043896107363547E-0009
 1.02700000000000000002E-0001  6.10000000000000000013E-0001 -2.14497709681365241616E+0002  3.45382041825323828110E-0008 -2.14497709681365241616E+0002  1.00000000000000000000E+0000  8.70197928289838564713E-0001  1.03380957032139576606E+0000  7.81572854734522152000E-0001  0.00000000000000000000E+0000  2.18478658651365228283E+0002  0.00000000000000000000E+0000  3.83198487208843882348E-0008  3.85154016853313465149E-0004  9.16204807379929206089E-0032  0.00000000000000000000E+0000  2.57413104484962808414E+0000  0.00000000000000000000E+0000  0.00000000000000000000E+0000  2.57413104919712268782E+0000  0.00000000000000000000E+0000  8.80849512966586101350E-0002  4.75547902770412593588E-0003  8.80849512951842655492E-0002  4.75547904539160022679E-0003  2.47253682403397190537E-0012  1.32546521607611555104E+0000  0.00000000000000000000E+0000  6.90410323472137769360E-0008  6.82171532427865903825E-0008 -2.71470017616638827323E-0009
 1.04700000000000000003E-0001  6.10000000000000000013E-0001 -2.14497710052680744058E+0002  3.45276259213562060763E-0008 -2.14497710052680744058E+0002  1.00000000000000000000E+0000  8.70197931376350026708E-0001  1.03380956369491096313E+0000  7.81572855904560611512E-0001  0.00000000000000000000E+0000  2.18478658651365228283E+0002  0.00000000000000000000E+0000  3.83198541122387802269E-0008  3.85153905291439880613E-0004  9.16204837275309804711E-0032  0.00000000000000000000E+0000  2.57413068395773634266E+0000  0.00000000000000000000E+0000  0.00000000000000000000E+0000  2.57413068824699150161E+0000  0.00000000000000000000E+0000  8.80849434543806310334E-0002  4.75547828850559212985E-0003  8.80849434529594823394E-0002  4.75547830606550616931E-0003  2.47253684616268523493E-0012  1.32546521623283290541E+0000  0.00000000000000000000E+0000  6.78235240241565436833E-0008  6.71015602258724911575E-0008 -2.25945867507142155104E-0009
 1.06800000000000000002E-0001  6.10000000000000000013E-0001 -2.14497710374436331857E+0002  3.45191321339720541879E-0008 -2.14497710374436331857E+0002  1.00000000000000000000E+0000  8.70197934045684367080E-0001  1.03380955795377200729E+0000  7.81572856923391977464E-0001  0.00000000000000000000E+0000  2.18478658651365228283E+0002  0.00000000000000000000E+0000  3.83198587757948484260E-0008  3.85153808618923022136E-0004  9.16204863379328992096E-0032  0.00000000000000000000E+0000  2.57413037124679738117E+0000  0.00000000000000000000E+0000  0.00000000000000000000E+0000  2.57413037549100273313E+0000  0.00000000000000000000E+0000  8.80849366448858611190E-0002  4.75547764904325718397E-0003  8.80849366435148547561E-0002  4.75547766646765609593E-0003  2.47253686578998780850E-0012  1.32546521636867098469E+0000  0.00000000000000000000E+0000  6.67663059682260394074E-0008  6.61346200685452769401E-0008 -1.86425710856090863552E-0009
 1.08999999999999999999E-0001  6.10000000000000000013E-0001 -2.14497710650194325824E+0002  3.45094133937080296432E-0008 -2.14497710650194325824E+0002  1.00000000000000000000E+0000  8.70197936329270090266E-0001  1.03380955303436058784E+0000  7.81572857800042901627E-0001  0.00000000000000000000E+0000  2.18478658651365228283E+0002  0.00000000000000000000E+0000  3.83198627662629728043E-0008  3.85153725773053758880E-0004  9.16204885888594508075E-0032  0.00000000000000000000E+0000  2.57413010327502104362E+0000  0.00000000000000000000E+0000  0.00000000000000000000E+0000  2.57413010741795168258E+0000  0.00000000000000000000E+0000  8.80849307976393566409E-0002  4.75547710196944122547E-0003  8.80849307963281694524E-0002  4.75547711901905154946E-0003  2.47253688885176797509E-0012  1.32546521648546863047E+0000  0.00000000000000000000E+0000  6.58589210259379393262E-0008  6.53062879522935935086E-0008 -1.52538740830527728691E-0009
 1.11099999999999999998E-0001  6.10000000000000000013E-0001 -2.14497710867552849434E+0002  3.44987259329518359440E-0008 -2.14497710867552849434E+0002  1.00000000000000000000E+0000  8.70197938127344413435E-0001  1.03380954915742383519E+0000  7.81572858492089551159E-0001  0.00000000000000000000E+0000  2.18478658651365228283E+0002  0.00000000000000000000E+0000  3.83198659091847308000E-0008  3.85153660476835624964E-0004  9.16204903667628687799E-0032  0.00000000000000000000E+0000  2.57412989207862226600E+0000  0.00000000000000000000E+0000  0.00000000000000000000E+0000  2.57412989608074929031E+0000  0.00000000000000000000E+0000  8.80849261818721006675E-0002  4.75547667140883649018E-0003  8.80849261806117673584E-0002  4.75547668799328620583E-0003  2.47253691518464210360E-0012  1.32546521657801118579E+0000  0.00000000000000000000E+0000  6.51460177041662514827E-0008  6.46566338565996531468E-0008 -1.25986053690124590307E-0009
 1.13400000000000000000E-0001  6.10000000000000000013E-0001 -2.14497711060658548948E+0002  3.44920346669293012898E-0008 -2.14497711060658548948E+0002  1.00000000000000000000E+0000  8.70197939719860212354E-0001  1.03380954571376394247E+0000  7.81572859112075659402E-0001  0.00000000000000000000E+0000  2.18478658651365228283E+0002  0.00000000000000000000E+0000  3.83198686932492501814E-0008  3.85153602463978750629E-0004  9.16204919672756701994E-0032  0.00000000000000000000E+0000  2.57412970445135508269E+0000  0.00000000000000000000E+0000  0.00000000000000000000E+0000  2.57412970836389034244E+0000  0.00000000000000000000E+0000  8.80849220695794605878E-0002  4.75547628973115416835E-0003  8.80849220683708648372E-0002  4.75547630593447001382E-0003  2.47253693220431496939E-0012  1.32546521665933730242E+0000  0.00000000000000000000E+0000  6.45076655267255204102E-0008  6.40762348268038109676E-0008 -1.02149833381381577809E-0009
 1.15599999999999999997E-0001  6.10000000000000000013E-0001 -2.14497711211899457329E+0002  3.44817983054915076905E-0008 -2.14497711211899457329E+0002  1.00000000000000000000E+0000  8.70197940966195544060E-0001  1.03380954301726404442E+0000  7.81572859597525049506E-0001  0.00000000000000000000E+0000  2.18478658651365228283E+0002  0.00000000000000000000E+0000  3.83198708728094016097E-0008  3.85153557037282401447E-0004  9.16204932198700216595E-0032  0.00000000000000000000E+0000  2.57412955753740956932E+0000  0.00000000000000000000E+0000  0.00000000000000000000E+0000  2.57412956127722483322E+0000  0.00000000000000000000E+0000  8.80849188445053735480E-0002  4.75547599127525030984E-0003  8.80849188433511390777E-0002  4.75547600682748171086E-0003  2.47253696409339410206E-0012  1.32546521672422289682E+0000  0.00000000000000000000E+0000  6.40110383787486989060E-0008  6.36254980556179182910E-0008 -8.37068360414353243825E-0010
 1.17899999999999999999E-0001  6.10000000000000000013E-0001 -2.14497711340228824156E+0002  3.44753192404818876901E-0008 -2.14497711340228824156E+0002  1.00000000000000000000E+0000  8.70197942020676350606E-0001  1.03380954072969623715E+0000  7.81572860012604996157E-0001  0.00000000000000000000E+0000  2.18478658651365228283E+0002  0.00000000000000000000E+0000  3.83198727172327809989E-0008  3.85153518489755332718E-0004  9.16204942954558466813E-0032  0.00000000000000000000E+0000  2.57412943287919000908E+0000  0.00000000000000000000E+0000  0.00000000000000000000E+0000  2.57412943650252967753E+0000  0.00000000000000000000E+0000  8.80849161006110095549E-0002  4.75547573859087198372E-0003  8.80849160995021242799E-0002  4.75547575366949865921E-0003  2.47253698376009924601E-0012  1.32546521677838539087E+0000  0.00000000000000000000E+0000  6.35866928002845255874E-0008  6.32412611135569087239E-0008 -6.79005477624936868772E-0010
 1.20299999999999999998E-0001  6.10000000000000000013E-0001 -2.14497711448513490792E+0002  3.44758365732452091869E-0008 -2.14497711448513490792E+0002  1.00000000000000000000E+0000  8.70197942909090263680E-0001  1.03380953879908673698E+0000  7.81572860364787445865E-0001  0.00000000000000000000E+0000  2.18478658651365228283E+0002  0.00000000000000000000E+0000  3.83198742719010117373E-0008  3.85153485939935623926E-0004  9.16204952107440098453E-0032  0.00000000000000000000E+0000  2.57412932762290675749E+0000  0.00000000000000000000E+0000  0.00000000000000000000E+0000  2.57412933132794044446E+0000  0.00000000000000000000E+0000  8.80849137787249603839E-0002  4.75547552562993689618E-0003  8.80849137775982129391E-0002  4.75547554105340203685E-0003  2.47253699226562432351E-0012  1.32546521682491777764E+0000  0.00000000000000000000E+0000  6.32315907764556644168E-0008  6.29204045498014172662E-0008 -5.47337634239517877895E-0010
 1.22699999999999999998E-0001  6.10000000000000000013E-0001 -2.14497711535429434068E+0002  3.44692546083054195942E-0008 -2.14497711535429434068E+0002  1.00000000000000000000E+0000  8.70197943620069603644E-0001  1.03380953725049685153E+0000  7.81572860648429472831E-0001  0.00000000000000000000E+0000  2.18478658651365228283E+0002  0.00000000000000000000E+0000  3.83198755161917777854E-0008  3.85153459838159466276E-0004  9.16204959492864040224E-0032  0.00000000000000000000E+0000  2.57412924322298798229E+0000  0.00000000000000000000E+0000  0.00000000000000000000E+0000  2.57412924678760813928E+0000  0.00000000000000000000E+0000  8.80849119113895893431E-0002  4.75547535523545444402E-0003  8.80849119103107993452E-0002  4.75547537003026620067E-0003  2.47253702212800872576E-0012  1.32546521686100415263E+0000  0.00000000000000000000E+0000  6.29447038443686629070E-0008  6.26618248268765583445E-0008 -4.40976164552869645060E-0010
 1.25199999999999999996E-0001  6.10000000000000000013E-0001 -2.14497711607505022122E+0002  3.44612427496003594523E-0008 -2.14497711607505022122E+0002  1.00000000000000000000E+0000  8.70197944208061852989E-0001  1.03380953596689988670E+0000  7.81572860884762651715E-0001  0.00000000000000000000E+0000  2.18478658651365228283E+0002  0.00000000000000000000E+0000  3.83198765454410421290E-0008  3.85153438202987914340E-0004  9.16204965660939497561E-0032  0.00000000000000000000E+0000  2.57412917327057978842E+0000  0.00000000000000000000E+0000  0.00000000000000000000E+0000  2.57412917663773797698E+0000  0.00000000000000000000E+0000  8.80849103594832531973E-0002  4.75547521432925077902E-0003  8.80849103584678780354E-0002  4.75547522828092970589E-0003  2.47253704983110457640E-0012  1.32546521689195182718E+0000  0.00000000000000000000E+0000  6.27043236963221168244E-0008  6.24456797400338413366E-0008 -3.51648526605872963319E-0010
 1.27699999999999999994E-0001  6.10000000000000000013E-0001 -2.14497711665035361600E+0002  3.44520627024060298797E-0008 -2.14497711665035361600E+0002  1.00000000000000000000E+0000  8.70197944676207589033E-0001  1.03380953494275994382E+0000  7.81572861074007660702E-0001  0.00000000000000000000E+0000  2.18478658651365228283E+0002  0.00000000000000000000E+0000  3.83198773651654509184E-0008  3.85153420941677661193E-0004  9.16204970608682749999E-0032  0.00000000000000000000E+0000  2.57412911746378780678E+0000  0.00000000000000000000E+0000  0.00000000000000000000E+0000  2.57412912060027713546E+0000  0.00000000000000000000E+0000  8.80849091177616849439E-0002  4.75547510217332750723E-0003  8.80849091168171962753E-0002  4.75547511510529131426E-0003  2.47253708743806049246E-0012  1.32546521691619627033E+0000  0.00000000000000000000E+0000  6.25134098441050228490E-0008  6.22744398915439264378E-0008 -2.81143763575730144796E-0010
 1.30200000000000000005E-0001  6.10000000000000000013E-0001 -2.14497711711622775388E+0002  3.44487489884779495235E-0008 -2.14497711711622775388E+0002  1.00000000000000000000E+0000  8.70197945054763613289E-0001  1.03380953411301345214E+0000  7.81572861228129099783E-0001  0.00000000000000000000E+0000  2.18478658651365228283E+0002  0.00000000000000000000E+0000  3.83198780285591141867E-0008  3.85153406945472559945E-0004  9.16204974650578687211E-0032  0.00000000000000000000E+0000  2.57412907221609779250E+0000  0.00000000000000000000E+0000  0.00000000000000000000E+0000  2.57412907530192438784E+0000  0.00000000000000000000E+0000  8.80849081084623983609E-0002  4.75547501143330227615E-0003  8.80849081075334939398E-0002  4.75547502405577961208E-0003  2.47253711756924831790E-0012  1.32546521693528538148E+0000  0.00000000000000000000E+0000  6.23632021728570067296E-0008  6.21400336829530088035E-0008 -2.26339509881857187528E-0010
 1.32799999999999999994E-0001  6.10000000000000000013E-0001 -2.14497711749325920993E+0002  3.44437849791306927767E-0008 -2.14497711749325920993E+0002  1.00000000000000000000E+0000  8.70197945359321857093E-0001  1.03380953344235197754E+0000  7.81572861354505553681E-0001  0.00000000000000000000E+0000  2.18478658651365228283E+0002  0.00000000000000000000E+0000  3.83198785619462648965E-0008  3.85153395637170432725E-0004  9.16204977986009850858E-0032  0.00000000000000000000E+0000  2.57412903566175801126E+0000  0.00000000000000000000E+0000  0.00000000000000000000E+0000  2.57412903856995209872E+0000  0.00000000000000000000E+0000  8.80849072901668974620E-0002  4.75547493837828537700E-0003  8.80849072892981697715E-0002  4.75547495026328796788E-0003  2.47253712461358081961E-0012  1.32546521695320025495E+0000  0.00000000000000000000E+0000  6.22336746696045596170E-0008  6.20244879053205377802E-0008 -1.77426465856583548230E-0010
 1.35500000000000000002E-0001  6.10000000000000000013E-0001 -2.14497711780264342485E+0002  3.44360832557942935538E-0008 -2.14497711780264342485E+0002  1.00000000000000000000E+0000  8.70197945608575522273E-0001  1.03380953289220834876E+0000  7.81572861458201444422E-0001  0.00000000000000000000E+0000  2.18478658651365228283E+0002  0.00000000000000000000E+0000  3.83198789988164651464E-0008  3.85153386361844430494E-0004  9.16204980725175395462E-0032  0.00000000000000000000E+0000  2.57412900568097930917E+0000  0.00000000000000000000E+0000  0.00000000000000000000E+0000  2.57412900839922770095E+0000  0.00000000000000000000E+0000  8.80849066162046854614E-0002  4.75547487860328405384E-0003  8.80849066153970532343E-0002  4.75547488959410696694E-0003  2.47253715692162040037E-0012  1.32546521696525559356E+0000  0.00000000000000000000E+0000  6.21312116668145127558E-0008  6.19333278876254589888E-0008 -1.40268182729281467015E-0010
 1.38199999999999999996E-0001  6.10000000000000000013E-0001 -2.14497711804674878328E+0002  3.44306557393614961574E-0008 -2.14497711804674878328E+0002  1.00000000000000000000E+0000  8.70197945804878699165E-0001  1.03380953245823573549E+0000  7.81572861540447503560E-0001  0.00000000000000000000E+0000  2.18478658651365228283E+0002  0.00000000000000000000E+0000  3.83198793429717167545E-0008  3.85153379043266685152E-0004  9.16204982901050048664E-0032  0.00000000000000000000E+0000  2.57412898202701226282E+0000  0.00000000000000000000E+0000  0.00000000000000000000E+0000  2.57412898459068943701E+0000  0.00000000000000000000E+0000  8.80849060834617517433E-0002  4.75547483156052732078E-0003  8.80849060827015311283E-0002  4.75547484189865137004E-0003  2.47253716922698278803E-0012  1.32546521697657713394E+0000  0.00000000000000000000E+0000  6.20508229380416863084E-0008  6.18620021937047806498E-0008 -1.10702206245409887782E-0010
 1.40999999999999999994E-0001  6.10000000000000000013E-0001 -2.14497711824342339931E+0002  3.44267816961648524753E-0008 -2.14497711824342339931E+0002  1.00000000000000000000E+0000  8.70197945962354193236E-0001  1.03380953210873082892E+0000  7.81572861607406477299E-0001  0.00000000000000000000E+0000  2.18478658651365228283E+0002  0.00000000000000000000E+0000  3.83198796191244832757E-0008  3.85153373147057252127E-0004  9.16204984681850308098E-0032  0.00000000000000000000E+0000  2.57412896297213398167E+0000  0.00000000000000000000E+0000  0.00000000000000000000E+0000  2.57412896541378971517E+0000  0.00000000000000000000E+0000  8.80849056526484570031E-0002  4.75547479379859128958E-0003  8.80849056519268712548E-0002  4.75547480360873606128E-0003  2.47253717894410791879E-0012  1.32546521698533982037E+0000  0.00000000000000000000E+0000  6.19842707328692078234E-0008  6.18031468481396070612E-0008 -8.59952852608158642590E-0011
 1.43800000000000000006E-0001  6.10000000000000000013E-0001 -2.14497711839721033680E+0002  3.44209268869929184144E-0008 -2.14497711839721033680E+0002  1.00000000000000000000E+0000  8.70197946084768580836E-0001  1.03380953183574457325E+0000  7.81572861660222092787E-0001  0.00000000000000000000E+0000  2.18478658651365228283E+0002  0.00000000000000000000E+0000  3.83198798337609438828E-0008  3.85153368544335397899E-0004  9.16204986092765391931E-0032  0.00000000000000000000E+0000  2.57412894809903176722E+0000  0.00000000000000000000E+0000  0.00000000000000000000E+0000  2.57412895037555300676E+0000  0.00000000000000000000E+0000  8.80849053147790884592E-0002  4.75547476443655404173E-0003  8.80849053141106357935E-0002  4.75547477353669614377E-0003  2.47253718743645199989E-0012  1.32546521699184658186E+0000  0.00000000000000000000E+0000  6.19336851085852233447E-0008  6.17585603903403197143E-0008 -6.76922000193849151364E-0011
 1.46699999999999999996E-0001  6.10000000000000000013E-0001 -2.14497711852068712990E+0002  3.44173781165895158253E-0008 -2.14497711852068712990E+0002  1.00000000000000000000E+0000  8.70197946182816922797E-0001  1.03380953161656432974E+0000  7.81572861702834888349E-0001  0.00000000000000000000E+0000  2.18478658651365228283E+0002  0.00000000000000000000E+0000  3.83198800058169081627E-0008  3.85153364846614718454E-0004  9.16204987234045883893E-0032  0.00000000000000000000E+0000  2.57412893615143741240E+0000  0.00000000000000000000E+0000  0.00000000000000000000E+0000  2.57412893831385392279E+0000  0.00000000000000000000E+0000  8.80849050423118214287E-0002  4.75547474092194963803E-0003  8.80849050416790202645E-0002  4.75547474951442713150E-0003  2.47253719916131350319E-0012  1.32546521699739824494E+0000  0.00000000000000000000E+0000  6.18920548938764783650E-0008  6.17219744894637852560E-0008 -5.23312058532938631201E-0011
 1.49600000000000000000E-0001  6.10000000000000000013E-0001 -2.14497711861427623914E+0002  3.44140126565457185925E-0008 -2.14497711861427623914E+0002  1.00000000000000000000E+0000  8.70197946256802201096E-0001  1.03380953145064823496E+0000  7.81572861735405038269E-0001  0.00000000000000000000E+0000  2.18478658651365228283E+0002  0.00000000000000000000E+0000  3.83198801356064800848E-0008  3.85153362048334553613E-0004  9.16204988108678823648E-0032  0.00000000000000000000E+0000  2.57412892711117801260E+0000  0.00000000000000000000E+0000  0.00000000000000000000E+0000  2.57412892915263859326E+0000  0.00000000000000000000E+0000  8.80849048354167895331E-0002  4.75547472319967609835E-0003  8.80849048348199238569E-0002  4.75547473131057411123E-0003  2.47253720459422790938E-0012  1.32546521700222735417E+0000  0.00000000000000000000E+0000  6.18592013222586527889E-0008  6.16932031792129235213E-0008 -3.99727741524762915262E-0011
 1.52599999999999999994E-0001  6.10000000000000000013E-0001 -2.14497711869129341830E+0002  3.44087288941166992477E-0008 -2.14497711869129341830E+0002  1.00000000000000000000E+0000  8.70197946317274303031E-0001  1.03380953131424664670E+0000  7.81572861762454104218E-0001  0.00000000000000000000E+0000  2.18478658651365228283E+0002  0.00000000000000000000E+0000  3.83198802417108536406E-0008  3.85153359749216275519E-0004  9.16204988838412122665E-0032  0.00000000000000000000E+0000  2.57412891968448598974E+0000  0.00000000000000000000E+0000  0.00000000000000000000E+0000  2.57412892158772790081E+0000  0.00000000000000000000E+0000  8.80849046644650577925E-0002  4.75547470870992325553E-0003  8.80849046639106588043E-0002  4.75547471625098801389E-0003  2.47253720898954244716E-0012  1.32546521700477579133E+0000  0.00000000000000000000E+0000  6.18355567136412969890E-0008  6.16725891291293101609E-0008 -3.19462418072156582423E-0011
 1.55600000000000000003E-0001  6.10000000000000000013E-0001 -2.14497711874917202951E+0002  3.44075475112229755068E-0008 -2.14497711874917202951E+0002  1.00000000000000000000E+0000  8.70197946362538268458E-0001  1.03380953121167743912E+0000  7.81572861782967921100E-0001  0.00000000000000000000E+0000  2.18478658651365228283E+0002  0.00000000000000000000E+0000  3.83198803213038306711E-0008  3.85153358017036628345E-0004  9.16204989395153439318E-0032  0.00000000000000000000E+0000  2.57412891408990784849E+0000  0.00000000000000000000E+0000  0.00000000000000000000E+0000  2.57412891593269553699E+0000  0.00000000000000000000E+0000  8.80849045348270237203E-0002  4.75547469785020585452E-0003  8.80849045342912944766E-0002  4.75547470509844411856E-0003  2.47253722003563990333E-0012  1.32546521700751811473E+0000  0.00000000000000000000E+0000  6.18143252002987225277E-0008  6.16541313567669367456E-0008 -2.37692097684642528994E-0011
 1.58700000000000000002E-0001  6.10000000000000000013E-0001 -2.14497711879397016485E+0002  3.44065118987199266475E-0008 -2.14497711879397016485E+0002  1.00000000000000000000E+0000  8.70197946397450281246E-0001  1.03380953113231578147E+0000  7.81572861799052457201E-0001  0.00000000000000000000E+0000  2.18478658651365228283E+0002  0.00000000000000000000E+0000  3.83198803826884789064E-0008  3.85153356675936340894E-0004  9.16204989833227305152E-0032  0.00000000000000000000E+0000  2.57412890975920563932E+0000  0.00000000000000000000E+0000  0.00000000000000000000E+0000  2.57412891155483018464E+0000  0.00000000000000000000E+0000  8.80849044340717845193E-0002  4.75547468948829155980E-0003  8.80849044335484743982E-0002  4.75547469653890729426E-0003  2.47253722667123031680E-0012  1.32546521701021650073E+0000  0.00000000000000000000E+0000  6.17984641976390531359E-0008  6.16404015230698296175E-0008 -1.78400127872691252518E-0011
 1.61900000000000000006E-0001  6.10000000000000000013E-0001 -2.14497711882930659030E+0002  3.44047109181449011202E-0008 -2.14497711882930659030E+0002  1.00000000000000000000E+0000  8.70197946424724288409E-0001  1.03380953106980817051E+0000  7.81572861811994290516E-0001  0.00000000000000000000E+0000  2.18478658651365228283E+0002  0.00000000000000000000E+0000  3.83198804306435944468E-0008  3.85153355619674897115E-0004  9.16204990188435416072E-0032  0.00000000000000000000E+0000  2.57412890634907912503E+0000  0.00000000000000000000E+0000  0.00000000000000000000E+0000  2.57412890809335728986E+0000  0.00000000000000000000E+0000  8.80849043542190852509E-0002  4.75547468295357965848E-0003  8.80849043537106333345E-0002  4.75547468980912575500E-0003  2.47253722581427262155E-0012  1.32546521701181023369E+0000  0.00000000000000000000E+0000  6.17867902321234760438E-0008  6.16303544825328403807E-0008 -1.37191263536919543597E-0011
 1.65200000000000000002E-0001  6.10000000000000000013E-0001 -2.14497711885524607670E+0002  3.44029268707374609897E-0008 -2.14497711885524607670E+0002  1.00000000000000000000E+0000  8.70197946444327571924E-0001  1.03380953102409099795E+0000  7.81572861821767062138E-0001  0.00000000000000000000E+0000  2.18478658651365228283E+0002  0.00000000000000000000E+0000  3.83198804651333879853E-0008  3.85153354847664195600E-0004  9.16204990460745432268E-0032  0.00000000000000000000E+0000  2.57412890385751132248E+0000  0.00000000000000000000E+0000  0.00000000000000000000E+0000  2.57412890554237300516E+0000  0.00000000000000000000E+0000  8.80849042949832474787E-0002  4.75547467824209167873E-0003  8.80849042944946355473E-0002  4.75547468484077806087E-0003  2.47253722497356901063E-0012  1.32546521701276486557E+0000  0.00000000000000000000E+0000  6.17763370817643552616E-0008  6.16214010300580842869E-0008 -9.86742897043455524083E-0012
 1.68499999999999999998E-0001  6.10000000000000000013E-0001 -2.14497711887423343893E+0002  3.44024866667980102822E-0008 -2.14497711887423343893E+0002  1.00000000000000000000E+0000  8.70197946458459958591E-0001  1.03380953099057294406E+0000  7.81572861829123965635E-0001  0.00000000000000000000E+0000  2.18478658651365228283E+0002  0.00000000000000000000E+0000  3.83198804900981835419E-0008  3.85153354280053085742E-0004  9.16204990669087583129E-0032  0.00000000000000000000E+0000  2.57412890202622445272E+0000  0.00000000000000000000E+0000  0.00000000000000000000E+0000  2.57412890368370531643E+0000  0.00000000000000000000E+0000  8.80849042506647722381E-0002  4.75547467482639535687E-0003  8.80849042501866752382E-0002  4.75547468126507113613E-0003  2.47253723174870040484E-0012  1.32546521701344077466E+0000  0.00000000000000000000E+0000  6.17695047731093884390E-0008  6.16155891795086014678E-0008 -7.20258272171045068901E-0012
 1.71800000000000000007E-0001  6.10000000000000000013E-0001 -2.14497711888657462839E+0002  3.44016839020289508732E-0008 -2.14497711888657462839E+0002  1.00000000000000000000E+0000  8.70197946467373565423E-0001  1.03380953096894459943E+0000  7.81572861834058139419E-0001  0.00000000000000000000E+0000  2.18478658651365228283E+0002  0.00000000000000000000E+0000  3.83198805058210033476E-0008  3.85153353914804432231E-0004  9.16204990810565456992E-0032  0.00000000000000000000E+0000  2.57412890084859282379E+0000  0.00000000000000000000E+0000  0.00000000000000000000E+0000  2.57412890246019752569E+0000  0.00000000000000000000E+0000  8.80849042214100550862E-0002  4.75547467268071970659E-0003  8.80849042209460160414E-0002  4.75547467888995196766E-0003  2.47253724258098742051E-0012  1.32546521701440180149E+0000  0.00000000000000000000E+0000  6.17634576737783437137E-0008  6.16104661198551229621E-0008 -4.86130558961685075153E-0012
 1.75299999999999999998E-0001  6.10000000000000000013E-0001 -2.14497711889339841673E+0002  3.43996258897002184410E-0008 -2.14497711889339841673E+0002  1.00000000000000000000E+0000  8.70197946471918304682E-0001  1.03380953095727955919E+0000  7.81572861836964103842E-0001  0.00000000000000000000E+0000  2.18478658651365228283E+0002  0.00000000000000000000E+0000  3.83198805137691959900E-0008  3.85153353720375221775E-0004  9.16204990895256699511E-0032  0.00000000000000000000E+0000  2.57412890022279083023E+0000  0.00000000000000000000E+0000  0.00000000000000000000E+0000  2.57412890175028927523E+0000  0.00000000000000000000E+0000  8.80849042049790744799E-0002  4.75547467160841515158E-0003  8.80849042045396398991E-0002  4.75547467746797904108E-0003  2.47253724894672849521E-0012  1.32546521701543704771E+0000  0.00000000000000000000E+0000  6.17583097581379603345E-0008  6.16061336389253007355E-0008 -2.85541050275100824879E-0012
 1.78800000000000000003E-0001  6.10000000000000000013E-0001 -2.14497711889440132629E+0002  3.43968725894224215304E-0008 -2.14497711889440132629E+0002  1.00000000000000000000E+0000  8.70197946471875314332E-0001  1.03380953095607294105E+0000  7.81572861837689452931E-0001  0.00000000000000000000E+0000  2.18478658651365228283E+0002  0.00000000000000000000E+0000  3.83198805136098994411E-0008  3.85153353704644467259E-0004  9.16204990919104493794E-0032  0.00000000000000000000E+0000  2.57412890017405055583E+0000  0.00000000000000000000E+0000  0.00000000000000000000E+0000  2.57412890159075599715E+0000  0.00000000000000000000E+0000  8.80849042020184119962E-0002  4.75547467164971600841E-0003  8.80849042016124687932E-0002  4.75547467707417226079E-0003  2.47253725019840893891E-0012  1.32546521701611680582E+0000  0.00000000000000000000E+0000  6.17541606106079999152E-0008  6.16026716298460174288E-0008 -1.01140508477667937163E-0012
 1.82299999999999999995E-0001  6.10000000000000000013E-0001 -2.14497711889019483100E+0002  3.43932546731693223784E-0008 -2.14497711889019483100E+0002  1.00000000000000000000E+0000  8.70197946467691589513E-0001  1.03380953096425676359E+0000  7.81572861836403137855E-0001  0.00000000000000000000E+0000  2.18478658651365228283E+0002  0.00000000000000000000E+0000  3.83198805061325861640E-0008  3.85153353850240945687E-0004  9.16204990886610048929E-0032  0.00000000000000000000E+0000  2.57412890064617328194E+0000  0.00000000000000000000E+0000  0.00000000000000000000E+0000  2.57412890191598713431E+0000  0.00000000000000000000E+0000  8.80849042110832397760E-0002  4.75547467269490160633E-0003  8.80849042107223406128E-0002  4.75547467753935726368E-0003  2.47253725384183957463E-0012  1.32546521701627039163E+0000  0.00000000000000000000E+0000  6.17510320137534188379E-0008  6.16000935733549679188E-0008  5.56045280994133280989E-0013
 1.85999999999999999996E-0001  6.10000000000000000013E-0001 -2.14497711888139298828E+0002  3.43882625968593613820E-0008 -2.14497711888139298828E+0002  1.00000000000000000000E+0000  8.70197946459833407797E-0001  1.03380953098079825670E+0000  7.81572861833256583874E-0001  0.00000000000000000000E+0000  2.18478658651365228283E+0002  0.00000000000000000000E+0000  3.83198804921267272647E-0008  3.85153354140991606818E-0004  9.16204990800906349720E-0032  0.00000000000000000000E+0000  2.57412890158695332457E+0000  0.00000000000000000000E+0000  0.00000000000000000000E+0000  2.57412890265255384190E+0000  0.00000000000000000000E+0000  8.80849042308665345225E-0002  4.75547467464471912799E-0003  8.80849042305672190863E-0002  4.75547467867188002095E-0003  2.47253726578097527832E-0012  1.32546521701616604400E+0000  0.00000000000000000000E+0000  6.17489344512033250680E-0008  6.15984041151482843058E-0008  1.71957305316368675495E-0012
 1.89699999999999999997E-0001  6.10000000000000000013E-0001 -2.14497711886924947097E+0002  3.43824961678894896265E-0008 -2.14497711886924947097E+0002  1.00000000000000000000E+0000  8.70197946449438312585E-0001  1.03380953100339591081E+0000  7.81572861828623719632E-0001  0.00000000000000000000E+0000  2.18478658651365228283E+0002  0.00000000000000000000E+0000  3.83198804736016893403E-0008  3.85153354537234953250E-0004  9.16204990670755524887E-0032  0.00000000000000000000E+0000  2.57412890286811917051E+0000  0.00000000000000000000E+0000  0.00000000000000000000E+0000  2.57412890368665875276E+0000  0.00000000000000000000E+0000  8.80849042586940077313E-0002  4.75547467723446255777E-0003  8.80849042584671484149E-0002  4.75547468027418501304E-0003  2.47253728545308393449E-0012  1.32546521701617496807E+0000  0.00000000000000000000E+0000  6.17477453448359585977E-0008  6.15974873620782445179E-0008  2.57672041865986851347E-0012
 1.93500000000000000003E-0001  6.10000000000000000013E-0001 -2.14497711885462251646E+0002  3.43759185074034636297E-0008 -2.14497711885462251646E+0002  1.00000000000000000000E+0000  8.70197946437236257626E-0001  1.03380953103052084690E+0000  7.81572861822791819944E-0001  0.00000000000000000000E+0000  2.18478658651365228283E+0002  0.00000000000000000000E+0000  3.83198804518371272121E-0008  3.85153355012917596640E-0004  9.16204990503103690385E-0032  0.00000000000000000000E+0000  2.57412890440552919748E+0000  0.00000000000000000000E+0000  0.00000000000000000000E+0000  2.57412890493631599329E+0000  0.00000000000000000000E+0000  8.80849042927981515364E-0002  4.75547468029757652160E-0003  8.80849042926534632860E-0002  4.75547468221081972641E-0003  2.47253730782490034542E-0012  1.32546521701636806361E+0000  0.00000000000000000000E+0000  6.17473796502455280204E-0008  6.15972673755022315223E-0008  3.08980322109187086774E-0012
 1.97400000000000000000E-0001  6.10000000000000000013E-0001 -2.14497711883872353988E+0002  3.43689673977670787688E-0008 -2.14497711883872353988E+0002  1.00000000000000000000E+0000  8.70197946424202736207E-0001  1.03380953105996321840E+0000  7.81572861816240667800E-0001  0.00000000000000000000E+0000  2.18478658651365228283E+0002  0.00000000000000000000E+0000  3.83198804285821655189E-0008  3.85153355529505261738E-0004  9.16204990311571854947E-0032  0.00000000000000000000E+0000  2.57412890607473137349E+0000  0.00000000000000000000E+0000  0.00000000000000000000E+0000  2.57412890629514122163E+0000  0.00000000000000000000E+0000  8.80849043304044446092E-0002  4.75547468359253147955E-0003  8.80849043303471607535E-0002  4.75547468431618159489E-0003  2.47253732767308067679E-0012  1.32546521701651873204E+0000  0.00000000000000000000E+0000  6.17476996114862387697E-0008  6.15976242958466495204E-0008  3.29729223793013472086E-0012
 2.01299999999999999997E-0001  6.10000000000000000013E-0001 -2.14497711882314487389E+0002  3.43625041590071046897E-0008 -2.14497711882314487389E+0002  1.00000000000000000000E+0000  8.70197946411590348239E-0001  1.03380953108877289949E+0000  7.81572861809650479498E-0001  0.00000000000000000000E+0000  2.18478658651365228283E+0002  0.00000000000000000000E+0000  3.83198804061010787968E-0008  3.85153356035009776855E-0004  9.16204990116675297719E-0032  0.00000000000000000000E+0000  2.57412890770781185856E+0000  0.00000000000000000000E+0000  0.00000000000000000000E+0000  2.57412890762908521118E+0000  0.00000000000000000000E+0000  8.80849043675970097989E-0002  4.75547468679621064102E-0003  8.80849043676235616865E-0002  4.75547468638300800690E-0003  2.47253734410113574989E-0012  1.32546521701640877084E+0000  0.00000000000000000000E+0000  6.17485232105966102479E-0008  6.15984001320249829943E-0008  3.26550564357196754384E-0012
 2.05400000000000000004E-0001  6.10000000000000000013E-0001 -2.14497711880817993280E+0002  3.43569595392685495149E-0008 -2.14497711880817993280E+0002  1.00000000000000000000E+0000  8.70197946399610121587E-0001  1.03380953111637378223E+0000  7.81572861803182665909E-0001  0.00000000000000000000E+0000  2.18478658651365228283E+0002  0.00000000000000000000E+0000  3.83198803847944079121E-0008  3.85153356518779526865E-0004  9.16204989923961272737E-0032  0.00000000000000000000E+0000  2.57412890927040806312E+0000  0.00000000000000000000E+0000  0.00000000000000000000E+0000  2.57412890891830730290E+0000  0.00000000000000000000E+0000  8.80849044034512547056E-0002  4.75547468984749386105E-0003  8.80849044035538965386E-0002  4.75547468838867286505E-0003  2.47253736089886860835E-0012  1.32546521701606574055E+0000  0.00000000000000000000E+0000  6.17497555414296992624E-0008  6.15995110786521868841E-0008  3.05712825629157125829E-0012
 2.09499999999999999997E-0001  6.10000000000000000013E-0001 -2.14497711879545423896E+0002  3.43531056861269496233E-0008 -2.14497711879545423896E+0002  1.00000000000000000000E+0000  8.70197946389587146461E-0001  1.03380953113972487564E+0000  7.81572861797578475078E-0001  0.00000000000000000000E+0000  2.18478658651365228283E+0002  0.00000000000000000000E+0000  3.83198803670190607501E-0008  3.85153356926868895562E-0004  9.16204989755880850312E-0032  0.00000000000000000000E+0000  2.57412891058828733563E+0000  0.00000000000000000000E+0000  0.00000000000000000000E+0000  2.57412891002917262797E+0000  0.00000000000000000000E+0000  8.80849044339687269016E-0002  4.75547469240664896048E-0003  8.80849044341275672293E-0002  4.75547469014665317431E-0003  2.47253737807548530981E-0012  1.32546521701575160815E+0000  0.00000000000000000000E+0000  6.17512047761811871969E-0008  6.16007901262571246359E-0008  2.72544482256453567299E-0012
 2.13600000000000000004E-0001  6.10000000000000000013E-0001 -2.14497711878548110012E+0002  3.43509499611351004708E-0008 -2.14497711878548110012E+0002  1.00000000000000000000E+0000  8.70197946381934623532E-0001  1.03380953115787043068E+0000  7.81572861793135579645E-0001  0.00000000000000000000E+0000  2.18478658651365228283E+0002  0.00000000000000000000E+0000  3.83198803534830655838E-0008  3.85153357242148601966E-0004  9.16204989621749975573E-0032  0.00000000000000000000E+0000  2.57412891160616946187E+0000  0.00000000000000000000E+0000  0.00000000000000000000E+0000  2.57412891092070277390E+0000  0.00000000000000000000E+0000  8.80849044579446889254E-0002  4.75547469436578939855E-0003  8.80849044581356451376E-0002  4.75547469162050927321E-0003  2.47253739173701213896E-0012  1.32546521701566306526E+0000  0.00000000000000000000E+0000  6.17527401195687232028E-0008  6.16021249197262206591E-0008  2.30886919490045557211E-0012
 2.17900000000000000007E-0001  6.10000000000000000013E-0001 -2.14497711877799827673E+0002  3.43501065458702455032E-0008 -2.14497711877799827673E+0002  1.00000000000000000000E+0000  8.70197946376391871456E-0001  1.03380953117131456289E+0000  7.81572861789837168404E-0001  0.00000000000000000000E+0000  2.18478658651365228283E+0002  0.00000000000000000000E+0000  3.83198803436923157257E-0008  3.85153357473417707050E-0004  9.16204989521952941679E-0032  0.00000000000000000000E+0000  2.57412891235253051925E+0000  0.00000000000000000000E+0000  0.00000000000000000000E+0000  2.57412891161540802990E+0000  0.00000000000000000000E+0000  8.80849044760515375400E-0002  4.75547469578269949612E-0003  8.80849044762532483330E-0002  4.75547469285883958222E-0003  2.47253739695978187973E-0012  1.32546521701573078637E+0000  0.00000000000000000000E+0000  6.17542780071451053132E-0008  6.16034450003530893818E-0008  1.84278255152947539955E-0012
 2.22300000000000000001E-0001  6.10000000000000000013E-0001 -2.14497711877328690155E+0002  3.43502179718606077660E-0008 -2.14497711877328690155E+0002  1.00000000000000000000E+0000  8.70197946373045640720E-0001  1.03380953117960623850E+0000  7.81572861787896085639E-0001  0.00000000000000000000E+0000  2.18478658651365228283E+0002  0.00000000000000000000E+0000  3.83198803377726281936E-0008  3.85153357613536838083E-0004  9.16204989464250209433E-0032  0.00000000000000000000E+0000  2.57412891280439583481E+0000  0.00000000000000000000E+0000  0.00000000000000000000E+0000  2.57412891208071349528E+0000  0.00000000000000000000E+0000  8.80849044875661599729E-0002  4.75547469662028968705E-0003  8.80849044877621449519E-0002  4.75547469378063002348E-0003  2.47253739130227713694E-0012  1.32546521701571650017E+0000  0.00000000000000000000E+0000  6.17557094772524790668E-0008  6.16046614622396621205E-0008  1.33441290260777925352E-0012
 2.26699999999999999995E-0001  6.10000000000000000013E-0001 -2.14497711877127810287E+0002  3.43510878585390500451E-0008 -2.14497711877127810287E+0002  1.00000000000000000000E+0000  8.70197946371720617079E-0001  1.03380953118292432747E+0000  7.81572861787302833683E-0001  0.00000000000000000000E+0000  2.18478658651365228283E+0002  0.00000000000000000000E+0000  3.83198803354137151321E-0008  3.85153357666484888051E-0004  9.16204989449421306806E-0032  0.00000000000000000000E+0000  2.57412891297465948434E+0000  0.00000000000000000000E+0000  0.00000000000000000000E+0000  2.57412891231388700573E+0000  0.00000000000000000000E+0000  8.80849044924754070269E-0002  4.75547469691037779922E-0003  8.80849044926550480173E-0002  4.75547469433263689788E-0003  2.47253737897030217579E-0012  1.32546521701546685134E+0000  0.00000000000000000000E+0000  6.17569558321772756683E-0008  6.16057101753056574389E-0008  8.23787984237968853432E-0013
 2.31299999999999999998E-0001  6.10000000000000000013E-0001 -2.14497711877146400597E+0002  3.43527941398499684110E-0008 -2.14497711877146400597E+0002  1.00000000000000000000E+0000  8.70197946372016786526E-0001  1.03380953118219607592E+0000  7.81572861787780591382E-0001  0.00000000000000000000E+0000  2.18478658651365228283E+0002  0.00000000000000000000E+0000  3.83198803359247127636E-0008  3.85153357648702433602E-0004  9.16204989469126205830E-0032  0.00000000000000000000E+0000  2.57412891291635359189E+0000  0.00000000000000000000E+0000  0.00000000000000000000E+0000  2.57412891235759644089E+0000  0.00000000000000000000E+0000  8.80849044918533795594E-0002  4.75547469675298032346E-0003  8.80849044920084048440E-0002  4.75547469455818225864E-0003  2.47253736710060917912E-0012  1.32546521701509156441E+0000  0.00000000000000000000E+0000  6.17579786993657402477E-0008  6.16065561454065779414E-0008  3.84456353543831688517E-0013
 2.35900000000000000002E-0001  6.10000000000000000013E-0001 -2.14497711877343260403E+0002  3.43551218915822645287E-0008 -2.14497711877343260403E+0002  1.00000000000000000000E+0000  8.70197946373687445960E-0001  1.03380953117820520600E+0000  7.81572861789009478979E-0001  0.00000000000000000000E+0000  2.18478658651365228283E+0002  0.00000000000000000000E+0000  3.83198803388729086860E-0008  3.85153357574536361115E-0004  9.16204989511933447366E-0032  0.00000000000000000000E+0000  2.57412891267579875109E+0000  0.00000000000000000000E+0000  0.00000000000000000000E+0000  2.57412891224104927465E+0000  0.00000000000000000000E+0000  8.80849044867827940674E-0002  4.75547469623172318153E-0003  8.80849044869073830662E-0002  4.75547469448595727965E-0003  2.47253736032993651943E-0012  1.32546521701484455247E+0000  0.00000000000000000000E+0000  6.17587590571260518466E-0008  6.16071846470073580015E-0008  1.93305053831704305131E-0014
 2.40599999999999999997E-0001  6.10000000000000000013E-0001 -2.14497711877668102168E+0002  3.43578052176610822280E-0008 -2.14497711877668102168E+0002  1.00000000000000000000E+0000  8.70197946376452173697E-0001  1.03380953117188594426E+0000  7.81572861790662357822E-0001  0.00000000000000000000E+0000  2.18478658651365228283E+0002  0.00000000000000000000E+0000  3.83198803437595494344E-0008  3.85153357460446132423E-0004  9.16204989565992926605E-0032  0.00000000000000000000E+0000  2.57412891230613115855E+0000  0.00000000000000000000E+0000  0.00000000000000000000E+0000  2.57412891200666613220E+0000  0.00000000000000000000E+0000  8.80849044787338804336E-0002  4.75547469544090306548E-0003  8.80849044788231748705E-0002  4.75547469420189445545E-0003  2.47253735628113337382E-0012  1.32546521701488873263E+0000  0.00000000000000000000E+0000  6.17592945053665097688E-0008  6.16075946747070787779E-0008 -2.57063407900986770023E-0013
 2.45399999999999999996E-0001  6.10000000000000000013E-0001 -2.14497711878071346620E+0002  3.43603394609478447308E-0008 -2.14497711878071346620E+0002  1.00000000000000000000E+0000  8.70197946379959082382E-0001  1.03380953116419018844E+0000  7.81572861792468810433E-0001  0.00000000000000000000E+0000  2.18478658651365228283E+0002  0.00000000000000000000E+0000  3.83198803499563686538E-0008  3.85153357323383008119E-0004  9.16204989621807408209E-0032  0.00000000000000000000E+0000  2.57412891186217773006E+0000  0.00000000000000000000E+0000  0.00000000000000000000E+0000  2.57412891169356544728E+0000  0.00000000000000000000E+0000  8.80849044691551269734E-0002  4.75547469448784580186E-0003  8.80849044692080556228E-0002  4.75547469378073026305E-0003  2.47253734987905855798E-0012  1.32546521701511494349E+0000  0.00000000000000000000E+0000  6.17595973536430028026E-0008  6.16078020308297682393E-0008 -4.62344654416485842530E-0013
 2.50300000000000000001E-0001  6.10000000000000000013E-0001 -2.14497711878509127029E+0002  3.43623329940302238596E-0008 -2.14497711878509127029E+0002  1.00000000000000000000E+0000  8.70197946383803375863E-0001  1.03380953115596139287E+0000  7.81572861794253635596E-0001  0.00000000000000000000E+0000  2.18478658651365228283E+0002  0.00000000000000000000E+0000  3.83198803567516005302E-0008  3.85153357178335192610E-0004  9.16204989674185853581E-0032  0.00000000000000000000E+0000  2.57412891139249135888E+0000  0.00000000000000000000E+0000  0.00000000000000000000E+0000  2.57412891133621049762E+0000  0.00000000000000000000E+0000  8.80849044591398367947E-0002  4.75547469347880439406E-0003  8.80849044591602004425E-0002  4.75547469327164828842E-0003  2.47253733895858092183E-0012  1.32546521701526659682E+0000  0.00000000000000000000E+0000  6.17596902288091843072E-0008  6.16078324368810313108E-0008 -6.07344491147267691681E-0013
 2.55299999999999999996E-0001  6.10000000000000000013E-0001 -2.14497711878945426914E+0002  3.43637337308708311173E-0008 -2.14497711878945426914E+0002  1.00000000000000000000E+0000  8.70197946387605294496E-0001  1.03380953114786606735E+0000  7.81572861795912345116E-0001  0.00000000000000000000E+0000  2.18478658651365228283E+0002  0.00000000000000000000E+0000  3.83198803634876017220E-0008  3.85153357036903805259E-0004  9.16204989721055608847E-0032  0.00000000000000000000E+0000  2.57412891093469076913E+0000  0.00000000000000000000E+0000  0.00000000000000000000E+0000  2.57412891096525262057E+0000  0.00000000000000000000E+0000  8.80849044493563097314E-0002  4.75547469250378964273E-0003  8.80849044493510518049E-0002  4.75547469270669587703E-0003  2.47253732691479814091E-0012  1.32546521701519524580E+0000  0.00000000000000000000E+0000  6.17596059808163128808E-0008  6.16077183527245677079E-0008 -6.87674713911699380428E-0013
 2.60400000000000000010E-0001  6.10000000000000000013E-0001 -2.14497711879352160699E+0002  3.43647699215088038565E-0008 -2.14497711879352160699E+0002  1.00000000000000000000E+0000  8.70197946391090215235E-0001  1.03380953114038943183E+0000  7.81572861797374641329E-0001  0.00000000000000000000E+0000  2.18478658651365228283E+0002  0.00000000000000000000E+0000  3.83198803696883840478E-0008  3.85153356907161799218E-0004  9.16204989761353231070E-0032  0.00000000000000000000E+0000  2.57412891051495423909E+0000  0.00000000000000000000E+0000  0.00000000000000000000E+0000  2.57412891060835927691E+0000  0.00000000000000000000E+0000  8.80849044402265101404E-0002  4.75547469162659449173E-0003  8.80849044402024367525E-0002  4.75547469212270445577E-0003  2.47253731941674134530E-0012  1.32546521701499516322E+0000  0.00000000000000000000E+0000  6.17593861450946787483E-0008  6.16074964367552248038E-0008 -6.95768229928117716144E-0013
 2.65599999999999999989E-0001  6.10000000000000000013E-0001 -2.14497711879708517796E+0002  3.43656683843084979897E-0008 -2.14497711879708517796E+0002  1.00000000000000000000E+0000  8.70197946394103787917E-0001  1.03380953113387401559E+0000  7.81572861798592823514E-0001  0.00000000000000000000E+0000  2.18478658651365228283E+0002  0.00000000000000000000E+0000  3.83198803750739393804E-0008  3.85153356794526241139E-0004  9.16204989794101099092E-0032  0.00000000000000000000E+0000  2.57412891015082768227E+0000  0.00000000000000000000E+0000  0.00000000000000000000E+0000  2.57412891028880565767E+0000  0.00000000000000000000E+0000  8.80849044321361141725E-0002  4.75547469088589976618E-0003  8.80849044320978981872E-0002  4.75547469157093495007E-0003  2.47253731872396340014E-0012  1.32546521701489024173E+0000  0.00000000000000000000E+0000  6.17590759460783324749E-0008  6.16072047666360457640E-0008 -6.38241917463224691147E-0013
 2.71000000000000000003E-0001  6.10000000000000000013E-0001 -2.14497711880007035978E+0002  3.43664527253886815450E-0008 -2.14497711880007035978E+0002  1.00000000000000000000E+0000  8.70197946396614872193E-0001  1.03380953112843772040E+0000  7.81572861799576888448E-0001  0.00000000000000000000E+0000  2.18478658651365228283E+0002  0.00000000000000000000E+0000  3.83198803795699597848E-0008  3.85153356700647002444E-0004  9.16204989819677366357E-0032  0.00000000000000000000E+0000  2.57412890984764899547E+0000  0.00000000000000000000E+0000  0.00000000000000000000E+0000  2.57412891001697649194E+0000  0.00000000000000000000E+0000  8.80849044253203266547E-0002  4.75547469029034629819E-0003  8.80849044252709546560E-0002  4.75547469109348899153E-0003  2.47253732153033066440E-0012  1.32546521701499952128E+0000  0.00000000000000000000E+0000  6.17587131083705583673E-0008  6.16068757639861706895E-0008 -5.40019773001680992459E-0013
 2.76399999999999999991E-0001  6.10000000000000000013E-0001 -2.14497711880227939385E+0002  3.43669343221342765986E-0008 -2.14497711880227939385E+0002  1.00000000000000000000E+0000  8.70197946398442719095E-0001  1.03380953112444787299E+0000  7.81572861800312812953E-0001  0.00000000000000000000E+0000  2.18478658651365228283E+0002  0.00000000000000000000E+0000  3.83198803828387862833E-0008  3.85153356631766341910E-0004  9.16204989838268081984E-0032  0.00000000000000000000E+0000  2.57412890962557724082E+0000  0.00000000000000000000E+0000  0.00000000000000000000E+0000  2.57412890981190162145E+0000  0.00000000000000000000E+0000  8.80849044203021439199E-0002  4.75547468987803942767E-0003  8.80849044202458025476E-0002  4.75547469073916863370E-0003  2.47253732259600094157E-0012  1.32546521701522177969E+0000  0.00000000000000000000E+0000  6.17583410229022967126E-0008  6.16065475397010202233E-0008 -4.27314606590720469199E-0013
 2.81899999999999999997E-0001  6.10000000000000000013E-0001 -2.14497711880375659735E+0002  3.43670123072364852304E-0008 -2.14497711880375659735E+0002  1.00000000000000000000E+0000  8.70197946399568675519E-0001  1.03380953112183446426E+0000  7.81572861800864767052E-0001  0.00000000000000000000E+0000  2.18478658651365228283E+0002  0.00000000000000000000E+0000  3.83198803848478606916E-0008  3.85153356586785449513E-0004  9.16204989852616784264E-0032  0.00000000000000000000E+0000  2.57412890948101876062E+0000  0.00000000000000000000E+0000  0.00000000000000000000E+0000  2.57412890966907180186E+0000  0.00000000000000000000E+0000  8.80849044169316296166E-0002  4.75547468964065846834E-0003  8.80849044168740484388E-0002  4.75547469049437729313E-0003  2.47253732018663882125E-0012  1.32546521701535435539E+0000  0.00000000000000000000E+0000  6.17579843280877104575E-0008  6.16062425153118296124E-0008 -3.19431771044005045126E-0013
 2.87499999999999999995E-0001  6.10000000000000000013E-0001 -2.14497711880453972827E+0002  3.43667974053236907261E-0008 -2.14497711880453972827E+0002  1.00000000000000000000E+0000  8.70197946399988988067E-0001  1.03380953112051882396E+0000  7.81572861801258866735E-0001  0.00000000000000000000E+0000  2.18478658651365228283E+0002  0.00000000000000000000E+0000  3.83198803856043388071E-0008  3.85153356564403559414E-0004  9.16204989864241510485E-0032  0.00000000000000000000E+0000  2.57412890940966855623E+0000  0.00000000000000000000E+0000  0.00000000000000000000E+0000  2.57412890958564755670E+0000  0.00000000000000000000E+0000  8.80849044149741771805E-0002  4.75547468956578711533E-0003  8.80849044149212529695E-0002  4.75547469033852106116E-0003  2.47253731754227659131E-0012  1.32546521701530225070E+0000  0.00000000000000000000E+0000  6.17576652141947290389E-0008  6.16059786544287859973E-0008 -2.15551795631852383299E-0013
 2.93300000000000000001E-0001  6.10000000000000000013E-0001 -2.14497711880471116294E+0002  3.43665289168455677993E-0008 -2.14497711880471116294E+0002  1.00000000000000000000E+0000  8.70197946399807328638E-0001  1.03380953112032251528E+0000  7.81572861801489632391E-0001  0.00000000000000000000E+0000  2.18478658651365228283E+0002  0.00000000000000000000E+0000  3.83198803853037801369E-0008  3.85153356561443731291E-0004  9.16204989872850949769E-0032  0.00000000000000000000E+0000  2.57412890940112753569E+0000  0.00000000000000000000E+0000  0.00000000000000000000E+0000  2.57412890955638032960E+0000  0.00000000000000000000E+0000  8.80849044141495346818E-0002  4.75547468962406011659E-0003  8.80849044141049088188E-0002  4.75547469025607985729E-0003  2.47253731918998577109E-0012  1.32546521701516785484E+0000  0.00000000000000000000E+0000  6.17574010458981626916E-0008  6.16057678771030709443E-0008 -1.11146089564674913539E-0013
 2.99200000000000000000E-0001  6.10000000000000000013E-0001 -2.14497711880434070955E+0002  3.43663530449001904241E-0008 -2.14497711880434070955E+0002  1.00000000000000000000E+0000  8.70197946399185332856E-0001  1.03380953112108942265E+0000  7.81572861801518371880E-0001  0.00000000000000000000E+0000  2.18478658651365228283E+0002  0.00000000000000000000E+0000  3.83198803842293527739E-0008  3.85153356575042947168E-0004  9.16204989876262177933E-0032  0.00000000000000000000E+0000  2.57412890944597510710E+0000  0.00000000000000000000E+0000  0.00000000000000000000E+0000  2.57412890957802982538E+0000  0.00000000000000000000E+0000  8.80849044143960772143E-0002  4.75547468978143073759E-0003  8.80849044143599814406E-0002  4.75547469025447836108E-0003  2.47253732593337765010E-0012  1.32546521701512931015E+0000  0.00000000000000000000E+0000  6.17572043169575540508E-0008  6.16056169299249872774E-0008 -7.83464626211899354373E-0015
 3.05099999999999999998E-0001  6.10000000000000000013E-0001 -2.14497711880353186434E+0002  3.43661623826966620570E-0008 -2.14497711880353186434E+0002  1.00000000000000000000E+0000  8.70197946398297709982E-0001  1.03380953112263005106E+0000  7.81572861801336004088E-0001  0.00000000000000000000E+0000  2.18478658651365228283E+0002  0.00000000000000000000E+0000  3.83198803826744369210E-0008  3.85153356601939110158E-0004  9.16204989872989206969E-0032  0.00000000000000000000E+0000  2.57412890953355829671E+0000  0.00000000000000000000E+0000  0.00000000000000000000E+0000  2.57412890964197089961E+0000  0.00000000000000000000E+0000  8.80849044157155077140E-0002  4.75547469000410488493E-0003  8.80849044156865972733E-0002  4.75547469033835474540E-0003  2.47253733351559879607E-0012  1.32546521701525367540E+0000  0.00000000000000000000E+0000  6.17570775745901247425E-0008  6.16055258268124141481E-0008  7.90845947109359971092E-0014
 3.11200000000000000005E-0001  6.10000000000000000013E-0001 -2.14497711880238374746E+0002  3.43657132401869757800E-0008 -2.14497711880238374746E+0002  1.00000000000000000000E+0000  8.70197946397226854392E-0001  1.03380953112478966231E+0000  7.81572861800978237158E-0001  0.00000000000000000000E+0000  2.18478658651365228283E+0002  0.00000000000000000000E+0000  3.83198803807738814681E-0008  3.85153356639690572936E-0004  9.16204989863693291376E-0032  0.00000000000000000000E+0000  2.57412890965598963283E+0000  0.00000000000000000000E+0000  0.00000000000000000000E+0000  2.57412890973687169191E+0000  0.00000000000000000000E+0000  8.80849044180395942413E-0002  4.75547469027518263136E-0003  8.80849044180179428594E-0002  4.75547469049294698398E-0003  2.47253733712622351093E-0012  1.32546521701542701721E+0000  0.00000000000000000000E+0000  6.17570173458326101018E-0008  6.16054922360903334853E-0008  1.31385308408508529376E-0013
 3.17499999999999999996E-0001  6.10000000000000000013E-0001 -2.14497711880102788065E+0002  3.43649324271408203811E-0008 -2.14497711880102788065E+0002  1.00000000000000000000E+0000  8.70197946396030097939E-0001  1.03380953112734505928E+0000  7.81572861800511418679E-0001  0.00000000000000000000E+0000  2.18478658651365228283E+0002  0.00000000000000000000E+0000  3.83198803786347268500E-0008  3.85153356684636503360E-0004  9.16204989850714096468E-0032  0.00000000000000000000E+0000  2.57412890980145826693E+0000  0.00000000000000000000E+0000  0.00000000000000000000E+0000  2.57412890984889127215E+0000  0.00000000000000000000E+0000  8.80849044210540091715E-0002  4.75547469057570521450E-0003  8.80849044210414576882E-0002  4.75547469068188227802E-0003  2.47253733583859598529E-0012  1.32546521701548106989E+0000  0.00000000000000000000E+0000  6.17570129458154570704E-0008  6.16055072509660310853E-0008  1.50417335006254665915E-0013
 3.23800000000000000013E-0001  6.10000000000000000013E-0001 -2.14497711879964094633E+0002  3.43640288076557834933E-0008 -2.14497711879964094633E+0002  1.00000000000000000000E+0000  8.70197946394810368219E-0001  1.03380953112996257855E+0000  7.81572861800008144011E-0001  0.00000000000000000000E+0000  2.18478658651365228283E+0002  0.00000000000000000000E+0000  3.83198803764563754320E-0008  3.85153356730968655241E-0004  9.16204989836716783314E-0032  0.00000000000000000000E+0000  2.57412890995121151558E+0000  0.00000000000000000000E+0000  0.00000000000000000000E+0000  2.57412890996254844762E+0000  0.00000000000000000000E+0000  8.80849044242076316559E-0002  4.75547469087444331353E-0003  8.80849044242057358810E-0002  4.75547469086026181698E-0003  2.47253733368192992289E-0012  1.32546521701536852342E+0000  0.00000000000000000000E+0000  6.17570496593755082505E-0008  6.16055566914345823821E-0008  1.50716160810941308431E-0013
 3.30300000000000000013E-0001  6.10000000000000000013E-0001 -2.14497711879830270709E+0002  3.43632648056063164165E-0008 -2.14497711879830270709E+0002  1.00000000000000000000E+0000  8.70197946393643482728E-0001  1.03380953113247246397E+0000  7.81572861799483488930E-0001  0.00000000000000000000E+0000  2.18478658651365228283E+0002  0.00000000000000000000E+0000  3.83198803743833623178E-0008  3.85153356775538816571E-0004  9.16204989822134936464E-0032  0.00000000000000000000E+0000  2.57412891009509597505E+0000  0.00000000000000000000E+0000  0.00000000000000000000E+0000  2.57412891007260746378E+0000  0.00000000000000000000E+0000  8.80849044272104770309E-0002  4.75547469115417833638E-0003  8.80849044272188495247E-0002  4.75547469101383766812E-0003  2.47253733516977800473E-0012  1.32546521701520668575E+0000  0.00000000000000000000E+0000  6.17571198143096808927E-0008  6.16056314415483932077E-0008  1.45774907781554053257E-0013
 3.36900000000000000004E-0001  6.10000000000000000013E-0001 -2.14497711879713111566E+0002  3.43627999102482271416E-0008 -2.14497711879713111566E+0002  1.00000000000000000000E+0000  8.70197946392683288836E-0001  1.03380953113463836923E+0000  7.81572861798960994665E-0001  0.00000000000000000000E+0000  2.18478658651365228283E+0002  0.00000000000000000000E+0000  3.83198803726837775776E-0008  3.85153356813950545343E-0004  9.16204989807003569403E-0032  0.00000000000000000000E+0000  2.57412891021892663150E+0000  0.00000000000000000000E+0000  0.00000000000000000000E+0000  2.57412891017120189305E+0000  0.00000000000000000000E+0000  8.80849044298480704691E-0002  4.75547469138539295599E-0003  8.80849044298634247844E-0002  4.75547469114410437788E-0003  2.47253734053698559492E-0012  1.32546521701515194363E+0000  0.00000000000000000000E+0000  6.17572120694165968814E-0008  6.16057195467503830502E-0008  1.39032451284776026596E-0013
 3.43600000000000000013E-0001  6.10000000000000000013E-0001 -2.14497711879619372383E+0002  3.43625399016420201339E-0008 -2.14497711879619372383E+0002  1.00000000000000000000E+0000  8.70197946392016657643E-0001  1.03380953113634299070E+0000  7.81572861798471828232E-0001  0.00000000000000000000E+0000  2.18478658651365228283E+0002  0.00000000000000000000E+0000  3.83198803714980052580E-0008  3.85153356844050471570E-0004  9.16204989791700284717E-0032  0.00000000000000000000E+0000  2.57412891031579880215E+0000  0.00000000000000000000E+0000  0.00000000000000000000E+0000  2.57412891025285349477E+0000  0.00000000000000000000E+0000  8.80849044321115508540E-0002  4.75547469155393137310E-0003  8.80849044321298416360E-0002  4.75547469126211517903E-0003  2.47253734544850667997E-0012  1.32546521701524288325E+0000  0.00000000000000000000E+0000  6.17573149776618602338E-0008  6.16058111855460690051E-0008  1.23540967117107188203E-0013
 3.50500000000000000005E-0001  6.10000000000000000013E-0001 -2.14497711879552097766E+0002  3.43622944207543701428E-0008 -2.14497711879552097766E+0002  1.00000000000000000000E+0000  8.70197946391632620549E-0001  1.03380953113755469179E+0000  7.81572861798065694555E-0001  0.00000000000000000000E+0000  2.18478658651365228283E+0002  0.00000000000000000000E+0000  3.83198803707997332637E-0008  3.85153356865380872835E-0004  9.16204989777915548781E-0032  0.00000000000000000000E+0000  2.57412891038431152694E+0000  0.00000000000000000000E+0000  0.00000000000000000000E+0000  2.57412891031322364115E+0000  0.00000000000000000000E+0000  8.80849044339945025614E-0002  4.75547469166126472891E-0003  8.80849044340133531576E-0002  4.75547469136662227051E-0003  2.47253734562842916962E-0012  1.32546521701536485893E+0000  0.00000000000000000000E+0000  6.17574166733418969969E-0008  6.16058980437915571522E-0008  9.34269851336886119642E-0014
 3.57499999999999999988E-0001  6.10000000000000000013E-0001 -2.14497711879514870767E+0002  3.43620139088263194827E-0008 -2.14497711879514870767E+0002  1.00000000000000000000E+0000  8.70197946391478135563E-0001  1.03380953113822502949E+0000  7.81572861797807030154E-0001  0.00000000000000000000E+0000  2.18478658651365228283E+0002  0.00000000000000000000E+0000  3.83198803705029405142E-0008  3.85153356877224949280E-0004  9.16204989768489175756E-0032  0.00000000000000000000E+0000  2.57412891042223190927E+0000  0.00000000000000000000E+0000  0.00000000000000000000E+0000  2.57412891034727926731E+0000  0.00000000000000000000E+0000  8.80849044352964442159E-0002  4.75547469171140967909E-0003  8.80849044353155536180E-0002  4.75547469143666047767E-0003  2.47253734118495650828E-0012  1.32546521701538010530E+0000  0.00000000000000000000E+0000  6.17575056174529026909E-0008  6.16059722754502763963E-0008  5.29826187999454490978E-0014
 3.64700000000000000008E-0001  6.10000000000000000013E-0001 -2.14497711879506644861E+0002  3.43618421682087051294E-0008 -2.14497711879506644861E+0002  1.00000000000000000000E+0000  8.70197946391492322023E-0001  1.03380953113836663053E+0000  7.81572861797713184433E-0001  0.00000000000000000000E+0000  2.18478658651365228283E+0002  0.00000000000000000000E+0000  3.83198803705145229169E-0008  3.85153356879798190693E-0004  9.16204989764743792936E-0032  0.00000000000000000000E+0000  2.57412891043028546948E+0000  0.00000000000000000000E+0000  0.00000000000000000000E+0000  2.57412891035587991398E+0000  0.00000000000000000000E+0000  8.80849044358413000905E-0002  4.75547469171121566577E-0003  8.80849044358607752007E-0002  4.75547469145672069373E-0003  2.47253733653531797997E-0012  1.32546521701526789775E+0000  0.00000000000000000000E+0000  6.17575758231094413923E-0008  6.16060290672863737961E-0008  1.60775142080182181393E-0014
 3.71999999999999999992E-0001  6.10000000000000000013E-0001 -2.14497711879524329673E+0002  3.43619665097122601553E-0008 -2.14497711879524329673E+0002  1.00000000000000000000E+0000  8.70197946391663491091E-0001  1.03380953113801635581E+0000  7.81572861797760295673E-0001  0.00000000000000000000E+0000  2.18478658651365228283E+0002  0.00000000000000000000E+0000  3.83198803708204571883E-0008  3.85153356873595388907E-0004  9.16204989766048227360E-0032  0.00000000000000000000E+0000  2.57412891041006232297E+0000  0.00000000000000000000E+0000  0.00000000000000000000E+0000  2.57412891034330701748E+0000  0.00000000000000000000E+0000  8.80849044355819464083E-0002  4.75547469166334387674E-0003  8.80849044356003542909E-0002  4.75547469143044411515E-0003  2.47253733584283063382E-0012  1.32546521701514136843E+0000  0.00000000000000000000E+0000  6.17576261590868224318E-0008  6.16060667160116691703E-0008 -7.17426156368504617219E-0015
 3.79399999999999999994E-0001  6.10000000000000000013E-0001 -2.14497711879561622300E+0002  3.43623994920299499827E-0008 -2.14497711879561622300E+0002  1.00000000000000000000E+0000  8.70197946391998286542E-0001  1.03380953113728044795E+0000  7.81572861797897110495E-0001  0.00000000000000000000E+0000  2.18478658651365228283E+0002  0.00000000000000000000E+0000  3.83198803714239864517E-0008  3.85153356860348578441E-0004  9.16204989770256275534E-0032  0.00000000000000000000E+0000  2.57412891036712993182E+0000  0.00000000000000000000E+0000  0.00000000000000000000E+0000  2.57412891031639373945E+0000  0.00000000000000000000E+0000  8.80849044347312122794E-0002  4.75547469157325308062E-0003  8.80849044347456098270E-0002  4.75547469138263580573E-0003  2.47253733867770130331E-0012  1.32546521701512416084E+0000  0.00000000000000000000E+0000  6.17576582666611172326E-0008  6.16060861968653159636E-0008 -1.71790818746380377831E-0014
 3.87000000000000000006E-0001  6.10000000000000000013E-0001 -2.14497711879611393612E+0002  3.43629440684727327439E-0008 -2.14497711879611393612E+0002  1.00000000000000000000E+0000  8.70197946392472380505E-0001  1.03380953113630370116E+0000  7.81572861798086498009E-0001  0.00000000000000000000E+0000  2.18478658651365228283E+0002  0.00000000000000000000E+0000  3.83198803722674944754E-0008  3.85153356842649236003E-0004  9.16204989775704043443E-0032  0.00000000000000000000E+0000  2.57412891030985054963E+0000  0.00000000000000000000E+0000  0.00000000000000000000E+0000  2.57412891028063801901E+0000  0.00000000000000000000E+0000  8.80849044336079772227E-0002  4.75547469145310881607E-0003  8.80849044336158713191E-0002  4.75547469133720877994E-0003  2.47253734077109378526E-0012  1.32546521701522536602E+0000  0.00000000000000000000E+0000  6.17576732196963090483E-0008  6.16060895710361925395E-0008 -2.31547806687095218896E-0014
 3.94700000000000000009E-0001  6.10000000000000000013E-0001 -2.14497711879665942478E+0002  3.43633494674243962268E-0008 -2.14497711879665942478E+0002  1.00000000000000000000E+0000  8.70197946392994271141E-0001  1.03380953113525512522E+0000  7.81572861798313728624E-0001  0.00000000000000000000E+0000  2.18478658651365228283E+0002  0.00000000000000000000E+0000  3.83198803731830872602E-0008  3.85153356823696576499E-0004  9.16204989782054692119E-0032  0.00000000000000000000E+0000  2.57412891024857757617E+0000  0.00000000000000000000E+0000  0.00000000000000000000E+0000  2.57412891024005464533E+0000  0.00000000000000000000E+0000  8.80849044324587594440E-0002  4.75547469132451008741E-0003  8.80849044324601994203E-0002  4.75547469129985186225E-0003  2.47253733859476754619E-0012  1.32546521701533387329E+0000  0.00000000000000000000E+0000  6.17576718615441627953E-0008  6.16060799689900445162E-0008 -3.27453144909988354047E-0014
 4.02599999999999999994E-0001  6.10000000000000000013E-0001 -2.14497711879720026854E+0002  3.43635463163128496030E-0008 -2.14497711879720026854E+0002  1.00000000000000000000E+0000  8.70197946393463926706E-0001  1.03380953113424459958E+0000  7.81572861798575223226E-0001  0.00000000000000000000E+0000  2.18478658651365228283E+0002  0.00000000000000000000E+0000  3.83198803740024406956E-0008  3.85153356805620655812E-0004  9.16204989789805919430E-0032  0.00000000000000000000E+0000  2.57412891019020393215E+0000  0.00000000000000000000E+0000  0.00000000000000000000E+0000  2.57412891019710434663E+0000  0.00000000000000000000E+0000  8.80849044313196380811E-0002  4.75547469120551768475E-0003  8.80849044313169102420E-0002  4.75547469125780668835E-0003  2.47253733319168129236E-0012  1.32546521701533888404E+0000  0.00000000000000000000E+0000  6.17576553556608827719E-0008  6.16060600152117308950E-0008 -4.36756436907534986745E-0014
 4.10699999999999999990E-0001  6.10000000000000000013E-0001 -2.14497711879768893126E+0002  3.43636623419403298081E-0008 -2.14497711879768893126E+0002  1.00000000000000000000E+0000  8.70197946393818337596E-0001  1.03380953113334935541E+0000  7.81572861798844342968E-0001  0.00000000000000000000E+0000  2.18478658651365228283E+0002  0.00000000000000000000E+0000  3.83198803746278150137E-0008  3.85153356789800197014E-0004  9.16204989798560188403E-0032  0.00000000000000000000E+0000  2.57412891013916599698E+0000  0.00000000000000000000E+0000  0.00000000000000000000E+0000  2.57412891015591430740E+0000  0.00000000000000000000E+0000  8.80849044301600132693E-0002  4.75547469110742243025E-0003  8.80849044301556141799E-0002  4.75547469120086278089E-0003  2.47253732911932177719E-0012  1.32546521701524357541E+0000  0.00000000000000000000E+0000  6.17576280473924327790E-0008  6.16060332879252982469E-0008 -4.74145755063325951369E-0014
 4.18900000000000000003E-0001  6.10000000000000000013E-0001 -2.14497711879808051955E+0002  3.43638572074252535518E-0008 -2.14497711879808051955E+0002  1.00000000000000000000E+0000  8.70197946394060633905E-0001  1.03380953113263004527E+0000  7.81572861799068817270E-0001  0.00000000000000000000E+0000  2.18478658651365228283E+0002  0.00000000000000000000E+0000  3.83198803750689816863E-0008  3.85153356777153762256E-0004  9.16204989806423976633E-0032  0.00000000000000000000E+0000  2.57412891009838791750E+0000  0.00000000000000000000E+0000  0.00000000000000000000E+0000  2.57412891012219316260E+0000  0.00000000000000000000E+0000  8.80849044290514353724E-0002  4.75547469103323631461E-0003  8.80849044290461592787E-0002  4.75547469113779870632E-0003  2.47253732978174593855E-0012  1.32546521701515378178E+0000  0.00000000000000000000E+0000  6.17575967663498947946E-0008  6.16060042831136417151E-0008 -3.89594497513626260713E-0014
 4.27299999999999999999E-0001  6.10000000000000000013E-0001 -2.14497711879835146989E+0002  3.43641356387271021426E-0008 -2.14497711879835146989E+0002  1.00000000000000000000E+0000  8.70197946394236580673E-0001  1.03380953113212010477E+0000  7.81572861799208231141E-0001  0.00000000000000000000E+0000  2.18478658651365228283E+0002  0.00000000000000000000E+0000  3.83198803753971380680E-0008  3.85153356768128884787E-0004  9.16204989811404962971E-0032  0.00000000000000000000E+0000  2.57412891006928260060E+0000  0.00000000000000000000E+0000  0.00000000000000000000E+0000  2.57412891009951607258E+0000  0.00000000000000000000E+0000  8.80849044281728453046E-0002  4.75547469098028996008E-0003  8.80849044281658438523E-0002  4.75547469109002566905E-0003  2.47253733386123291514E-0012  1.32546521701516513783E+0000  0.00000000000000000000E+0000  6.17575671238667681651E-0008  6.16059768902317082868E-0008 -2.28163930281351005731E-0014
 4.35800000000000000013E-0001  6.10000000000000000013E-0001 -2.14497711879848527008E+0002  3.43643271861819417708E-0008 -2.14497711879848527008E+0002  1.00000000000000000000E+0000  8.70197946394359935396E-0001  1.03380953113186200025E+0000  7.81572861799253313026E-0001  0.00000000000000000000E+0000  2.18478658651365228283E+0002  0.00000000000000000000E+0000  3.83198803756228822197E-0008  3.85153356763493614165E-0004  9.16204989812714954714E-0032  0.00000000000000000000E+0000  2.57412891005433347338E+0000  0.00000000000000000000E+0000  0.00000000000000000000E+0000  2.57412891008889454180E+0000  0.00000000000000000000E+0000  8.80849044277312658331E-0002  4.75547469095077327930E-0003  8.80849044277220436772E-0002  4.75547469107394407050E-0003  2.47253733681257352948E-0012  1.32546521701526452892E+0000  0.00000000000000000000E+0000  6.17575420841443931219E-0008  6.16059541354183947397E-0008 -8.96805723729060207121E-0015
 4.44500000000000000010E-0001  6.10000000000000000013E-0001 -2.14497711879849329339E+0002  3.43642744934332360587E-0008 -2.14497711879849329339E+0002  1.00000000000000000000E+0000  8.70197946394403032541E-0001  1.03380953113185449638E+0000  7.81572861799235702710E-0001  0.00000000000000000000E+0000  2.18478658651365228283E+0002  0.00000000000000000000E+0000  3.83198803756938538154E-0008  3.85153356763373911415E-0004  9.16204989811571372135E-0032  0.00000000000000000000E+0000  2.57412891005397964183E+0000  0.00000000000000000000E+0000  0.00000000000000000000E+0000  2.57412891008757563002E+0000  0.00000000000000000000E+0000  8.80849044277447270230E-0002  4.75547469094845339836E-0003  8.80849044277346587421E-0002  4.75547469108356235408E-0003  2.47253733565729878107E-0012  1.32546521701534838469E+0000  0.00000000000000000000E+0000  6.17575214983905488057E-0008  6.16059371824901054868E-0008 -3.80023209447811358729E-0015
 4.53399999999999999989E-0001  6.10000000000000000013E-0001 -2.14497711879840202445E+0002  3.43640037124716382502E-0008 -2.14497711879840202445E+0002  1.00000000000000000000E+0000  8.70197946394328187409E-0001  1.03380953113205378640E+0000  7.81572861799193869582E-0001  0.00000000000000000000E+0000  2.18478658651365228283E+0002  0.00000000000000000000E+0000  3.83198803755531015992E-0008  3.85153356767097554331E-0004  9.16204989809860252291E-0032  0.00000000000000000000E+0000  2.57412891006607453376E+0000  0.00000000000000000000E+0000  0.00000000000000000000E+0000  2.57412891009224493902E+0000  0.00000000000000000000E+0000  8.80849044280408835752E-0002  4.75547469097443125045E-0003  8.80849044280326849333E-0002  4.75547469109817312184E-0003  2.47253733194373507460E-0012  1.32546521701533462324E+0000  0.00000000000000000000E+0000  6.17575048436962923005E-0008  6.16059260296935584602E-0008 -4.33382629398215891506E-0015
 4.62500000000000000005E-0001  6.10000000000000000013E-0001 -2.14497711879824519893E+0002  3.43637149283532474639E-0008 -2.14497711879824519893E+0002  1.00000000000000000000E+0000  8.70197946394143717673E-0001  1.03380953113238072333E+0000  7.81572861799143425341E-0001  0.00000000000000000000E+0000  2.18478658651365228283E+0002  0.00000000000000000000E+0000  3.83198803752277048569E-0008  3.85153356773192627105E-0004  9.16204989808501886821E-0032  0.00000000000000000000E+0000  2.57412891008585436431E+0000  0.00000000000000000000E+0000  0.00000000000000000000E+0000  2.57412891010109565974E+0000  0.00000000000000000000E+0000  8.80849044283946197874E-0002  4.75547469102146508800E-0003  8.80849044283902315536E-0002  4.75547469110242951069E-0003  2.47253733006830057824E-0012  1.32546521701524362084E+0000  0.00000000000000000000E+0000  6.17574930509310373473E-0008  6.16059203608225644344E-0008 -2.74821583229839383631E-0015
 4.71700000000000000013E-0001  6.10000000000000000013E-0001 -2.14497711879805409999E+0002  3.43635920894612848038E-0008 -2.14497711879805409999E+0002  1.00000000000000000000E+0000  8.70197946393916605887E-0001  1.03380953113275439990E+0000  7.81572861799074494803E-0001  0.00000000000000000000E+0000  2.18478658651365228283E+0002  0.00000000000000000000E+0000  3.83198803748378784124E-0008  3.85153356780034054860E-0004  9.16204989806932303874E-0032  0.00000000000000000000E+0000  2.57412891010803410543E+0000  0.00000000000000000000E+0000  0.00000000000000000000E+0000  2.57412891011386444576E+0000  0.00000000000000000000E+0000  8.80849044287066301062E-0002  4.75547469107559076904E-0003  8.80849044287056512072E-0002  4.75547469110040132502E-0003  2.47253733257045238681E-0012  1.32546521701517303125E+0000  0.00000000000000000000E+0000  6.17574879692231123338E-0008  6.16059198991222242904E-0008  4.90642845236716336843E-0015
 4.81199999999999999994E-0001  6.10000000000000000013E-0001 -2.14497711879784752592E+0002  3.43636257031510104976E-0008 -2.14497711879784752592E+0002  1.00000000000000000000E+0000  8.70197946393718935502E-0001  1.03380953113313398006E+0000  7.81572861798975026355E-0001  0.00000000000000000000E+0000  2.18478658651365228283E+0002  0.00000000000000000000E+0000  3.83198803745005670833E-0008  3.85153356786777626301E-0004  9.16204989804136192997E-0032  0.00000000000000000000E+0000  2.57412891012986245966E+0000  0.00000000000000000000E+0000  0.00000000000000000000E+0000  2.57412891013032163814E+0000  0.00000000000000000000E+0000  8.80849044290496041007E-0002  4.75547469112581922946E-0003  8.80849044290500360265E-0002  4.75547469110872679026E-0003  2.47253733743964249557E-0012  1.32546521701519444414E+0000  0.00000000000000000000E+0000  6.17574904814875568729E-0008  6.16059244420685654189E-0008  1.44452135101128828630E-0014
 4.90799999999999999993E-0001  6.10000000000000000013E-0001 -2.14497711879764881043E+0002  3.43636514627866177798E-0008 -2.14497711879764881043E+0002  1.00000000000000000000E+0000  8.70197946393585389225E-0001  1.03380953113349104654E+0000  7.81572861798860883719E-0001  0.00000000000000000000E+0000  2.18478658651365228283E+0002  0.00000000000000000000E+0000  3.83198803742650735935E-0008  3.85153356792974184262E-0004  9.16204989800261448685E-0032  0.00000000000000000000E+0000  2.57412891014989403480E+0000  0.00000000000000000000E+0000  0.00000000000000000000E+0000  2.57412891014779726391E+0000  0.00000000000000000000E+0000  8.80849044295062938336E-0002  4.75547469116667480022E-0003  8.80849044295065634679E-0002  4.75547469113632065204E-0003  2.47253734013140057003E-0012  1.32546521701528059018E+0000  0.00000000000000000000E+0000  6.17574983949569526598E-0008  6.16059325651680447805E-0008  1.84782570296284736109E-0014
 5.00600000000000000002E-0001  6.10000000000000000013E-0001 -2.14497711879747593122E+0002  3.43635312686212482607E-0008 -2.14497711879747593122E+0002  1.00000000000000000000E+0000  8.70197946393487734376E-0001  1.03380953113381217096E+0000  7.81572861798766544306E-0001  0.00000000000000000000E+0000  2.18478658651365228283E+0002  0.00000000000000000000E+0000  3.83198803740809642855E-0008  3.85153356798561591227E-0004  9.16204989796715948252E-0032  0.00000000000000000000E+0000  2.57412891016795715936E+0000  0.00000000000000000000E+0000  0.00000000000000000000E+0000  2.57412891016275368391E+0000  0.00000000000000000000E+0000  8.80849044300406155931E-0002  4.75547469120076274164E-0003  8.80849044300410369615E-0002  4.75547469117288301683E-0003  2.47253733840953927906E-0012  1.32546521701533928704E+0000  0.00000000000000000000E+0000  6.17575081064492852319E-0008  6.16059423625305399926E-0008  1.38653242220434999172E-0014
 5.10599999999999999993E-0001  6.10000000000000000013E-0001 -2.14497711879734808418E+0002  3.43633069865641663616E-0008 -2.14497711879734808418E+0002  1.00000000000000000000E+0000  8.70197946393387655956E-0001  1.03380953113406548862E+0000  7.81572861798720238519E-0001  0.00000000000000000000E+0000  2.18478658651365228283E+0002  0.00000000000000000000E+0000  3.83198803738916781290E-0008  3.85153356803087064832E-0004  9.16204989795031567762E-0032  0.00000000000000000000E+0000  2.57412891018260603241E+0000  0.00000000000000000000E+0000  0.00000000000000000000E+0000  2.57412891017246420384E+0000  0.00000000000000000000E+0000  8.80849044304782285788E-0002  4.75547469122993129442E-0003  8.80849044304802876684E-0002  4.75547469119752967321E-0003  2.47253733449221361191E-0012  1.32546521701531106179E+0000  0.00000000000000000000E+0000  6.17575167363368242625E-0008  6.16059517773067499939E-0008  5.25004587473727062682E-0015
 5.20800000000000000021E-0001  6.10000000000000000013E-0001 -2.14497711879727620904E+0002  3.43631573578202520961E-0008 -2.14497711879727620904E+0002  1.00000000000000000000E+0000  8.70197946393285749842E-0001  1.03380953113421478434E+0000  7.81572861798718581912E-0001  0.00000000000000000000E+0000  2.18478658651365228283E+0002  0.00000000000000000000E+0000  3.83198803737096555876E-0008  3.85153356805848020314E-0004  9.16204989795389841929E-0032  0.00000000000000000000E+0000  2.57412891019155596435E+0000  0.00000000000000000000E+0000  0.00000000000000000000E+0000  2.57412891017693139933E+0000  0.00000000000000000000E+0000  8.80849044306614769131E-0002  4.75547469125097723957E-0003  8.80849044306658107267E-0002  4.75547469119917232166E-0003  2.47253733271150033249E-0012  1.32546521701522841978E+0000  0.00000000000000000000E+0000  6.17575238462214403421E-0008  6.16059595954232167938E-0008  1.53198034691939805659E-0016
 5.31300000000000000023E-0001  6.10000000000000000013E-0001 -2.14497711879725714901E+0002  3.43632084380540746187E-0008 -2.14497711879725714901E+0002  1.00000000000000000000E+0000  8.70197946393224870427E-0001  1.03380953113424778247E+0000  7.81572861798732098281E-0001  0.00000000000000000000E+0000  2.18478658651365228283E+0002  0.00000000000000000000E+0000  3.83198803736106254472E-0008  3.85153356806468809808E-0004  9.16204989796493766079E-0032  0.00000000000000000000E+0000  2.57412891019356132160E+0000  0.00000000000000000000E+0000  0.00000000000000000000E+0000  2.57412891017831107761E+0000  0.00000000000000000000E+0000  8.80849044305989349208E-0002  4.75547469125793928543E-0003  8.80849044306042306589E-0002  4.75547469118695554852E-0003  2.47253733496397086872E-0012  1.32546521701517832303E+0000  0.00000000000000000000E+0000  6.17575306458932963224E-0008  6.16059656431669457791E-0008  1.52420678704410510434E-0015
 5.41900000000000000016E-0001  6.10000000000000000013E-0001 -2.14497711879727877338E+0002  3.43634003827295116418E-0008 -2.14497711879727877338E+0002  1.00000000000000000000E+0000  8.70197946393247043554E-0001  1.03380953113418624055E+0000  7.81572861798735366663E-0001  0.00000000000000000000E+0000  2.18478658651365228283E+0002  0.00000000000000000000E+0000  3.83198803736577700504E-0008  3.85153356805254255803E-0004  9.16204989796885331508E-0032  0.00000000000000000000E+0000  2.57412891018959144639E+0000  0.00000000000000000000E+0000  0.00000000000000000000E+0000  2.57412891017840633908E+0000  0.00000000000000000000E+0000  8.80849044304504841637E-0002  4.75547469124815298947E-0003  8.80849044304544301717E-0002  4.75547469118010842555E-0003  2.47253733876327041063E-0012  1.32546521701520876450E+0000  0.00000000000000000000E+0000  6.17575376536958018847E-0008  6.16059701401030496486E-0008  5.28167842152325536067E-0015
 5.52699999999999999991E-0001  6.10000000000000000013E-0001 -2.14497711879732606083E+0002  3.43635476505343976042E-0008 -2.14497711879732606083E+0002  1.00000000000000000000E+0000  8.70197946393342189775E-0001  1.03380953113407591138E+0000  7.81572861798730518653E-0001  0.00000000000000000000E+0000  2.18478658651365228283E+0002  0.00000000000000000000E+0000  3.83198803738232207488E-0008  3.85153356803104389144E-0004  9.16204989796383403668E-0032  0.00000000000000000000E+0000  2.57412891018257380905E+0000  0.00000000000000000000E+0000  0.00000000000000000000E+0000  2.57412891017721137091E+0000  0.00000000000000000000E+0000  8.80849044303709025316E-0002  4.75547469122692672498E-0003  8.80849044303722680029E-0002  4.75547469118773095128E-0003  2.47253733994918267540E-0012  1.32546521701528462384E+0000  0.00000000000000000000E+0000  6.17575435820406331162E-0008  6.16059729955002791109E-0008  5.19818080101924886312E-0015
 5.63799999999999999995E-0001  6.10000000000000000013E-0001 -2.14497711879738980637E+0002  3.43635287561741806826E-0008 -2.14497711879738980637E+0002  1.00000000000000000000E+0000  8.70197946393454106653E-0001  1.03380953113395206015E+0000  7.81572861798740294145E-0001  0.00000000000000000000E+0000  2.18478658651365228283E+0002  0.00000000000000000000E+0000  3.83198803740090296383E-0008  3.85153356800811729407E-0004  9.16204989796092439446E-0032  0.00000000000000000000E+0000  2.57412891017510586677E+0000  0.00000000000000000000E+0000  0.00000000000000000000E+0000  2.57412891017343981796E+0000  0.00000000000000000000E+0000  8.80849044303664042784E-0002  4.75547469120375081553E-0003  8.80849044303660410775E-0002  4.75547469120019096179E-0003  2.47253733705379317525E-0012  1.32546521701532501092E+0000  0.00000000000000000000E+0000  6.17575463028734997746E-0008  6.16059737296429852897E-0008 -3.94071728572932156744E-0016
 5.75099999999999999980E-0001  6.10000000000000000013E-0001 -2.14497711879746473213E+0002  3.43634049330400128901E-0008 -2.14497711879746473213E+0002  1.00000000000000000000E+0000  8.70197946393527663807E-0001  1.03380953113382480571E+0000  7.81572861798779611056E-0001  0.00000000000000000000E+0000  2.18478658651365228283E+0002  0.00000000000000000000E+0000  3.83198803741292492121E-0008  3.85153356798632031519E-0004  9.16204989797104467210E-0032  0.00000000000000000000E+0000  2.57412891016803538347E+0000  0.00000000000000000000E+0000  0.00000000000000000000E+0000  2.57412891016669402263E+0000  0.00000000000000000000E+0000  8.80849044303138365260E-0002  4.75547469118552591022E-0003  8.80849044303136418169E-0002  4.75547469119998335444E-0003  2.47253733285458182116E-0012  1.32546521701529032902E+0000  0.00000000000000000000E+0000  6.17575450716256626597E-0008  6.16059721494805247418E-0008 -6.99012562020696267159E-0015
 5.86600000000000000003E-0001  6.10000000000000000013E-0001 -2.14497711879754483805E+0002  3.43633500091326376042E-0008 -2.14497711879754483805E+0002  1.00000000000000000000E+0000  8.70197946393557683522E-0001  1.03380953113368782446E+0000  7.81572861798835516911E-0001  0.00000000000000000000E+0000  2.18478658651365228283E+0002  0.00000000000000000000E+0000  3.83198803741841786997E-0008  3.85153356796356566709E-0004  9.16204989799209996732E-0032  0.00000000000000000000E+0000  2.57412891016067544941E+0000  0.00000000000000000000E+0000  0.00000000000000000000E+0000  2.57412891015869736830E+0000  0.00000000000000000000E+0000  8.80849044301147962856E-0002  4.75547469117184876758E-0003  8.80849044301156688515E-0002  4.75547469118132952180E-0003  2.47253733146545449820E-0012  1.32546521701521974128E+0000  0.00000000000000000000E+0000  6.17575414359573173478E-0008  6.16059688491138521600E-0008 -8.73343874197588709299E-0015
 5.98300000000000000008E-0001  6.10000000000000000013E-0001 -2.14497711879761907547E+0002  3.43634610781083145684E-0008 -2.14497711879761907547E+0002  1.00000000000000000000E+0000  8.70197946393583175229E-0001  1.03380953113354544064E+0000  7.81572861798877250726E-0001  0.00000000000000000000E+0000  2.18478658651365228283E+0002  0.00000000000000000000E+0000  3.83198803742403641286E-0008  3.85153356793896037138E-0004  9.16204989801021705113E-0032  0.00000000000000000000E+0000  2.57412891015270975793E+0000  0.00000000000000000000E+0000  0.00000000000000000000E+0000  2.57412891015227978915E+0000  0.00000000000000000000E+0000  8.80849044298219191400E-0002  4.75547469115828700734E-0003  8.80849044298228998822E-0002  4.75547469115708685948E-0003  2.47253733404389964263E-0012  1.32546521701518737503E+0000  0.00000000000000000000E+0000  6.17575379578654740971E-0008  6.16059650609114056674E-0008 -4.48690312042614100102E-0015
 6.10299999999999999987E-0001  6.10000000000000000013E-0001 -2.14497711879767509899E+0002  3.43636556691647468804E-0008 -2.14497711879767509899E+0002  1.00000000000000000000E+0000  8.70197946393638516378E-0001  1.03380953113342268727E+0000  7.81572861798885833704E-0001  0.00000000000000000000E+0000  2.18478658651365228283E+0002  0.00000000000000000000E+0000  3.83198803743470075102E-0008  3.85153356791630491693E-0004  9.16204989801361261855E-0032  0.00000000000000000000E+0000  2.57412891014535577029E+0000  0.00000000000000000000E+0000  0.00000000000000000000E+0000  2.57412891014904515741E+0000  0.00000000000000000000E+0000  8.80849044295988553376E-0002  4.75547469114298118000E-0003  8.80849044295982829873E-0002  4.75547469114592610138E-0003  2.47253733766640682831E-0012  1.32546521701522458788E+0000  0.00000000000000000000E+0000  6.17575359725324081347E-0008  6.16059618457786613177E-0008  1.13147003573684944143E-0015
 6.22500000000000000002E-0001  6.10000000000000000013E-0001 -2.14497711879770495066E+0002  3.43637562065330684108E-0008 -2.14497711879770495066E+0002  1.00000000000000000000E+0000  8.70197946393711418945E-0001  1.03380953113335250252E+0000  7.81572861798871273411E-0001  0.00000000000000000000E+0000  2.18478658651365228283E+0002  0.00000000000000000000E+0000  3.83198803744736256136E-0008  3.85153356790244407323E-0004  9.16204989800413053619E-0032  0.00000000000000000000E+0000  2.57412891014084536695E+0000  0.00000000000000000000E+0000  0.00000000000000000000E+0000  2.57412891014830713231E+0000  0.00000000000000000000E+0000  8.80849044295657899090E-0002  4.75547469113019578390E-0003  8.80849044295632244088E-0002  4.75547469115385362207E-0003  2.47253733840331063234E-0012  1.32546521701529014081E+0000  0.00000000000000000000E+0000  6.17575347572342861639E-0008  6.16059595101333645479E-0008  2.72007480021492094591E-0015
 6.34900000000000000000E-0001  6.10000000000000000013E-0001 -2.14497711879771112684E+0002  3.43636774521613683247E-0008 -2.14497711879771112684E+0002  1.00000000000000000000E+0000  8.70197946393753926609E-0001  1.03380953113334509168E+0000  7.81572861798861469242E-0001  0.00000000000000000000E+0000  2.18478658651365228283E+0002  0.00000000000000000000E+0000  3.83198803745386387431E-0008  3.85153356790074576555E-0004  9.16204989799522689302E-0032  0.00000000000000000000E+0000  2.57412891014029670145E+0000  0.00000000000000000000E+0000  0.00000000000000000000E+0000  2.57412891014803133925E+0000  0.00000000000000000000E+0000  8.80849044296771476433E-0002  4.75547469112623425528E-0003  8.80849044296740141906E-0002  4.75547469116818841083E-0003  2.47253733548294100263E-0012  1.32546521701531568450E+0000  0.00000000000000000000E+0000  6.17575327397127040736E-0008  6.16059576737802290920E-0008 -5.38978205816135502648E-0016
 6.47600000000000000026E-0001  6.10000000000000000013E-0001 -2.14497711879770252288E+0002  3.43635124067010423329E-0008 -2.14497711879770252288E+0002  1.00000000000000000000E+0000  8.70197946393732478217E-0001  1.03380953113337998586E+0000  7.81572861798872517858E-0001  0.00000000000000000000E+0000  2.18478658651365228283E+0002  0.00000000000000000000E+0000  3.83198803744941049416E-0008  3.85153356790803796960E-0004  9.16204989799768030019E-0032  0.00000000000000000000E+0000  2.57412891014269243264E+0000  0.00000000000000000000E+0000  0.00000000000000000000E+0000  2.57412891014711289338E+0000  0.00000000000000000000E+0000  8.80849044297761394080E-0002  4.75547469113293036159E-0003  8.80849044297743901766E-0002  4.75547469117149048873E-0003  2.47253733200678744860E-0012  1.32546521701527756612E+0000  0.00000000000000000000E+0000  6.17575295292879874530E-0008  6.16059560075015230775E-0008 -4.33066394231975141314E-0015
 6.60600000000000000026E-0001  6.10000000000000000013E-0001 -2.14497711879768643048E+0002  3.43634341405743513354E-0008 -2.14497711879768643048E+0002  1.00000000000000000000E+0000  8.70197946393663901725E-0001  1.03380953113342506275E+0000  7.81572861798892852612E-0001  0.00000000000000000000E+0000  2.18478658651365228283E+0002  0.00000000000000000000E+0000  3.83198803743773954698E-0008  3.85153356791751507714E-0004  9.16204989800874978670E-0032  0.00000000000000000000E+0000  2.57412891014580897157E+0000  0.00000000000000000000E+0000  0.00000000000000000000E+0000  2.57412891014643592231E+0000  0.00000000000000000000E+0000  8.80849044297555842155E-0002  4.75547469114529087198E-0003  8.80849044297558502042E-0002  4.75547469115958866192E-0003  2.47253733168575312559E-0012  1.32546521701521820334E+0000  0.00000000000000000000E+0000  6.17575265545038341932E-0008  6.16059547614300249632E-0008 -4.02951619775426170979E-0015
 6.73800000000000000008E-0001  6.10000000000000000013E-0001 -2.14497711879766438131E+0002  3.43635155561184455333E-0008 -2.14497711879766438131E+0002  1.00000000000000000000E+0000  8.70197946393601727067E-0001  1.03380953113346350943E+0000  7.81572861798896441918E-0001  0.00000000000000000000E+0000  2.18478658651365228283E+0002  0.00000000000000000000E+0000  3.83198803742789301515E-0008  3.85153356792467667639E-0004  9.16204989801536360284E-0032  0.00000000000000000000E+0000  2.57412891014815763168E+0000  0.00000000000000000000E+0000  0.00000000000000000000E+0000  2.57412891014770367601E+0000  0.00000000000000000000E+0000  8.80849044296636873207E-0002  4.75547469115564482951E-0003  8.80849044296647150021E-0002  4.75547469114576704680E-0003  2.47253733493435467401E-0012  1.32546521701519979435E+0000  0.00000000000000000000E+0000  6.17575256524090711959E-0008  6.16059545365977206000E-0008  4.72978818935835565659E-0016
 6.87200000000000000026E-0001  6.10000000000000000013E-0001 -2.14497711879763473350E+0002  3.43636555086030994207E-0008 -2.14497711879763473350E+0002  1.00000000000000000000E+0000  8.70197946393583604357E-0001  1.03380953113350351074E+0000  7.81572861798871798490E-0001  0.00000000000000000000E+0000  2.18478658651365228283E+0002  0.00000000000000000000E+0000  3.83198803742537524895E-0008  3.85153356793066362067E-0004  9.16204989800842103878E-0032  0.00000000000000000000E+0000  2.57412891015009578986E+0000  0.00000000000000000000E+0000  0.00000000000000000000E+0000  2.57412891015131414037E+0000  0.00000000000000000000E+0000  8.80849044296433250349E-0002  4.75547469116060711698E-0003  8.80849044296434124013E-0002  4.75547469114620016228E-0003  2.47253733844237020995E-0012  1.32546521701523919751E+0000  0.00000000000000000000E+0000  6.17575271589252305057E-0008  6.16059555719754831126E-0008  4.83621148977050203701E-0015
 7.01000000000000000010E-0001  6.10000000000000000013E-0001 -2.14497711879759873993E+0002  3.43636911424169630878E-0008 -2.14497711879759873993E+0002  1.00000000000000000000E+0000  8.70197946393597146909E-0001  1.03380953113356080779E+0000  7.81572861798834793640E-0001  0.00000000000000000000E+0000  2.18478658651365228283E+0002  0.00000000000000000000E+0000  3.83198803742732955911E-0008  3.85153356793945614983E-0004  9.16204989799248014725E-0032  0.00000000000000000000E+0000  2.57412891015292942423E+0000  0.00000000000000000000E+0000  0.00000000000000000000E+0000  2.57412891015566163127E+0000  0.00000000000000000000E+0000  8.80849044297722580388E-0002  4.75547469116330349686E-0003  8.80849044297710339881E-0002  4.75547469116267644557E-0003  2.47253733870808615127E-0012  1.32546521701529275092E+0000  0.00000000000000000000E+0000  6.17575295368598287430E-0008  6.16059573775987352455E-0008  4.85190560061743911865E-0015
 7.14999999999999999976E-0001  6.10000000000000000013E-0001 -2.14497711879756451536E+0002  3.43635685067702766410E-0008 -2.14497711879756451536E+0002  1.00000000000000000000E+0000  8.70197946393598297898E-0001  1.03380953113363235711E+0000  7.81572861798813968935E-0001  0.00000000000000000000E+0000  2.18478658651365228283E+0002  0.00000000000000000000E+0000  3.83198803742646079716E-0008  3.85153356795197953539E-0004  9.16204989798146361997E-0032  0.00000000000000000000E+0000  2.57412891015698460187E+0000  0.00000000000000000000E+0000  0.00000000000000000000E+0000  2.57412891015838873974E+0000  0.00000000000000000000E+0000  8.80849044299733058421E-0002  4.75547469116874686177E-0003  8.80849044299721002839E-0002  4.75547469118036167146E-0003  2.47253733560023655136E-0012  1.32546521701530523334E+0000  0.00000000000000000000E+0000  6.17575308263094706833E-0008  6.16059589956047347253E-0008  8.45739461063462218493E-0016
 7.29300000000000000024E-0001  6.10000000000000000013E-0001 -2.14497711879754120942E+0002  3.43634017270439813932E-0008 -2.14497711879754120942E+0002  1.00000000000000000000E+0000  8.70197946393560856223E-0001  1.03380953113369418038E+0000  7.81572861798821048396E-0001  0.00000000000000000000E+0000  2.18478658651365228283E+0002  0.00000000000000000000E+0000  3.83198803741926853637E-0008  3.85153356796416117149E-0004  9.16204989798407616355E-0032  0.00000000000000000000E+0000  2.57412891016094960684E+0000  0.00000000000000000000E+0000  0.00000000000000000000E+0000  2.57412891015868333308E+0000  0.00000000000000000000E+0000  8.80849044300903057171E-0002  4.75547469117783928612E-0003  8.80849044300906716150E-0002  4.75547469118324081396E-0003  2.47253733250448340254E-0012  1.32546521701526584264E+0000  0.00000000000000000000E+0000  6.17575305680514859423E-0008  6.16059598853564805399E-0008 -2.92914685314948001976E-0015
 7.43899999999999999992E-0001  6.10000000000000000013E-0001 -2.14497711879753293021E+0002  3.43633522165232902609E-0008 -2.14497711879753293021E+0002  1.00000000000000000000E+0000  8.70197946393506172264E-0001  1.03380953113372023560E+0000  7.81572861798840510476E-0001  0.00000000000000000000E+0000  2.18478658651365228283E+0002  0.00000000000000000000E+0000  3.83198803741011197787E-0008  3.85153356797012645184E-0004  9.16204989799527518079E-0032  0.00000000000000000000E+0000  2.57412891016290239286E+0000  0.00000000000000000000E+0000  0.00000000000000000000E+0000  2.57412891015781210790E+0000  0.00000000000000000000E+0000  8.80849044300447901713E-0002  4.75547469118575104988E-0003  8.80849044300467946510E-0002  4.75547469117038686791E-0003  2.47253733271451757280E-0012  1.32546521701521736179E+0000  0.00000000000000000000E+0000  6.17575300382848035151E-0008  6.16059602558074515262E-0008 -2.77231897072085433551E-0015
 7.58799999999999999988E-0001  6.10000000000000000013E-0001 -2.14497711879753579209E+0002  3.43634608346889162832E-0008 -2.14497711879753579209E+0002  1.00000000000000000000E+0000  8.70197946393481615789E-0001  1.03380953113370715611E+0000  7.81572861798846463830E-0001  0.00000000000000000000E+0000  2.18478658651365228283E+0002  0.00000000000000000000E+0000  3.83198803740680066951E-0008  3.85153356796789898389E-0004  9.16204989800173420537E-0032  0.00000000000000000000E+0000  2.57412891016217760978E+0000  0.00000000000000000000E+0000  0.00000000000000000000E+0000  2.57412891015768439300E+0000  0.00000000000000000000E+0000  8.80849044299146571453E-0002  4.75547469118675182820E-0003  8.80849044299167558423E-0002  4.75547469115674618622E-0003  2.47253733599352555537E-0012  1.32546521701520996590E+0000  0.00000000000000000000E+0000  6.17575307307606120776E-0008  6.16059606976484142563E-0008  7.47745190573572033038E-0016
 7.74000000000000000012E-0001  6.10000000000000000013E-0001 -2.14497711879754236794E+0002  3.43636074331347528701E-0008 -2.14497711879754236794E+0002  1.00000000000000000000E+0000  8.70197946393510685039E-0001  1.03380953113367699242E+0000  7.81572861798830103273E-0001  0.00000000000000000000E+0000  2.18478658651365228283E+0002  0.00000000000000000000E+0000  3.83198803741238297477E-0008  3.85153356796132689628E-0004  9.16204989799593918001E-0032  0.00000000000000000000E+0000  2.57412891016001807269E+0000  0.00000000000000000000E+0000  0.00000000000000000000E+0000  2.57412891015881777025E+0000  0.00000000000000000000E+0000  8.80849044298499573333E-0002  4.75547469118025036583E-0003  8.80849044298505224601E-0002  4.75547469115729278886E-0003  2.47253733886555875075E-0012  1.32546521701524881525E+0000  0.00000000000000000000E+0000  6.17575326752062582023E-0008  6.16059614486637939419E-0008  3.62638524840217431718E-0015
 7.89400000000000000018E-0001  6.10000000000000000013E-0001 -2.14497711879754865749E+0002  3.43636381650909131197E-0008 -2.14497711879754865749E+0002  1.00000000000000000000E+0000  8.70197946393567373796E-0001  1.03380953113365552565E+0000  7.81572861798808768126E-0001  0.00000000000000000000E+0000  2.18478658651365228283E+0002  0.00000000000000000000E+0000  3.83198803742177989032E-0008  3.85153356795628919694E-0004  9.16204989798401740656E-0032  0.00000000000000000000E+0000  2.57412891015835125410E+0000  0.00000000000000000000E+0000  0.00000000000000000000E+0000  2.57412891015985693228E+0000  0.00000000000000000000E+0000  8.80849044299161107216E-0002  4.75547469117170197973E-0003  8.80849044299150700434E-0002  4.75547469117136848084E-0003  2.47253733828719597703E-0012  1.32546521701529209140E+0000  0.00000000000000000000E+0000  6.17575343640650076123E-0008  6.16059620970848054599E-0008  2.73068851807700939691E-0015
 8.05199999999999999989E-0001  6.10000000000000000013E-0001 -2.14497711879755673062E+0002  3.43635268753319433736E-0008 -2.14497711879755673062E+0002  1.00000000000000000000E+0000  8.70197946393602694880E-0001  1.03380953113364801950E+0000  7.81572861798806893812E-0001  0.00000000000000000000E+0000  2.18478658651365228283E+0002  0.00000000000000000000E+0000  3.83198803742696838653E-0008  3.85153356795499364443E-0004  9.16204989797897005345E-0032  0.00000000000000000000E+0000  2.57412891015791888642E+0000  0.00000000000000000000E+0000  0.00000000000000000000E+0000  2.57412891015914234156E+0000  0.00000000000000000000E+0000  8.80849044300292683603E-0002  4.75547469116722549658E-0003  8.80849044300280975371E-0002  4.75547469118375515057E-0003  2.47253733484463237101E-0012  1.32546521701529482597E+0000  0.00000000000000000000E+0000  6.17575343322575187336E-0008  6.16059620356931874588E-0008 -1.02016812908140303364E-0015
 8.21299999999999999988E-0001  6.10000000000000000013E-0001 -2.14497711879757025286E+0002  3.43633984984905447509E-0008 -2.14497711879757025286E+0002  1.00000000000000000000E+0000  8.70197946393592850487E-0001  1.03380953113363852633E+0000  7.81572861798830234245E-0001  0.00000000000000000000E+0000  2.18478658651365228283E+0002  0.00000000000000000000E+0000  3.83198803742482520292E-0008  3.85153356795454879199E-0004  9.16204989798707969947E-0032  0.00000000000000000000E+0000  2.57412891015778871819E+0000  0.00000000000000000000E+0000  0.00000000000000000000E+0000  2.57412891015657668554E+0000  0.00000000000000000000E+0000  8.80849044300489739990E-0002  4.75547469116796177658E-0003  8.80849044300491150063E-0002  4.75547469118068007793E-0003  2.47253733209481146029E-0012  1.32546521701525618219E+0000  0.00000000000000000000E+0000  6.17575326975180383754E-0008  6.16059611542760469147E-0008 -3.76818901243596174266E-0015
 8.37700000000000000015E-0001  6.10000000000000000013E-0001 -2.14497711879758853504E+0002  3.43633960310287558364E-0008 -2.14497711879758853504E+0002  1.00000000000000000000E+0000  8.70197946393562405494E-0001  1.03380953113361069866E+0000  7.81572861798858953459E-0001  0.00000000000000000000E+0000  2.18478658651365228283E+0002  0.00000000000000000000E+0000  3.83198803742008311896E-0008  3.85153356795071582365E-0004  9.16204989800104676922E-0032  0.00000000000000000000E+0000  2.57412891015656586521E+0000  0.00000000000000000000E+0000  0.00000000000000000000E+0000  2.57412891015389467815E+0000  0.00000000000000000000E+0000  8.80849044299303688272E-0002  4.75547469116938411812E-0003  8.80849044299317252048E-0002  4.75547469116456557977E-0003  2.47253733283139908552E-0012  1.32546521701521801892E+0000  0.00000000000000000000E+0000  6.17575310487517426361E-0008  6.16059600326805175985E-0008 -2.80676848317267973632E-0015
 8.54500000000000000007E-0001  6.10000000000000000013E-0001 -2.14497711879760530274E+0002  3.43635292514188079862E-0008 -2.14497711879760530274E+0002  1.00000000000000000000E+0000  8.70197946393555667340E-0001  1.03380953113356885680E+0000  7.81572861798868060432E-0001  0.00000000000000000000E+0000  2.18478658651365228283E+0002  0.00000000000000000000E+0000  3.83198803741988296452E-0008  3.85153356794307543664E-0004  9.16204989800766762703E-0032  0.00000000000000000000E+0000  2.57412891015409038206E+0000  0.00000000000000000000E+0000  0.00000000000000000000E+0000  2.57412891015296402958E+0000  0.00000000000000000000E+0000  8.80849044297731946065E-0002  4.75547469116665884212E-0003  8.80849044297742579852E-0002  4.75547469115135801906E-0003  2.47253733619473046246E-0012  1.32546521701521923214E+0000  0.00000000000000000000E+0000  6.17575308229162648262E-0008  6.16059594051214178795E-0008  6.88559513602723488049E-0016
 8.71600000000000000027E-0001  6.10000000000000000013E-0001 -2.14497711879761343179E+0002  3.43636648275919676987E-0008 -2.14497711879761343179E+0002  1.00000000000000000000E+0000  8.70197946393588988396E-0001  1.03380953113353683045E+0000  7.81572861798852582145E-0001  0.00000000000000000000E+0000  2.18478658651365228283E+0002  0.00000000000000000000E+0000  3.83198803742606911615E-0008  3.85153356793605599414E-0004  9.16204989800134414316E-0032  0.00000000000000000000E+0000  2.57412891015179564561E+0000  0.00000000000000000000E+0000  0.00000000000000000000E+0000  2.57412891015398167453E+0000  0.00000000000000000000E+0000  8.80849044297208884382E-0002  4.75547469116009562046E-0003  8.80849044297203743028E-0002  4.75547469115404109756E-0003  2.47253733860094044963E-0012  1.32546521701525671887E+0000  0.00000000000000000000E+0000  6.17575318837913581612E-0008  6.16059594700220269061E-0008  3.05366702123151723227E-0015
 8.89000000000000000020E-0001  6.10000000000000000013E-0001 -2.14497711879761154496E+0002  3.43636666292619315424E-0008 -2.14497711879761154496E+0002  1.00000000000000000000E+0000  8.70197946393632874515E-0001  1.03380953113353451448E+0000  7.81572861798832301222E-0001  0.00000000000000000000E+0000  2.18478658651365228283E+0002  0.00000000000000000000E+0000  3.83198803743313132218E-0008  3.85153356793456710583E-0004  9.16204989798983549842E-0032  0.00000000000000000000E+0000  2.57412891015129489882E+0000  0.00000000000000000000E+0000  0.00000000000000000000E+0000  2.57412891015533422867E+0000  0.00000000000000000000E+0000  8.80849044298111332867E-0002  4.75547469115500791960E-0003  8.80849044298093465419E-0002  4.75547469116900218037E-0003  2.47253733753352552827E-0012  1.32546521701529029953E+0000  0.00000000000000000000E+0000  6.17575327574185598020E-0008  6.16059597441365009059E-0008  1.98017127969483278558E-0015
 9.06799999999999999979E-0001  6.10000000000000000013E-0001 -2.14497711879760485421E+0002  3.43635374180274490057E-0008 -2.14497711879760485421E+0002  1.00000000000000000000E+0000  8.70197946393643476765E-0001  1.03380953113355807311E+0000  7.81572861798830296478E-0001  0.00000000000000000000E+0000  2.18478658651365228283E+0002  0.00000000000000000000E+0000  3.83198803743406081889E-0008  3.85153356793902677268E-0004  9.16204989798578867607E-0032  0.00000000000000000000E+0000  2.57412891015274562616E+0000  0.00000000000000000000E+0000  0.00000000000000000000E+0000  2.57412891015535676663E+0000  0.00000000000000000000E+0000  8.80849044299399488715E-0002  4.75547469115614324106E-0003  8.80849044299385110094E-0002  4.75547469118016607165E-0003  2.47253733414370491191E-0012  1.32546521701528566750E+0000  0.00000000000000000000E+0000  6.17575322488156799376E-0008  6.16059596347071978726E-0008 -1.18687566582450790447E-0015
 9.24900000000000000020E-0001  6.10000000000000000013E-0001 -2.14497711879759987694E+0002  3.43634144381986753828E-0008 -2.14497711879759987694E+0002  1.00000000000000000000E+0000  8.70197946393608544856E-0001  1.03380953113358376469E+0000  7.81572861798848916837E-0001  0.00000000000000000000E+0000  2.18478658651365228283E+0002  0.00000000000000000000E+0000  3.83198803742769172075E-0008  3.85153356794490718695E-0004  9.16204989799355233377E-0032  0.00000000000000000000E+0000  2.57412891015467873500E+0000  0.00000000000000000000E+0000  0.00000000000000000000E+0000  2.57412891015404974204E+0000  0.00000000000000000000E+0000  8.80849044299709302874E-0002  4.75547469116266946644E-0003  8.80849044299710985014E-0002  4.75547469117576890551E-0003  2.47253733201801180293E-0012  1.32546521701524973107E+0000  0.00000000000000000000E+0000  6.17575307139528892835E-0008  6.16059590911750706361E-0008 -3.03035176251523714348E-0015
 9.43400000000000000025E-0001  6.10000000000000000013E-0001 -2.14497711879759828710E+0002  3.43634241007014066565E-0008 -2.14497711879759828710E+0002  1.00000000000000000000E+0000  8.70197946393560912547E-0001  1.03380953113359168977E+0000  7.81572861798867609187E-0001  0.00000000000000000000E+0000  2.18478658651365228283E+0002  0.00000000000000000000E+0000  3.83198803742003021656E-0008  3.85153356794728991578E-0004  9.16204989800468848010E-0032  0.00000000000000000000E+0000  2.57412891015547593411E+0000  0.00000000000000000000E+0000  0.00000000000000000000E+0000  2.57412891015302042544E+0000  0.00000000000000000000E+0000  8.80849044298780346798E-0002  4.75547469116886552177E-0003  8.80849044298794230142E-0002  4.75547469116069250340E-0003  2.47253733338114151701E-0012  1.32546521701522083579E+0000  0.00000000000000000000E+0000  6.17575296663691025949E-0008  6.16059586550394290556E-0008 -1.65395721045874688256E-0015
 9.62299999999999999996E-0001  6.10000000000000000013E-0001 -2.14497711879759626899E+0002  3.43635515565500927548E-0008 -2.14497711879759626899E+0002  1.00000000000000000000E+0000  8.70197946393544724921E-0001  1.03380953113358440675E+0000  7.81572861798864908982E-0001  0.00000000000000000000E+0000  2.18478658651365228283E+0002  0.00000000000000000000E+0000  3.83198803741809017785E-0008  3.85153356794562496240E-0004  9.16204989800701119976E-0032  0.00000000000000000000E+0000  2.57412891015493686272E+0000  0.00000000000000000000E+0000  0.00000000000000000000E+0000  2.57412891015371739375E+0000  0.00000000000000000000E+0000  8.80849044297688962395E-0002  4.75547469116984773355E-0003  8.80849044297699265569E-0002  4.75547469115105499302E-0003  2.47253733681201715831E-0012  1.32546521701522831483E+0000  0.00000000000000000000E+0000  6.17575301737633960977E-0008  6.16059588658903837680E-0008  1.41543354477562457570E-0015
 9.81599999999999999986E-0001  6.10000000000000000013E-0001 -2.14497711879758963610E+0002  3.43636579831116157398E-0008 -2.14497711879758963610E+0002  1.00000000000000000000E+0000  8.70197946393570329168E-0001  1.03380953113358201468E+0000  7.81572861798841301943E-0001  0.00000000000000000000E+0000  2.18478658651365228283E+0002  0.00000000000000000000E+0000  3.83198803742274855953E-0008  3.85153356794390420518E-0004  9.16204989799745070275E-0032  0.00000000000000000000E+0000  2.57412891015435796034E+0000  0.00000000000000000000E+0000  0.00000000000000000000E+0000  2.57412891015583689212E+0000  0.00000000000000000000E+0000  8.80849044297696693096E-0002  4.75547469116637804816E-0003  8.80849044297692226725E-0002  4.75547469115726640124E-0003  2.47253733873994312885E-0012  1.32546521701526245701E+0000  0.00000000000000000000E+0000  6.17575317334107227990E-0008  6.16059596500597493217E-0008  2.97513975368086776675E-0015
 1.00100000000000000002E+0000  6.10000000000000000013E-0001 -2.14497711879757936779E+0002  3.43636276380474031781E-0008 -2.14497711879757936779E+0002  1.00000000000000000000E+0000  8.70197946393604481754E-0001  1.03380953113359875118E+0000  7.81572861798819236477E-0001  0.00000000000000000000E+0000  2.18478658651365228283E+0002  0.00000000000000000000E+0000  3.83198803742801299964E-0008  3.85153356794605681103E-0004  9.16204989798543362012E-0032  0.00000000000000000000E+0000  2.57412891015503714838E+0000  0.00000000000000000000E+0000  0.00000000000000000000E+0000  2.57412891015755746459E+0000  0.00000000000000000000E+0000  8.80849044298899383251E-0002  4.75547469116377055888E-0003  8.80849044298885325418E-0002  4.75547469117296734489E-0003  2.47253733719336027380E-0012  1.32546521701528729879E+0000  0.00000000000000000000E+0000  6.17575327990079645148E-0008  6.16059603547404077933E-0008  1.50662577912302142124E-0015
 1.02100000000000000000E+0000  6.10000000000000000013E-0001 -2.14497711879757110204E+0002  3.43634904411733797968E-0008 -2.14497711879757110204E+0002  1.00000000000000000000E+0000  8.70197946393607259100E-0001  1.03380953113362677846E+0000  7.81572861798819098242E-0001  0.00000000000000000000E+0000  2.18478658651365228283E+0002  0.00000000000000000000E+0000  3.83198803742764537893E-0008  3.85153356795155486325E-0004  9.16204989798267816702E-0032  0.00000000000000000000E+0000  2.57412891015682313749E+0000  0.00000000000000000000E+0000  0.00000000000000000000E+0000  2.57412891015746527314E+0000  0.00000000000000000000E+0000  8.80849044300140376914E-0002  4.75547469116598695992E-0003  8.80849044300132268031E-0002  4.75547469118214350522E-0003  2.47253733384752809084E-0012  1.32546521701527770089E+0000  0.00000000000000000000E+0000  6.17575324016895551386E-0008  6.16059604357125612765E-0008 -1.34975974668370020064E-0015
 1.04200000000000000001E+0000  6.10000000000000000013E-0001 -2.14497711879757003040E+0002  3.43633861686452143138E-0008 -2.14497711879757003040E+0002  1.00000000000000000000E+0000  8.70197946393572638140E-0001  1.03380953113364358533E+0000  7.81572861798839469371E-0001  0.00000000000000000000E+0000  2.18478658651365228283E+0002  0.00000000000000000000E+0000  3.83198803742147543454E-0008  3.85153356795589058033E-0004  9.16204989799157703930E-0032  0.00000000000000000000E+0000  2.57412891015825065770E+0000  0.00000000000000000000E+0000  0.00000000000000000000E+0000  2.57412891015588665938E+0000  0.00000000000000000000E+0000  8.80849044300203505331E-0002  4.75547469117158520946E-0003  8.80849044300211167862E-0002  4.75547469117542710908E-0003  2.47253733218109681761E-0012  1.32546521701524555755E+0000  0.00000000000000000000E+0000  6.17575310992525126573E-0008  6.16059599568485356697E-0008 -2.58591655818808562979E-0015
 1.06199999999999999999E+0000  6.10000000000000000013E-0001 -2.14497711879757580175E+0002  3.43634256969247650614E-0008 -2.14497711879757580175E+0002  1.00000000000000000000E+0000  8.70197946393537801694E-0001  1.03380953113363380246E+0000  7.81572861798857041306E-0001  0.00000000000000000000E+0000  2.18478658651365228283E+0002  0.00000000000000000000E+0000  3.83198803741611358260E-0008  3.85153356795486811150E-0004  9.16204989800199551730E-0032  0.00000000000000000000E+0000  2.57412891015793418386E+0000  0.00000000000000000000E+0000  0.00000000000000000000E+0000  2.57412891015466690635E+0000  0.00000000000000000000E+0000  8.80849044299076734739E-0002  4.75547469117472110627E-0003  8.80849044299092813660E-0002  4.75547469116047300456E-0003  2.47253733397280864801E-0012  1.32546521701522349761E+0000  0.00000000000000000000E+0000  6.17575303864046378172E-0008  6.16059595864110701325E-0008 -1.07779215013857196323E-0015
 1.08400000000000000001E+0000  6.10000000000000000013E-0001 -2.14497711879758281614E+0002  3.43635655901906035510E-0008 -2.14497711879758281614E+0002  1.00000000000000000000E+0000  8.70197946393537584637E-0001  1.03380953113360719918E+0000  7.81572861798854516633E-0001  0.00000000000000000000E+0000  2.18478658651365228283E+0002  0.00000000000000000000E+0000  3.83198803741690706530E-0008  3.85153356794954373545E-0004  9.16204989800358373984E-0032  0.00000000000000000000E+0000  2.57412891015619976916E+0000  0.00000000000000000000E+0000  0.00000000000000000000E+0000  2.57412891015498230857E+0000  0.00000000000000000000E+0000  8.80849044297906861215E-0002  4.75547469117220865578E-0003  8.80849044297915915522E-0002  4.75547469115227695494E-0003  2.47253733734911028151E-0012  1.32546521701523534545E+0000  0.00000000000000000000E+0000  6.17575310578059599425E-0008  6.16059597551376189050E-0008  1.44028610887349067860E-0015
 1.10500000000000000002E+0000  6.10000000000000000013E-0001 -2.14497711879758505990E+0002  3.43636547674097636161E-0008 -2.14497711879758505990E+0002  1.00000000000000000000E+0000  8.70197946393575076402E-0001  1.03380953113358941208E+0000  7.81572861798834726528E-0001  0.00000000000000000000E+0000  2.18478658651365228283E+0002  0.00000000000000000000E+0000  3.83198803742347677574E-0008  3.85153356794509152488E-0004  9.16204989799448367948E-0032  0.00000000000000000000E+0000  2.57412891015473152697E+0000  0.00000000000000000000E+0000  0.00000000000000000000E+0000  2.57412891015641729698E+0000  0.00000000000000000000E+0000  8.80849044297963981932E-0002  4.75547469116613717740E-0003  8.80849044297957656493E-0002  4.75547469116010996454E-0003  2.47253733859420281427E-0012  1.32546521701526672182E+0000  0.00000000000000000000E+0000  6.17575323998193360726E-0008  6.16059602781286706443E-0008  2.43514928880986643960E-0015
 1.12799999999999999995E+0000  6.10000000000000000013E-0001 -2.14497711879758335474E+0002  3.43636092066220464318E-0008 -2.14497711879758335474E+0002  1.00000000000000000000E+0000  8.70197946393614670273E-0001  1.03380953113359203162E+0000  7.81572861798818978275E-0001  0.00000000000000000000E+0000  2.18478658651365228283E+0002  0.00000000000000000000E+0000  3.83198803742961866513E-0008  3.85153356794485453167E-0004  9.16204989798441296772E-0032  0.00000000000000000000E+0000  2.57412891015463662068E+0000  0.00000000000000000000E+0000  0.00000000000000000000E+0000  2.57412891015733070088E+0000  0.00000000000000000000E+0000  8.80849044299087822468E-0002  4.75547469116181322286E-0003  8.80849044299072797594E-0002  4.75547469117549924622E-0003  2.47253733656495827103E-0012  1.32546521701528297477E+0000  0.00000000000000000000E+0000  6.17575330170658066214E-0008  6.16059606022153756834E-0008  8.29605137552710367377E-0016
 1.14999999999999999998E+0000  6.10000000000000000013E-0001 -2.14497711879758245351E+0002  3.43634782882308236931E-0008 -2.14497711879758245351E+0002  1.00000000000000000000E+0000  8.70197946393615148135E-0001  1.03380953113360686698E+0000  7.81572861798826326672E-0001  0.00000000000000000000E+0000  2.18478658651365228283E+0002  0.00000000000000000000E+0000  3.83198803742897450049E-0008  3.85153356794816290367E-0004  9.16204989798498352548E-0032  0.00000000000000000000E+0000  2.57412891015571710144E+0000  0.00000000000000000000E+0000  0.00000000000000000000E+0000  2.57412891015648139328E+0000  0.00000000000000000000E+0000  8.80849044299996909862E-0002  4.75547469116328789197E-0003  8.80849044299989476978E-0002  4.75547469118138308351E-0003  2.47253733341436852629E-0012  1.32546521701527005813E+0000  0.00000000000000000000E+0000  6.17575322405795260202E-0008  6.16059602870763960918E-0008 -1.63138763314063707323E-0015
 1.17300000000000000002E+0000  6.10000000000000000013E-0001 -2.14497711879758614750E+0002  3.43633996950725466733E-0008 -2.14497711879758614750E+0002  1.00000000000000000000E+0000  8.70197946393580746671E-0001  1.03380953113361275441E+0000  7.81572861798849723538E-0001  0.00000000000000000000E+0000  2.18478658651365228283E+0002  0.00000000000000000000E+0000  3.83198803742300808680E-0008  3.85153356795049460140E-0004  9.16204989799554111179E-0032  0.00000000000000000000E+0000  2.57412891015649714500E+0000  0.00000000000000000000E+0000  0.00000000000000000000E+0000  2.57412891015460730342E+0000  0.00000000000000000000E+0000  8.80849044299733226405E-0002  4.75547469116801591723E-0003  8.80849044299740812025E-0002  4.75547469117222437205E-0003  2.47253733232960416673E-0012  1.32546521701524199887E+0000  0.00000000000000000000E+0000  6.17575308510180796282E-0008  6.16059595757655617316E-0008 -2.30189658990131208109E-0015
 1.19699999999999999998E+0000  6.10000000000000000013E-0001 -2.14497711879759295331E+0002  3.43634591458189530377E-0008 -2.14497711879759295331E+0002  1.00000000000000000000E+0000  8.70197946393548847329E-0001  1.03380953113359878967E+0000  7.81572861798866179829E-0001  0.00000000000000000000E+0000  2.18478658651365228283E+0002  0.00000000000000000000E+0000  3.83198803741822185175E-0008  3.85153356794855585945E-0004  9.16204989800562792642E-0032  0.00000000000000000000E+0000  2.57412891015588385086E+0000  0.00000000000000000000E+0000  0.00000000000000000000E+0000  2.57412891015349900464E+0000  0.00000000000000000000E+0000  8.80849044298494323761E-0002  4.75547469117050923367E-0003  8.80849044298508492928E-0002  4.75547469115714139739E-0003  2.47253733449316599264E-0012  1.32546521701522846326E+0000  0.00000000000000000000E+0000  6.17575302687364679016E-0008  6.16059591525330129125E-0008 -6.36713259806726128823E-0016
 1.22000000000000000003E+0000  6.10000000000000000013E-0001 -2.14497711879759685366E+0002  3.43635909007661059085E-0008 -2.14497711879759685366E+0002  1.00000000000000000000E+0000  8.70197946393554801821E-0001  1.03380953113357778152E+0000  7.81572861798858962512E-0001  0.00000000000000000000E+0000  2.18478658651365228283E+0002  0.00000000000000000000E+0000  3.83198803741993024403E-0008  3.85153356794404365248E-0004  9.16204989800469009445E-0032  0.00000000000000000000E+0000  2.57412891015441139958E+0000  0.00000000000000000000E+0000  0.00000000000000000000E+0000  2.57412891015423715788E+0000  0.00000000000000000000E+0000  8.80849044297601634586E-0002  4.75547469116779838138E-0003  8.80849044297606888156E-0002  4.75547469115238311146E-0003  2.47253733750313170248E-0012  1.32546521701524253121E+0000  0.00000000000000000000E+0000  6.17575310322544424891E-0008  6.16059593884001866607E-0008  1.63402670713762981987E-0015
 1.24500000000000000000E+0000  6.10000000000000000013E-0001 -2.14497711879759458228E+0002  3.43636619797318782365E-0008 -2.14497711879759458228E+0002  1.00000000000000000000E+0000  8.70197946393591905009E-0001  1.03380953113356983779E+0000  7.81572861798836280081E-0001  0.00000000000000000000E+0000  2.18478658651365228283E+0002  0.00000000000000000000E+0000  3.83198803742630325900E-0008  3.85153356794133921577E-0004  9.16204989799411806184E-0032  0.00000000000000000000E+0000  2.57412891015351086689E+0000  0.00000000000000000000E+0000  0.00000000000000000000E+0000  2.57412891015599632882E+0000  0.00000000000000000000E+0000  8.80849044297916620186E-0002  4.75547469116261922680E-0003  8.80849044297906792164E-0002  4.75547469116230331358E-0003  2.47253733835075866575E-0012  1.32546521701526821997E+0000  0.00000000000000000000E+0000  6.17575323062326932406E-0008  6.16059600149599778116E-0008  2.05415831016108859667E-0015
 1.26999999999999999998E+0000  6.10000000000000000013E-0001 -2.14497711879758797202E+0002  3.43635927136153091764E-0008 -2.14497711879758797202E+0002  1.00000000000000000000E+0000  8.70197946393620434108E-0001  1.03380953113358494539E+0000  7.81572861798822118016E-0001  0.00000000000000000000E+0000  2.18478658651365228283E+0002  0.00000000000000000000E+0000  3.83198803743049289100E-0008  3.85153356794361032233E-0004  9.16204989798503424226E-0032  0.00000000000000000000E+0000  2.57412891015423520068E+0000  0.00000000000000000000E+0000  0.00000000000000000000E+0000  2.57412891015691876976E+0000  0.00000000000000000000E+0000  8.80849044299147812933E-0002  4.75547469116065550627E-0003  8.80849044299132966613E-0002  4.75547469117664977361E-0003  2.47253733603669428320E-0012  1.32546521701527918961E+0000  0.00000000000000000000E+0000  6.17575327082401380271E-0008  6.16059603075243502646E-0008  3.84128097142295280771E-0016
 1.29499999999999999996E+0000  6.10000000000000000013E-0001 -2.14497711879758300807E+0002  3.43634598978271008196E-0008 -2.14497711879758300807E+0002  1.00000000000000000000E+0000  8.70197946393610165358E-0001  1.03380953113360855920E+0000  7.81572861798830284335E-0001  0.00000000000000000000E+0000  2.18478658651365228283E+0002  0.00000000000000000000E+0000  3.83198803742807059920E-0008  3.85153356794867384559E-0004  9.16204989798663939035E-0032  0.00000000000000000000E+0000  2.57412891015588924282E+0000  0.00000000000000000000E+0000  0.00000000000000000000E+0000  2.57412891015614849464E+0000  0.00000000000000000000E+0000  8.80849044300000306396E-0002  4.75547469116411360256E-0003  8.80849044299995432772E-0002  4.75547469118034914088E-0003  2.47253733310113189749E-0012  1.32546521701526435534E+0000  0.00000000000000000000E+0000  6.17575318489507602136E-0008  6.16059599888047511960E-0008 -1.61263221590692305295E-0015
 1.32099999999999999996E+0000  6.10000000000000000013E-0001 -2.14497711879758336390E+0002  3.43634003887034731660E-0008 -2.14497711879758336390E+0002  1.00000000000000000000E+0000  8.70197946393570811964E-0001  1.03380953113361901297E+0000  7.81572861798851366484E-0001  0.00000000000000000000E+0000  2.18478658651365228283E+0002  0.00000000000000000000E+0000  3.83198803742137870966E-0008  3.85153356795178375855E-0004  9.16204989799692614381E-0032  0.00000000000000000000E+0000  2.57412891015692180314E+0000  0.00000000000000000000E+0000  0.00000000000000000000E+0000  2.57412891015458976233E+0000  0.00000000000000000000E+0000  8.80849044299627812206E-0002  4.75547469116976139718E-0003  8.80849044299637689559E-0002  4.75547469116972065786E-0003  2.47253733258751163661E-0012  1.32546521701524035381E+0000  0.00000000000000000000E+0000  6.17575306532978269888E-0008  6.16059594113591293639E-0008 -1.84395053433225722696E-0015
 1.34699999999999999996E+0000  6.10000000000000000013E-0001 -2.14497711879758721207E+0002  3.43634759183145488939E-0008 -2.14497711879758721207E+0002  1.00000000000000000000E+0000  8.70197946393542784850E-0001  1.03380953113360806448E+0000  7.81572861798862215715E-0001  0.00000000000000000000E+0000  2.18478658651365228283E+0002  0.00000000000000000000E+0000  3.83198803741728200979E-0008  3.85153356795016058852E-0004  9.16204989800473194299E-0032  0.00000000000000000000E+0000  2.57412891015640633158E+0000  0.00000000000000000000E+0000  0.00000000000000000000E+0000  2.57412891015399138746E+0000  0.00000000000000000000E+0000  8.80849044298456512007E-0002  4.75547469117200406980E-0003  8.80849044298470452137E-0002  4.75547469115605691358E-0003  2.47253733504659514920E-0012  1.32546521701523210737E+0000  0.00000000000000000000E+0000  6.17575303998368955424E-0008  6.16059592334845947692E-0008 -1.73474855327892358349E-0016
 1.37399999999999999998E+0000  6.10000000000000000013E-0001 -2.14497711879758922879E+0002  3.43636048553059979700E-0008 -2.14497711879758922879E+0002  1.00000000000000000000E+0000  8.70197946393553415018E-0001  1.03380953113358995744E+0000  7.81572861798851179350E-0001  0.00000000000000000000E+0000  2.18478658651365228283E+0002  0.00000000000000000000E+0000  3.83198803741972347537E-0008  3.85153356794603647219E-0004  9.16204989800185487054E-0032  0.00000000000000000000E+0000  2.57412891015505583439E+0000  0.00000000000000000000E+0000  0.00000000000000000000E+0000  2.57412891015503393567E+0000  0.00000000000000000000E+0000  8.80849044297734397378E-0002  4.75547469116895941198E-0003  8.80849044297737907280E-0002  4.75547469115350884366E-0003  2.47253733789660670570E-0012  1.32546521701524750575E+0000  0.00000000000000000000E+0000  6.17575313536070819188E-0008  6.16059596743226282454E-0008  1.58841648092362076891E-0015
 1.40200000000000000002E+0000  6.10000000000000000013E-0001 -2.14497711879758632528E+0002  3.43636512017969707122E-0008 -2.14497711879758632528E+0002  1.00000000000000000000E+0000  8.70197946393591089526E-0001  1.03380953113358553996E+0000  7.81572861798829065258E-0001  0.00000000000000000000E+0000  2.18478658651365228283E+0002  0.00000000000000000000E+0000  3.83198803742606018422E-0008  3.85153356794406352387E-0004  9.16204989799100813171E-0032  0.00000000000000000000E+0000  2.57412891015439240826E+0000  0.00000000000000000000E+0000  0.00000000000000000000E+0000  2.57412891015670467257E+0000  0.00000000000000000000E+0000  8.80849044298248044663E-0002  4.75547469116402422619E-0003  8.80849044298237633408E-0002  4.75547469116495978678E-0003  2.47253733814632165649E-0012  1.32546521701526940685E+0000  0.00000000000000000000E+0000  6.17575325168098708739E-0008  6.16059603056961454339E-0008  1.64022949543226035204E-0015
 1.42999999999999999995E+0000  6.10000000000000000013E-0001 -2.14497711879758111847E+0002  3.43635661523437673454E-0008 -2.14497711879758111847E+0002  1.00000000000000000000E+0000  8.70197946393615109483E-0001  1.03380953113360037239E+0000  7.81572861798819174732E-0001  0.00000000000000000000E+0000  2.18478658651365228283E+0002  0.00000000000000000000E+0000  3.83198803742945128190E-0008  3.85153356794649754134E-0004  9.16204989798367336134E-0032  0.00000000000000000000E+0000  2.57412891015517275063E+0000  0.00000000000000000000E+0000  0.00000000000000000000E+0000  2.57412891015725775121E+0000  0.00000000000000000000E+0000  8.80849044299452813505E-0002  4.75547469116259434224E-0003  8.80849044299439831742E-0002  4.75547469117819088315E-0003  2.47253733555293418784E-0012  1.32546521701527526371E+0000  0.00000000000000000000E+0000  6.17575326781995463507E-0008  6.16059604714680754010E-0008  1.01284320824917952310E-0017
 1.45900000000000000001E+0000  6.10000000000000000013E-0001 -2.14497711879757896630E+0002  3.43634400594941616953E-0008 -2.14497711879757896630E+0002  1.00000000000000000000E+0000  8.70197946393600850219E-0001  1.03380953113361889588E+0000  7.81572861798831517290E-0001  0.00000000000000000000E+0000  2.18478658651365228283E+0002  0.00000000000000000000E+0000  3.83198803742643497491E-0008  3.85153356795076341843E-0004  9.16204989798735732488E-0032  0.00000000000000000000E+0000  2.57412891015657084234E+0000  0.00000000000000000000E+0000  0.00000000000000000000E+0000  2.57412891015614667231E+0000  0.00000000000000000000E+0000  8.80849044300093270837E-0002  4.75547469116610857945E-0003  8.80849044300091490374E-0002  4.75547469117952938028E-0003  2.47253733284129224476E-0012  1.32546521701525985438E+0000  0.00000000000000000000E+0000  6.17575316965676910975E-0008  6.16059600154096920969E-0008 -1.54587437387035546748E-0015
 1.48799999999999999997E+0000  6.10000000000000000013E-0001 -2.14497711879758249501E+0002  3.43634071477863958884E-0008 -2.14497711879758249501E+0002  1.00000000000000000000E+0000  8.70197946393563738629E-0001  1.03380953113362074986E+0000  7.81572861798853247900E-0001  0.00000000000000000000E+0000  2.18478658651365228283E+0002  0.00000000000000000000E+0000  3.83198803742026046455E-0008  3.85153356795220397107E-0004  9.16204989799823169422E-0032  0.00000000000000000000E+0000  2.57412891015706077119E+0000  0.00000000000000000000E+0000  0.00000000000000000000E+0000  2.57412891015452994993E+0000  0.00000000000000000000E+0000  8.80849044299481547573E-0002  4.75547469117075039412E-0003  8.80849044299492817109E-0002  4.75547469116754446462E-0003  2.47253733288393111957E-0012  1.32546521701523969939E+0000  0.00000000000000000000E+0000  6.17575306271104479145E-0008  6.16059594356186804108E-0008 -1.46201884429642254916E-0015
 1.51700000000000000003E+0000  6.10000000000000000013E-0001 -2.14497711879758848105E+0002  3.43634991997547609460E-0008 -2.14497711879758848105E+0002  1.00000000000000000000E+0000  8.70197946393543491641E-0001  1.03380953113360331557E+0000  7.81572861798861943960E-0001  0.00000000000000000000E+0000  2.18478658651365228283E+0002  0.00000000000000000000E+0000  3.83198803741751742765E-0008  3.85153356794919029190E-0004  9.16204989800493154559E-0032  0.00000000000000000000E+0000  2.57412891015609029488E+0000  0.00000000000000000000E+0000  0.00000000000000000000E+0000  2.57412891015406113961E+0000  0.00000000000000000000E+0000  8.80849044298277847754E-0002  4.75547469117150576370E-0003  8.80849044298290348808E-0002  4.75547469115506653174E-0003  2.47253733554339396142E-0012  1.32546521701523609821E+0000  0.00000000000000000000E+0000  6.17575305763837890076E-0008  6.16059593286477010696E-0008  1.32962619881750199292E-0016
 1.54800000000000000002E+0000  6.10000000000000000013E-0001 -2.14497711879759159440E+0002  3.43636224214903098153E-0008 -2.14497711879759159440E+0002  1.00000000000000000000E+0000  8.70197946393561276080E-0001  1.03380953113358290752E+0000  7.81572861798849263348E-0001  0.00000000000000000000E+0000  2.18478658651365228283E+0002  0.00000000000000000000E+0000  3.83198803742109369683E-0008  3.85153356794453227534E-0004  9.16204989800081582150E-0032  0.00000000000000000000E+0000  2.57412891015456351076E+0000  0.00000000000000000000E+0000  0.00000000000000000000E+0000  2.57412891015516451677E+0000  0.00000000000000000000E+0000  8.80849044297691895433E-0002  4.75547469116741124879E-0003  8.80849044297692527591E-0002  4.75547469115476195733E-0003  2.47253733810148062814E-0012  1.32546521701525167190E+0000  0.00000000000000000000E+0000  6.17575315829123357951E-0008  6.16059598080108327949E-0008  1.48197432334683441410E-0015
 1.57900000000000000002E+0000  6.10000000000000000013E-0001 -2.14497711879758914205E+0002  3.43636449607932759614E-0008 -2.14497711879758914205E+0002  1.00000000000000000000E+0000  8.70197946393599158429E-0001  1.03380953113358011548E+0000  7.81572861798828926318E-0001  0.00000000000000000000E+0000  2.18478658651365228283E+0002  0.00000000000000000000E+0000  3.83198803742734686075E-0008  3.85153356794297703233E-0004  9.16204989799027838516E-0032  0.00000000000000000000E+0000  2.57412891015403676805E+0000  0.00000000000000000000E+0000  0.00000000000000000000E+0000  2.57412891015662872356E+0000  0.00000000000000000000E+0000  8.80849044298351027674E-0002  4.75547469116260347029E-0003  8.80849044298339139329E-0002  4.75547469116716094547E-0003  2.47253733779478166536E-0012  1.32546521701526976626E+0000  0.00000000000000000000E+0000  6.17575325555181761935E-0008  6.16059603315213271918E-0008  1.26053335167706246233E-0015
 1.61000000000000000001E+0000  6.10000000000000000013E-0001 -2.14497711879758444845E+0002  3.43635471163322190062E-0008 -2.14497711879758444845E+0002  1.00000000000000000000E+0000  8.70197946393617462039E-0001  1.03380953113359613012E+0000  7.81572861798822709231E-0001  0.00000000000000000000E+0000  2.18478658651365228283E+0002  0.00000000000000000000E+0000  3.83198803742975618035E-0008  3.85153356794583757403E-0004  9.16204989798463411869E-0032  0.00000000000000000000E+0000  2.57412891015495933953E+0000  0.00000000000000000000E+0000  0.00000000000000000000E+0000  2.57412891015687516488E+0000  0.00000000000000000000E+0000  8.80849044299511785226E-0002  4.75547469116196203300E-0003  8.80849044299499789004E-0002  4.75547469117886836974E-0003  2.47253733504320475007E-0012  1.32546521701527162838E+0000  0.00000000000000000000E+0000  6.17575324792041918308E-0008  6.16059603394381035533E-0008 -2.70763621526853510420E-0016
 1.64300000000000000005E+0000  6.10000000000000000013E-0001 -2.14497711879758266446E+0002  3.43634294273175104078E-0008 -2.14497711879758266446E+0002  1.00000000000000000000E+0000  8.70197946393597836462E-0001  1.03380953113361388654E+0000  7.81572861798837162730E-0001  0.00000000000000000000E+0000  2.18478658651365228283E+0002  0.00000000000000000000E+0000  3.83198803742592147379E-0008  3.85153356795006403656E-0004  9.16204989798971970517E-0032  0.00000000000000000000E+0000  2.57412891015634739868E+0000  0.00000000000000000000E+0000  0.00000000000000000000E+0000  2.57412891015562612408E+0000  0.00000000000000000000E+0000  8.80849044299979847366E-0002  4.75547469116604361668E-0003  8.80849044299980150197E-0002  4.75547469117789539528E-0003  2.47253733265836333382E-0012  1.32546521701525618099E+0000  0.00000000000000000000E+0000  6.17575314333242070430E-0008  6.16059597921930972709E-0008 -1.43589000763028780882E-0015
 1.67499999999999999996E+0000  6.10000000000000000013E-0001 -2.14497711879758583470E+0002  3.43634191095176251780E-0008 -2.14497711879758583470E+0002  1.00000000000000000000E+0000  8.70197946393561514280E-0001  1.03380953113361396774E+0000  7.81572861798856774430E-0001  0.00000000000000000000E+0000  2.18478658651365228283E+0002  0.00000000000000000000E+0000  3.83198803741999104988E-0008  3.85153356795105017693E-0004  9.16204989800009494372E-0032  0.00000000000000000000E+0000  2.57412891015668842667E+0000  0.00000000000000000000E+0000  0.00000000000000000000E+0000  2.57412891015422066175E+0000  0.00000000000000000000E+0000  8.80849044299243739075E-0002  4.75547469117041774607E-0003  8.80849044299255568805E-0002  4.75547469116521370566E-0003  2.47253733322220789448E-0012  1.32546521701523990506E+0000  0.00000000000000000000E+0000  6.17575305429962175063E-0008  6.16059592903486009586E-0008 -1.10231984872124458998E-0015
 1.70900000000000000001E+0000  6.10000000000000000013E-0001 -2.14497711879759048390E+0002  3.43635225402350996412E-0008 -2.14497711879759048390E+0002  1.00000000000000000000E+0000  8.70197946393545434206E-0001  1.03380953113359715372E+0000  7.81572861798861637673E-0001  0.00000000000000000000E+0000  2.18478658651365228283E+0002  0.00000000000000000000E+0000  3.83198803741797116724E-0008  3.85153356794796577025E-0004  9.16204989800515186640E-0032  0.00000000000000000000E+0000  2.57412891015569177296E+0000  0.00000000000000000000E+0000  0.00000000000000000000E+0000  2.57412891015408024672E+0000  0.00000000000000000000E+0000  8.80849044298088540566E-0002  4.75547469117071414788E-0003  8.80849044298099484164E-0002  4.75547469115396075056E-0003  2.47253733606093970244E-0012  1.32546521701523998431E+0000  0.00000000000000000000E+0000  6.17575307189414528488E-0008  6.16059593323255398013E-0008  3.46146260246096346223E-0016
 1.74299999999999999996E+0000  6.10000000000000000013E-0001 -2.14497711879759135362E+0002  3.43636301168730889838E-0008 -2.14497711879759135362E+0002  1.00000000000000000000E+0000  8.70197946393567135163E-0001  1.03380953113358178895E+0000  7.81572861798846015458E-0001  0.00000000000000000000E+0000  2.18478658651365228283E+0002  0.00000000000000000000E+0000  3.83198803742208237637E-0008  3.85153356794415436974E-0004  9.16204989799926674320E-0032  0.00000000000000000000E+0000  2.57412891015443744277E+0000  0.00000000000000000000E+0000  0.00000000000000000000E+0000  2.57412891015540333702E+0000  0.00000000000000000000E+0000  8.80849044297758803989E-0002  4.75547469116659706293E-0003  8.80849044297757309823E-0002  4.75547469115631703232E-0003  2.47253733816089491725E-0012  1.32546521701525516737E+0000  0.00000000000000000000E+0000  6.17575317648092868251E-0008  6.16059598848899993489E-0008  1.38789788063834422703E-0015
 1.77800000000000000004E+0000  6.10000000000000000013E-0001 -2.14497711879758726439E+0002  3.43636306720251354890E-0008 -2.14497711879758726439E+0002  1.00000000000000000000E+0000  8.70197946393603005504E-0001  1.03380953113358439494E+0000  7.81572861798826239719E-0001  0.00000000000000000000E+0000  2.18478658651365228283E+0002  0.00000000000000000000E+0000  3.83198803742788339207E-0008  3.85153356794369347000E-0004  9.16204989798868395806E-0032  0.00000000000000000000E+0000  2.57412891015426709596E+0000  0.00000000000000000000E+0000  0.00000000000000000000E+0000  2.57412891015681690289E+0000  0.00000000000000000000E+0000  8.80849044298581834259E-0002  4.75547469116251198947E-0003  8.80849044298569418314E-0002  4.75547469116952693084E-0003  2.47253733738542626912E-0012  1.32546521701526915900E+0000  0.00000000000000000000E+0000  6.17575325821162808731E-0008  6.16059603746892706981E-0008  9.49259688971216463273E-0016
 1.81400000000000000003E+0000  6.10000000000000000013E-0001 -2.14497711879758210074E+0002  3.43635230034070225325E-0008 -2.14497711879758210074E+0002  1.00000000000000000000E+0000  8.70197946393615077499E-0001  1.03380953113360307520E+0000  7.81572861798822808924E-0001  0.00000000000000000000E+0000  2.18478658651365228283E+0002  0.00000000000000000000E+0000  3.83198803742922805526E-0008  3.85153356794722313490E-0004  9.16204989798440984647E-0032  0.00000000000000000000E+0000  2.57412891015541025553E+0000  0.00000000000000000000E+0000  0.00000000000000000000E+0000  2.57412891015685968334E+0000  0.00000000000000000000E+0000  8.80849044299706298211E-0002  4.75547469116285812397E-0003  8.80849044299696040913E-0002  4.75547469117976390507E-0003  2.47253733454239758886E-0012  1.32546521701526755753E+0000  0.00000000000000000000E+0000  6.17575323188501518641E-0008  6.16059602804413810480E-0008 -4.35819700715485160151E-0016
 1.85000000000000000002E+0000  6.10000000000000000013E-0001 -2.14497711879758100481E+0002  3.43634218475015292035E-0008 -2.14497711879758100481E+0002  1.00000000000000000000E+0000  8.70197946393590592907E-0001  1.03380953113361854243E+0000  7.81572861798838957085E-0001  0.00000000000000000000E+0000  2.18478658651365228283E+0002  0.00000000000000000000E+0000  3.83198803742469700673E-0008  3.85153356795108675367E-0004  9.16204989799081335398E-0032  0.00000000000000000000E+0000  2.57412891015668254357E+0000  0.00000000000000000000E+0000  0.00000000000000000000E+0000  2.57412891015552002276E+0000  0.00000000000000000000E+0000  8.80849044299948298438E-0002  4.75547469116731332924E-0003  8.80849044299950879855E-0002  4.75547469117623587012E-0003  2.47253733265891436086E-0012  1.32546521701525286344E+0000  0.00000000000000000000E+0000  6.17575312779145662473E-0008  6.16059597174376789023E-0008 -1.32003574596742620670E-0015
 1.88700000000000000003E+0000  6.10000000000000000013E-0001 -2.14497711879758482190E+0002  3.43634314699941547885E-0008 -2.14497711879758482190E+0002  1.00000000000000000000E+0000  8.70197946393555362733E-0001  1.03380953113361528809E+0000  7.81572861798857501658E-0001  0.00000000000000000000E+0000  2.18478658651365228283E+0002  0.00000000000000000000E+0000  3.83198803741905037395E-0008  3.85153356795136223393E-0004  9.16204989800102633219E-0032  0.00000000000000000000E+0000  2.57412891015679173184E+0000  0.00000000000000000000E+0000  0.00000000000000000000E+0000  2.57412891015422048350E+0000  0.00000000000000000000E+0000  8.80849044299080036202E-0002  4.75547469117125844787E-0003  8.80849044299092762838E-0002  4.75547469116284649294E-0003  2.47253733365885641036E-0012  1.32546521701524082479E+0000  0.00000000000000000000E+0000  6.17575305582974692817E-0008  6.16059592813794515591E-0008 -8.02434747790452281434E-0016
 1.92499999999999999996E+0000  6.10000000000000000013E-0001 -2.14497711879758949302E+0002  3.43635418835508910644E-0008 -2.14497711879758949302E+0002  1.00000000000000000000E+0000  8.70197946393546177969E-0001  1.03380953113359680526E+0000  7.81572861798858978992E-0001  0.00000000000000000000E+0000  2.18478658651365228283E+0002  0.00000000000000000000E+0000  3.83198803741818554434E-0008  3.85153356794777596763E-0004  9.16204989800434329574E-0032  0.00000000000000000000E+0000  2.57412891015562827536E+0000  0.00000000000000000000E+0000  0.00000000000000000000E+0000  2.57412891015432809556E+0000  0.00000000000000000000E+0000  8.80849044298009923169E-0002  4.75547469117058118446E-0003  8.80849044298019404111E-0002  4.75547469115359667420E-0003  2.47253733650025170935E-0012  1.32546521701524363038E+0000  0.00000000000000000000E+0000  6.17575309132520852207E-0008  6.16059594456067885579E-0008  5.07833685646735453703E-0016
 1.96299999999999999999E+0000  6.10000000000000000013E-0001 -2.14497711879759013293E+0002  3.43636353973087391027E-0008 -2.14497711879759013293E+0002  1.00000000000000000000E+0000  8.70197946393572392351E-0001  1.03380953113358269447E+0000  7.81572861798842078828E-0001  0.00000000000000000000E+0000  2.18478658651365228283E+0002  0.00000000000000000000E+0000  3.83198803742295551559E-0008  3.85153356794414275268E-0004  9.16204989799736271641E-0032  0.00000000000000000000E+0000  2.57412891015442997001E+0000  0.00000000000000000000E+0000  0.00000000000000000000E+0000  2.57412891015570935481E+0000  0.00000000000000000000E+0000  8.80849044297867788872E-0002  4.75547469116604370393E-0003  8.80849044297864277955E-0002  4.75547469115820224898E-0003  2.47253733816247930513E-0012  1.32546521701525776057E+0000  0.00000000000000000000E+0000  6.17575319475080485540E-0008  6.16059600284838337050E-0008  1.24561557558905061446E-0015
 2.00200000000000000004E+0000  6.10000000000000000013E-0001 -2.14497711879758628711E+0002  3.43636158247565028740E-0008 -2.14497711879758628711E+0002  1.00000000000000000000E+0000  8.70197946393606307930E-0001  1.03380953113358719933E+0000  7.81572861798824707253E-0001  0.00000000000000000000E+0000  2.18478658651365228283E+0002  0.00000000000000000000E+0000  3.83198803742833774623E-0008  3.85153356794417055919E-0004  9.16204989798752629974E-0032  0.00000000000000000000E+0000  2.57412891015442040431E+0000  0.00000000000000000000E+0000  0.00000000000000000000E+0000  2.57412891015690492450E+0000  0.00000000000000000000E+0000  8.80849044298778643177E-0002  4.75547469116237745988E-0003  8.80849044298765954420E-0002  4.75547469117164739862E-0003  2.47253733695269508247E-0012  1.32546521701526823971E+0000  0.00000000000000000000E+0000  6.17575325725513280384E-0008  6.16059604200052302080E-0008  6.65127982199341780414E-0016
 2.04200000000000000001E+0000  6.10000000000000000013E-0001 -2.14497711879758214404E+0002  3.43635037957437751509E-0008 -2.14497711879758214404E+0002  1.00000000000000000000E+0000  8.70197946393612563885E-0001  1.03380953113360529543E+0000  7.81572861798825181537E-0001  0.00000000000000000000E+0000  2.18478658651365228283E+0002  0.00000000000000000000E+0000  3.83198803742872213738E-0008  3.85153356794777285638E-0004  9.16204989798517165390E-0032  0.00000000000000000000E+0000  2.57412891015559104646E+0000  0.00000000000000000000E+0000  0.00000000000000000000E+0000  2.57412891015665194804E+0000  0.00000000000000000000E+0000  8.80849044299785584967E-0002  4.75547469116338057940E-0003  8.80849044299777140930E-0002  4.75547469117987480667E-0003  2.47253733413364153995E-0012  1.32546521701526446126E+0000  0.00000000000000000000E+0000  6.17575321355385916862E-0008  6.16059601980042320477E-0008 -5.66309247789646147528E-0016
 2.08299999999999999999E+0000  6.10000000000000000013E-0001 -2.14497711879758221426E+0002  3.43634173147128493808E-0008 -2.14497711879758221426E+0002  1.00000000000000000000E+0000  8.70197946393584919277E-0001  1.03380953113361762422E+0000  7.81572861798843068217E-0001  0.00000000000000000000E+0000  2.18478658651365228283E+0002  0.00000000000000000000E+0000  3.83198803742375803071E-0008  3.85153356795109628914E-0004  9.16204989799277809958E-0032  0.00000000000000000000E+0000  2.57412891015668972208E+0000  0.00000000000000000000E+0000  0.00000000000000000000E+0000  2.57412891015521071896E+0000  0.00000000000000000000E+0000  8.80849044299830160584E-0002  4.75547469116793506878E-0003  8.80849044299834864124E-0002  4.75547469117429424656E-0003  2.47253733266034818359E-0012  1.32546521701525104491E+0000  0.00000000000000000000E+0000  6.17575311076694645849E-0008  6.16059595934805493530E-0008 -1.15444116930835655634E-0015
 2.12500000000000000000E+0000  6.10000000000000000013E-0001 -2.14497711879758656633E+0002  3.43634471497757501338E-0008 -2.14497711879758656633E+0002  1.00000000000000000000E+0000  8.70197946393552663232E-0001  1.03380953113361094878E+0000  7.81572861798859668436E-0001  0.00000000000000000000E+0000  2.18478658651365228283E+0002  0.00000000000000000000E+0000  3.83198803741869830973E-0008  3.85153356795059491260E-0004  9.16204989800237749494E-0032  0.00000000000000000000E+0000  2.57412891015654452637E+0000  0.00000000000000000000E+0000  0.00000000000000000000E+0000  2.57412891015408872670E+0000  0.00000000000000000000E+0000  8.80849044298866021876E-0002  4.75547469117120336404E-0003  8.80849044298878838298E-0002  4.75547469116080357145E-0003  2.47253733407004678522E-0012  1.32546521701524222503E+0000  0.00000000000000000000E+0000  6.17575305742217980782E-0008  6.16059592464661804697E-0008 -5.29937600327648291830E-0016
 2.16700000000000000001E+0000  6.10000000000000000013E-0001 -2.14497711879759067166E+0002  3.43635604860640851426E-0008 -2.14497711879759067166E+0002  1.00000000000000000000E+0000  8.70197946393550015611E-0001  1.03380953113359230918E+0000  7.81572861798857545894E-0001  0.00000000000000000000E+0000  2.18478658651365228283E+0002  0.00000000000000000000E+0000  3.83198803741890441405E-0008  3.85153356794679944638E-0004  9.16204989800384350478E-0032  0.00000000000000000000E+0000  2.57412891015530914608E+0000  0.00000000000000000000E+0000  0.00000000000000000000E+0000  2.57412891015446157494E+0000  0.00000000000000000000E+0000  8.80849044297920506915E-0002  4.75547469116971018557E-0003  8.80849044297927983031E-0002  4.75547469115373189412E-0003  2.47253733684056139419E-0012  1.32546521701524674930E+0000  0.00000000000000000000E+0000  6.17575310832438078129E-0008  6.16059595202481113519E-0008  6.20408956835284045675E-0016
 2.21100000000000000006E+0000  6.10000000000000000013E-0001 -2.14497711879759038481E+0002  3.43636399628032070468E-0008 -2.14497711879759038481E+0002  1.00000000000000000000E+0000  8.70197946393579410066E-0001  1.03380953113358084992E+0000  7.81572861798839097489E-0001  0.00000000000000000000E+0000  2.18478658651365228283E+0002  0.00000000000000000000E+0000  3.83198803742411596081E-0008  3.85153356794362121597E-0004  9.16204989799577221346E-0032  0.00000000000000000000E+0000  2.57412891015425674877E+0000  0.00000000000000000000E+0000  0.00000000000000000000E+0000  2.57412891015592655846E+0000  0.00000000000000000000E+0000  8.80849044297962259134E-0002  4.75547469116501586121E-0003  8.80849044297956521808E-0002  4.75547469116026050517E-0003  2.47253733811769654047E-0012  1.32546521701525920722E+0000  0.00000000000000000000E+0000  6.17575320932210603151E-0008  6.16059601326393204364E-0008  1.07128795289235146996E-0015
 2.25500000000000000010E+0000  6.10000000000000000013E-0001 -2.14497711879758598139E+0002  3.43636005422412560248E-0008 -2.14497711879758598139E+0002  1.00000000000000000000E+0000  8.70197946393609663861E-0001  1.03380953113358886749E+0000  7.81572861798823875779E-0001  0.00000000000000000000E+0000  2.18478658651365228283E+0002  0.00000000000000000000E+0000  3.83198803742880304146E-0008  3.85153356794446183397E-0004  9.16204989798670729888E-0032  0.00000000000000000000E+0000  2.57412891015451344816E+0000  0.00000000000000000000E+0000  0.00000000000000000000E+0000  2.57412891015692556077E+0000  0.00000000000000000000E+0000  8.80849044298952735350E-0002  4.75547469116210872555E-0003  8.80849044298939983709E-0002  4.75547469117350824361E-0003  2.47253733653315114828E-0012  1.32546521701526660104E+0000  0.00000000000000000000E+0000  6.17575325289754807178E-0008  6.16059604184002915252E-0008  4.09817911483174083360E-0016
 2.29999999999999999996E+0000  6.10000000000000000013E-0001 -2.14497711879758205397E+0002  3.43634858057220401628E-0008 -2.14497711879758205397E+0002  1.00000000000000000000E+0000  8.70197946393609483287E-0001  1.03380953113360771623E+0000  7.81572861798827457820E-0001  0.00000000000000000000E+0000  2.18478658651365228283E+0002  0.00000000000000000000E+0000  3.83198803742813412150E-0008  3.85153356794837605845E-0004  9.16204989798601139809E-0032  0.00000000000000000000E+0000  2.57412891015578902871E+0000  0.00000000000000000000E+0000  0.00000000000000000000E+0000  2.57412891015644049717E+0000  0.00000000000000000000E+0000  8.80849044299846539627E-0002  4.75547469116396387212E-0003  8.80849044299840056369E-0002  4.75547469117962097588E-0003  2.47253733379648643375E-0012  1.32546521701526149694E+0000  0.00000000000000000000E+0000  6.17575319515892314350E-0008  6.16059600872798797510E-0008 -6.44611133765632541960E-0016
 2.34600000000000000005E+0000  6.10000000000000000013E-0001 -2.14497711879758263573E+0002  3.43634161159897204830E-0008 -2.14497711879758263573E+0002  1.00000000000000000000E+0000  8.70197946393579040082E-0001  1.03380953113361778609E+0000  7.81572861798846013344E-0001  0.00000000000000000000E+0000  2.18478658651365228283E+0002  0.00000000000000000000E+0000  3.83198803742280680500E-0008  3.85153356795128772282E-0004  9.16204989799438279170E-0032  0.00000000000000000000E+0000  2.57412891015675515801E+0000  0.00000000000000000000E+0000  0.00000000000000000000E+0000  2.57412891015498469815E+0000  0.00000000000000000000E+0000  8.80849044299708714694E-0002  4.75547469116865838029E-0003  8.80849044299715213877E-0002  4.75547469117219046321E-0003  2.47253733277651179502E-0012  1.32546521701524971741E+0000  0.00000000000000000000E+0000  6.17575309791270422978E-0008  6.16059594873132806282E-0008 -9.91966150698766350281E-0016
 2.39299999999999999994E+0000  6.10000000000000000013E-0001 -2.14497711879758700723E+0002  3.43634638980814592251E-0008 -2.14497711879758700723E+0002  1.00000000000000000000E+0000  8.70197946393550256954E-0001  1.03380953113360877539E+0000  7.81572861798860025410E-0001  0.00000000000000000000E+0000  2.18478658651365228283E+0002  0.00000000000000000000E+0000  3.83198803741840213415E-0008  3.85153356795019065687E-0004  9.16204989800300466345E-0032  0.00000000000000000000E+0000  2.57412891015641405652E+0000  0.00000000000000000000E+0000  0.00000000000000000000E+0000  2.57412891015409059630E+0000  0.00000000000000000000E+0000  8.80849044298691748168E-0002  4.75547469117129784506E-0003  8.80849044298704361708E-0002  4.75547469115906451370E-0003  2.47253733452515983936E-0012  1.32546521701524379615E+0000  0.00000000000000000000E+0000  6.17575306354161964400E-0008  6.16059592541142754432E-0008 -3.08298773810292734600E-0016
 2.44100000000000000007E+0000  6.10000000000000000013E-0001 -2.14497711879759048820E+0002  3.43635781984618150631E-0008 -2.14497711879759048820E+0002  1.00000000000000000000E+0000  8.70197946393553152587E-0001  1.03380953113359039730E+0000  7.81572861798854836147E-0001  0.00000000000000000000E+0000  2.18478658651365228283E+0002  0.00000000000000000000E+0000  3.83198803741950716086E-0008  3.85153356794628753354E-0004  9.16204989800284414308E-0032  0.00000000000000000000E+0000  2.57412891015514047198E+0000  0.00000000000000000000E+0000  0.00000000000000000000E+0000  2.57412891015469601089E+0000  0.00000000000000000000E+0000  8.80849044297867961735E-0002  4.75547469116915870401E-0003  8.80849044297873445765E-0002  4.75547469115402611313E-0003  2.47253733719069477355E-0012  1.32546521701524950838E+0000  0.00000000000000000000E+0000  6.17575312714890858560E-0008  6.16059596361645812408E-0008  6.58593814222482712712E-0016
 2.49000000000000000001E+0000  6.10000000000000000013E-0001 -2.14497711879758938686E+0002  3.43636388175302085659E-0008 -2.14497711879758938686E+0002  1.00000000000000000000E+0000  8.70197946393584409756E-0001  1.03380953113358207388E+0000  7.81572861798835974878E-0001  0.00000000000000000000E+0000  2.18478658651365228283E+0002  0.00000000000000000000E+0000  3.83198803742491611782E-0008  3.85153356794370376489E-0004  9.16204989799411664046E-0032  0.00000000000000000000E+0000  2.57412891015428057237E+0000  0.00000000000000000000E+0000  0.00000000000000000000E+0000  2.57412891015616221804E+0000  0.00000000000000000000E+0000  8.80849044298099706087E-0002  4.75547469116452940214E-0003  8.80849044298092414353E-0002  4.75547469116231430299E-0003  2.47253733797689855799E-0012  1.32546521701526038629E+0000  0.00000000000000000000E+0000  6.17575322073892515125E-0008  6.16059602303475292813E-0008  9.05236080118155225960E-0016
 2.53899999999999999994E+0000  6.10000000000000000013E-0001 -2.14497711879758488213E+0002  3.43635827456266643408E-0008 -2.14497711879758488213E+0002  1.00000000000000000000E+0000  8.70197946393610696401E-0001  1.03380953113359250466E+0000  7.81572861798823456518E-0001  0.00000000000000000000E+0000  2.18478658651365228283E+0002  0.00000000000000000000E+0000  3.83198803742886990544E-0008  3.85153356794515431119E-0004  9.16204989798611424126E-0032  0.00000000000000000000E+0000  2.57412891015473816857E+0000  0.00000000000000000000E+0000  0.00000000000000000000E+0000  2.57412891015693723632E+0000  0.00000000000000000000E+0000  8.80849044299129293336E-0002  4.75547469116232847935E-0003  8.80849044299117079935E-0002  4.75547469117503450338E-0003  2.47253733608341620483E-0012  1.32546521701526509454E+0000  0.00000000000000000000E+0000  6.17575324573600412663E-0008  6.16059604053560440435E-0008  2.09340556549721616179E-0016
 2.58999999999999999992E+0000  6.10000000000000000013E-0001 -2.14497711879758163112E+0002  3.43634692568152626405E-0008 -2.14497711879758163112E+0002  1.00000000000000000000E+0000  8.70197946393605091130E-0001  1.03380953113361074918E+0000  7.81572861798830037191E-0001  0.00000000000000000000E+0000  2.18478658651365228283E+0002  0.00000000000000000000E+0000  3.83198803742732838587E-0008  3.85153356794909891822E-0004  9.16204989798703657013E-0032  0.00000000000000000000E+0000  2.57412891015602683350E+0000  0.00000000000000000000E+0000  0.00000000000000000000E+0000  2.57412891015623580002E+0000  0.00000000000000000000E+0000  8.80849044299888958901E-0002  4.75547469116478758710E-0003  8.80849044299884609353E-0002  4.75547469117906972769E-0003  2.47253733349163849976E-0012  1.32546521701525895070E+0000  0.00000000000000000000E+0000  6.17575317716588475816E-0008  6.16059599805283224233E-0008 -6.64807072027329944361E-0016
 2.64199999999999999992E+0000  6.10000000000000000013E-0001 -2.14497711879758308481E+0002  3.43634179798202103894E-0008 -2.14497711879758308481E+0002  1.00000000000000000000E+0000  8.70197946393573308827E-0001  1.03380953113361755049E+0000  7.81572861798848915319E-0001  0.00000000000000000000E+0000  2.18478658651365228283E+0002  0.00000000000000000000E+0000  3.83198803742188278092E-0008  3.85153356795138168869E-0004  9.16204989799597820718E-0032  0.00000000000000000000E+0000  2.57412891015678904735E+0000  0.00000000000000000000E+0000  0.00000000000000000000E+0000  2.57412891015478680523E+0000  0.00000000000000000000E+0000  8.80849044299573755851E-0002  4.75547469116933916269E-0003  8.80849044299581835732E-0002  4.75547469117007578108E-0003  2.47253733293428149391E-0012  1.32546521701524898775E+0000  0.00000000000000000000E+0000  6.17575308813155009909E-0008  6.16059594044070028966E-0008 -8.19120721506727451404E-0016
 2.69499999999999999994E+0000  6.10000000000000000013E-0001 -2.14497711879758770154E+0002  3.43634818061442645298E-0008 -2.14497711879758770154E+0002  1.00000000000000000000E+0000  8.70197946393548971958E-0001  1.03380953113360585921E+0000  7.81572861798860207773E-0001  0.00000000000000000000E+0000  2.18478658651365228283E+0002  0.00000000000000000000E+0000  3.83198803741828552851E-0008  3.85153356794962139514E-0004  9.16204989800349184699E-0032  0.00000000000000000000E+0000  2.57412891015622945180E+0000  0.00000000000000000000E+0000  0.00000000000000000000E+0000  2.57412891015411351915E+0000  0.00000000000000000000E+0000  8.80849044298526626142E-0002  4.75547469117118093504E-0003  8.80849044298538682063E-0002  4.75547469115761710507E-0003  2.47253733496722350493E-0012  1.32546521701524547049E+0000  0.00000000000000000000E+0000  6.17575307211084420687E-0008  6.16059592859788758246E-0008 -1.24786665403596060408E-0016
 2.74899999999999999998E+0000  6.10000000000000000013E-0001 -2.14497711879759066556E+0002  3.43635929087696972415E-0008 -2.14497711879759066556E+0002  1.00000000000000000000E+0000  8.70197946393557601557E-0001  1.03380953113358797183E+0000  7.81572861798852132798E-0001  0.00000000000000000000E+0000  2.18478658651365228283E+0002  0.00000000000000000000E+0000  3.83198803742030582862E-0008  3.85153356794567524096E-0004  9.16204989800171217324E-0032  0.00000000000000000000E+0000  2.57412891015493848078E+0000  0.00000000000000000000E+0000  0.00000000000000000000E+0000  2.57412891015491507502E+0000  0.00000000000000000000E+0000  8.80849044297850516109E-0002  4.75547469116837945276E-0003  8.80849044297853900039E-0002  4.75547469115478441217E-0003  2.47253733744053601978E-0012  1.32546521701525174411E+0000  0.00000000000000000000E+0000  6.17575314481618985637E-0008  6.16059597498262899623E-0008  6.68328295356072387380E-0016
 2.80400000000000000004E+0000  6.10000000000000000013E-0001 -2.14497711879758893180E+0002  3.43636347485134795878E-0008 -2.14497711879758893180E+0002  1.00000000000000000000E+0000  8.70197946393589980279E-0001  1.03380953113358255992E+0000  7.81572861798833271637E-0001  0.00000000000000000000E+0000  2.18478658651365228283E+0002  0.00000000000000000000E+0000  3.83198803742579979972E-0008  3.85153356794367135820E-0004  9.16204989799256637011E-0032  0.00000000000000000000E+0000  2.57412891015426668288E+0000  0.00000000000000000000E+0000  0.00000000000000000000E+0000  2.57412891015634051769E+0000  0.00000000000000000000E+0000  8.80849044298249024104E-0002  4.75547469116387915739E-0003  8.80849044298240318367E-0002  4.75547469116448090823E-0003  2.47253733776678086550E-0012  1.32546521701526085260E+0000  0.00000000000000000000E+0000  6.17575322884844026492E-0008  6.16059603045483696427E-0008  7.41389463864079844802E-0016
 2.85999999999999999990E+0000  6.10000000000000000013E-0001 -2.14497711879758438350E+0002  3.43635642879159821544E-0008 -2.14497711879758438350E+0002  1.00000000000000000000E+0000  8.70197946393612106297E-0001  1.03380953113359510794E+0000  7.81572861798823423666E-0001  0.00000000000000000000E+0000  2.18478658651365228283E+0002  0.00000000000000000000E+0000  3.83198803742900464929E-0008  3.85153356794567563138E-0004  9.16204989798567390969E-0032  0.00000000000000000000E+0000  2.57412891015490700509E+0000  0.00000000000000000000E+0000  0.00000000000000000000E+0000  2.57412891015689285061E+0000  0.00000000000000000000E+0000  8.80849044299295287196E-0002  4.75547469116238617162E-0003  8.80849044299283666582E-0002  4.75547469117646524156E-0003  2.47253733562733217731E-0012  1.32546521701526345491E+0000  0.00000000000000000000E+0000  6.17575323609757093104E-0008  6.16059603638874326254E-0008  5.05281426174537155240E-0017
 2.91700000000000000001E+0000  6.10000000000000000013E-0001 -2.14497711879758182527E+0002  3.43634562555242246360E-0008 -2.14497711879758182527E+0002  1.00000000000000000000E+0000  8.70197946393600978371E-0001  1.03380953113361229211E+0000  7.81572861798832809496E-0001  0.00000000000000000000E+0000  2.18478658651365228283E+0002  0.00000000000000000000E+0000  3.83198803742659718309E-0008  3.85153356794954877345E-0004  9.16204989798822094006E-0032  0.00000000000000000000E+0000  2.57412891015617571722E+0000  0.00000000000000000000E+0000  0.00000000000000000000E+0000  2.57412891015600043426E+0000  0.00000000000000000000E+0000  8.80849044299888737724E-0002  4.75547469116542993665E-0003  8.80849044299886375518E-0002  4.75547469117818834713E-0003  2.47253733328247425848E-0012  1.32546521701525692617E+0000  0.00000000000000000000E+0000  6.17575316009894643941E-0008  6.16059598662176602610E-0008 -6.62080458216670764048E-0016
 2.97499999999999999991E+0000  6.10000000000000000013E-0001 -2.14497711879758391817E+0002  3.43634240401686754434E-0008 -2.14497711879758391817E+0002  1.00000000000000000000E+0000  8.70197946393568545276E-0001  1.03380953113361608194E+0000  7.81572861798851471218E-0001  0.00000000000000000000E+0000  2.18478658651365228283E+0002  0.00000000000000000000E+0000  3.83198803742114611875E-0008  3.85153356795121993530E-0004  9.16204989799746976545E-0032  0.00000000000000000000E+0000  2.57412891015673929570E+0000  0.00000000000000000000E+0000  0.00000000000000000000E+0000  2.57412891015460800793E+0000  0.00000000000000000000E+0000  8.80849044299412513575E-0002  4.75547469116978933698E-0003  8.80849044299421765411E-0002  4.75547469116792967996E-0003  2.47253733318386305857E-0012  1.32546521701524870011E+0000  0.00000000000000000000E+0000  6.17575308154863667406E-0008  6.16059593377933069445E-0008 -6.64161690455770099987E-0016
 3.03500000000000000008E+0000  6.10000000000000000013E-0001 -2.14497711879758848119E+0002  3.43635007822438601295E-0008 -2.14497711879758848119E+0002  1.00000000000000000000E+0000  8.70197946393548588746E-0001  1.03380953113360257289E+0000  7.81572861798860005786E-0001  0.00000000000000000000E+0000  2.18478658651365228283E+0002  0.00000000000000000000E+0000  3.83198803741832630140E-0008  3.85153356794895726810E-0004  9.16204989800379490696E-0032  0.00000000000000000000E+0000  2.57412891015601364808E+0000  0.00000000000000000000E+0000  0.00000000000000000000E+0000  2.57412891015416451265E+0000  0.00000000000000000000E+0000  8.80849044298365194266E-0002  4.75547469117093063934E-0003  8.80849044298376362158E-0002  4.75547469115639468787E-0003  2.47253733542358392309E-0012  1.32546521701524699672E+0000  0.00000000000000000000E+0000  6.17575308255474397528E-0008  6.16059593343218079060E-0008  1.22858143787203541501E-0017
 3.09500000000000000003E+0000  6.10000000000000000013E-0001 -2.14497711879759065695E+0002  3.43636045809321112250E-0008 -2.14497711879759065695E+0002  1.00000000000000000000E+0000  8.70197946393562188165E-0001  1.03380953113358618387E+0000  7.81572861798849420937E-0001  0.00000000000000000000E+0000  2.18478658651365228283E+0002  0.00000000000000000000E+0000  3.83198803742111165149E-0008  3.85153356794517961127E-0004  9.16204989800050838086E-0032  0.00000000000000000000E+0000  2.57412891015477462661E+0000  0.00000000000000000000E+0000  0.00000000000000000000E+0000  2.57412891015513752946E+0000  0.00000000000000000000E+0000  8.80849044297860069692E-0002  4.75547469116766078173E-0003  8.80849044297861443647E-0002  4.75547469115582732234E-0003  2.47253733761476631397E-0012  1.32546521701525350518E+0000  0.00000000000000000000E+0000  6.17575316079796712712E-0008  6.16059598569085939651E-0008  6.50922627512206223759E-0016
 3.15700000000000000002E+0000  6.10000000000000000013E-0001 -2.14497711879758823098E+0002  3.43636279224190503212E-0008 -2.14497711879758823098E+0002  1.00000000000000000000E+0000  8.70197946393594714881E-0001  1.03380953113358389057E+0000  7.81572861798830944831E-0001  0.00000000000000000000E+0000  2.18478658651365228283E+0002  0.00000000000000000000E+0000  3.83198803742653020698E-0008  3.85153356794381244054E-0004  9.16204989799116061080E-0032  0.00000000000000000000E+0000  2.57412891015430998114E+0000  0.00000000000000000000E+0000  0.00000000000000000000E+0000  2.57412891015650150068E+0000  0.00000000000000000000E+0000  8.80849044298408292387E-0002  4.75547469116343075679E-0003  8.80849044298398538294E-0002  4.75547469116663341716E-0003  2.47253733750148439131E-0012  1.32546521701526099182E+0000  0.00000000000000000000E+0000  6.17575323381640438728E-0008  6.16059603597930030932E-0008  5.88370734623737894447E-0016
 3.22100000000000000005E+0000  6.10000000000000000013E-0001 -2.14497711879758368461E+0002  3.43635456111747011868E-0008 -2.14497711879758368461E+0002  1.00000000000000000000E+0000  8.70197946393612169452E-0001  1.03380953113359827609E+0000  7.81572861798823881416E-0001  0.00000000000000000000E+0000  2.18478658651365228283E+0002  0.00000000000000000000E+0000  3.83198803742891400031E-0008  3.85153356794632200779E-0004  9.16204989798550082145E-0032  0.00000000000000000000E+0000  2.57412891015511750099E+0000  0.00000000000000000000E+0000  0.00000000000000000000E+0000  2.57412891015682865088E+0000  0.00000000000000000000E+0000  8.80849044299444181629E-0002  4.75547469116268078958E-0003  8.80849044299433558345E-0002  4.75547469117757355876E-0003  2.47253733518345367411E-0012  1.32546521701526175054E+0000  0.00000000000000000000E+0000  6.17575322471500641641E-0008  6.16059603053938911048E-0008 -6.90437496759791406489E-0017
 3.28500000000000000008E+0000  6.10000000000000000013E-0001 -2.14497711879758182846E+0002  3.43634457985848560340E-0008 -2.14497711879758182846E+0002  1.00000000000000000000E+0000  8.70197946393596201973E-0001  1.03380953113361399929E+0000  7.81572861798835588198E-0001  0.00000000000000000000E+0000  2.18478658651365228283E+0002  0.00000000000000000000E+0000  3.83198803742576477347E-0008  3.85153356795002404099E-0004  9.16204989798947967860E-0032  0.00000000000000000000E+0000  2.57412891015633329625E+0000  0.00000000000000000000E+0000  0.00000000000000000000E+0000  2.57412891015578268374E+0000  0.00000000000000000000E+0000  8.80849044299866979887E-0002  4.75547469116618114815E-0003  8.80849044299866566331E-0002  4.75547469117705890154E-0003  2.47253733313513010449E-0012  1.32546521701525529054E+0000  0.00000000000000000000E+0000  6.17575314455680590286E-0008  6.16059597577196890430E-0008 -6.29612792480633166651E-0016
 3.35099999999999999993E+0000  6.10000000000000000013E-0001 -2.14497711879758451881E+0002  3.43634319576691108425E-0008 -2.14497711879758451881E+0002  1.00000000000000000000E+0000  8.70197946393563875509E-0001  1.03380953113361481483E+0000  7.81572861798853646507E-0001  0.00000000000000000000E+0000  2.18478658651365228283E+0002  0.00000000000000000000E+0000  3.83198803742042852051E-0008  3.85153356795107806973E-0004  9.16204989799881984893E-0032  0.00000000000000000000E+0000  2.57412891015669583676E+0000  0.00000000000000000000E+0000  0.00000000000000000000E+0000  2.57412891015446752049E+0000  0.00000000000000000000E+0000  8.80849044299250757929E-0002  4.75547469117024797737E-0003  8.80849044299261039486E-0002  4.75547469116580345447E-0003  2.47253733346641310879E-0012  1.32546521701524866769E+0000  0.00000000000000000000E+0000  6.17575307780858216651E-0008  6.16059592903513409685E-0008 -5.14585753379914540817E-0016
 3.41800000000000000003E+0000  6.10000000000000000013E-0001 -2.14497711879758893333E+0002  3.43635188412905493321E-0008 -2.14497711879758893333E+0002  1.00000000000000000000E+0000  8.70197946393549209832E-0001  1.03380953113359982118E+0000  7.81572861798859040683E-0001  0.00000000000000000000E+0000  2.18478658651365228283E+0002  0.00000000000000000000E+0000  3.83198803741852188923E-0008  3.85153356794836612249E-0004  9.16204989800369336596E-0032  0.00000000000000000000E+0000  2.57412891015582071105E+0000  0.00000000000000000000E+0000  0.00000000000000000000E+0000  2.57412891015426894994E+0000  0.00000000000000000000E+0000  8.80849044298242682131E-0002  4.75547469117059522658E-0003  8.80849044298252642561E-0002  4.75547469115563380030E-0003  2.47253733583363364650E-0012  1.32546521701524862638E+0000  0.00000000000000000000E+0000  6.17575309470038181657E-0008  6.16059594034783324380E-0008  1.22119664929444077870E-0016
 3.48599999999999999993E+0000  6.10000000000000000013E-0001 -2.14497711879759044781E+0002  3.43636142815481376233E-0008 -2.14497711879759044781E+0002  1.00000000000000000000E+0000  8.70197946393567231765E-0001  1.03380953113358488142E+0000  7.81572861798846326732E-0001  0.00000000000000000000E+0000  2.18478658651365228283E+0002  0.00000000000000000000E+0000  3.83198803742198231175E-0008  3.85153356794477103884E-0004  9.16204989799908280568E-0032  0.00000000000000000000E+0000  2.57412891015463844496E+0000  0.00000000000000000000E+0000  0.00000000000000000000E+0000  2.57412891015537766094E+0000  0.00000000000000000000E+0000  8.80849044297899826572E-0002  4.75547469116691099663E-0003  8.80849044297899159042E-0002  4.75547469115714202250E-0003  2.47253733773828814835E-0012  1.32546521701525492028E+0000  0.00000000000000000000E+0000  6.17575317611384021750E-0008  6.16059599722089896663E-0008  6.05702340710875554252E-0016
 3.55600000000000000008E+0000  6.10000000000000000013E-0001 -2.14497711879758750947E+0002  3.43636188403256777034E-0008 -2.14497711879758750947E+0002  1.00000000000000000000E+0000  8.70197946393598969128E-0001  1.03380953113358554267E+0000  7.81572861798828844840E-0001  0.00000000000000000000E+0000  2.18478658651365228283E+0002  0.00000000000000000000E+0000  3.83198803742717417065E-0008  3.85153356794404011850E-0004  9.16204989798984478521E-0032  0.00000000000000000000E+0000  2.57412891015438141792E+0000  0.00000000000000000000E+0000  0.00000000000000000000E+0000  2.57412891015663094401E+0000  0.00000000000000000000E+0000  8.80849044298574869005E-0002  4.75547469116305274419E-0003  8.80849044298564252497E-0002  4.75547469116869362279E-0003  2.47253733720233392987E-0012  1.32546521701526094823E+0000  0.00000000000000000000E+0000  6.17575323626039243063E-0008  6.16059603998461786481E-0008  4.44671417162128981693E-0016
 3.62700000000000000004E+0000  6.10000000000000000013E-0001 -2.14497711879758322276E+0002  3.43635278946462964536E-0008 -2.14497711879758322276E+0002  1.00000000000000000000E+0000  8.70197946393610981925E-0001  1.03380953113360107929E+0000  7.81572861798825008228E-0001  0.00000000000000000000E+0000  2.18478658651365228283E+0002  0.00000000000000000000E+0000  3.83198803742862870345E-0008  3.85153356794693786506E-0004  9.16204989798571289089E-0032  0.00000000000000000000E+0000  2.57412891015531863459E+0000  0.00000000000000000000E+0000  0.00000000000000000000E+0000  2.57412891015670830855E+0000  0.00000000000000000000E+0000  8.80849044299554823309E-0002  4.75547469116308398658E-0003  8.80849044299545485618E-0002  4.75547469117810432612E-0003  2.47253733479581056417E-0012  1.32546521701526025976E+0000  0.00000000000000000000E+0000  6.17575321208787944036E-0008  6.16059602308014977436E-0008 -1.64806026724727435186E-0016
 3.69900000000000000002E+0000  6.10000000000000000013E-0001 -2.14497711879758208631E+0002  3.43634378502459834404E-0008 -2.14497711879758208631E+0002  1.00000000000000000000E+0000  8.70197946393591012276E-0001  1.03380953113361504652E+0000  7.81572861798838643154E-0001  0.00000000000000000000E+0000  2.18478658651365228283E+0002  0.00000000000000000000E+0000  3.83198803742488049671E-0008  3.85153356795038517269E-0004  9.16204989799093377807E-0032  0.00000000000000000000E+0000  2.57412891015645398812E+0000  0.00000000000000000000E+0000  0.00000000000000000000E+0000  2.57412891015554451727E+0000  0.00000000000000000000E+0000  8.80849044299811633873E-0002  4.75547469116691917431E-0003  8.80849044299813244388E-0002  4.75547469117557497435E-0003  2.47253733305829927489E-0012  1.32546521701525419235E+0000  0.00000000000000000000E+0000  6.17575313033444070223E-0008  6.16059596491640099896E-0008 -5.79469612253813899034E-0016
 3.77300000000000000005E+0000  6.10000000000000000013E-0001 -2.14497711879758526612E+0002  3.43634424204817519498E-0008 -2.14497711879758526612E+0002  1.00000000000000000000E+0000  8.70197946393560052992E-0001  1.03380953113361290772E+0000  7.81572861798855472520E-0001  0.00000000000000000000E+0000  2.18478658651365228283E+0002  0.00000000000000000000E+0000  3.83198803741986319749E-0008  3.85153356795078889956E-0004  9.16204989800002361137E-0032  0.00000000000000000000E+0000  2.57412891015660404885E+0000  0.00000000000000000000E+0000  0.00000000000000000000E+0000  2.57412891015435789334E+0000  0.00000000000000000000E+0000  8.80849044299082616129E-0002  4.75547469117054403190E-0003  8.80849044299093445953E-0002  4.75547469116380670685E-0003  2.47253733379137128155E-0012  1.32546521701524900878E+0000  0.00000000000000000000E+0000  6.17575307702033306023E-0008  6.16059592648075681811E-0008 -3.80490857777512269982E-0016
 3.84899999999999999989E+0000  6.10000000000000000013E-0001 -2.14497711879758944487E+0002  3.43635368685808872508E-0008 -2.14497711879758944487E+0002  1.00000000000000000000E+0000  8.70197946393550511958E-0001  1.03380953113359687259E+0000  7.81572861798857897230E-0001  0.00000000000000000000E+0000  2.18478658651365228283E+0002  0.00000000000000000000E+0000  3.83198803741882873058E-0008  3.85153356794771989193E-0004  9.16204989800347690730E-0032  0.00000000000000000000E+0000  2.57412891015560961298E+0000  0.00000000000000000000E+0000  0.00000000000000000000E+0000  2.57412891015439159880E+0000  0.00000000000000000000E+0000  8.80849044298130168441E-0002  4.75547469117016039671E-0003  8.80849044298138792320E-0002  4.75547469115511328796E-0003  2.47253733622828858171E-0012  1.32546521701525007021E+0000  0.00000000000000000000E+0000  6.17575310794292149811E-0008  6.16059594868310734347E-0008  1.96268168932459846444E-0016
 3.92599999999999999998E+0000  6.10000000000000000013E-0001 -2.14497711879759022258E+0002  3.43636211126458387993E-0008 -2.14497711879759022258E+0002  1.00000000000000000000E+0000  8.70197946393572281708E-0001  1.03380953113358390434E+0000  7.81572861798843464872E-0001  0.00000000000000000000E+0000  2.18478658651365228283E+0002  0.00000000000000000000E+0000  3.83198803742283895357E-0008  3.85153356794443001385E-0004  9.16204989799769940191E-0032  0.00000000000000000000E+0000  2.57412891015452444327E+0000  0.00000000000000000000E+0000  0.00000000000000000000E+0000  2.57412891015560239827E+0000  0.00000000000000000000E+0000  8.80849044297958198459E-0002  4.75547469116619530207E-0003  8.80849044297955608774E-0002  4.75547469115863299997E-0003  2.47253733779293851513E-0012  1.32546521701525605674E+0000  0.00000000000000000000E+0000  6.17575318947126710608E-0008  6.16059600773861443556E-0008  5.45911601330153732540E-0016
 4.00400000000000000008E+0000  6.10000000000000000013E-0001 -2.14497711879758682987E+0002  3.43636072010986350482E-0008 -2.14497711879758682987E+0002  1.00000000000000000000E+0000  8.70197946393602165789E-0001  1.03380953113358753652E+0000  7.81572861798827488178E-0001  0.00000000000000000000E+0000  2.18478658651365228283E+0002  0.00000000000000000000E+0000  3.83198803742763162156E-0008  3.85153356794436476452E-0004  9.16204989798885405709E-0032  0.00000000000000000000E+0000  2.57412891015448524698E+0000  0.00000000000000000000E+0000  0.00000000000000000000E+0000  2.57412891015670890378E+0000  0.00000000000000000000E+0000  8.80849044298736063915E-0002  4.75547469116284352409E-0003  8.80849044298725116319E-0002  4.75547469117053268124E-0003  2.47253733686178845983E-0012  1.32546521701526039973E+0000  0.00000000000000000000E+0000  6.17575323549559919771E-0008  6.16059604115497814174E-0008  3.18461234314052465242E-0016
 4.08400000000000000001E+0000  6.10000000000000000013E-0001 -2.14497711879758281406E+0002  3.43635103006857709785E-0008 -2.14497711879758281406E+0002  1.00000000000000000000E+0000  8.70197946393609038926E-0001  1.03380953113360389030E+0000  7.81572861798826575496E-0001  0.00000000000000000000E+0000  2.18478658651365228283E+0002  0.00000000000000000000E+0000  3.83198803742821902287E-0008  3.85153356794757185757E-0004  9.16204989798615296374E-0032  0.00000000000000000000E+0000  2.57412891015552626364E+0000  0.00000000000000000000E+0000  0.00000000000000000000E+0000  2.57412891015656160559E+0000  0.00000000000000000000E+0000  8.80849044299648210589E-0002  4.75547469116358784794E-0003  8.80849044299640421952E-0002  4.75547469117837997224E-0003  2.47253733442211735650E-0012  1.32546521701525877169E+0000  0.00000000000000000000E+0000  6.17575319837554411837E-0008  6.16059601391174897576E-0008 -2.25644359055263627669E-0016
 4.16599999999999999999E+0000  6.10000000000000000013E-0001 -2.14497711879758236442E+0002  3.43634319936699761297E-0008 -2.14497711879758236442E+0002  1.00000000000000000000E+0000  8.70197946393585756281E-0001  1.03380953113361585491E+0000  7.81572861798841651490E-0001  0.00000000000000000000E+0000  2.18478658651365228283E+0002  0.00000000000000000000E+0000  3.83198803742399386217E-0008  3.85153356795069459462E-0004  9.16204989799240750204E-0032  0.00000000000000000000E+0000  2.57412891015655792711E+0000  0.00000000000000000000E+0000  0.00000000000000000000E+0000  2.57412891015531675220E+0000  0.00000000000000000000E+0000  8.80849044299740724137E-0002  4.75547469116764677011E-0003  8.80849044299744273070E-0002  4.75547469117397117845E-0003  2.47253733302733199259E-0012  1.32546521701525321613E+0000  0.00000000000000000000E+0000  6.17575311769952474343E-0008  6.16059595444031834581E-0008 -5.12427404574364095934E-0016
 4.24899999999999999998E+0000  6.10000000000000000013E-0001 -2.14497711879758592657E+0002  3.43634544590735072815E-0008 -2.14497711879758592657E+0002  1.00000000000000000000E+0000  8.70197946393557050348E-0001  1.03380953113361088481E+0000  7.81572861798856733881E-0001  0.00000000000000000000E+0000  2.18478658651365228283E+0002  0.00000000000000000000E+0000  3.83198803741943785734E-0008  3.85153356795045023832E-0004  9.16204989800096858390E-0032  0.00000000000000000000E+0000  2.57412891015649557117E+0000  0.00000000000000000000E+0000  0.00000000000000000000E+0000  2.57412891015429213929E+0000  0.00000000000000000000E+0000  8.80849044298923164413E-0002  4.75547469117072629052E-0003  8.80849044298934238318E-0002  4.75547469116203046606E-0003  2.47253733413457125355E-0012  1.32546521701524933285E+0000  0.00000000000000000000E+0000  6.17575307880778549458E-0008  6.16059592589474135680E-0008 -2.60465347885547035454E-0016
 4.33400000000000000001E+0000  6.10000000000000000013E-0001 -2.14497711879758974546E+0002  3.43635532795149956488E-0008 -2.14497711879758974546E+0002  1.00000000000000000000E+0000  8.70197946393552879043E-0001  1.03380953113359432178E+0000  7.81572861798856107808E-0001  0.00000000000000000000E+0000  2.18478658651365228283E+0002  0.00000000000000000000E+0000  3.83198803741930029171E-0008  3.85153356794712613322E-0004  9.16204989800289437823E-0032  0.00000000000000000000E+0000  2.57412891015541476537E+0000  0.00000000000000000000E+0000  0.00000000000000000000E+0000  2.57412891015455334289E+0000  0.00000000000000000000E+0000  8.80849044298056625923E-0002  4.75547469116962520487E-0003  8.80849044298063647352E-0002  4.75547469115507289254E-0003  2.47253733656455617048E-0012  1.32546521701525144368E+0000  0.00000000000000000000E+0000  6.17575312176365735756E-0008  6.16059595805876200046E-0008  2.48335446966494545128E-0016
 4.42100000000000000009E+0000  6.10000000000000000013E-0001 -2.14497711879758983095E+0002  3.43636248285338164589E-0008 -2.14497711879758983095E+0002  1.00000000000000000000E+0000  8.70197946393577590070E-0001  1.03380953113358351478E+0000  7.81572861798840427968E-0001  0.00000000000000000000E+0000  2.18478658651365228283E+0002  0.00000000000000000000E+0000  3.83198803742372220022E-0008  3.85153356794420516975E-0004  9.16204989799616961295E-0032  0.00000000000000000000E+0000  2.57412891015444789166E+0000  0.00000000000000000000E+0000  0.00000000000000000000E+0000  2.57412891015582610214E+0000  0.00000000000000000000E+0000  8.80849044298048774199E-0002  4.75547469116549644314E-0003  8.80849044298044387652E-0002  4.75547469116038102610E-0003  2.47253733777231358761E-0012  1.32546521701525662356E+0000  0.00000000000000000000E+0000  6.17575320086722631081E-0008  6.16059601725097458606E-0008  4.79388871730595484442E-0016
 4.51000000000000000021E+0000  6.10000000000000000013E-0001 -2.14497711879758611392E+0002  3.43635943350683460802E-0008 -2.14497711879758611392E+0002  1.00000000000000000000E+0000  8.70197946393605195105E-0001  1.03380953113358974699E+0000  7.81572861798826155747E-0001  0.00000000000000000000E+0000  2.18478658651365228283E+0002  0.00000000000000000000E+0000  3.83198803742805718110E-0008  3.85153356794474238716E-0004  9.16204989798786381968E-0032  0.00000000000000000000E+0000  2.57412891015460625305E+0000  0.00000000000000000000E+0000  0.00000000000000000000E+0000  2.57412891015677333857E+0000  0.00000000000000000000E+0000  8.80849044298903874152E-0002  4.75547469116267215662E-0003  8.80849044298892709106E-0002  4.75547469117235251204E-0003  2.47253733650121063703E-0012  1.32546521701525962507E+0000  0.00000000000000000000E+0000  6.17575323281290894632E-0008  6.16059604102609136877E-0008  2.08718915834621320279E-0016
 4.59999999999999999991E+0000  6.10000000000000000013E-0001 -2.14497711879758253289E+0002  3.43634947105942912902E-0008 -2.14497711879758253289E+0002  1.00000000000000000000E+0000  8.70197946393606651242E-0001  1.03380953113360632379E+0000  7.81572861798828281868E-0001  0.00000000000000000000E+0000  2.18478658651365228283E+0002  0.00000000000000000000E+0000  3.83198803742774916005E-0008  3.85153356794814498098E-0004  9.16204989798672016130E-0032  0.00000000000000000000E+0000  2.57412891015571427666E+0000  0.00000000000000000000E+0000  0.00000000000000000000E+0000  2.57412891015640063561E+0000  0.00000000000000000000E+0000  8.80849044299715599446E-0002  4.75547469116411306215E-0003  8.80849044299709373008E-0002  4.75547469117834088252E-0003  2.47253733410858959780E-0012  1.32546521701525749266E+0000  0.00000000000000000000E+0000  6.17575318466371262821E-0008  6.16059600439160664867E-0008 -2.65840287120702741087E-0016
 4.69200000000000000009E+0000  6.10000000000000000013E-0001 -2.14497711879758281961E+0002  3.43634304478675257036E-0008 -2.14497711879758281961E+0002  1.00000000000000000000E+0000  8.70197946393580737564E-0001  1.03380953113361586857E+0000  7.81572861798844426234E-0001  0.00000000000000000000E+0000  2.18478658651365228283E+0002  0.00000000000000000000E+0000  3.83198803742317028141E-0008  3.85153356795083835755E-0004  9.16204989799385397023E-0032  0.00000000000000000000E+0000  2.57412891015660781364E+0000  0.00000000000000000000E+0000  0.00000000000000000000E+0000  2.57412891015510914743E+0000  0.00000000000000000000E+0000  8.80849044299639301632E-0002  4.75547469116827486791E-0003  8.80849044299644485812E-0002  4.75547469117217379360E-0003  2.47253733309605717600E-0012  1.32546521701525273995E+0000  0.00000000000000000000E+0000  6.17575310772502140777E-0008  6.16059594603687720757E-0008 -4.46569912331536775803E-0016
 4.78599999999999999988E+0000  6.10000000000000000013E-0001 -2.14497711879758667070E+0002  3.43634686852798185649E-0008 -2.14497711879758667070E+0002  1.00000000000000000000E+0000  8.70197946393554643202E-0001  1.03380953113360840297E+0000  7.81572861798857682829E-0001  0.00000000000000000000E+0000  2.18478658651365228283E+0002  0.00000000000000000000E+0000  3.83198803741912229827E-0008  3.85153356795000415345E-0004  9.16204989800178753291E-0032  0.00000000000000000000E+0000  2.57412891015635186234E+0000  0.00000000000000000000E+0000  0.00000000000000000000E+0000  2.57412891015425210274E+0000  0.00000000000000000000E+0000  8.80849044298757249971E-0002  4.75547469117079677129E-0003  8.80849044298768339191E-0002  4.75547469116033563063E-0003  2.47253733451680873082E-0012  1.32546521701525017592E+0000  0.00000000000000000000E+0000  6.17575308287815012816E-0008  6.16059592744754081703E-0008 -1.62017342394626005869E-0016
 4.88100000000000000012E+0000  6.10000000000000000013E-0001 -2.14497711879759001649E+0002  3.43635682455973332288E-0008 -2.14497711879759001649E+0002  1.00000000000000000000E+0000  8.70197946393555735482E-0001  1.03380953113359191052E+0000  7.81572861798854191372E-0001  0.00000000000000000000E+0000  2.18478658651365228283E+0002  0.00000000000000000000E+0000  3.83198803741984501115E-0008  3.85153356794654894538E-0004  9.16204989800219940114E-0032  0.00000000000000000000E+0000  2.57412891015522519176E+0000  0.00000000000000000000E+0000  0.00000000000000000000E+0000  2.57412891015472455121E+0000  0.00000000000000000000E+0000  8.80849044298002338497E-0002  4.75547469116904807982E-0003  8.80849044298007706721E-0002  4.75547469115529723302E-0003  2.47253733685577881786E-0012  1.32546521701525256247E+0000  0.00000000000000000000E+0000  6.17575313542043471243E-0008  6.16059596795197144789E-0008  2.77429942615029507445E-0016
 4.97900000000000000000E+0000  6.10000000000000000013E-0001 -2.14497711879758939393E+0002  3.43636253491750614032E-0008 -2.14497711879758939393E+0002  1.00000000000000000000E+0000  8.70197946393582625322E-0001  1.03380953113358357886E+0000  7.81572861798837729877E-0001  0.00000000000000000000E+0000  2.18478658651365228283E+0002  0.00000000000000000000E+0000  3.83198803742454452697E-0008  3.85153356794407954100E-0004  9.16204989799473273625E-0032  0.00000000000000000000E+0000  2.57412891015440401833E+0000  0.00000000000000000000E+0000  0.00000000000000000000E+0000  2.57412891015602515819E+0000  0.00000000000000000000E+0000  8.80849044298156299272E-0002  4.75547469116487922421E-0003  8.80849044298150370651E-0002  4.75547469116223545989E-0003  2.47253733767911922181E-0012  1.32546521701525711536E+0000  0.00000000000000000000E+0000  6.17575320977751756916E-0008  6.16059602516397199234E-0008  4.10821693500243337260E-0016
 5.07799999999999999989E+0000  6.10000000000000000013E-0001 -2.14497711879758545847E+0002  3.43635796669012789368E-0008 -2.14497711879758545847E+0002  1.00000000000000000000E+0000  8.70197946393606895296E-0001  1.03380953113359221485E+0000  7.81572861798825682385E-0001  0.00000000000000000000E+0000  2.18478658651365228283E+0002  0.00000000000000000000E+0000  3.83198803742825533513E-0008  3.85153356794520507573E-0004  9.16204989798727524375E-0032  0.00000000000000000000E+0000  2.57412891015475597725E+0000  0.00000000000000000000E+0000  0.00000000000000000000E+0000  2.57412891015678080872E+0000  0.00000000000000000000E+0000  8.80849044299055893188E-0002  4.75547469116269496341E-0003  8.80849044299045035649E-0002  4.75547469117381914875E-0003  2.47253733611984882060E-0012  1.32546521701525893498E+0000  0.00000000000000000000E+0000  6.17575322737011944652E-0008  6.16059603822890327459E-0008  1.17722458015446088520E-0016
 5.17999999999999999984E+0000  6.10000000000000000013E-0001 -2.14497711879758231293E+0002  3.43634798117341220699E-0008 -2.14497711879758231293E+0002  1.00000000000000000000E+0000  8.70197946393603412893E-0001  1.03380953113360869126E+0000  7.81572861798830481551E-0001  0.00000000000000000000E+0000  2.18478658651365228283E+0002  0.00000000000000000000E+0000  3.83198803742714107502E-0008  3.85153356794872161454E-0004  9.16204989798755443594E-0032  0.00000000000000000000E+0000  2.57412891015590410094E+0000  0.00000000000000000000E+0000  0.00000000000000000000E+0000  2.57412891015621438789E+0000  0.00000000000000000000E+0000  8.80849044299760195934E-0002  4.75547469116474030022E-0003  8.80849044299755772592E-0002  4.75547469117798577581E-0003  2.47253733382216102242E-0012  1.32546521701525651612E+0000  0.00000000000000000000E+0000  6.17575317062769426045E-0008  6.16059599377112306564E-0008 -2.81550923193813071163E-0016
 5.28399999999999999984E+0000  6.10000000000000000013E-0001 -2.14497711879758326717E+0002  3.43634308345952217852E-0008 -2.14497711879758326717E+0002  1.00000000000000000000E+0000  8.70197946393575796746E-0001  1.03380953113361568512E+0000  7.81572861798847101774E-0001  0.00000000000000000000E+0000  2.18478658651365228283E+0002  0.00000000000000000000E+0000  3.83198803742236578946E-0008  3.85153356795093341820E-0004  9.16204989799528932667E-0032  0.00000000000000000000E+0000  2.57412891015664180186E+0000  0.00000000000000000000E+0000  0.00000000000000000000E+0000  2.57412891015491974295E+0000  0.00000000000000000000E+0000  8.80849044299527494706E-0002  4.75547469116887161956E-0003  8.80849044299534133886E-0002  4.75547469117032640966E-0003  2.47253733320357417140E-0012  1.32546521701525226995E+0000  0.00000000000000000000E+0000  6.17575309974913504666E-0008  6.16059593864077590327E-0008 -3.74466200975867300776E-0016
 5.38899999999999999986E+0000  6.10000000000000000013E-0001 -2.14497711879758726772E+0002  3.43634835212464836467E-0008 -2.14497711879758726772E+0002  1.00000000000000000000E+0000  8.70197946393553298412E-0001  1.03380953113360597121E+0000  7.81572861798857969383E-0001  0.00000000000000000000E+0000  2.18478658651365228283E+0002  0.00000000000000000000E+0000  3.83198803741898096768E-0008  3.85153356794953576011E-0004  9.16204989800227939432E-0032  0.00000000000000000000E+0000  2.57412891015620008315E+0000  0.00000000000000000000E+0000  0.00000000000000000000E+0000  2.57412891015426365600E+0000  0.00000000000000000000E+0000  8.80849044298613024993E-0002  4.75547469117073039186E-0003  8.80849044298623681345E-0002  4.75547469115900681085E-0003  2.47253733489278362834E-0012  1.32546521701525085507E+0000  0.00000000000000000000E+0000  6.17575308926253696079E-0008  6.16059593104850485222E-0008 -7.80906648773243541475E-0017
 5.49699999999999999994E+0000  6.10000000000000000013E-0001 -2.14497711879759013501E+0002  3.43635821685708555277E-0008 -2.14497711879759013501E+0002  1.00000000000000000000E+0000  8.70197946393559217126E-0001  1.03380953113358978732E+0000  7.81572861798851853182E-0001  0.00000000000000000000E+0000  2.18478658651365228283E+0002  0.00000000000000000000E+0000  3.83198803742048627871E-0008  3.85153356794601323675E-0004  9.16204989800127549801E-0032  0.00000000000000000000E+0000  2.57412891015504845509E+0000  0.00000000000000000000E+0000  0.00000000000000000000E+0000  2.57412891015492129921E+0000  0.00000000000000000000E+0000  8.80849044297972561698E-0002  4.75547469116840650064E-0003  8.80849044297976105413E-0002  4.75547469115581067009E-0003  2.47253733711452147668E-0012  1.32546521701525361837E+0000  0.00000000000000000000E+0000  6.17575314940318996154E-0008  6.16059597873151098593E-0008  2.84868223397892871645E-0016
 5.60700000000000000006E+0000  6.10000000000000000013E-0001 -2.14497711879758885936E+0002  3.43636231096624914241E-0008 -2.14497711879758885936E+0002  1.00000000000000000000E+0000  8.70197946393587337807E-0001  1.03380953113358413690E+0000  7.81572861798835163841E-0001  0.00000000000000000000E+0000  2.18478658651365228283E+0002  0.00000000000000000000E+0000  3.83198803742530180888E-0008  3.85153356794406675424E-0004  9.16204989799332606552E-0032  0.00000000000000000000E+0000  2.57412891015439680904E+0000  0.00000000000000000000E+0000  0.00000000000000000000E+0000  2.57412891015620201043E+0000  0.00000000000000000000E+0000  8.80849044298279234788E-0002  4.75547469116433821029E-0003  8.80849044298271963721E-0002  4.75547469116410335855E-0003  2.47253733753534990697E-0012  1.32546521701525742024E+0000  0.00000000000000000000E+0000  6.17575321649937995209E-0008  6.16059603147080910709E-0008  3.40345877455037722918E-0016
 5.71899999999999999979E+0000  6.10000000000000000013E-0001 -2.14497711879758481621E+0002  3.43635640998878500986E-0008 -2.14497711879758481621E+0002  1.00000000000000000000E+0000  8.70197946393608045580E-0001  1.03380953113359482409E+0000  7.81572861798825441204E-0001  0.00000000000000000000E+0000  2.18478658651365228283E+0002  0.00000000000000000000E+0000  3.83198803742836178713E-0008  3.85153356794571582945E-0004  9.16204989798680494032E-0032  0.00000000000000000000E+0000  2.57412891015492150759E+0000  0.00000000000000000000E+0000  0.00000000000000000000E+0000  2.57412891015676068224E+0000  0.00000000000000000000E+0000  8.80849044299202913375E-0002  4.75547469116279587213E-0003  8.80849044299192486128E-0002  4.75547469117510694503E-0003  2.47253733573442229187E-0012  1.32546521701525827155E+0000  0.00000000000000000000E+0000  6.17575322023656118639E-0008  6.16059603381500210377E-0008  4.38057180999701505620E-0017
 5.83400000000000000001E+0000  6.10000000000000000013E-0001 -2.14497711879758223827E+0002  3.43634672416254691897E-0008 -2.14497711879758223827E+0002  1.00000000000000000000E+0000  8.70197946393599757397E-0001  1.03380953113361061647E+0000  7.81572861798832807057E-0001  0.00000000000000000000E+0000  2.18478658651365228283E+0002  0.00000000000000000000E+0000  3.83198803742647983621E-0008  3.85153356794922253526E-0004  9.16204989798851302941E-0032  0.00000000000000000000E+0000  2.57412891015606947256E+0000  0.00000000000000000000E+0000  0.00000000000000000000E+0000  2.57412891015601675302E+0000  0.00000000000000000000E+0000  8.80849044299776255204E-0002  4.75547469116538069228E-0003  8.80849044299773600061E-0002  4.75547469117731977837E-0003  2.47253733360213024959E-0012  1.32546521701525554294E+0000  0.00000000000000000000E+0000  6.17575315721235296170E-0008  6.16059598325515418276E-0008 -2.83615984311226484977E-0016
 5.94999999999999999983E+0000  6.10000000000000000013E-0001 -2.14497711879758383824E+0002  3.43634348151363343358E-0008 -2.14497711879758383824E+0002  1.00000000000000000000E+0000  8.70197946393571349403E-0001  1.03380953113361484020E+0000  7.81572861798849431020E-0001  0.00000000000000000000E+0000  2.18478658651365228283E+0002  0.00000000000000000000E+0000  3.83198803742166238640E-0008  3.85153356795088118274E-0004  9.16204989799661603843E-0032  0.00000000000000000000E+0000  2.57412891015662758471E+0000  0.00000000000000000000E+0000  0.00000000000000000000E+0000  2.57412891015475947813E+0000  0.00000000000000000000E+0000  8.80849044299396584341E-0002  4.75547469116935142730E-0003  8.80849044299404380771E-0002  4.75547469116844504869E-0003  2.47253733338588324316E-0012  1.32546521701525219070E+0000  0.00000000000000000000E+0000  6.17575309444675495288E-0008  6.16059593351596266817E-0008 -3.06987149709705864742E-0016
 6.06900000000000000014E+0000  6.10000000000000000013E-0001 -2.14497711879758791428E+0002  3.43634996524254052007E-0008 -2.14497711879758791428E+0002  1.00000000000000000000E+0000  8.70197946393552538170E-0001  1.03380953113360324108E+0000  7.81572861798857971931E-0001  0.00000000000000000000E+0000  2.18478658651365228283E+0002  0.00000000000000000000E+0000  3.83198803741894232574E-0008  3.85153356794899111263E-0004  9.16204989800263623299E-0032  0.00000000000000000000E+0000  2.57412891015602325433E+0000  0.00000000000000000000E+0000  0.00000000000000000000E+0000  2.57412891015429930478E+0000  0.00000000000000000000E+0000  8.80849044298469388534E-0002  4.75547469117057159478E-0003  8.80849044298479443967E-0002  4.75547469115782478019E-0003  2.47253733528488968434E-0012  1.32546521701525149247E+0000  0.00000000000000000000E+0000  6.17575309724777218632E-0008  6.16059593640738362298E-0008 -1.37033049133808880900E-0017
 6.19100000000000000007E+0000  6.10000000000000000013E-0001 -2.14497711879759020009E+0002  3.43635939147921828854E-0008 -2.14497711879759020009E+0002  1.00000000000000000000E+0000  8.70197946393563034114E-0001  1.03380953113358794429E+0000  7.81572861798849483929E-0001  0.00000000000000000000E+0000  2.18478658651365228283E+0002  0.00000000000000000000E+0000  3.83198803742117048859E-0008  3.85153356794552622563E-0004  9.16204989800026990450E-0032  0.00000000000000000000E+0000  2.57412891015488756057E+0000  0.00000000000000000000E+0000  0.00000000000000000000E+0000  2.57412891015511927626E+0000  0.00000000000000000000E+0000  8.80849044297965219887E-0002  4.75547469116775811513E-0003  8.80849044297966998385E-0002  4.75547469115658563917E-0003  2.47253733731158740277E-0012  1.32546521701525445202E+0000  0.00000000000000000000E+0000  6.17575316240253036941E-0008  6.16059598923129160172E-0008  2.79555909037717676080E-0016
 6.31400000000000000003E+0000  6.10000000000000000013E-0001 -2.14497711879758831036E+0002  3.43636181392579223402E-0008 -2.14497711879758831036E+0002  1.00000000000000000000E+0000  8.70197946393591545053E-0001  1.03380953113358507853E+0000  7.81572861798833038154E-0001  0.00000000000000000000E+0000  2.18478658651365228283E+0002  0.00000000000000000000E+0000  3.83198803742596109961E-0008  3.85153356794414580306E-0004  9.16204989799207591190E-0032  0.00000000000000000000E+0000  2.57412891015442001942E+0000  0.00000000000000000000E+0000  0.00000000000000000000E+0000  2.57412891015634653653E+0000  0.00000000000000000000E+0000  8.80849044298411171282E-0002  4.75547469116390376201E-0003  8.80849044298402884047E-0002  4.75547469116596292536E-0003  2.47253733733275467295E-0012  1.32546521701525741579E+0000  0.00000000000000000000E+0000  6.17575322063096292646E-0008  6.16059603580867287883E-0008  2.73764255593039633324E-0016
 6.44100000000000000007E+0000  6.10000000000000000013E-0001 -2.14497711879758423514E+0002  3.43635479294879262027E-0008 -2.14497711879758423514E+0002  1.00000000000000000000E+0000  8.70197946393608352681E-0001  1.03380953113359750272E+0000  7.81572861798825744347E-0001  0.00000000000000000000E+0000  2.18478658651365228283E+0002  0.00000000000000000000E+0000  3.83198803742832554467E-0008  3.85153356794626171386E-0004  9.16204989798659841205E-0032  0.00000000000000000000E+0000  2.57412891015509916496E+0000  0.00000000000000000000E+0000  0.00000000000000000000E+0000  2.57412891015670549527E+0000  0.00000000000000000000E+0000  8.80849044299335782012E-0002  4.75547469116301350200E-0003  8.80849044299326167849E-0002  4.75547469117613385177E-0003  2.47253733534712354889E-0012  1.32546521701525770441E+0000  0.00000000000000000000E+0000  6.17575321143969969131E-0008  6.16059602768367909625E-0008 -1.29369992525693965240E-0017
 6.56900000000000000014E+0000  6.10000000000000000013E-0001 -2.14497711879758227851E+0002  3.43634574807346745085E-0008 -2.14497711879758227851E+0002  1.00000000000000000000E+0000  8.70197946393595693428E-0001  1.03380953113361209750E+0000  7.81572861798835309883E-0001  0.00000000000000000000E+0000  2.18478658651365228283E+0002  0.00000000000000000000E+0000  3.83198803742576466231E-0008  3.85153356794964017651E-0004  9.16204989798962459056E-0032  0.00000000000000000000E+0000  2.57412891015620805767E+0000  0.00000000000000000000E+0000  0.00000000000000000000E+0000  2.57412891015581661125E+0000  0.00000000000000000000E+0000  8.80849044299762034131E-0002  4.75547469116603039323E-0003  8.80849044299761133837E-0002  4.75547469117635250528E-0003  2.47253733345338427774E-0012  1.32546521701525484244E+0000  0.00000000000000000000E+0000  6.17575314497785215216E-0008  6.16059597336100710220E-0008 -2.75313653433207001260E-0016
 6.70099999999999999985E+0000  6.10000000000000000013E-0001 -2.14497711879758443151E+0002  3.43634406781941637940E-0008 -2.14497711879758443151E+0002  1.00000000000000000000E+0000  8.70197946393567039265E-0001  1.03380953113361374223E+0000  7.81572861798851627234E-0001  0.00000000000000000000E+0000  2.18478658651365228283E+0002  0.00000000000000000000E+0000  3.83198803742098983525E-0008  3.85153356795077142157E-0004  9.16204989799791768606E-0032  0.00000000000000000000E+0000  2.57412891015659453173E+0000  0.00000000000000000000E+0000  0.00000000000000000000E+0000  2.57412891015461499280E+0000  0.00000000000000000000E+0000  8.80849044299255366059E-0002  4.75547469116978621567E-0003  8.80849044299264142540E-0002  4.75547469116650791864E-0003  2.47253733360883213397E-0012  1.32546521701525225683E+0000  0.00000000000000000000E+0000  6.17575309104098106610E-0008  6.16059592962170193193E-0008 -2.42144514601928611310E-0016
 6.83500000000000000003E+0000  6.10000000000000000013E-0001 -2.14497711879758842818E+0002  3.43635153166945142263E-0008 -2.14497711879758842818E+0002  1.00000000000000000000E+0000  8.70197946393552592759E-0001  1.03380953113360068594E+0000  7.81572861798857495587E-0001  0.00000000000000000000E+0000  2.18478658651365228283E+0002  0.00000000000000000000E+0000  3.83198803741903413148E-0008  3.85153356794845909150E-0004  9.16204989800273836094E-0032  0.00000000000000000000E+0000  2.57412891015584992271E+0000  0.00000000000000000000E+0000  0.00000000000000000000E+0000  2.57412891015436854345E+0000  0.00000000000000000000E+0000  8.80849044298349159797E-0002  4.75547469117031944747E-0003  8.80849044298358336077E-0002  4.75547469115696902280E-0003  2.47253733565167986901E-0012  1.32546521701525223233E+0000  0.00000000000000000000E+0000  6.17575310646813222718E-0008  6.16059594297329914042E-0008  3.75593131078488810900E-0017
 6.97199999999999999985E+0000  6.10000000000000000013E-0001 -2.14497711879759008116E+0002  3.43636026522639693865E-0008 -2.14497711879759008116E+0002  1.00000000000000000000E+0000  8.70197946393567265864E-0001  1.03380953113358668802E+0000  7.81572861798846899191E-0001  0.00000000000000000000E+0000  2.18478658651365228283E+0002  0.00000000000000000000E+0000  3.83198803742190749488E-0008  3.85153356794514848625E-0004  9.16204989799909620959E-0032  0.00000000000000000000E+0000  2.57412891015476184018E+0000  0.00000000000000000000E+0000  0.00000000000000000000E+0000  2.57412891015532476597E+0000  0.00000000000000000000E+0000  8.80849044297992183860E-0002  4.75547469116710486172E-0003  8.80849044297992184673E-0002  4.75547469115767726898E-0003  2.47253733743372505409E-0012  1.32546521701525507597E+0000  0.00000000000000000000E+0000  6.17575317430699367743E-0008  6.16059599906854970852E-0008  2.65870172191694489651E-0016
 7.11100000000000000014E+0000  6.10000000000000000013E-0001 -2.14497711879758766837E+0002  3.43636108908092944051E-0008 -2.14497711879758766837E+0002  1.00000000000000000000E+0000  8.70197946393595502391E-0001  1.03380953113358645416E+0000  7.81572861798831037476E-0001  0.00000000000000000000E+0000  2.18478658651365228283E+0002  0.00000000000000000000E+0000  3.83198803742656896460E-0008  3.85153356794432166431E-0004  9.16204989799085467706E-0032  0.00000000000000000000E+0000  2.57412891015447476079E+0000  0.00000000000000000000E+0000  0.00000000000000000000E+0000  2.57412891015647388344E+0000  0.00000000000000000000E+0000  8.80849044298556569638E-0002  4.75547469116353530776E-0003  8.80849044298547466405E-0002  4.75547469116784428887E-0003  2.47253733708619161355E-0012  1.32546521701525737199E+0000  0.00000000000000000000E+0000  6.17575322283498940837E-0008  6.16059603861684437541E-0008  2.11738954700238602417E-0016
 7.25300000000000000006E+0000  6.10000000000000000013E-0001 -2.14497711879758373749E+0002  3.43635321787513864848E-0008 -2.14497711879758373749E+0002  1.00000000000000000000E+0000  8.70197946393607762333E-0001  1.03380953113360011012E+0000  7.81572861798826476075E-0001  0.00000000000000000000E+0000  2.18478658651365228283E+0002  0.00000000000000000000E+0000  3.83198803742814617540E-0008  3.85153356794681833468E-0004  9.16204989798663824159E-0032  0.00000000000000000000E+0000  2.57412891015528077403E+0000  0.00000000000000000000E+0000  0.00000000000000000000E+0000  2.57412891015661722473E+0000  0.00000000000000000000E+0000  8.80849044299445858280E-0002  4.75547469116333378761E-0003  8.80849044299437218951E-0002  4.75547469117679089693E-0003  2.47253733499140290440E-0012  1.32546521701525688605E+0000  0.00000000000000000000E+0000  6.17575320159920081365E-0008  6.16059602031903056120E-0008 -5.74924866948500848363E-0017
 7.39800000000000000005E+0000  6.10000000000000000013E-0001 -2.14497711879758240258E+0002  3.43634492805740936261E-0008 -2.14497711879758240258E+0002  1.00000000000000000000E+0000  8.70197946393591291404E-0001  1.03380953113361331093E+0000  7.81572861798837939182E-0001  0.00000000000000000000E+0000  2.18478658651365228283E+0002  0.00000000000000000000E+0000  3.83198803742500251813E-0008  3.85153356795001334269E-0004  9.16204989799084015059E-0032  0.00000000000000000000E+0000  2.57412891015633232958E+0000  0.00000000000000000000E+0000  0.00000000000000000000E+0000  2.57412891015560830934E+0000  0.00000000000000000000E+0000  8.80849044299728326760E-0002  4.75547469116669867681E-0003  8.80849044299729212485E-0002  4.75547469117516023738E-0003  2.47253733334800097005E-0012  1.32546521701525440268E+0000  0.00000000000000000000E+0000  6.17575313337302607521E-0008  6.16059596342220118855E-0008 -2.55722223857071551840E-0016
 7.54600000000000000009E+0000  6.10000000000000000013E-0001 -2.14497711879758505213E+0002  3.43634489653501609506E-0008 -2.14497711879758505213E+0002  1.00000000000000000000E+0000  8.70197946393563490238E-0001  1.03380953113361223996E+0000  7.81572861798853350086E-0001  0.00000000000000000000E+0000  2.18478658651365228283E+0002  0.00000000000000000000E+0000  3.83198803742045401770E-0008  3.85153356795055819161E-0004  9.16204989799901899235E-0032  0.00000000000000000000E+0000  2.57412891015652729319E+0000  0.00000000000000000000E+0000  0.00000000000000000000E+0000  2.57412891015450900184E+0000  0.00000000000000000000E+0000  8.80849044299111761584E-0002  4.75547469117008940984E-0003  8.80849044299121193465E-0002  4.75547469116471373218E-0003  2.47253733387216398814E-0012  1.32546521701525246511E+0000  0.00000000000000000000E+0000  6.17575309005480120435E-0008  6.16059592783397171159E-0008 -1.82720494174480549987E-0016
 7.69700000000000000020E+0000  6.10000000000000000013E-0001 -2.14497711879758889697E+0002  3.43635310937850469880E-0008 -2.14497711879758889697E+0002  1.00000000000000000000E+0000  8.70197946393553527016E-0001  1.03380953113359808071E+0000  7.81572861798856559920E-0001  0.00000000000000000000E+0000  2.18478658651365228283E+0002  0.00000000000000000000E+0000  3.83198803741927028735E-0008  3.85153356794789428596E-0004  9.16204989800259399797E-0032  0.00000000000000000000E+0000  2.57412891015566536092E+0000  0.00000000000000000000E+0000  0.00000000000000000000E+0000  2.57412891015447046171E+0000  0.00000000000000000000E+0000  8.80849044298246390374E-0002  4.75547469116995432630E-0003  8.80849044298254477099E-0002  4.75547469115643120516E-0003  2.47253733600272831617E-0012  1.32546521701525280609E+0000  0.00000000000000000000E+0000  6.17575311682304496576E-0008  6.16059595093940909846E-0008  7.44983710053507304866E-0017
 7.85099999999999999993E+0000  6.10000000000000000013E-0001 -2.14497711879758990922E+0002  3.43636092789554003378E-0008 -2.14497711879758990922E+0002  1.00000000000000000000E+0000  8.70197946393571729090E-0001  1.03380953113358571463E+0000  7.81572861798844278295E-0001  0.00000000000000000000E+0000  2.18478658651365228283E+0002  0.00000000000000000000E+0000  3.83198803742267180718E-0008  3.85153356794482506684E-0004  9.16204989799784988444E-0032  0.00000000000000000000E+0000  2.57412891015465368581E+0000  0.00000000000000000000E+0000  0.00000000000000000000E+0000  2.57412891015552760653E+0000  0.00000000000000000000E+0000  8.80849044298039147026E-0002  4.75547469116645140926E-0003  8.80849044298037417249E-0002  4.75547469115897658660E-0003  2.47253733750129586460E-0012  1.32546521701525537131E+0000  0.00000000000000000000E+0000  6.17575318502762847171E-0008  6.16059600832361740067E-0008  2.44018593370911411546E-0016
 8.00800000000000000017E+0000  6.10000000000000000013E-0001 -2.14497711879758705331E+0002  3.43636017174725542287E-0008 -2.14497711879758705331E+0002  1.00000000000000000000E+0000  8.70197946393598882879E-0001  1.03380953113358806496E+0000  7.81572861798829443102E-0001  0.00000000000000000000E+0000  2.18478658651365228283E+0002  0.00000000000000000000E+0000  3.83198803742707285136E-0008  3.85153356794456343213E-0004  9.16204989798979838067E-0032  0.00000000000000000000E+0000  2.57412891015455138396E+0000  0.00000000000000000000E+0000  0.00000000000000000000E+0000  2.57412891015656764959E+0000  0.00000000000000000000E+0000  8.80849044298702712908E-0002  4.75547469116326445034E-0003  8.80849044298693043450E-0002  4.75547469116962373357E-0003  2.47253733680479083427E-0012  1.32546521701525716577E+0000  0.00000000000000000000E+0000  6.17575322284767496946E-0008  6.16059603958418680461E-0008  1.55694457715023493998E-0016
 8.16800000000000000003E+0000  6.10000000000000000013E-0001 -2.14497711879758333656E+0002  3.43635168918280479132E-0008 -2.14497711879758333656E+0002  1.00000000000000000000E+0000  8.70197946393606529432E-0001  1.03380953113360258178E+0000  7.81572861798827585322E-0001  0.00000000000000000000E+0000  2.18478658651365228283E+0002  0.00000000000000000000E+0000  3.83198803742786385768E-0008  3.85153356794736534988E-0004  9.16204989798688072122E-0032  0.00000000000000000000E+0000  2.57412891015545974307E+0000  0.00000000000000000000E+0000  0.00000000000000000000E+0000  2.57412891015650301791E+0000  0.00000000000000000000E+0000  8.80849044299537269534E-0002  4.75547469116372579784E-0003  8.80849044299529832720E-0002  4.75547469117718448773E-0003  2.47253733465659200665E-0012  1.32546521701525638471E+0000  0.00000000000000000000E+0000  6.17575319095909336515E-0008  6.16059601197262196296E-0008 -8.85959535300709124827E-0017
 8.33199999999999999997E+0000  6.10000000000000000013E-0001 -2.14497711879758264350E+0002  3.43634437499885676807E-0008 -2.14497711879758264350E+0002  1.00000000000000000000E+0000  8.70197946393586780147E-0001  1.03380953113361405470E+0000  7.81572861798840586153E-0001  0.00000000000000000000E+0000  2.18478658651365228283E+0002  0.00000000000000000000E+0000  3.83198803742423602543E-0008  3.85153356795029200992E-0004  9.16204989799211918610E-0032  0.00000000000000000000E+0000  2.57412891015642597277E+0000  0.00000000000000000000E+0000  0.00000000000000000000E+0000  2.57412891015540561514E+0000  0.00000000000000000000E+0000  8.80849044299670825488E-0002  4.75547469116733827605E-0003  8.80849044299673376819E-0002  4.75547469117377822858E-0003  2.47253733330586424839E-0012  1.32546521701525396694E+0000  0.00000000000000000000E+0000  6.17575312323233455864E-0008  6.16059595449894636857E-0008 -2.30657817251315083822E-0016
 8.49799999999999999996E+0000  6.10000000000000000013E-0001 -2.14497711879758568662E+0002  3.43634591590903347805E-0008 -2.14497711879758568662E+0002  1.00000000000000000000E+0000  8.70197946393560541967E-0001  1.03380953113361043292E+0000  7.81572861798854706639E-0001  0.00000000000000000000E+0000  2.18478658651365228283E+0002  0.00000000000000000000E+0000  3.83198803742002610845E-0008  3.85153356795026464625E-0004  9.16204989799996660664E-0032  0.00000000000000000000E+0000  2.57412891015643356695E+0000  0.00000000000000000000E+0000  0.00000000000000000000E+0000  2.57412891015443506793E+0000  0.00000000000000000000E+0000  8.80849044298966489064E-0002  4.75547469117028787432E-0003  8.80849044298976275005E-0002  4.75547469116303941147E-0003  2.47253733416816242093E-0012  1.32546521701525261278E+0000  0.00000000000000000000E+0000  6.17575309120035005470E-0008  6.16059592795353123281E-0008 -1.30057476874943127182E-0016
 8.66800000000000000003E+0000  6.10000000000000000013E-0001 -2.14497711879758926376E+0002  3.43635461762080059951E-0008 -2.14497711879758926376E+0002  1.00000000000000000000E+0000  8.70197946393555173432E-0001  1.03380953113359563280E+0000  7.81572861798855250909E-0001  0.00000000000000000000E+0000  2.18478658651365228283E+0002  0.00000000000000000000E+0000  3.83198803741961892330E-0008  3.85153356794734068084E-0004  9.16204989800223595708E-0032  0.00000000000000000000E+0000  2.57412891015548400990E+0000  0.00000000000000000000E+0000  0.00000000000000000000E+0000  2.57412891015459968885E+0000  0.00000000000000000000E+0000  8.80849044298165439299E-0002  4.75547469116951185195E-0003  8.80849044298172209803E-0002  4.75547469115621260925E-0003  2.47253733632380466179E-0012  1.32546521701525342571E+0000  0.00000000000000000000E+0000  6.17575312785587774422E-0008  6.16059595984837665586E-0008  9.97296258037917669556E-0017
 8.84200000000000000018E+0000  6.10000000000000000013E-0001 -2.14497711879758963083E+0002  3.43636136026295338328E-0008 -2.14497711879758963083E+0002  1.00000000000000000000E+0000  8.70197946393576278403E-0001  1.03380953113358516223E+0000  7.81572861798841655610E-0001  0.00000000000000000000E+0000  2.18478658651365228283E+0002  0.00000000000000000000E+0000  3.83198803742343818938E-0008  3.85153356794458435834E-0004  9.16204989799655433231E-0032  0.00000000000000000000E+0000  2.57412891015457240837E+0000  0.00000000000000000000E+0000  0.00000000000000000000E+0000  2.57412891015572687053E+0000  0.00000000000000000000E+0000  8.80849044298106750690E-0002  4.75547469116582439524E-0003  8.80849044298103391222E-0002  4.75547469116044641323E-0003  2.47253733751472785248E-0012  1.32546521701525560984E+0000  0.00000000000000000000E+0000  6.17575319445481856368E-0008  6.16059601678990444414E-0008  2.16813638935944807567E-0016
 9.01900000000000000040E+0000  6.10000000000000000013E-0001 -2.14497711879758641368E+0002  3.43635908302197441005E-0008 -2.14497711879758641368E+0002  1.00000000000000000000E+0000  8.70197946393601578098E-0001  1.03380953113358998552E+0000  7.81572861798828247715E-0001  0.00000000000000000000E+0000  2.18478658651365228283E+0002  0.00000000000000000000E+0000  3.83198803742745573646E-0008  3.85153356794488652570E-0004  9.16204989798892052607E-0032  0.00000000000000000000E+0000  2.57412891015465492592E+0000  0.00000000000000000000E+0000  0.00000000000000000000E+0000  2.57412891015662940509E+0000  0.00000000000000000000E+0000  8.80849044298847909195E-0002  4.75547469116310830744E-0003  8.80849044298838005550E-0002  4.75547469117124485045E-0003  2.47253733649806596491E-0012  1.32546521701525687879E+0000  0.00000000000000000000E+0000  6.17575322085062088352E-0008  6.16059603874206891092E-0008  1.06369828060482769328E-0016
 9.19899999999999999981E+0000  6.10000000000000000013E-0001 -2.14497711879758301085E+0002  3.43635024656321414965E-0008 -2.14497711879758301085E+0002  1.00000000000000000000E+0000  8.70197946393604568273E-0001  1.03380953113360492929E+0000  7.81572861798829048778E-0001  0.00000000000000000000E+0000  2.18478658651365228283E+0002  0.00000000000000000000E+0000  3.83198803742746703620E-0008  3.85153356794790578602E-0004  9.16204989798733562791E-0032  0.00000000000000000000E+0000  2.57412891015563703397E+0000  0.00000000000000000000E+0000  0.00000000000000000000E+0000  2.57412891015636498184E+0000  0.00000000000000000000E+0000  8.80849044299606554932E-0002  4.75547469116419799203E-0003  8.80849044299600472557E-0002  4.75547469117725372801E-0003  2.47253733435724217797E-0012  1.32546521701525582711E+0000  0.00000000000000000000E+0000  6.17575317985506861647E-0008  6.16059600288926991039E-0008 -1.08916833782500634355E-0016
 9.38300000000000000017E+0000  6.10000000000000000013E-0001 -2.14497711879758297088E+0002  3.43634411346694168622E-0008 -2.14497711879758297088E+0002  1.00000000000000000000E+0000  8.70197946393582263632E-0001  1.03380953113361434158E+0000  7.81572861798843140100E-0001  0.00000000000000000000E+0000  2.18478658651365228283E+0002  0.00000000000000000000E+0000  3.83198803742348415671E-0008  3.85153356795047582215E-0004  9.16204989799341828660E-0032  0.00000000000000000000E+0000  2.57412891015648872379E+0000  0.00000000000000000000E+0000  0.00000000000000000000E+0000  2.57412891015521608402E+0000  0.00000000000000000000E+0000  8.80849044299590811842E-0002  4.75547469116793583874E-0003  8.80849044299594905857E-0002  4.75547469117222635115E-0003  2.47253733333278880118E-0012  1.32546521701525379163E+0000  0.00000000000000000000E+0000  6.17575311487008507297E-0008  6.16059594694410953641E-0008 -2.03072058721910899439E-0016
 9.57099999999999999974E+0000  6.10000000000000000013E-0001 -2.14497711879758632278E+0002  3.43634709190068708317E-0008 -2.14497711879758632278E+0002  1.00000000000000000000E+0000  8.70197946393558087713E-0001  1.03380953113360839343E+0000  7.81572861798855739125E-0001  0.00000000000000000000E+0000  2.18478658651365228283E+0002  0.00000000000000000000E+0000  3.83198803741968740577E-0008  3.85153356794990939428E-0004  9.16204989800078047526E-0032  0.00000000000000000000E+0000  2.57412891015631941434E+0000  0.00000000000000000000E+0000  0.00000000000000000000E+0000  2.57412891015438757359E+0000  0.00000000000000000000E+0000  8.80849044298819958937E-0002  4.75547469117040292511E-0003  8.80849044298829905272E-0002  4.75547469116145739575E-0003  2.47253733449146180933E-0012  1.32546521701525282073E+0000  0.00000000000000000000E+0000  6.17575309413154661935E-0008  6.16059592968658981006E-0008 -8.50153035685947995861E-0017
 9.76200000000000000025E+0000  6.10000000000000000013E-0001 -2.14497711879758953160E+0002  3.43635599547531910030E-0008 -2.14497711879758953160E+0002  1.00000000000000000000E+0000  8.70197946393557396534E-0001  1.03380953113359342038E+0000  7.81572861798853650464E-0001  0.00000000000000000000E+0000  2.18478658651365228283E+0002  0.00000000000000000000E+0000  3.83198803742005554961E-0008  3.85153356794682040356E-0004  9.16204989800169697216E-0032  0.00000000000000000000E+0000  2.57412891015531313074E+0000  0.00000000000000000000E+0000  0.00000000000000000000E+0000  2.57412891015474623764E+0000  0.00000000000000000000E+0000  8.80849044298107230246E-0002  4.75547469116902040386E-0003  8.80849044298112588102E-0002  4.75547469115627605837E-0003  2.47253733660340588250E-0012  1.32546521701525406257E+0000  0.00000000000000000000E+0000  6.17575313898069317095E-0008  6.16059596910304116724E-0008  1.15283503152026135637E-0016
 9.95699999999999999997E+0000  6.10000000000000000013E-0001 -2.14497711879758925183E+0002  3.43636148113246563686E-0008 -2.14497711879758925183E+0002  1.00000000000000000000E+0000  8.70197946393580724878E-0001  1.03380953113358512341E+0000  7.81572861798839167149E-0001  0.00000000000000000000E+0000  2.18478658651365228283E+0002  0.00000000000000000000E+0000  3.83198803742417157029E-0008  3.85153356794445337396E-0004  9.16204989799526067035E-0032  0.00000000000000000000E+0000  2.57412891015452691373E+0000  0.00000000000000000000E+0000  0.00000000000000000000E+0000  2.57412891015590849716E+0000  0.00000000000000000000E+0000  8.80849044298196251580E-0002  4.75547469116526023064E-0003  8.80849044298191466047E-0002  4.75547469116205021463E-0003  2.47253733745660304862E-0012  1.32546521701525583817E+0000  0.00000000000000000000E+0000  6.17575320189419837509E-0008  6.16059602361545851934E-0008  1.88445412335212723589E-0016
 1.01599999999999999999E+0001  6.10000000000000000013E-0001 -2.14497711879758575920E+0002  3.43635783386518463122E-0008 -2.14497711879758575920E+0002  1.00000000000000000000E+0000  8.70197946393603879317E-0001  1.03380953113359215392E+0000  7.81572861798827309013E-0001  0.00000000000000000000E+0000  2.18478658651365228283E+0002  0.00000000000000000000E+0000  3.83198803742776570818E-0008  3.85153356794527253052E-0004  9.16204989798814178079E-0032  0.00000000000000000000E+0000  2.57412891015477919305E+0000  0.00000000000000000000E+0000  0.00000000000000000000E+0000  2.57412891015666807056E+0000  0.00000000000000000000E+0000  8.80849044298996696021E-0002  4.75547469116302590384E-0003  8.80849044298986747856E-0002  4.75547469117280956086E-0003  2.47253733616094389206E-0012  1.32546521701525662595E+0000  0.00000000000000000000E+0000  6.17575321719348403075E-0008  6.16059603634334823935E-0008  6.55350337044726952189E-0017
